# vtk DataFile Version 4.2
3D Slicer output. SPACE=LPS
ASCII
DATASET UNSTRUCTURED_GRID
POINTS 3014 float
-110.31 32.233 1632.52 -112.18 30.445 1618.84 -111.895 31.031 1605.2 
-140.686 57.564 1631.04 -138.98 55.175 1628.66 -138.98 59.269 1632.75 
-138.98 54.931 1632.75 -140.086 58.164 1618.84 -138.978 59.269 1604.94 
-143.198 63.487 1628.53 -141.589 59.269 1632.75 -140.647 57.603 1634.42 
-146.852 73.176 1618.84 -146.707 73.176 1625.02 -147.237 78.825 1624.49 
-147.947 78.115 1618.84 -147.307 78.756 1613.26 -145.723 73.176 1611.68 
-138.98 73.176 1604.94 -138.98 73.176 1618.84 -150.556 100.988 1618.84 
-138.98 87.082 1604.94 -148.144 87.082 1604.94 -138.98 87.082 1618.84 
-148.374 87.082 1632.75 -138.98 87.082 1632.75 -144.852 73.176 1604.94 
-146.444 79.618 1604.94 -146.526 79.536 1640.3 -145.985 73.176 1639.75 
-138.98 73.176 1632.75 -142.612 62.901 1636.38 -69.449 13.656 1618.84 
-72.99 14.01 1615.3 -69.449 13.366 1614.66 -65.837 13.938 1615.23 
-65.325 13.427 1618.84 -65.753 13.854 1622.54 -72.276 14.724 1621.67 
-80.843 17.551 1618.84 -83.356 26.172 1632.75 -91.821 22.992 1618.84 
-88.772 26.04 1627.33 -91.687 23.125 1613.27 -88.928 17.551 1610.51 
-83.356 17.551 1604.94 -69.449 17.551 1618.84 -97.262 23.829 1618.84 
-97.262 22.562 1613.83 -97.262 27.617 1628.91 -90.143 17.551 1604.94 
-83.356 14.107 1604.94 -92.821 21.992 1604.94 -97.262 31.457 1604.94 
-83.356 31.457 1604.94 -97.262 21.489 1604.94 -97.262 31.457 1632.75 
-97.262 29.345 1634.86 -86.561 28.252 1635.95 -83.356 31.457 1632.75 
-55.543 12.569 1623.82 -55.543 15.909 1632.75 -55.543 17.551 1618.84 
-55.543 31.457 1632.75 -55.543 31.457 1618.84 -55.543 31.457 1604.94 
-55.543 17.551 1604.94 -55.543 12.668 1613.96 -55.543 12.073 1618.84 
-69.449 31.457 1618.84 -69.449 31.457 1604.94 -69.449 31.457 1632.75 
-83.356 31.457 1618.84 -73.311 13.689 1604.94 -69.449 13.012 1604.94 
-65.512 13.613 1604.94 -55.543 14.107 1604.94 -69.449 17.551 1604.94 
-69.449 17.551 1629.16 -78.466 26.568 1637.64 -69.449 25.505 1638.7 
-62.55 24.45 1639.76 -124.41 45.92 1646.01 -138.41 60.009 1646.41 
-111.168 41.435 1650.58 -111.168 49.009 1660.56 -111.168 45.363 1656.72 
-111.168 59.269 1646.66 -111.168 59.269 1660.56 -111.168 45.363 1646.66 
-111.168 59.269 1632.75 -111.168 45.363 1632.75 -111.168 39.4 1646.66 
-125.074 59.269 1646.66 -125.074 59.269 1632.75 -125.097 59.317 1660.64 
-131.753 59.269 1653.33 -127.632 42.805 1632.75 -125.074 40.934 1632.75 
-125.074 45.363 1632.75 -130.45 45.363 1632.75 -115.071 55.366 1664.47 
-142.751 73.176 1646.66 -138.98 68.56 1651.27 -137.512 87.082 1659.09 
-138.98 73.176 1654.26 -143.75 82.312 1646.66 -148.453 96.555 1642.22 
-138.98 87.082 1646.66 -145.72 93.821 1646.66 -104.71 52.811 1667.02 
-111.168 59.269 1671.05 -120.244 68.345 1669.64 -99.454 70.984 1676.66 
-107.481 73.176 1674.47 -111.168 87.082 1676.94 -100.318 76.232 1677.53 
-121.345 73.176 1670.74 -121.557 76.693 1670.95 -125.074 87.082 1660.56 
-125.074 96.914 1670.4 -125.074 77.948 1669.7 -122.132 98.046 1671.53 
-111.168 87.082 1660.56 -129.929 68.321 1660.56 -125.074 73.176 1668.78 
-132.945 73.176 1660.56 -97.262 31.457 1639.85 -92.191 31.457 1641.59 
-83.356 31.457 1642.27 -41.071 18.669 1644.49 -57.612 29.388 1646.66 
-55.543 31.457 1646.66 -55.543 31.457 1649.61 -69.282 31.868 1646.02 
-27.731 16.777 1647.58 -27.731 31.457 1657.32 -27.731 31.457 1632.75 
-27.731 31.457 1646.66 -27.731 17.551 1632.75 -27.731 9.33904 1632.75 
-41.637 31.457 1646.66 -41.637 31.457 1632.75 -31.365 31.457 1656.93 
-48.053 31.457 1653.07 -41.637 31.457 1655.83 -45.6 13.587 1632.75 
-41.637 12.73 1632.75 -34.773 10.687 1632.75 -41.637 17.551 1632.75 
-82.717 59.908 1672.96 -90.489 52.136 1667.7 -76.241 52.155 1667.68 
-83.356 45.363 1660.56 -83.356 59.269 1660.56 -79.964 45.363 1663.95 
-86.761 45.363 1663.97 -83.356 42.678 1660.56 -97.262 51.976 1667.86 
-97.262 67.296 1674.47 -97.262 73.176 1674.47 -97.156 44.496 1661 
-61.256 53.556 1666.28 -50.337 54.064 1665.77 -55.582 45.037 1661.1 
-55.543 59.269 1660.56 -69.449 59.269 1660.56 -69.37 59.481 1673.83 
-69.449 52.02 1667.81 -55.543 59.269 1668.94 -69.824 44.586 1661.05 
-83.356 71.13 1676.51 -83.356 73.176 1677.11 -83.356 87.082 1679.78 
-83.356 76.074 1677.37 -83.356 87.082 1674.47 -83.356 73.176 1674.47 
-83.356 87.082 1660.56 -83.356 73.176 1660.56 -97.262 100.988 1674.47 
-97.262 87.082 1660.56 -92.881 96.608 1678.85 -101.25 97 1678.46 
-97.262 73.176 1660.56 -97.262 59.269 1660.56 -111.168 73.176 1660.56 
-27.978 59.517 1659.33 -28.341 45.974 1659.03 -41.637 59.269 1660.56 
-48.999 59.269 1667.11 -41.637 59.269 1664.87 -41.637 56.045 1663.79 
-41.637 45.363 1662.3 -124.98 100.99 1535.59 -111.168 100.988 1549.31 
-111.168 87.082 1549.31 -103.282 94.968 1541.43 -111.168 114.894 1549.31 
-103.282 100.988 1541.43 -111.168 114.894 1535.39 -103.465 107.192 1541.61 
-111.254 86.996 1535.58 -125.074 87.082 1549.31 -124.952 87.024 1535.59 
-133.441 87.082 1549.31 -125.062 128.786 1535.43 -125.074 114.894 1549.31 
-135.453 114.894 1549.31 -135.453 111.367 1549.31 -125.074 100.988 1549.31 
-133.443 92.62 1549.31 -135.199 100.988 1549.31 -111.168 128.801 1549.31 
-101.108 124.954 1539.25 -111.168 142.707 1549.31 -100.961 128.801 1539.11 
-111.168 142.707 1535.02 -100.961 132.5 1539.11 -116.255 147.794 1544.23 
-125.65 143.239 1548.78 -130.343 134.07 1549.31 -125.074 128.801 1549.31 
-135.375 118.5 1549.31 -133.137 128.801 1549.31 -141.868 89.969 1574.24 
-139.856 100.988 1563.22 -141.544 100.988 1574.56 -142.087 111.788 1574.02 
-140.77 113.105 1563.22 -138.98 114.894 1563.22 -138.98 114.894 1556.41 
-138.134 87.297 1563.31 -141.903 87.082 1574.2 -138.98 87.082 1577.12 
-142.597 87.082 1577.12 -140.596 116.51 1563.22 -141.814 117.728 1574.29 
-142.617 114.894 1577.12 -138.98 114.894 1577.12 -144.567 109.308 1582.71 
-143.782 100.988 1581.93 -138.98 100.988 1577.12 -144.258 92.359 1582.4 
-138.98 128.801 1577.12 -138.729 128.277 1563.71 -140.755 128.801 1575.35 
-138.98 134.504 1577.12 -141.19 128.801 1579.33 -142.435 118.349 1580.58 
-101.454 152.421 1539.6 -111.168 155.151 1549.31 -123.26 154.799 1563.97 
-111.168 142.707 1577.12 -97.262 156.613 1563.22 -110.746 169.421 1577.5 
-104.673 164.024 1555.81 -111.168 142.707 1563.22 -135.28 142.707 1577.12 
-133.299 142.707 1571.44 -125.074 142.707 1577.12 -125.074 142.707 1563.22 
-129.551 142.707 1558.74 -131.019 142.707 1563.22 -127.22 158.759 1588.89 
-125.074 156.613 1591.03 -132.465 149.223 1583.64 -147.76 95.861 1596.16 
-146.162 100.988 1591.03 -147.851 100.988 1596.07 -147.18 106.695 1596.74 
-145.522 108.353 1591.03 -146.38 94.482 1591.03 -146.882 87.082 1597.04 
-138.98 87.082 1591.03 -145.467 87.082 1591.03 -143.427 87.082 1581.57 
-138.98 114.894 1591.03 -143.211 119.125 1591.03 -144.742 120.656 1599.18 
-146.936 114.894 1604.94 -138.98 114.894 1604.94 -141.972 128.801 1591.03 
-143.47 128.801 1600.45 -139.498 143.011 1604.78 -138.98 128.801 1591.03 
-138.369 142.361 1590.99 -138.98 135.784 1584.05 -138.98 128.801 1604.94 
-145.136 128.801 1611.09 -146.503 122.417 1612.46 -138.98 100.988 1618.84 
-138.98 100.988 1632.75 -138.98 114.894 1632.75 -138.98 114.894 1618.84 
-138.98 100.988 1604.94 -147.772 123.686 1618.84 -146.506 122.42 1625.22 
-147.539 114.894 1632.75 -147.977 105.898 1641.75 -148.409 100.988 1642.18 
-144.75 128.801 1618.84 -145.38 128.801 1626.35 -139.441 143.597 1632.99 
-138.98 128.801 1632.75 -144.799 128.801 1638.57 -145.918 121.832 1639.69 
-125.074 128.801 1618.84 -111.168 114.894 1632.75 -111.168 128.801 1618.84 
-111.168 128.801 1632.75 -111.168 142.707 1632.75 -111.168 142.707 1618.84 
-111.168 142.707 1604.94 -111.168 128.801 1604.94 -111.168 114.894 1604.94 
-111.168 114.894 1618.84 -125.074 114.894 1618.84 -125.074 114.894 1632.75 
-125.074 114.894 1604.94 -125.074 156.613 1618.84 -125.074 142.707 1604.94 
-125.074 142.707 1632.75 -125.074 128.801 1604.94 -125.074 128.801 1632.75 
-128.953 156.613 1591.03 -127.791 159.33 1593.75 -97.262 156.613 1591.03 
-111.168 156.613 1604.94 -111.168 170.519 1604.94 -111.168 142.707 1591.03 
-125.074 142.707 1591.03 -136.122 142.707 1579.98 -125.074 160.755 1591.03 
-112.858 172.21 1603.25 -115.648 170.519 1604.94 -129.182 160.721 1614.74 
-107.23 174.458 1601 -111.168 173.168 1604.94 -113.082 172.434 1606.85 
-131.755 156.613 1625.53 -131.747 156.613 1618.84 -128.959 160.498 1622.73 
-111.168 156.613 1618.84 -111.168 156.613 1632.75 -114.72 166.967 1629.2 
-111.168 168.216 1630.45 -111.168 166.415 1632.75 -111.168 170.519 1626.9 
-111.168 170.519 1618.84 -125.074 163.802 1618.84 -113.135 172.486 1618.84 
-125.074 163.425 1625.66 -126.224 157.763 1633.29 -111.168 173.306 1607.72 
-111.168 173.376 1618.84 -104.446 87.082 1542.59 -100.156 87.082 1549.31 
-95.339 114.894 1549.31 -97.669 100.986 1549.53 -97.262 134.686 1541.29 
-97.262 150.129 1541.89 -97.262 142.707 1549.31 -97.262 128.801 1542.53 
-93.376 132.686 1549.31 -92.298 142.707 1549.31 -93.251 128.801 1549.31 
-93.502 125.041 1549.31 -88.081 165.794 1554.04 -97.262 156.613 1541.93 
-88.739 148.09 1554.7 -83.356 170.519 1577.12 -83.356 142.707 1577.12 
-81.116 156.613 1563.22 -77.183 148.88 1570.95 -76.042 163.206 1569.81 
-83.356 170.519 1560.19 -83.822 142.767 1563.62 -97.262 142.707 1563.22 
-97.262 142.707 1577.12 -88.988 142.707 1554.95 -97.262 168.59 1563.22 
-88.604 175.768 1571.88 -77.656 142.707 1571.43 -72.692 142.707 1577.12 
-78.353 175.522 1572.12 -63.345 162.717 1584.93 -69.037 170.519 1577.12 
-69.449 156.613 1578.52 -62.426 149.59 1584.01 -69.449 145.889 1580.31 
-83.356 177.308 1577.12 -90.142 177.306 1583.91 -76.535 177.34 1583.94 
-83.356 142.707 1604.94 -69.449 156.613 1591.03 -83.356 156.613 1604.94 
-83.356 170.519 1604.94 -83.356 142.707 1591.03 -97.262 142.707 1591.03 
-97.262 142.707 1604.94 -97.262 176.922 1591.03 -97.262 170.519 1604.94 
-90.911 178.075 1597.38 -97.262 177.987 1597.47 -97.262 156.613 1604.94 
-55.543 156.613 1604.94 -55.543 142.707 1604.94 -54.403 156.613 1591.03 
-47.281 150.969 1596.68 -54.797 171.399 1605.2 -46.983 156.613 1596.38 
-54.987 142.151 1589.64 -69.449 142.707 1591.03 -69.449 142.707 1604.94 
-63.203 142.707 1584.78 -69.449 142.707 1580.89 -69.449 168.157 1591.03 
-69.449 170.519 1604.94 -69.449 177.239 1598.22 -75.766 178.109 1597.35 
-69.449 156.613 1604.94 -83.356 179.639 1604.94 -91.215 178.379 1604.94 
-97.262 178.292 1604.94 -106.976 174.712 1604.94 -69.449 177.164 1604.94 
-75.842 178.033 1604.94 -41.637 142.707 1604.94 -45.506 142.707 1594.9 
-41.637 142.707 1597.25 -41.637 148.416 1599.23 -38.537 142.707 1604.94 
-41.655 156.6 1604.98 -56.678 169.384 1617.71 -136.159 112.073 1657.74 
-143.813 100.988 1646.66 -138.98 114.894 1654.58 -144.686 109.189 1646.66 
-138.98 114.894 1646.66 -142.795 118.709 1646.66 -125.074 100.988 1646.66 
-111.168 100.988 1646.66 -111.168 100.988 1660.56 -111.168 114.894 1660.56 
-111.168 114.894 1646.66 -111.168 100.988 1632.75 -111.168 87.082 1632.75 
-111.168 87.082 1646.66 -125.074 87.082 1646.66 -125.074 87.082 1632.75 
-125.074 114.894 1646.66 -125.074 114.894 1660.56 -135.736 114.894 1657.32 
-125.074 100.988 1632.75 -125.074 100.988 1669.98 -125.074 107.309 1668.15 
-121.659 104.404 1671.05 -122.267 100.988 1671.66 -139.172 129.4 1647.15 
-110.289 114.814 1674.27 -111.479 100.988 1674.47 -100.672 104.399 1677.88 
-125.074 118.769 1664.44 -131.686 114.894 1660.56 -118.081 121.807 1667.47 
-111.194 142.437 1660.35 -116.073 128.801 1665.47 -111.168 128.801 1668.09 
-111.168 128.801 1660.56 -111.168 124.373 1670.04 -125.225 128.885 1660.5 
-83.356 96.735 1678.72 -92.691 100.988 1679.04 -83.356 100.988 1678.91 
-83.356 114.894 1672.66 -94.149 104.101 1677.58 -83.356 103.999 1677.48 
-83.356 114.894 1660.56 -83.356 100.988 1674.47 -83.356 100.988 1660.56 
-97.248 115.318 1675.74 -97.262 114.894 1660.56 -97.262 104.782 1678.26 
-97.262 100.988 1660.56 -97.262 100.988 1679.07 -109.745 32.88 1578.55 
-124.489 59.633 1549.83 -109.661 58.419 1549.42 -120.749 63.595 1539.73 
-114.678 62.78 1538.92 -118.121 59.161 1542.36 -118.121 52.316 1550.3 
-115.638 49.833 1553.78 -119.877 50.56 1554.51 -124.676 73.176 1536.11 
-111.114 72.998 1535.15 -118.121 66.223 1535.49 -118.121 80.129 1535.49 
-128.393 69.857 1545.99 -123.805 66.223 1542.36 -125.074 73.176 1549.31 
-118.121 66.223 1542.36 -130.237 78.338 1544.15 -130.473 73.176 1549.31 
-131.647 66.594 1556.67 -111.168 73.176 1549.31 -107.207 69.215 1545.35 
-111.803 66.223 1542.36 -118.121 80.129 1542.36 -118.121 66.223 1556.27 
-130.658 81.499 1543.73 -127.66 80.129 1542.36 -134.786 82.887 1553.51 
-132.027 80.129 1547.37 -133.98 78.176 1554.31 -104.599 80.118 1542.7 
-118.121 80.129 1556.27 -110.533 45.998 1562.89 -118.121 48.43 1556.27 
-118.652 44.977 1562.83 -118.121 52.316 1556.27 -120.613 49.824 1558.76 
-121.578 52.316 1556.27 -125.485 52.079 1563.34 -127.556 56.787 1560.74 
-125.074 59.269 1563.22 -129.468 59.269 1563.22 -128.643 55.701 1566.79 
-114.296 52.316 1556.27 -110.479 52.316 1562.87 -111.168 59.269 1563.22 
-108.583 56.685 1560.63 -118.121 59.269 1563.22 -118.121 52.316 1563.22 
-121.85 48.587 1563.22 -124.437 46 1577.76 -111.863 38.41 1570.17 
-116.022 40.509 1572.27 -115.102 41.43 1570.17 -106.849 35.776 1567.54 
-120.61 45.363 1567.68 -118.121 42.024 1570.17 -118.121 41.223 1572.98 
-118.121 45.363 1577.12 -118.121 45.363 1570.17 -121.496 45.363 1570.17 
-118.159 38.374 1584 -128.315 52.316 1573.88 -127.032 52.316 1570.17 
-129.589 54.755 1572.61 -129.259 55.084 1570.17 -125.074 50.52 1568.38 
-125.074 49.737 1570.17 -133.567 64.683 1568.63 -132.027 60.748 1570.17 
-133.304 59.269 1577.12 -134.371 63.879 1572.52 -125.074 59.269 1577.12 
-131.811 52.477 1584.04 -125.074 52.316 1577.12 -135.244 76.912 1559.48 
-135.144 80.129 1556.27 -138.641 73.257 1577.25 -134.688 66.223 1570.17 
-135.112 69.307 1567.09 -141.507 84.556 1574.6 -138.975 80.129 1570.17 
-136.664 75.492 1565.53 -142.54 83.522 1580.68 -125.074 73.176 1563.22 
-132.027 80.129 1556.27 -135.388 73.176 1563.22 -132.027 66.223 1570.17 
-104.052 66.044 1556.2 -111.168 73.176 1563.22 -118.121 66.223 1570.17 
-125.074 87.082 1563.22 -135.699 90.363 1552.59 -132.027 94.035 1556.27 
-132.027 80.129 1570.17 -104.215 80.129 1556.27 -111.168 87.082 1563.22 
-118.121 94.035 1556.27 -118.121 80.129 1570.17 -125.074 73.176 1577.12 
-125.074 59.269 1570.17 -132.027 66.223 1584.08 -135.608 62.642 1580.5 
-111.168 59.269 1577.12 -104.215 66.223 1570.17 -111.168 73.176 1577.12 
-111.168 59.269 1570.17 -118.121 59.269 1570.17 -118.121 59.269 1577.12 
-118.121 66.223 1584.08 -125.074 87.082 1577.12 -132.027 94.035 1570.17 
-132.027 80.129 1584.08 -104.215 80.129 1570.17 -111.168 87.082 1577.12 
-118.121 94.035 1570.17 -118.121 80.129 1584.08 -102.811 25.908 1585.48 
-111.026 31.198 1591.09 -103.363 25.18 1597.96 -118.884 37.676 1598.01 
-137.162 59.925 1591.69 -132.561 51.735 1598 -125.685 44.753 1591.06 
-125.246 45.191 1584.08 -104.215 38.41 1584.08 -111.168 45.363 1591.03 
-111.168 45.363 1584.08 -111.168 45.363 1577.12 -118.121 45.363 1584.08 
-118.121 45.363 1591.03 -125.074 52.316 1584.08 -125.074 52.316 1591.03 
-125.074 59.269 1591.03 -125.074 59.269 1584.08 -126.366 44.07 1605.02 
-104.215 38.41 1597.98 -111.168 45.363 1604.94 -118.121 52.316 1597.98 
-118.121 38.41 1611.89 -119.638 36.894 1610.37 -125.074 59.269 1604.94 
-132.027 66.223 1597.98 -132.027 52.316 1611.89 -133.44 50.904 1610.48 
-104.215 52.316 1597.98 -111.168 59.269 1604.94 -111.168 59.269 1591.03 
-111.168 52.316 1591.03 -118.121 66.223 1597.98 -118.121 59.269 1591.03 
-118.121 52.316 1591.03 -118.121 52.316 1611.89 -137.729 66.223 1584.08 
-141.02 71.137 1588.99 -138.98 73.176 1591.03 -142.296 76.492 1587.72 
-141.993 73.176 1591.03 -141.677 70.479 1593.73 -143.577 82.485 1586.43 
-142.576 80.129 1584.08 -145.554 80.036 1597.9 -141.12 66.223 1597.98 
-142.894 69.263 1601.02 -132.027 80.129 1597.98 -125.074 73.176 1591.03 
-104.215 66.223 1584.08 -111.168 73.176 1591.03 -111.168 59.269 1584.08 
-118.121 59.269 1584.08 -125.074 87.082 1591.03 -132.027 94.035 1584.08 
-104.215 80.129 1584.08 -111.168 87.082 1591.03 -118.121 94.035 1584.08 
-118.121 80.129 1597.98 -125.074 73.176 1604.94 -132.027 66.223 1611.89 
-104.215 66.223 1597.98 -111.168 73.176 1604.94 -118.121 66.223 1611.89 
-125.074 87.082 1604.94 -132.027 94.035 1597.98 -132.027 80.129 1611.89 
-104.215 80.129 1597.98 -111.168 87.082 1604.94 -118.121 94.035 1597.98 
-118.121 80.129 1611.89 -119.941 36.59 1613.71 -125.074 40.14 1618.84 
-127.669 42.769 1616.25 -121.734 38.41 1611.89 -132.027 48.931 1611.89 
-133.783 50.56 1613.65 -125.074 45.363 1618.84 -127.9 42.537 1621.67 
-130.424 45.363 1618.84 -104.215 38.41 1611.89 -111.168 45.363 1618.84 
-118.121 38.41 1625.8 -120.327 36.205 1623.59 -125.074 59.269 1618.84 
-132.027 52.316 1625.8 -134.891 49.452 1622.93 -104.215 52.316 1611.89 
-111.168 59.269 1618.84 -118.121 52.316 1625.8 -120.069 36.462 1627.74 
-127.776 42.662 1630.05 -122.932 38.41 1625.8 -132.027 46.279 1625.8 
-135.032 49.312 1628.8 -104.215 38.41 1625.8 -132.027 66.223 1625.8 
-104.215 52.316 1625.8 -118.121 66.223 1625.8 -125.074 73.176 1618.84 
-104.215 66.223 1611.89 -111.168 73.176 1618.84 -125.074 87.082 1618.84 
-132.027 94.035 1611.89 -132.027 80.129 1625.8 -104.215 80.129 1611.89 
-111.168 87.082 1618.84 -118.121 94.035 1611.89 -118.121 80.129 1625.8 
-125.074 73.176 1632.75 -132.027 66.223 1639.7 -104.215 66.223 1625.8 
-111.168 73.176 1632.75 -118.121 66.223 1639.7 -132.027 94.035 1625.8 
-132.027 80.129 1639.7 -104.215 80.129 1625.8 -118.121 94.035 1625.8 
-118.121 80.129 1639.7 -100.111 28.608 1574.28 -92.325 26.521 1572.19 
-97.262 31.457 1577.12 -97.262 31.457 1567.75 -104.215 33.356 1570.17 
-99.836 34.032 1565.79 -97.262 26.297 1577.12 -93.343 35.376 1573.21 
-89.299 31.457 1577.12 -86.258 28.554 1580.03 -90.309 24.504 1574.09 
-86.392 20.587 1580.16 -92.955 21.858 1581.43 -77.758 24.504 1585.3 
-103.675 73.176 1549.31 -99.231 85.113 1551.28 -100.896 76.81 1552.95 
-104.215 43.142 1565.44 -104.215 38.41 1562.99 -101.326 41.299 1567.28 
-106.822 59.269 1563.22 -108.668 56.769 1563.22 -97.049 46.119 1576.69 
-97.052 38.41 1570.17 -104.215 38.41 1570.17 -99.89 42.735 1570.17 
-104.215 45.363 1567.18 -102.815 45.363 1568.77 -101.653 45.363 1570.17 
-104.215 45.363 1570.17 -104.215 45.363 1577.12 -111.168 45.363 1570.17 
-87.616 41.103 1581.39 -90.309 38.41 1578.22 -87.318 35.42 1581.09 
-96.793 72.945 1562.84 -101.546 63.553 1567.5 -104.215 61.584 1565.53 
-97.806 80.129 1556.27 -97.262 87.082 1563.22 -94.427 84.247 1560.38 
-97.262 87.082 1553.89 -98.68 88.5 1550.73 -104.215 94.035 1556.27 
-93.21 91.134 1559.17 -90.633 87.082 1563.22 -89.672 79.852 1569.69 
-101.346 63.354 1573.04 -94.022 69.936 1573.88 -97.262 73.176 1577.12 
-97.262 66.858 1577.12 -98.318 66.223 1570.17 -101.348 63.356 1570.17 
-105.004 59.269 1577.12 -105.483 59.269 1571.44 -104.215 60.734 1570.17 
-105.904 59.269 1568.48 -105.676 59.269 1570.17 -101.139 63.146 1581 
-90.774 73.176 1577.12 -93.87 69.784 1580.52 -97.262 87.082 1577.12 
-104.215 94.035 1570.17 -81.941 85.667 1575.71 -87.098 90.825 1566.96 
-90.309 94.035 1570.17 -90.309 80.129 1584.08 -87.088 76.908 1580.86 
-84.2 16.147 1591.11 -90.309 24.504 1584.08 -90.309 20.339 1584.08 
-93.52 21.293 1587.29 -97.262 22.355 1591.03 -97.262 31.457 1591.03 
-83.356 31.457 1591.03 -83.356 31.457 1584.13 -90.309 38.41 1584.08 
-90.309 24.504 1597.98 -94.5 20.313 1593.79 -79.323 13.519 1600.91 
-85.709 15.197 1602.58 -90.309 17.731 1597.98 -94.751 20.062 1602.43 
-76.402 24.504 1597.98 -90.309 38.41 1597.98 -70.942 19.043 1592.52 
-79.484 35.329 1587.16 -71.579 29.327 1593.16 -75.232 31.457 1591.03 
-62.239 24.547 1598.28 -65.519 13.62 1601.01 -73.741 13.259 1600.65 
-76.402 15.851 1597.98 -52.259 14.267 1601.65 -59.159 13.935 1601.32 
-55.543 17.551 1595.3 -69.449 31.457 1596.09 -72.072 34.08 1593.65 
-76.402 38.41 1597.98 -48.59 24.504 1597.98 -55.543 31.457 1598.42 
-50.836 26.75 1595.74 -51.772 21.322 1594.8 -59.728 35.642 1600.75 
-64.76 36.146 1600.25 -41.637 17.551 1592.61 -46.937 26.156 1596.33 
-48.59 24.504 1594.48 -35.139 24.518 1598.33 -45.3 13.887 1601.27 
-37.507 13.421 1600.81 -41.637 17.551 1604.94 -41.637 13.067 1604.94 
-48.59 21.014 1597.98 -51.071 13.078 1609.41 -46.446 12.741 1609.75 
-27.731 17.551 1604.94 -23.652 13.472 1600.86 -27.731 12.456 1604.94 
-31.642 13.639 1601.03 -27.731 17.551 1595.32 -35.008 10.295 1611.66 
-41.637 31.457 1604.94 -41.637 31.457 1600.91 -48.59 31.807 1597.98 
-45.749 35.569 1600.83 -50.875 36.125 1600.27 -48.59 24.504 1611.89 
-24.706 20.576 1601.91 -27.731 26.943 1604.94 -38.762 34.332 1602.06 
-34.929 31.457 1604.94 -29.65 29.538 1606.86 -34.684 24.504 1611.89 
-20.777 8.53603 1611.89 -18.448 17.551 1604.94 -6.87097 10.598 1613.7 
-21.642 24.426 1612.35 -47.99 12.23 1625.2 -35.304 9.60103 1625.79 
-23.971 7.40404 1622.6 -20.777 6.57503 1625.8 -16.66 6.48003 1621.68 
-24.253 7.12202 1629.27 -15.977 5.79803 1630.6 -11.099 6.37003 1621.57 
-3.03697 6.76303 1621.96 -1.73897 5.46603 1630.93 -6.87097 6.05302 1625.8 
-11.768 5.70103 1630.69 -50.344 12.352 1613.64 -41.637 10.905 1618.84 
-47.064 12.124 1613.42 -48.59 13.726 1611.89 -41.637 17.551 1618.84 
-27.731 8.77103 1618.84 -27.731 17.551 1618.84 -41.637 31.457 1618.84 
-48.59 38.41 1611.89 -48.59 24.504 1625.8 -27.731 31.457 1618.84 
-27.731 31.457 1609.84 -30.405 34.132 1607.61 -34.684 38.41 1611.89 
-34.684 24.504 1625.8 -20.777 10.598 1625.8 -48.59 38.41 1625.8 
-20.777 24.504 1625.8 -34.684 38.41 1625.8 -13.824 12.107 1618.84 
-13.824 17.551 1618.84 -13.824 17.551 1611.96 -11.781 19.594 1616.8 
-6.87097 10.598 1625.8 -3.11096 14.358 1622.04 -13.767 31.404 1619.06 
-20.7 38.363 1611.71 -5.95197 24.616 1624.17 -9.26097 17.551 1618.84 
-13.824 6.64003 1632.75 -13.824 17.551 1632.75 -20.777 10.598 1639.7 
-16.775 6.59503 1635.7 -23.407 7.96803 1637.07 4.95403 10.598 1625.8 
0.0820312 17.551 1632.75 0.0820312 11.478 1632.75 0.0820312 17.551 1629.35 
-6.87097 10.598 1639.7 -2.10297 5.82903 1634.94 -11.38 6.08904 1635.19 
-13.824 31.457 1632.75 -20.777 38.41 1625.8 -20.777 24.504 1639.7 
0.0820312 31.457 1632.75 2.36003 19.829 1630.47 3.52403 28.015 1629.31 
0.0820312 31.457 1626.23 -3.96797 35.507 1622.89 -6.87097 38.41 1625.8 
-6.87097 24.504 1639.7 -97.262 45.363 1591.03 -97.262 45.363 1584.08 
-104.215 45.363 1584.08 -104.215 45.363 1591.03 -83.356 45.363 1591.03 
-83.485 38.41 1584.08 -79.86 41.868 1587.54 -83.356 45.363 1585.49 
-90.309 47.268 1584.08 -87.861 49.869 1586.53 -91.589 51.036 1585.36 
-92.22 50.405 1584.08 -95.505 52.316 1589.27 -97.262 52.316 1589.89 
-97.262 52.316 1591.03 -97.262 50.373 1586.02 -97.262 49.572 1584.08 
-84.877 60.791 1589.51 -80.082 48.637 1587.76 -95.215 57.223 1593.08 
-90.309 52.316 1587.11 -97.262 53.6 1591.03 -97.262 45.363 1604.94 
-83.356 45.363 1604.94 -90.309 52.316 1597.98 -90.309 38.41 1611.89 
-97.262 59.269 1604.94 -99.07 57.461 1592.84 -104.215 59.269 1591.03 
-98.685 60.693 1592.45 -97.262 59.269 1595.67 -104.215 52.316 1591.03 
-100.288 56.243 1591.03 -100.276 59.269 1591.03 -76.402 52.316 1597.98 
-83.356 59.269 1604.94 -90.339 66.192 1597.67 -90.309 59.269 1604.94 
-90.309 52.316 1611.89 -70.402 45.409 1592.67 -76.402 38.41 1589.69 
-69.449 59.269 1593.42 -76.402 52.316 1590.54 -62.445 52.289 1597.96 
-69.449 45.363 1604.94 -67.203 38.41 1597.98 -64.348 40.262 1599.84 
-76.402 38.41 1611.89 -55.543 45.363 1604.94 -60.179 40.727 1600.3 
-55.543 45.363 1596.62 -50.467 40.287 1599.86 -62.496 38.41 1602.13 
-69.449 59.269 1604.94 -76.402 66.223 1597.98 -76.402 52.316 1611.89 
-55.543 59.269 1604.94 -50.287 50.619 1599.68 -51.063 54.789 1600.46 
-55.543 59.269 1600.05 -60.793 64.52 1596.28 -62.496 66.223 1597.98 
-62.496 52.316 1611.89 -97.599 66.223 1584.08 -94.196 70.11 1587.97 
-97.262 73.176 1591.03 -100.591 62.599 1584.08 -99.114 61.122 1589.18 
-103.704 59.15 1583.79 -90.309 73.392 1584.08 -88.306 73.176 1591.03 
-85.559 75.379 1588.83 -97.262 63.368 1591.03 -97.262 87.082 1591.03 
-104.215 94.035 1584.08 -83.064 80.129 1584.08 -79.321 83.048 1587 
-83.356 87.082 1591.03 -90.309 94.035 1584.08 -90.309 80.129 1597.98 
-85.441 75.261 1593.12 -83.356 76.894 1591.03 -97.262 66.223 1604.94 
-97.262 73.176 1604.94 -83.356 66.223 1604.94 -83.356 73.176 1604.94 
-79.912 69.732 1594.47 -83.356 73.176 1596.95 -90.309 73.176 1604.94 
-90.309 66.223 1604.94 -97.262 80.129 1604.94 -97.262 87.082 1604.94 
-104.215 94.035 1597.98 -76.171 80.218 1597.55 -83.356 80.129 1604.94 
-83.356 87.082 1604.94 -90.309 94.035 1597.98 -90.309 87.082 1604.94 
-90.309 80.129 1604.94 -76.402 66.223 1591.93 -72.799 69.826 1594.38 
-62.496 66.223 1595.1 -64.861 68.587 1595.62 -60.257 68.462 1595.75 
-70.353 88.201 1591.02 -76.402 88.595 1584.08 -73.685 91.318 1581.36 
-62.272 80.09 1597.75 -69.449 73.176 1604.94 -69.449 73.176 1595.85 
-76.402 66.223 1611.89 -48.437 66.199 1597.37 -55.543 66.223 1604.94 
-55.543 73.176 1604.94 -55.543 73.176 1597.38 -62.496 66.223 1611.89 
-69.449 87.082 1604.94 -76.402 94.035 1597.98 -76.402 80.129 1611.89 
-53.339 75.38 1602.73 -55.543 80.147 1604.94 -61.628 93.167 1597.6 
-65.294 87.082 1604.94 -57.902 84.723 1607.3 -62.496 80.129 1611.89 
-97.262 31.457 1618.84 -97.262 45.363 1618.84 -83.356 45.363 1618.84 
-90.309 38.41 1625.8 -97.262 59.269 1618.84 -97.262 59.269 1611.89 
-83.356 59.269 1618.84 -83.356 59.269 1611.89 -90.309 59.269 1611.89 
-90.309 59.269 1618.84 -90.309 52.316 1625.8 -97.262 45.363 1632.75 
-104.215 38.41 1639.7 -76.402 38.41 1625.8 -83.356 45.363 1632.75 
-90.309 38.41 1639.7 -97.262 59.269 1632.75 -104.215 52.316 1639.7 
-76.402 52.316 1625.8 -83.356 59.269 1632.75 -90.309 66.223 1625.8 
-90.309 52.316 1639.7 -62.496 38.41 1611.89 -69.449 45.363 1618.84 
-55.543 45.363 1618.84 -62.496 38.41 1625.8 -69.449 59.269 1618.84 
-48.59 52.316 1611.89 -55.503 59.28 1618.82 -55.543 59.269 1611.89 
-62.496 52.316 1625.8 -69.449 45.363 1632.75 -76.402 38.41 1639.7 
-55.543 45.363 1632.75 -62.496 38.41 1639.7 -69.449 59.269 1632.75 
-76.402 66.223 1625.8 -76.402 52.316 1639.7 -48.59 52.316 1625.8 
-55.543 59.269 1632.75 -62.496 66.223 1625.8 -62.496 52.316 1639.7 
-97.262 66.223 1611.89 -97.262 66.223 1618.84 -97.262 73.176 1618.84 
-97.262 73.176 1611.89 -97.262 80.129 1611.89 -97.262 80.129 1618.84 
-97.262 87.082 1618.84 -97.262 87.082 1611.89 -104.215 94.035 1611.89 
-97.262 73.176 1632.75 -104.215 66.223 1639.7 -83.356 73.176 1632.75 
-83.356 73.176 1618.84 -83.356 66.223 1618.84 -90.309 80.129 1625.8 
-90.52 73.325 1618.92 -90.309 66.223 1618.84 -90.309 66.223 1639.7 
-97.262 87.082 1632.75 -104.215 94.035 1625.8 -104.215 80.129 1639.7 
-83.356 87.082 1632.75 -76.466 80.256 1625.78 -83.356 87.082 1618.84 
-83.356 80.129 1618.84 -90.309 94.035 1625.8 -90.309 87.082 1618.84 
-90.309 80.129 1618.84 -90.309 80.129 1639.7 -83.356 66.223 1611.89 
-83.356 73.176 1611.89 -69.449 73.176 1618.84 -55.543 66.223 1618.84 
-55.543 66.223 1611.89 -55.543 73.176 1618.84 -55.543 73.176 1611.89 
-83.356 80.129 1611.89 -83.356 87.082 1611.89 -69.449 87.082 1618.84 
-76.402 94.035 1611.89 -55.543 87.082 1618.84 -52.901 80.129 1611.89 
-51.676 77.043 1614.98 -55.488 87.137 1612.09 -52.001 83.54 1615.3 
-51.825 76.894 1608.66 -51.009 77.71 1611.89 -62.34 94.385 1612.48 
-62.496 80.129 1625.8 -69.449 73.176 1632.75 -76.402 66.223 1639.7 
-55.455 73.184 1632.69 -48.366 65.92 1625.79 -62.496 66.223 1639.7 
-69.353 87.14 1632.74 -76.402 94.035 1625.8 -76.402 80.129 1639.7 
-48.59 80.129 1625.8 -55.529 87.111 1632.61 -62.496 94.035 1625.8 
-62.496 80.129 1639.7 -35.418 53.051 1599.87 -41.637 45.363 1604.94 
-46.247 40.753 1600.33 -41.637 45.363 1599.15 -38.234 41.961 1601.54 
-46.454 50.18 1600.12 -48.59 38.41 1601.13 -27.165 45.233 1604.01 
-34.684 38.41 1604.28 -41.637 59.269 1604.94 -46.937 53.969 1599.64 
-41.637 59.269 1597.29 -48.59 54.165 1599.83 -48.59 52.316 1600.67 
-24.979 56.518 1602.19 -27.731 59.269 1604.94 -27.731 59.269 1601.06 
-32.291 63.83 1600.38 -36.071 64.835 1599.37 -34.684 52.316 1611.89 
-24.96 62.04 1602.17 -19.83 59.269 1604.94 -15.923 57.171 1607.04 
-20.777 52.316 1604.45 -17.434 48.973 1608.55 -41.637 66.223 1604.94 
-41.637 73.176 1604.94 -36.416 66.223 1599.72 -41.637 73.176 1601.57 
-37.415 68.954 1600.72 -42.849 74.388 1603.73 -48.59 73.176 1604.94 
-48.59 74.073 1604.04 -48.59 66.223 1604.94 -48.59 59.269 1604.94 
-27.731 73.176 1604.94 -32.448 68.458 1600.22 -27.731 73.176 1600.9 
-24.789 70.234 1602 -30.078 75.523 1602.59 -39.747 75.066 1603.05 
-34.684 66.223 1600.15 -41.637 77.011 1604.94 -44.024 75.563 1607.32 
-48.59 75.041 1606.8 -28.091 86.679 1604.26 -25.164 75.742 1602.37 
-34.612 94.12 1597.41 -36.612 82.057 1609.96 -34.684 80.129 1608.09 
-13.824 73.176 1607.63 -20.777 66.223 1604.29 -15.875 61.32 1606.99 
-6.70596 65.588 1611.3 -13.589 87.333 1605.33 -20.491 94.322 1598.4 
-20.777 80.129 1605.47 -6.03996 79.894 1610.25 -41.637 45.363 1618.84 
-27.731 45.363 1618.84 -41.637 59.269 1618.84 -41.637 59.269 1611.89 
-48.59 59.269 1611.89 -48.59 59.269 1618.84 -20.777 52.316 1611.89 
-27.731 59.269 1618.84 -34.684 66.223 1611.89 -34.684 52.316 1625.8 
-41.637 45.363 1632.75 -48.59 38.41 1639.7 -27.731 45.363 1632.75 
-34.684 38.41 1639.7 -41.637 59.269 1632.75 -48.59 52.316 1639.7 
-20.777 52.316 1625.8 -27.731 59.269 1632.75 -34.684 66.223 1625.8 
-34.684 52.316 1639.7 -13.824 45.363 1618.84 -11.368 42.907 1616.39 
-13.824 45.363 1613.8 -1.47897 46.924 1620.4 -10.162 49.026 1615.18 
-6.87097 38.41 1620.33 -13.824 59.269 1618.84 -11.819 52.316 1611.89 
-8.75597 54.201 1613.78 -13.824 59.269 1608.07 -20.777 66.223 1611.89 
1.11903 59.379 1617.93 -6.87097 52.316 1615.88 -13.824 45.363 1632.75 
-20.777 38.41 1639.7 0.0820312 38.41 1632.75 4.63603 36.011 1628.2 
0.0820312 45.363 1632.75 1.56003 38.41 1625.8 5.51703 38.41 1627.31 
5.35103 40.094 1627.48 -6.87097 52.316 1625.8 -6.87097 38.41 1639.7 
-13.824 59.269 1632.75 -20.777 66.223 1625.8 -20.777 52.316 1639.7 
7.30603 52.013 1625.6 0.0820312 52.316 1632.75 0.0820312 59.269 1632.75 
-6.87097 66.223 1625.8 -6.87097 52.316 1639.7 -41.637 66.223 1611.89 
-41.637 73.176 1611.89 -41.637 73.176 1618.84 -41.637 66.223 1618.84 
-27.731 73.176 1618.84 -34.684 80.129 1611.89 -39.481 80.129 1611.89 
-44.734 83.984 1615.75 -43.556 75.095 1616.92 -41.637 87.082 1618.84 
-39.264 84.709 1611.89 -45.57 77.109 1611.89 -48.59 73.176 1613.96 
-51.181 73.176 1618.84 -43.992 73.176 1618.84 -48.59 74.844 1611.89 
-46.697 87.082 1613.78 -41.637 87.082 1613.65 -48.59 87.082 1618.84 
-48.59 87.082 1613.89 -50.15 87.082 1613.45 -48.59 84.111 1615.87 
-48.59 80.129 1619.31 -48.59 76.371 1622.04 -20.777 80.129 1611.89 
-27.731 87.082 1618.84 -37.933 90.786 1608.64 -34.684 94.035 1611.89 
-40.352 88.366 1611.89 -34.684 80.129 1625.8 -41.637 73.176 1632.75 
-48.592 66.219 1618.67 -48.59 66.223 1639.7 -27.731 73.176 1632.75 
-34.684 66.223 1639.7 -41.637 87.082 1632.75 -48.59 94.035 1625.8 
-48.59 80.129 1639.7 -20.777 80.129 1625.8 -27.731 87.082 1632.75 
-34.684 94.035 1625.8 -34.684 80.129 1639.7 -13.824 73.176 1618.84 
2.90804 70.35 1616.02 0.0820312 73.176 1618.84 0.0820312 73.176 1613.26 
-13.824 87.082 1618.84 -20.777 94.035 1611.89 2.88103 75.974 1616.05 
-1.13797 87.227 1620.05 -6.45998 94.132 1611.55 -6.87097 80.129 1625.8 
-13.824 73.176 1632.75 -20.777 66.223 1639.7 7.03503 66.223 1625.8 
0.0820312 73.176 1632.75 -6.87097 66.223 1639.7 -13.824 87.082 1632.75 
-20.777 94.035 1625.8 -20.777 80.129 1639.7 7.03503 80.129 1625.8 
0.0820312 87.082 1632.75 -6.87097 94.035 1625.8 -6.87097 80.129 1639.7 
-138.98 73.176 1646.66 -125.074 73.176 1646.66 -132.027 66.223 1653.61 
-111.168 73.176 1646.66 -118.121 66.223 1653.61 -132.027 80.129 1653.61 
-118.121 80.129 1653.61 -133.885 64.365 1655.47 -125.074 73.176 1660.56 
-136.433 75.723 1658.02 -135.294 69.49 1656.88 -104.215 66.223 1653.61 
-104.215 80.129 1653.61 -22.804 8.57103 1641.73 -17.735 7.55504 1642.75 
-20.777 7.94504 1639.7 -3.74496 7.47203 1642.83 -6.87097 6.75104 1639.7 
-10.446 7.02303 1643.28 -13.824 13.085 1646.66 -13.824 17.551 1646.66 
-16.42 14.955 1649.25 -20.777 10.598 1646.59 7.04303 10.506 1639.74 
0.423035 16.408 1647.75 -6.87097 10.598 1649.07 -10.486 14.212 1649.99 
-13.824 31.457 1646.66 -20.703 23.752 1655.04 7.03503 24.504 1639.7 
0.0820312 31.457 1646.66 0.0820312 31.457 1639.7 -6.84497 24.495 1653.64 
-13.824 17.551 1650.85 -13.824 31.457 1656.81 -20.777 38.41 1653.61 
-16.297 33.93 1658.09 -25.551 33.636 1658.38 0.0700378 31.586 1653.57 
5.23303 26.306 1651.81 -6.87097 38.41 1653.61 -3.87697 35.416 1656.6 
-10.778 34.503 1657.52 -99.678 33.873 1644.24 -97.262 34.902 1646.66 
-95.184 33.535 1644.58 -97.262 45.363 1646.66 -107.164 35.461 1642.65 
-103.045 39.58 1652.44 -85.126 33.228 1644.89 -83.356 34.108 1646.66 
-81.678 33.134 1644.98 -83.356 45.363 1646.66 -90.281 37.609 1654.41 
-97.262 59.269 1646.66 -104.215 52.316 1653.61 -83.356 59.269 1646.66 
-90.309 52.316 1653.61 -109.752 46.779 1659.15 -76.384 37.933 1654.09 
-76.402 52.316 1653.61 -90.309 66.223 1653.61 -69.449 45.363 1646.66 
-55.543 45.363 1646.66 -62.343 37.373 1654.65 -69.449 59.269 1646.66 
-55.543 59.269 1646.66 -62.496 52.316 1653.61 -50.817 36.183 1655.84 
-48.59 38.41 1653.61 -76.402 66.223 1653.61 -48.59 52.316 1653.61 
-62.496 66.223 1653.61 -97.262 73.176 1646.66 -83.356 73.176 1646.66 
-97.262 87.082 1646.66 -104.215 94.035 1639.7 -83.356 87.082 1646.66 
-90.309 94.035 1639.7 -90.309 80.129 1653.61 -104.215 94.035 1653.61 
-76.402 80.129 1653.61 -90.309 94.035 1653.61 -69.449 73.176 1646.66 
-55.543 73.176 1646.66 -69.449 87.082 1646.66 -76.402 94.035 1639.7 
-55.543 87.082 1646.66 -62.496 94.035 1639.7 -62.496 80.129 1653.61 
-69.449 73.176 1660.56 -76.402 66.223 1667.52 -48.59 66.223 1653.61 
-55.543 73.176 1660.56 -62.496 66.223 1667.52 -69.449 87.082 1660.56 
-76.402 94.035 1653.61 -76.402 80.129 1667.52 -48.59 80.129 1653.61 
-55.543 87.082 1660.56 -62.496 94.035 1653.61 -62.496 80.129 1667.52 
-69.161 72.87 1675.98 -81.419 71.239 1676.41 -76.402 66.223 1675.03 
-55.638 73.447 1673.65 -58.766 62.492 1671.25 -48.025 65.657 1668.96 
-62.496 66.223 1673.3 -69.449 87.082 1674.47 -76.402 94.035 1667.52 
-76.402 80.129 1679.8 -48.59 80.129 1667.52 -56.33 87.869 1672.78 
-62.496 94.035 1667.52 -67.316 84.949 1676.6 -62.496 80.129 1674.07 
-69.449 87.082 1677.39 -79.114 91.323 1678.71 -72.517 90.149 1677.54 
-67.669 88.862 1676.25 -41.637 45.363 1646.66 -27.731 45.363 1646.66 
-34.684 38.41 1653.61 -41.637 59.269 1646.66 -27.731 59.269 1646.66 
-34.684 52.316 1653.61 -38.729 34.365 1657.66 -45 34.821 1657.2 
-30.027 33.754 1658.27 -20.777 52.316 1653.61 -34.684 66.223 1653.61 
-13.824 45.363 1646.66 0.0820312 38.41 1639.7 0.0820312 38.41 1646.66 
0.0820312 45.363 1646.66 0.0820312 45.363 1639.7 -13.824 59.269 1646.66 
0.0820312 52.316 1639.7 0.0820312 52.316 1646.66 0.0820312 59.269 1646.66 
0.0820312 59.269 1639.7 -6.87097 52.316 1653.61 -16.428 42.759 1657.96 
-13.824 45.363 1656.94 -10.638 42.177 1657.38 -16.761 48.3 1657.63 
-20.777 38.41 1659.65 0.0820312 36.765 1655.26 -3.74297 38.41 1656.74 
0.0820312 38.41 1655.35 -2.35797 42.924 1658.12 0.0820312 45.363 1657.72 
0.0820312 41.409 1656.61 0.0820312 45.363 1653.61 0.0820312 38.41 1653.61 
-2.16397 47.609 1658.32 -10.852 48.335 1657.59 -6.87097 38.41 1657.92 
-13.867 59.255 1661.69 -20.777 66.223 1653.61 -20.777 52.316 1659.55 
0.0820312 48.099 1657.83 -2.15196 52.316 1658.33 0.0820312 52.316 1657.84 
-1.71297 57.475 1658.77 0.0820312 59.269 1658.51 0.0820312 57.037 1658.33 
0.0820312 59.269 1653.61 0.0820312 52.316 1653.61 -6.87097 66.223 1653.61 
-1.46097 60.813 1659.02 -6.87097 52.316 1659.48 -41.637 73.176 1646.66 
-27.731 73.176 1646.66 -41.637 87.082 1646.66 -48.928 95.189 1639.34 
-27.731 87.082 1646.66 -34.684 94.035 1639.7 -34.684 80.129 1653.61 
-41.637 73.176 1660.56 -27.731 73.176 1660.56 -34.684 66.223 1664.16 
-36.461 68 1665.74 -30.895 70.012 1663.73 -37.703 63.203 1664.5 
-41.637 87.082 1660.56 -48.59 94.035 1653.61 -20.777 80.129 1653.61 
-27.731 87.082 1660.56 -34.684 95.897 1653.61 -33.901 80.212 1668.89 
-13.824 73.176 1646.66 7.03503 66.223 1639.7 0.0820312 73.176 1646.66 
-13.824 87.082 1646.66 -20.777 94.035 1639.7 7.03503 80.129 1639.7 
0.0820312 87.082 1646.66 -6.87097 94.035 1639.7 -6.87097 80.129 1653.61 
-13.64 72.893 1661.68 -20.777 66.223 1661.37 -25.812 71.257 1662.48 
7.58504 66.223 1654.82 -2.55397 70.539 1657.93 0.0820312 73.176 1656.9 
-3.37697 76.634 1657.1 -6.87097 66.223 1659.58 -13.785 87.159 1660.31 
-20.777 94.035 1653.61 -23.491 82.842 1664.8 -20.777 80.129 1663.04 
-25.072 75.834 1663.22 0.0820312 87.082 1658.03 4.34703 77.441 1656.3 
7.03503 80.129 1653.61 -6.74797 95.276 1654.19 -6.87097 80.129 1658.09 
-45.651 77.19 1670.45 -27.731 73.176 1663.52 -41.637 73.176 1669.34 
-45.273 83.445 1670.83 -41.637 87.082 1669.87 -48.59 94.035 1667.52 
-44.891 90.336 1671.21 -48.59 80.129 1671.67 -27.731 87.082 1667.07 
-34.538 92.691 1666.17 -23.897 90.915 1664.4 14.486 16.995 1632.33 
14.117 31.264 1632.22 7.03503 31.457 1632.75 7.03503 33.231 1630.98 
7.03503 30.412 1631.7 7.03503 24.504 1631.56 20.941 29.398 1630.69 
20.941 32.867 1631.34 20.941 31.457 1632.75 23.393 31.457 1632.75 
20.804 24.756 1639.64 14.04 38.421 1633.29 11.185 42.56 1629.95 
15.42 43.932 1631.32 13.988 45.363 1630.62 13.988 45.363 1632.75 
7.03503 40.936 1628.32 7.03503 38.41 1629.26 27.751 45.22 1633.13 
15.65 47.025 1631.09 18.079 41.273 1632.75 18.063 45.363 1632.75 
20.941 35.516 1632.75 13.988 52.316 1632.75 13.988 59.269 1632.75 
14.881 52.316 1631.86 16.745 56.512 1629.99 13.988 59.269 1627.95 
9.76202 63.496 1623.07 7.03503 59.269 1632.75 7.03503 52.316 1632.75 
7.03503 45.363 1632.75 20.941 58.243 1631.72 20.941 60.592 1631.43 
20.941 59.269 1632.75 22.874 59.269 1632.75 17.266 62.547 1629.47 
20.649 52.394 1633.02 13.988 73.176 1621.48 7.03503 66.223 1619.87 
9.56303 82.657 1623.27 7.03503 80.129 1619.96 13.988 66.223 1632.75 
14.294 66.223 1625.8 13.988 73.176 1632.75 18.192 66.223 1628.55 
18.641 68.523 1628.1 27.889 66.251 1632.73 20.941 70.324 1629.9 
20.941 76.419 1629.51 20.941 73.176 1632.75 18.98 78.167 1627.76 
20.941 66.223 1631.36 24.432 69.713 1632.75 26.069 73.176 1632.75 
22.959 64.205 1632.75 13.988 80.129 1632.75 15.047 80.129 1625.8 
13.988 87.082 1632.75 18.625 80.129 1628.11 17.05 84.02 1629.69 
13.988 87.082 1629.3 7.03503 85.657 1625.8 12.067 89.004 1630.83 
4.00304 91.003 1628.83 27.894 87.082 1633.78 20.921 87.039 1632.83 
15.774 88.868 1630.96 20.941 80.129 1630.11 25.488 80.129 1632.75 
25.548 75.522 1632.75 34.848 66.223 1634.92 29.28 71.791 1634.14 
34.848 70.692 1635.23 39.296 70.671 1635.26 37.292 63.778 1637.26 
30.537 61.912 1635.39 34.848 61.513 1634.99 11.113 20.426 1643.78 
13.988 25.123 1646.66 13.988 31.457 1646.66 13.988 31.457 1639.7 
7.03503 31.457 1639.7 7.03503 31.457 1646.66 7.03503 26.495 1651.62 
7.03503 24.504 1650.77 9.14603 26.615 1651.5 20.941 31.457 1639.7 
24.39 31.457 1636.25 23.866 31.457 1639.7 22.687 31.457 1641.45 
20.191 31.699 1646.41 15.945 29.5 1648.61 4.78703 31.457 1651.36 
7.03503 31.457 1651.15 9.63004 31.457 1651.01 13.988 31.457 1652.14 
16.901 31.457 1649.57 27.004 38.41 1639.7 27.894 45.363 1639.7 
29.362 43.896 1639.7 27.894 45.363 1644.94 30.401 45.363 1639.7 
13.988 59.269 1646.66 13.988 66.223 1639.7 13.988 66.223 1646.66 
13.988 73.176 1646.66 13.988 73.176 1639.7 13.988 59.269 1639.7 
7.03503 59.269 1639.7 7.03503 59.269 1646.66 13.988 80.129 1639.7 
13.988 80.129 1646.66 13.988 87.082 1646.66 13.988 87.082 1639.7 
7.03503 95.531 1639.7 14.064 66.347 1653.43 13.988 73.176 1655.4 
13.988 73.176 1653.61 14.236 59.187 1653.98 3.20403 59.269 1657.44 
7.03503 59.269 1656.03 8.93903 59.269 1655.51 7.03503 59.269 1653.61 
9.39603 77.768 1655.97 13.988 77.765 1655.97 9.11403 80.129 1655.69 
13.988 80.129 1655.69 13.919 86.745 1653.49 8.91203 82.006 1655.49 
13.988 82.009 1655.49 13.988 80.129 1653.61 5.66704 92.667 1652.24 
9.07103 91.999 1651.57 7.03503 86.913 1653.61 7.03503 80.129 1656.27 
27.894 61.474 1634.95 27.894 72.074 1633.85 27.894 73.176 1634.08 
34.848 66.223 1639.7 27.894 73.176 1639.7 27.894 66.223 1639.7 
27.894 73.176 1646.66 27.894 66.223 1646.66 27.894 59.269 1646.66 
27.894 59.269 1639.7 38.211 66.223 1639.7 40.515 71.89 1645.37 
37.756 63.314 1642.61 43.27 71.707 1639.7 41.801 73.176 1639.7 
41.801 73.176 1635.54 37.913 63.157 1639.7 34.848 59.269 1639.7 
35.446 58.671 1647.25 37.396 59.269 1642.25 37.547 59.269 1639.7 
36.96 59.269 1637.59 34.848 59.269 1635.33 30.902 59.269 1635.76 
27.894 59.269 1635.4 29.663 73.176 1634.52 34.848 73.176 1635.76 
38.771 73.176 1635.78 40.151 73.176 1645.01 41.801 73.176 1645.18 
39.811 73.176 1646.66 34.848 73.176 1646.66 34.848 73.176 1639.7 
34.848 66.223 1648.56 32.502 68.569 1651.26 34.848 69.715 1650.12 
31.529 62.904 1650.29 32.502 66.223 1651.26 45.609 76.984 1639.7 
41.801 75.789 1635.36 41.801 80.129 1634.98 41.801 83.916 1635.92 
41.801 87.082 1636.85 45.793 80.129 1639.7 45.069 83.813 1643.39 
44.854 84.029 1639.7 41.932 80.129 1647.04 41.801 80.129 1639.7 
41.801 74.534 1645.3 43.894 89.175 1644.56 41.801 87.082 1646.66 
43.43 87.082 1646.66 43.715 88.997 1639.7 41.801 87.082 1639.7 
43.231 85.652 1648.09 27.894 62.787 1650.17 27.894 66.223 1651.16 
27.894 68.674 1651.16 27.894 73.176 1651.16 30.649 59.269 1649.41 
27.894 59.269 1650.23 32.173 73.176 1650.94 34.848 73.176 1649.76 
41.801 84.723 1649.02 41.801 87.082 1649.99 43.416 88.697 1648.27 
-136.65 98.657 1551.64 -125.074 100.988 1563.22 -136.942 103.027 1551.35 
-132.027 107.941 1556.27 -111.168 100.988 1563.22 -118.121 107.941 1556.27 
-137.075 112.989 1551.22 -125.074 114.894 1563.22 -136.815 117.06 1551.48 
-132.027 121.848 1556.27 -132.027 107.941 1570.17 -104.215 107.941 1556.27 
-111.168 114.894 1563.22 -118.121 121.848 1556.27 -118.121 107.941 1570.17 
-125.074 100.988 1577.12 -111.168 100.988 1577.12 -125.074 114.894 1577.12 
-132.027 121.848 1570.17 -132.027 107.941 1584.08 -104.215 107.941 1570.17 
-111.168 114.894 1577.12 -118.121 121.848 1570.17 -118.121 107.941 1584.08 
-135.618 125.438 1552.67 -125.074 128.801 1563.22 -132.513 135.795 1556.1 
-104.215 121.848 1556.27 -111.168 128.801 1563.22 -118.121 135.754 1556.27 
-135.033 138.76 1567.17 -132.027 135.754 1570.17 -104.215 135.754 1556.27 
-118.121 135.754 1570.17 -125.074 128.801 1577.12 -132.027 121.848 1584.08 
-104.215 121.848 1570.17 -111.168 128.801 1577.12 -118.121 121.848 1584.08 
-136.173 139.9 1574.32 -137.022 140.749 1579.08 -132.027 135.754 1584.08 
-104.215 135.754 1570.17 -118.121 135.754 1584.08 -138.98 100.988 1591.03 
-125.074 100.988 1591.03 -111.168 100.988 1591.03 -125.074 114.894 1591.03 
-132.027 107.941 1597.98 -104.215 107.941 1584.08 -111.168 114.894 1591.03 
-118.121 107.941 1597.98 -125.074 100.988 1604.94 -111.168 100.988 1604.94 
-132.027 121.848 1597.98 -132.027 107.941 1611.89 -104.215 107.941 1597.98 
-118.121 121.848 1597.98 -118.121 107.941 1611.89 -125.074 128.801 1591.03 
-104.215 121.848 1584.08 -111.168 128.801 1591.03 -132.027 135.754 1597.98 
-104.215 135.754 1584.08 -118.121 135.754 1597.98 -104.215 121.848 1597.98 
-104.215 135.754 1597.98 -125.074 100.988 1618.84 -111.168 100.988 1618.84 
-132.027 107.941 1625.8 -104.215 107.941 1611.89 -118.121 107.941 1625.8 
-104.215 107.941 1625.8 -97.262 100.988 1563.22 -92.586 96.312 1558.54 
-94.092 94.035 1556.27 -91.569 107.877 1556.98 -87.271 100.988 1563.22 
-90.309 94.035 1562.27 -85.995 98.349 1565.86 -97.262 114.894 1563.22 
-83.388 115.274 1563.23 -89.986 121.855 1556.11 -90.309 107.941 1570.17 
-85.365 102.998 1565.23 -97.262 100.988 1577.12 -83.356 100.988 1577.12 
-79.213 96.845 1572.98 -82.702 94.035 1570.17 -83.356 100.988 1567.86 
-97.262 114.894 1577.12 -77.214 107.872 1570.96 -83.356 114.894 1577.12 
-90.309 121.848 1570.17 -90.309 107.941 1584.08 -69.562 101.046 1577.4 
-76.402 94.035 1584.08 -76.402 94.035 1576.46 -68.436 114.869 1576.43 
-76.074 121.838 1569.9 -76.402 107.941 1584.08 -58.924 111.514 1580.51 
-62.496 107.941 1578.34 -58.364 103.809 1579.95 -97.262 128.801 1563.22 
-97.262 128.801 1549.31 -82.88 128.788 1562.72 -88.747 135.739 1555.44 
-90.309 135.754 1570.17 -97.262 128.801 1577.12 -83.356 128.801 1577.12 
-90.309 121.848 1584.08 -77.001 135.782 1570.84 -90.309 135.754 1584.08 
-69.481 128.696 1577.38 -76.402 121.848 1584.08 -62.496 121.848 1579.63 
-59.369 118.721 1580.95 -60.279 124.065 1581.86 -71.037 141.119 1578.71 
-76.402 135.754 1584.08 -62.345 135.944 1583.56 -49.165 107.804 1584.61 
-97.262 100.988 1591.03 -83.356 100.988 1591.03 -97.262 114.894 1591.03 
-83.356 114.894 1591.03 -90.309 107.941 1597.98 -97.262 100.988 1604.94 
-83.135 100.988 1604.94 -90.309 94.035 1611.89 -96.898 115.258 1604.57 
-76.408 107.951 1597.99 -83.356 114.894 1604.94 -90.299 123.536 1597.97 
-90.309 107.941 1611.89 -69.449 100.988 1591.03 -63.981 95.52 1585.56 
-65.873 94.035 1584.08 -55.543 94.967 1591.03 -61.078 95.453 1585.5 
-51.987 97.432 1587.48 -55.543 100.988 1581.07 -55.543 100.988 1591.03 
-62.496 98.291 1584.08 -62.496 107.941 1584.08 -69.449 114.894 1591.03 
-55.543 114.894 1591.03 -55.543 114.894 1582.36 -62.496 121.848 1584.08 
-62.496 107.941 1597.98 -68.227 102.21 1604.91 -55.31 93.532 1597.86 
-55.543 97.028 1604.94 -55.543 100.988 1604.94 -55.543 100.988 1597.98 
-69.449 114.894 1604.94 -76.402 121.848 1597.98 -76.402 107.941 1611.89 
-48.59 107.941 1597.98 -55.543 114.894 1604.94 -62.496 121.848 1597.98 
-62.496 107.941 1611.89 -97.262 128.801 1591.03 -83.356 128.801 1591.03 
-90.309 135.754 1597.98 -97.262 128.801 1604.94 -104.215 121.848 1611.89 
-83.356 128.801 1604.94 -90.309 121.848 1611.89 -104.215 135.754 1611.89 
-76.402 135.754 1597.98 -90.309 135.754 1611.89 -69.449 128.801 1591.03 
-55.543 128.801 1591.03 -57.715 121.848 1584.08 -51.961 118.476 1587.45 
-53.058 126.316 1588.55 -55.543 128.801 1586.41 -53.183 131.161 1588.67 
-62.496 135.754 1597.98 -69.449 128.801 1604.94 -76.474 122.115 1611.44 
-48.59 121.848 1597.98 -55.543 128.801 1604.94 -62.496 121.848 1611.89 
-76.402 135.754 1611.89 -48.59 135.754 1597.98 -62.496 135.754 1611.89 
-97.262 100.988 1618.84 -83.356 100.988 1618.84 -90.309 87.082 1611.89 
-97.262 114.894 1618.84 -83.356 114.894 1618.84 -90.309 107.941 1625.8 
-97.262 100.988 1632.75 -83.356 100.988 1632.75 -97.262 114.894 1632.75 
-104.215 121.848 1625.8 -104.215 107.941 1639.7 -76.402 107.941 1625.8 
-83.356 114.894 1632.75 -90.309 121.848 1625.8 -90.309 107.941 1639.7 
-69.449 100.988 1618.84 -55.543 94.035 1618.84 -55.543 92.37 1613.56 
-55.543 100.988 1618.84 -55.543 94.035 1613.58 -55.543 100.988 1611.89 
-55.543 95.152 1613.01 -55.543 95.819 1611.89 -55.543 95.873 1610.05 
-62.496 100.988 1618.84 -69.449 107.941 1618.84 -69.449 114.894 1618.84 
-48.59 107.941 1611.89 -55.543 107.941 1618.84 -55.543 114.894 1618.84 
-62.496 114.894 1618.84 -62.496 107.941 1618.84 -69.449 100.988 1632.75 
-69.449 100.988 1625.8 -55.543 100.988 1632.75 -55.543 100.988 1625.8 
-62.496 100.988 1625.8 -62.496 100.988 1632.75 -69.449 107.941 1625.8 
-69.449 107.941 1632.75 -69.449 114.894 1632.75 -69.449 114.894 1625.8 
-76.402 121.848 1625.8 -76.402 107.941 1639.7 -97.262 128.801 1618.84 
-83.356 128.801 1618.84 -97.262 142.707 1618.84 -104.215 149.66 1611.89 
-104.215 135.754 1625.8 -83.356 142.707 1618.84 -90.309 149.66 1611.89 
-90.309 135.754 1625.8 -97.262 128.801 1632.75 -104.215 121.848 1639.7 
-83.356 128.801 1632.75 -90.309 121.848 1639.7 -97.262 142.707 1632.75 
-104.215 149.66 1625.8 -104.215 135.754 1639.7 -76.402 135.754 1625.8 
-83.356 142.707 1632.75 -90.309 149.66 1625.8 -90.309 135.754 1639.7 
-69.449 128.801 1618.84 -48.59 121.848 1611.89 -55.543 128.801 1618.84 
-62.496 121.848 1622.49 -66.227 125.578 1622.07 -61.372 122.972 1624.67 
-61.259 120.611 1624.56 -62.496 120.086 1624.04 -65.383 118.961 1622.91 
-69.449 142.707 1618.84 -76.402 149.66 1611.89 -48.59 135.754 1611.89 
-55.543 142.707 1618.84 -62.496 149.66 1611.89 -62.496 135.754 1625.8 
-69.449 128.801 1632.75 -64.382 119.961 1627.68 -67.095 126.447 1630.4 
-71.446 121.848 1625.8 -65.735 118.609 1625.8 -76.402 121.848 1639.7 
-58.134 117.485 1630.16 -58.482 121.848 1625.8 -60.402 123.942 1627.89 
-60.517 119.868 1625.8 -62.496 118.904 1625.8 -62.496 118.408 1629.24 
-62.496 123.99 1625.8 -55.543 128.801 1632.75 -67.75 127.102 1634.45 
-59.676 124.668 1636.88 -57.44 116.792 1634.65 -62.496 114.894 1632.75 
-55.543 114.894 1632.75 -62.496 117.622 1635.48 -65.074 119.27 1637.12 
-69.449 142.707 1632.75 -76.402 149.66 1625.8 -76.402 135.754 1639.7 
-48.59 135.754 1625.8 -55.543 142.707 1632.75 -62.496 149.66 1625.8 
-62.496 135.754 1639.7 -41.173 101.452 1590.57 -48.59 100.988 1591.03 
-48.59 98.024 1588.07 -50.085 95.531 1591.03 -48.59 95.971 1591.03 
-44.212 112.319 1593.61 -48.174 114.894 1591.03 -41.637 92.933 1597.98 
-41.637 100.988 1597.98 -41.637 100.988 1604.94 -42.047 94.637 1604.96 
-27.72 101.192 1604.92 -37.731 104.894 1601.03 -38.766 103.859 1597.98 
-40.865 114.62 1604.32 -41.329 107.941 1597.98 -48.59 100.988 1597.98 
-48.59 100.988 1604.94 -45.724 118.982 1595.12 -36.994 105.631 1609.58 
-12.968 101.143 1604.01 -7.99197 106.82 1613.01 -45.572 124.866 1594.97 
-50.087 128.801 1591.03 -48.59 121.848 1592.45 -48.59 135.754 1593.08 
-45.494 138.85 1594.89 -45.764 132.928 1595.16 -44.452 121.848 1597.98 
-41.637 128.801 1604.94 -41.637 128.801 1598.52 -39.403 126.567 1602.7 
-39.102 131.336 1602.4 -35.538 122.409 1611.63 -38.423 128.801 1604.94 
-38.761 139.832 1602.06 -44.218 135.754 1597.98 -35.819 135.843 1612.5 
-41.637 92.325 1610.18 -41.637 94.035 1611.89 -41.637 100.988 1611.89 
-41.637 100.988 1618.84 -41.637 94.035 1618.84 -41.637 89.715 1611.89 
-27.731 103.376 1618.84 -34.684 100.996 1611.89 -36.543 106.082 1613.75 
-36.674 105.951 1611.89 -41.637 107.941 1618.84 -37.903 107.941 1611.89 
-41.637 114.894 1618.84 -37.887 107.941 1615.09 -39.143 112.401 1616.35 
-48.59 100.988 1611.89 -48.59 100.988 1618.84 -48.59 114.894 1618.84 
-48.59 107.941 1618.84 -35.596 107.029 1625.33 -39.532 114.894 1618.84 
-41.637 100.988 1632.75 -41.637 100.988 1625.8 -48.59 100.988 1625.8 
-48.59 100.988 1632.75 -48.59 94.035 1618.84 -27.731 100.988 1632.75 
-34.684 100.988 1632.75 -41.637 107.941 1625.8 -41.637 114.894 1625.8 
-41.637 114.894 1632.75 -41.637 107.941 1632.75 -20.593 107.631 1626.12 
-27.731 104.614 1632.75 -33.883 121.047 1625 -39.535 114.894 1632.75 
-35.217 107.473 1632.87 -13.824 100.988 1618.84 -20.777 103.927 1611.89 
-19.079 106.243 1613.59 -5.94597 100.988 1618.84 -4.00197 96.904 1622.93 
-13.588 115.756 1618.69 -5.13496 108.958 1625.83 -13.824 100.988 1632.75 
0.0820312 95.098 1632.75 -3.27797 97.629 1629.39 0.138031 94.035 1625.8 
-4.09998 100.988 1632.75 -2.97498 97.932 1635.81 -13.824 114.894 1632.75 
-17.861 118.931 1628.71 -18.528 114.894 1632.75 -20.756 108.136 1639.81 
-11.203 117.515 1630.13 -9.19496 114.894 1632.75 -6.19197 108.774 1639.66 
-41.637 128.801 1618.84 -48.59 121.848 1625.8 -31.262 128.801 1618.84 
-41.637 142.707 1618.84 -48.59 149.66 1611.89 -38.229 146.115 1608.35 
-37.204 147.139 1614.41 -36.028 142.707 1618.84 -33.398 137.039 1624.51 
-31.819 132.889 1622.93 -34.684 135.754 1625.8 -41.637 121.848 1632.75 
-41.637 128.801 1632.75 -48.59 114.894 1625.8 -48.59 114.894 1632.75 
-55.543 114.894 1625.8 -51.55 124.808 1636.74 -46.886 123.552 1638 
-48.59 121.848 1633.99 -46.395 121.848 1637.51 -45.091 118.348 1636.2 
-53.758 116.68 1634.54 -48.59 118.308 1636.16 -27.663 121.753 1632.68 
-27.26 129.28 1632.74 -34.684 128.801 1632.75 -34.684 121.848 1632.75 
-33.556 120.72 1632.75 -34.684 120.325 1632.75 -41.472 142.911 1632.99 
-48.59 149.66 1625.8 -48.59 135.754 1639.7 -33.543 136.894 1626.94 
-32.611 135.754 1625.8 -37.182 147.162 1623.3 -34.684 140.958 1625.8 
-34.684 135.754 1631.95 -34.684 133.371 1637.32 -36.41 134.027 1637.98 
-13.824 118.833 1632.75 -19.501 120.572 1638.43 -11.561 117.157 1635.01 
-97.262 156.613 1618.84 -104.215 163.566 1611.89 -83.356 156.613 1618.84 
-90.309 163.566 1611.89 -97.262 170.519 1618.84 -103.826 176.437 1611.5 
-104.215 163.566 1625.8 -76.402 163.566 1611.89 -83.356 170.519 1618.84 
-90.224 178.332 1611.77 -90.309 163.566 1625.8 -97.262 156.613 1632.75 
-104.215 149.66 1639.7 -83.356 156.613 1632.75 -90.309 149.66 1639.7 
-109.141 168.492 1630.72 -97.265 169.141 1631.37 -107.886 173.802 1622.13 
-100.974 174.232 1622.56 -104.215 172.077 1625.8 -104.214 163.243 1639.36 
-85.042 168.833 1631.06 -81.175 168.339 1630.57 -83.356 166.78 1632.75 
-83.356 170.519 1628.49 -76.402 163.566 1625.8 -93.257 174.524 1622.85 
-87.365 174.529 1622.85 -90.309 172.644 1625.8 -90.302 163.296 1639.42 
-69.449 156.613 1618.84 -55.543 156.613 1618.84 -62.496 163.566 1611.89 
-68.708 172.397 1619.58 -76.225 177.694 1612.01 -48.59 163.566 1611.89 
-64.485 175.484 1609.9 -62.496 173.721 1611.89 -60.985 165.078 1627.31 
-69.449 156.613 1632.75 -76.402 149.66 1639.7 -55.879 156.138 1632.7 
-61.279 150.877 1640.92 -72.754 167.214 1629.44 -79.932 173.943 1622.27 
-76.402 170.297 1625.8 -76.402 163.566 1634.94 -73.734 160.898 1637.03 
-69.449 163.288 1632.75 -78.457 161.512 1637.65 -50.658 161.499 1623.73 
-66.392 159.671 1635.81 -97.262 174.736 1618.84 -83.356 175.2 1618.84 
-40.901 156.526 1619.17 -38.601 149.66 1611.89 -46.81 165.346 1613.67 
-45.282 163.566 1611.89 -46.834 165.323 1610.13 -48.59 163.566 1619.7 
-45.885 152.365 1628.5 -41.931 149.66 1625.8 -48.59 157.399 1625.8 
-48.59 149.66 1633.12 -51.012 147.238 1637.28 -132.027 121.848 1639.7 
-118.121 121.848 1639.7 -125.074 128.801 1646.66 -132.027 135.754 1639.7 
-132.027 121.848 1653.61 -111.168 128.801 1646.66 -118.121 135.754 1639.7 
-118.121 121.848 1653.61 -136.058 139.785 1643.73 -125.074 142.707 1646.66 
-131.547 149.201 1639.81 -131.333 142.707 1646.66 -131.421 135.927 1652.51 
-111.168 142.707 1646.66 -118.121 149.66 1639.7 -118.121 135.754 1653.61 
-134.101 123.921 1655.68 -135.294 118.58 1656.88 -104.215 121.848 1653.61 
-121.536 139.169 1657.03 -125.074 142.707 1653.75 -127.341 144.973 1648.92 
-104.215 135.754 1653.61 -116.965 148.504 1652.45 -121.878 153.417 1643.46 
-125.074 148.75 1646.66 -111.21 155.997 1646.02 -115.813 161.259 1637.4 
-118.121 158.496 1639.7 -104.211 149.961 1653.93 -97.262 100.988 1646.66 
-83.356 100.988 1646.66 -97.262 114.894 1646.66 -104.215 107.941 1653.61 
-83.356 114.894 1646.66 -90.309 107.941 1653.61 -76.402 107.941 1653.61 
-90.309 121.848 1653.61 -69.449 100.988 1646.66 -69.449 100.988 1639.7 
-55.543 100.988 1646.66 -55.543 100.988 1639.7 -62.496 100.988 1639.7 
-62.496 100.988 1646.66 -69.449 107.941 1639.7 -69.449 107.941 1646.66 
-69.449 114.894 1646.66 -69.449 114.894 1639.7 -69.449 100.988 1660.56 
-55.543 100.988 1660.56 -62.496 107.941 1653.61 -69.449 114.894 1660.56 
-76.402 121.848 1653.61 -76.402 107.941 1667.52 -47.8 108.731 1654.4 
-55.543 114.894 1660.56 -56.018 114.458 1646.67 -55.543 107.941 1646.66 
-62.496 121.848 1653.61 -62.496 114.894 1646.66 -62.496 107.941 1646.66 
-62.496 107.941 1667.52 -97.262 128.801 1646.66 -83.356 128.801 1646.66 
-97.262 142.707 1646.66 -83.356 142.707 1646.66 -90.309 135.754 1653.61 
-97.262 128.801 1660.56 -104.215 121.848 1667.52 -83.356 128.801 1660.56 
-90.309 121.848 1667.52 -97.252 142.172 1660.12 -104.215 135.754 1664.13 
-102.334 133.873 1665.64 -106.316 133.653 1665.42 -76.402 135.754 1653.61 
-84.133 141.929 1658.42 -89.935 149.968 1653.57 -90.309 135.754 1663.23 
-87.592 133.037 1664.8 -92.541 133.521 1665.28 -69.449 128.801 1646.66 
-65.93 121.848 1639.7 -63.897 120.447 1641.1 -64.776 124.127 1641.98 
-64.291 120.053 1639.7 -59.814 124.53 1642.39 -51.41 124.667 1642.52 
-55.543 128.801 1646.66 -55.543 114.894 1635.43 -62.496 118.558 1639.7 
-62.496 119.434 1642.12 -57.978 114.894 1639.7 -62.496 125.459 1639.7 
-62.496 121.848 1645 -69.449 142.707 1646.66 -55.383 141.469 1645.59 
-62.676 136.88 1654.68 -69.524 129.531 1661.13 -76.527 123.078 1668.5 
-48.381 121.888 1653.61 -55.543 124.705 1660.56 -57.428 126.916 1658.68 
-55.543 128.801 1656.73 -62.287 120.453 1666.12 -73.103 139.053 1656.91 
-69.449 142.707 1653.33 -78.459 147.604 1651.55 -73.557 146.815 1650.76 
-76.402 143.898 1653.61 -76.402 135.754 1660.23 -80.058 132.099 1663.86 
-51.617 132.727 1650.58 -66.768 145.389 1649.34 -69.282 101.293 1675.7 
-79.687 97.32 1678.14 -76.402 94.035 1677.43 -55.833 100.877 1673.41 
-62.496 94.035 1673.64 -71.59 112.754 1672.33 -66.287 111.733 1671.31 
-69.449 114.894 1671.47 -76.402 107.941 1674.4 -80.628 103.716 1677.2 
-49.75 108.205 1666.35 -59.997 110.44 1670.01 -55.543 114.894 1668.05 
-62.496 107.941 1671.13 -106.782 124.415 1670.08 -94.192 125.731 1671.4 
-101.116 124.947 1670.61 -97.262 128.801 1669.66 -104.215 129.273 1667.52 
-104.215 121.848 1671.28 -87.223 124.933 1670.6 -83.356 128.801 1667.07 
-90.309 129.991 1667.52 -90.309 121.848 1673.42 -52.056 118.382 1664.05 
-41.637 100.988 1646.66 -41.637 100.988 1639.7 -48.59 100.988 1639.7 
-48.59 100.988 1646.66 -27.731 100.988 1646.66 -27.731 100.988 1639.7 
-34.684 100.988 1639.7 -34.684 100.988 1646.66 -40.896 101.522 1660.88 
-23.614 96.872 1656.45 -27.731 93.088 1660.56 -27.731 100.988 1651.02 
-39.997 102.628 1648.3 -34.684 102.566 1648.23 -29.471 102.729 1648.4 
-40.845 107.941 1647.45 -51.422 114.894 1660.56 -48.59 107.941 1646.66 
-45.236 111.296 1646.66 -48.59 110.002 1646.66 -24.937 103.782 1649.45 
-34.684 121.848 1652.11 -39.232 103.393 1646.66 -34.684 103.315 1646.66 
-30.26 103.518 1646.66 -27.731 102.667 1646.66 -13.824 100.988 1646.66 
0.0820312 94.987 1646.66 -3.02797 97.879 1643.55 -8.37596 100.988 1646.66 
-27.731 104.484 1636.24 -27.731 103.135 1644.51 -27.731 103.493 1639.7 
-13.824 113.504 1645.76 -17.118 104.282 1649.95 -10.995 103.817 1649.48 
-17.591 97.221 1656.8 -13.824 100.988 1652.63 -20.777 101.03 1653.61 
-20.777 94.035 1660.94 -41.637 117.322 1644.23 -43.876 121.848 1644.42 
-41.637 118.992 1646.66 -44.789 125.648 1643.5 -45.527 121.848 1639.7 
-46.257 124.181 1639.7 -44.015 117.273 1639.7 -41.637 114.894 1639.7 
-41.637 121.848 1639.7 -46.206 114.894 1639.7 -41.637 114.894 1642.71 
-47.091 114.894 1638.2 -48.59 114.894 1638.18 -51.648 114.894 1636.65 
-48.59 127.853 1639.7 -41.637 121.848 1646.66 -40.748 135.754 1639.7 
-41.637 132.586 1646.66 -41.637 128.801 1646.66 -38.514 131.924 1643.53 
-46.001 138.343 1642.29 -41.637 128.801 1639.7 -37.044 133.394 1639.7 
-48.59 143.282 1639.7 -48.59 135.754 1647.18 -44.58 131.744 1649.6 
-35.086 128.398 1646.25 -34.684 131.825 1639.7 -32.373 128.801 1642.01 
-30.319 128.801 1639.7 -40.199 130.239 1648.09 -41.637 128.801 1651.42 
-38.413 118.118 1646.66 -33.326 120.49 1646.66 -34.684 120.172 1646.66 
-30.464 121.848 1646.66 -32.363 124.168 1646.66 -34.684 121.848 1646.66 
-27.904 122.021 1639.77 -46.365 96.26 1669.74 -48.59 94.035 1672.81 
-97.258 156.171 1646.2 -83.237 155.32 1645.38 -72.302 153.76 1643.8 
-69.449 156.613 1640.37 -76.402 158.775 1639.7 -76.402 149.66 1648.89 
-69.449 149.886 1646.66 13.988 90.17 1632.75 20.941 94.035 1635.78 
19.239 95.738 1638 23.591 96.685 1637.05 23.878 94.035 1636.77 
18.223 96.754 1642.42 13.988 94.46 1646.66 20.941 94.035 1639.7 
27.894 87.082 1646.66 27.894 94.035 1639.7 27.894 94.035 1646.66 
25.472 98.566 1644.23 27.894 97.217 1642.89 27.894 98.114 1646.66 
27.906 101.049 1639.84 27.894 95.547 1638.19 27.894 94.035 1637.98 
27.894 87.082 1639.7 20.941 87.082 1639.7 20.941 87.082 1646.66 
20.941 96.301 1639.7 20.941 94.035 1646.71 24.867 94.035 1649.68 
24.309 90.667 1650.24 18.449 91.542 1651.12 20.941 90.133 1649.71 
27.894 94.035 1649.67 27.894 90.655 1650.23 27.894 87.082 1649.66 
24.292 87.082 1650.26 20.941 87.082 1649.72 18.464 87.082 1651.13 
41.829 94.307 1639.24 41.801 98 1646.66 43.844 94.035 1644.61 
41.801 94.035 1646.66 43.374 94.035 1648.23 34.848 101.298 1646.98 
35.114 100.948 1639.23 41.801 90.339 1649.91 41.801 94.035 1649.85 
-122.531 47.906 1565.76 -121.598 48.84 1566.7 -125.074 52.316 1570.17 
-114.645 48.84 1566.7 -118.121 52.316 1570.17 -122.93 47.508 1568.03 
-121.598 55.793 1566.7 -121.598 48.84 1573.65 -123.435 47.002 1571.81 
-111.168 52.316 1570.17 -108.558 47.973 1567.56 -109.216 50.365 1568.22 
-108.954 48.84 1566.7 -114.645 55.793 1566.7 -114.645 48.84 1573.65 
-121.598 55.793 1573.65 -108.489 56.591 1567.49 -109.373 54.111 1568.38 
-108.61 56.712 1565.78 -108.954 55.793 1566.7 -114.645 55.793 1573.65 
-118.121 52.316 1577.12 -121.598 48.84 1580.6 -107.377 49.154 1573.74 
-111.168 52.316 1577.12 -114.645 48.84 1580.6 -121.598 55.793 1580.6 
-108.138 56.048 1573.63 -114.645 55.793 1580.6 -118.121 52.316 1584.08 
-121.598 48.84 1587.55 -107.691 48.84 1580.6 -111.168 52.316 1584.08 
-114.645 48.84 1587.55 -121.598 55.793 1587.55 -106.662 55.793 1580.6 
-114.645 55.793 1587.55 -107.691 48.84 1587.55 -107.691 55.793 1587.55 
-103.431 46.147 1569.39 -105.954 47.103 1568.43 -104.215 46.564 1570.17 
-109.704 52.316 1570.17 -102.864 46.715 1571.52 -102.041 47.538 1574.95 
-104.215 48.872 1577.12 -107.874 52.316 1577.12 -106.232 50.299 1579.14 
-100.717 48.932 1580.53 -104.351 52.145 1584.27 -99.09 50.488 1585.91 
-100.738 48.84 1587.55 -100.738 52.511 1587.55 -97.944 52.998 1590.35 
-102.188 54.343 1589 -102.182 57.236 1589 -103.368 55.793 1587.55 
-93.785 62.746 1608.41 -86.832 62.746 1608.41 -90.309 66.223 1611.89 
-93.785 69.699 1608.41 -93.785 62.746 1615.37 -86.832 69.699 1608.41 
-86.832 62.746 1615.37 -90.309 73.176 1611.89 -93.785 76.652 1608.41 
-93.785 69.699 1615.37 -86.832 76.652 1608.41 -86.832 69.699 1615.37 
-93.785 76.652 1615.37 -86.832 76.652 1615.37 -90.309 80.129 1611.89 
-93.785 83.605 1608.41 -86.832 83.605 1608.41 -93.785 83.605 1615.37 
-86.832 83.605 1615.37 -52.066 62.746 1608.41 -45.113 62.746 1608.41 
-48.59 66.223 1611.89 -52.066 69.699 1608.41 -52.066 62.746 1615.37 
-45.113 69.699 1608.41 -45.113 62.746 1615.37 -48.59 73.176 1611.89 
-52.066 69.699 1615.37 -45.113 69.699 1615.37 -51.285 70.481 1616.15 
-46.425 71.011 1616.68 3.55904 34.934 1636.23 10.512 34.934 1636.23 
7.03503 38.41 1639.7 7.03503 38.41 1632.75 3.55904 41.887 1636.23 
3.55904 34.934 1643.18 17.465 34.934 1636.23 13.988 38.41 1639.7 
10.512 41.887 1636.23 10.512 34.934 1643.18 7.03503 45.363 1639.7 
3.55904 48.84 1636.23 3.55904 41.887 1643.18 17.465 41.887 1636.23 
13.988 45.363 1639.7 10.512 48.84 1636.23 10.512 41.887 1643.18 
7.03503 38.41 1646.66 3.55904 34.934 1650.13 17.465 34.934 1643.18 
13.988 38.41 1646.66 10.512 34.934 1650.13 7.03503 45.363 1646.66 
3.55904 48.84 1643.18 3.55904 41.887 1650.13 17.465 41.887 1643.18 
13.988 45.363 1646.66 10.512 48.84 1643.18 10.512 41.887 1650.13 
24.418 34.934 1636.23 20.941 38.41 1639.7 19.926 37.395 1633.77 
22.228 37.123 1634.04 20.941 38.41 1634.03 19.841 39.511 1633.85 
25.801 33.55 1634.84 26.386 36.902 1634.26 25.557 33.794 1637.37 
21.957 39.426 1633.77 26.678 39.627 1633.97 24.418 41.887 1636.23 
23.844 35.508 1642.61 20.941 45.363 1639.7 19.834 44.256 1633.86 
21.964 44.341 1633.77 19.557 46.747 1634.13 20.941 45.363 1634.13 
17.465 48.84 1636.23 24.264 48.686 1635.81 24.418 41.887 1643.18 
21.934 38.063 1647 17.072 34.93 1649.36 25.498 40.807 1644.26 
21.286 45.367 1647.2 17.465 48.84 1643.18 18.208 42.63 1650.88 
26.77 44.239 1645.53 24.418 48.84 1643.18 26.87 46.388 1645.63 
24.418 41.887 1646.49 7.03503 52.316 1639.7 3.55904 55.793 1636.23 
13.988 52.316 1639.7 10.512 55.793 1636.23 3.55904 55.793 1643.18 
17.465 55.793 1636.23 10.512 55.793 1643.18 7.03503 52.316 1646.66 
3.55904 48.84 1650.13 13.988 52.316 1646.66 10.512 48.84 1650.13 
3.55904 55.793 1650.13 17.465 55.793 1643.18 10.512 55.793 1650.13 
20.941 52.316 1639.7 27.894 52.316 1639.7 30.922 48.814 1636.68 
27.894 52.316 1635.68 25.122 55.089 1635.52 24.418 55.793 1636.23 
20.941 59.269 1639.7 17.465 62.746 1636.23 32.082 55.593 1636.03 
25.224 56.599 1635.42 25.938 61.226 1634.71 24.418 62.746 1636.23 
24.418 55.793 1643.18 20.941 52.316 1646.66 17.085 48.46 1649.13 
31.426 48.816 1643.27 28.168 52.043 1647.56 24.418 48.84 1646.77 
22.673 50.585 1648.39 20.941 59.269 1646.66 17.465 62.746 1643.18 
17.781 55.477 1651.01 31.371 55.793 1643.18 24.418 62.746 1643.18 
25.505 56.88 1649.05 23.575 56.636 1649.29 24.418 55.793 1648.69 
23.352 54.727 1649.07 5.47304 33.019 1652.05 7.26003 38.163 1653.95 
8.99603 33.418 1651.65 1.51003 36.982 1655.04 3.55904 34.934 1654.14 
12.069 36.491 1651.69 12.711 32.734 1652.33 13.988 38.41 1651.13 
12.326 40.072 1651.95 10.512 34.934 1652.03 6.93604 45.346 1653.24 
2.56802 42.877 1656.1 3.55904 41.887 1655.47 2.06003 40.388 1655.59 
13.988 45.363 1651.76 12.783 44.158 1652.4 12.881 46.471 1652.5 
10.512 41.887 1653.54 2.12303 47.404 1655.65 7.49103 52.395 1654.38 
2.17802 50.22 1655.71 3.55904 48.84 1654.94 12.545 50.873 1652.17 
13.988 52.316 1650.87 12.559 53.746 1652.18 10.512 48.84 1653.33 
2.60303 56.748 1656.13 5.03403 57.269 1655.61 2.51604 54.751 1656.04 
3.55904 55.793 1655.28 8.60503 57.7 1655.18 10.512 55.793 1654.11 
20.941 52.316 1649.47 20.941 59.269 1650.85 17.465 62.746 1650.13 
19.233 60.978 1651.9 30.143 57.021 1648.9 24.418 58.408 1650.13 
25.96 61.204 1651.68 22.866 61.194 1651.69 32.718 52.316 1639.7 
34.848 54.782 1639.7 36.26 57.858 1638.29 33.746 53.418 1640.81 
36.959 57.158 1641.81 33.211 53.953 1645.02 35.868 55.793 1643.18 
31.371 55.793 1648.3 20.941 66.223 1639.7 20.941 66.223 1632.75 
17.465 69.699 1636.23 24.418 69.699 1636.23 20.941 73.176 1639.7 
17.465 76.652 1636.23 17.465 69.699 1643.18 27.142 72.423 1633.5 
27.048 74.022 1633.6 24.418 76.652 1636.23 24.418 69.699 1643.18 
20.941 66.223 1646.66 24.418 62.746 1650.13 20.941 73.176 1646.66 
17.465 76.652 1643.18 17.465 69.699 1650.13 24.418 76.652 1643.18 
24.418 69.699 1650.13 20.941 80.129 1639.7 20.941 80.129 1632.75 
17.465 83.605 1636.23 31.371 76.652 1636.23 27.894 80.129 1639.7 
27.023 79.258 1633.62 29.316 78.707 1634.17 27.894 80.129 1634.14 
29.284 74.566 1634.14 26.705 81.318 1633.94 24.418 83.605 1636.23 
17.465 83.605 1643.18 31.476 83.692 1636.1 24.418 83.605 1643.18 
20.941 80.129 1646.66 17.465 76.652 1650.13 31.371 76.652 1643.18 
27.894 80.129 1646.66 24.418 76.652 1650.13 17.465 83.605 1650.13 
31.371 83.605 1643.18 24.418 83.605 1650.13 20.983 66.241 1653.33 
17.465 62.746 1653.34 25.934 64.262 1651.65 25.69 68.427 1651.41 
24.418 62.746 1652.03 20.999 73.227 1653.86 14.961 72.203 1654.58 
17.465 69.699 1653 25.69 70.972 1651.41 25.626 75.444 1651.34 
24.418 69.699 1651.67 15.58 74.767 1655.2 20.539 80.246 1652.95 
15.923 78.194 1655.54 17.465 76.652 1655.18 31.445 76.524 1650.56 
27.894 80.129 1651.49 26.001 78.235 1651.72 25.896 82.127 1651.61 
24.418 76.652 1651.95 18.936 85.077 1651.6 23.401 84.622 1651.15 
17.465 83.605 1652.87 15.334 81.475 1654.95 30.983 83.217 1649.13 
25.204 84.392 1650.92 24.418 83.605 1651.68 38.324 76.652 1636.23 
34.848 80.129 1639.7 32.598 77.88 1635 37.282 77.694 1635.18 
34.848 80.129 1635.57 32.768 75.255 1634.83 37.124 75.452 1635.03 
39.514 75.462 1635.04 38.324 80.063 1636.23 39.714 78.042 1634.84 
39.178 82.752 1637.08 37.514 82.795 1637.04 38.324 76.652 1643.18 
34.848 87.082 1639.7 36.733 85.197 1637.82 34.848 87.082 1637.77 
30.761 89.949 1636.84 39.573 84.854 1637.48 39.393 89.489 1637.3 
36.931 89.166 1637.62 38.324 83.605 1638.03 34.848 80.129 1646.66 
41.107 73.87 1645.96 38.324 83.605 1643.18 36.802 78.174 1648.61 
38.324 76.652 1648.08 36.922 75.251 1648.73 34.848 87.082 1646.66 
31.371 90.559 1643.18 38.324 90.559 1643.18 39.122 84.403 1649.33 
37.64 84.289 1649.45 38.324 83.605 1648.92 37.38 82.661 1649.19 
34.848 80.129 1649.25 30.486 89.674 1649.25 32.256 89.674 1649.25 
34.848 87.082 1649.66 37.44 89.674 1649.25 39.344 89.539 1649.11 
-65.973 104.465 1622.32 -59.02 104.465 1622.32 -62.496 107.941 1625.8 
-65.973 111.418 1622.32 -65.973 104.465 1629.27 -52.066 104.465 1622.32 
-55.543 107.941 1625.8 -59.02 111.418 1622.32 -59.02 104.465 1629.27 
-62.496 114.894 1625.8 -65.973 111.418 1629.27 -52.066 111.418 1622.32 
-59.02 111.418 1629.27 -62.496 107.941 1632.75 -65.973 104.465 1636.23 
-52.066 104.465 1629.27 -55.543 107.941 1632.75 -59.02 104.465 1636.23 
-65.973 111.418 1636.23 -52.066 111.418 1629.27 -59.02 111.418 1636.23 
-48.557 93.442 1597.99 -52.066 94.772 1594.51 -49.69 95.136 1592.13 
-42.396 94.794 1591.79 -47.546 95.079 1592.08 -45.113 94.449 1594.51 
-52.066 97.512 1594.51 -45.113 97.512 1594.51 -52.066 97.512 1601.46 
-45.113 97.512 1601.46 -52.066 95.467 1601.46 -50.167 95.612 1603.36 
-53.68 95.898 1603.07 -45.113 94.14 1601.46 -47.494 95.131 1603.84 
-48.59 95.481 1604.94 -52.001 97.716 1608.57 -45.113 97.512 1608.41 
-47.403 95.222 1606.12 -48.538 94.46 1612.22 -54.121 92.613 1613.31 
-49.941 88.433 1613.24 -52.066 90.559 1613.09 -42.915 92.757 1610.61 
-45.113 93.664 1608.41 -45.113 90.559 1613.18 -43.149 88.594 1613.4 
-46.995 88.677 1613.49 -52.066 97.512 1615.37 -54.489 95.089 1612.94 
-45.113 97.512 1615.37 -52.066 90.559 1615.37 -45.113 90.559 1615.37 
-45.113 104.465 1622.32 -48.59 107.941 1625.8 -45.113 111.418 1622.32 
-45.113 104.465 1629.27 -45.113 111.418 1629.27 -48.59 107.941 1632.75 
-52.066 104.465 1636.23 -45.113 104.465 1636.23 -52.066 111.418 1636.23 
-45.113 111.418 1636.23 -62.496 107.941 1639.7 -65.973 104.465 1643.18 
-55.543 107.941 1639.7 -59.02 104.465 1643.18 -62.496 114.894 1639.7 
-65.973 111.418 1643.18 -56.407 114.03 1638.84 -54.274 113.626 1638.43 
-56.422 114.015 1640.58 -55.543 113.668 1639.7 -59.02 111.418 1643.18 
-52.066 104.465 1643.18 -51.973 111.655 1643 -48.59 107.941 1639.7 
-38.16 104.465 1636.23 -41.637 107.941 1639.7 -45.113 104.465 1643.18 
-49.355 114.129 1638.94 -47.89 114.195 1639 -48.59 113.733 1639.7 
-39.919 113.177 1637.98 -39.198 110.38 1637.26 -40.461 111.418 1636.23 
-39.378 112.636 1635.01 -38.93 110.649 1635.46 -45.23 111.078 1643.02 
-38.16 104.465 1643.18 -40.589 113.847 1640.75 -39.866 109.712 1641.47 
-32.924 106.182 1637.94 -34.684 106.222 1639.7 -35.523 107.102 1638.86 
-31.207 104.465 1636.23 -38.16 109.884 1636.23 -36.076 106.549 1641.1 
-36.935 107.941 1639.7 -30.302 105.369 1637.13 -31.207 105.686 1636.23 
-30.251 105.421 1635.27 -31.502 104.184 1642.9 -38.275 118.404 1636.21 
-40.416 114.894 1639.7 -36.74 105.885 1644.6 -38.16 107.431 1643.18 
-38.158 118.364 1643.18 -34.313 121.275 1639.75 -33.617 120.781 1633.82 
-38.16 125.324 1636.23 -31.207 121.897 1636.23 -31.207 125.324 1636.23 
-34.684 128.801 1639.7 -38.16 125.324 1643.18 -28.595 127.937 1638.84 
-29.227 127.304 1641.2 -31.207 125.324 1643.18 -33.188 120.352 1645.16 
-31.207 122.749 1643.18 -29.308 123.425 1645.08 -30.231 126.301 1644.16 
34.848 94.035 1639.7 34.848 94.035 1636.87 37.258 91.624 1637.29 
31.628 97.255 1636.85 36.267 95.454 1638.28 38.324 90.559 1637.45 
31.371 97.512 1643.18 38.324 97.512 1639.83 40.164 99.352 1641.34 
34.848 94.035 1646.66 30.258 91.672 1649.02 32.415 91.603 1649.09 
31.371 90.559 1648.73 38.324 97.512 1643.18 39.368 91.603 1649.09 
37.28 91.603 1649.09 38.324 90.559 1648.85 29.011 99.871 1645.54 
31.371 97.512 1647.07 33.166 95.716 1648.34 29.496 95.636 1648.26 
40.484 99.672 1645.34 38.324 97.512 1648 39.552 96.283 1648.91 
37.096 96.283 1648.9 34.848 94.035 1649.84 
CELLS 12215 61075
4 3 4 5 6 
4 7 5 3 4 
4 3 5 7 9 
4 5 9 3 10 
4 3 11 5 10 
4 5 11 3 6 
4 18 19 12 8 
4 16 20 21 22 
4 15 20 21 16 
4 14 20 23 15 
4 24 20 25 14 
4 17 26 18 8 
4 18 26 16 27 
4 21 27 16 22 
4 25 28 24 14 
4 25 28 13 29 
4 30 29 9 31 
4 10 31 5 9 
4 45 46 39 33 
4 44 50 45 51 
4 45 50 43 52 
4 53 54 43 52 
4 2 55 53 48 
4 56 57 0 49 
4 56 57 42 58 
4 59 58 42 40 
4 46 61 62 63 
4 46 63 62 64 
4 46 64 62 65 
4 46 65 62 66 
4 66 62 35 67 
4 46 54 69 70 
4 46 70 69 65 
4 46 65 69 64 
4 46 64 69 63 
4 46 63 69 71 
4 46 71 69 59 
4 46 59 69 72 
4 46 72 69 54 
4 46 66 77 65 
4 46 65 77 70 
4 46 70 77 54 
4 46 54 77 45 
4 71 59 78 79 
4 71 80 78 81 
4 63 81 78 61 
4 61 46 37 78 
4 46 78 38 37 
4 38 79 59 40 
4 6 82 5 11 
4 5 31 10 11 
4 11 83 5 31 
4 87 88 82 89 
4 90 87 82 89 
4 91 90 82 89 
4 0 89 91 82 
4 93 94 82 5 
4 82 94 93 90 
4 82 90 93 87 
4 82 87 93 88 
4 82 93 95 88 
4 95 93 82 96 
4 93 5 82 83 
4 0 91 99 82 
4 82 91 99 90 
4 99 94 82 90 
4 82 94 99 5 
4 82 88 95 101 
4 82 85 88 101 
4 25 107 24 28 
4 108 25 28 107 
4 108 109 106 104 
4 101 110 88 111 
4 88 110 101 85 
4 101 88 95 112 
4 88 112 101 111 
4 119 120 104 121 
4 119 120 118 122 
4 123 122 118 115 
4 40 79 59 58 
4 56 127 0 57 
4 56 127 58 128 
4 59 128 58 129 
4 131 130 132 133 
4 81 130 132 131 
4 61 130 63 81 
4 71 59 79 134 
4 81 134 71 80 
4 132 63 81 134 
4 132 134 131 133 
4 79 134 59 129 
4 137 138 130 135 
4 139 137 130 135 
4 130 140 139 135 
4 141 142 130 63 
4 130 142 141 137 
4 130 137 141 138 
4 130 132 141 63 
4 130 139 149 137 
4 149 142 130 137 
4 130 142 149 63 
4 149 63 61 130 
4 153 154 151 152 
4 153 155 156 157 
4 159 150 154 160 
4 164 165 162 163 
4 166 154 152 167 
4 162 167 166 168 
4 165 167 162 169 
4 152 167 154 150 
4 160 175 176 177 
4 160 177 176 178 
4 160 178 176 154 
4 160 154 176 150 
4 160 123 179 180 
4 160 180 179 177 
4 160 177 179 175 
4 160 88 183 184 
4 160 184 183 154 
4 160 154 183 178 
4 160 178 183 177 
4 160 177 183 180 
4 160 180 183 123 
4 160 123 183 185 
4 160 185 183 88 
4 188 165 163 189 
4 188 190 191 186 
4 163 189 165 169 
4 194 195 193 196 
4 197 194 193 198 
4 193 199 197 200 
4 202 203 204 193 
4 193 195 202 203 
4 195 203 193 201 
4 193 205 206 197 
4 193 207 206 205 
4 193 206 209 197 
4 193 197 209 194 
4 193 194 209 195 
4 209 202 193 195 
4 212 205 213 197 
4 214 212 205 215 
4 205 216 214 217 
4 205 197 199 213 
4 205 218 214 216 
4 219 214 205 218 
4 205 219 221 214 
4 205 214 221 212 
4 205 212 221 197 
4 205 197 221 206 
4 229 230 225 228 
4 224 232 233 234 
4 233 232 224 231 
4 229 235 227 236 
4 237 236 238 227 
4 238 239 237 227 
4 238 239 226 240 
4 241 240 224 242 
4 233 242 224 234 
4 243 238 236 244 
4 245 246 243 244 
4 235 244 229 230 
4 236 244 229 235 
4 245 247 243 246 
4 243 247 236 248 
4 237 248 238 236 
4 214 249 218 250 
4 214 249 216 218 
4 218 251 214 250 
4 219 214 218 251 
4 251 252 253 254 
4 251 253 256 214 
4 256 253 251 252 
4 251 259 260 252 
4 260 256 251 252 
4 251 256 260 214 
4 260 219 251 214 
4 264 252 251 254 
4 264 259 251 252 
4 21 272 22 266 
4 273 21 266 272 
4 273 274 242 275 
4 234 275 233 242 
4 238 248 237 239 
4 276 238 239 248 
4 276 277 269 278 
4 269 279 280 278 
4 283 284 281 285 
4 282 287 283 288 
4 287 288 278 289 
4 280 289 278 279 
4 290 291 20 25 
4 20 290 292 291 
4 293 292 20 290 
4 293 290 20 280 
4 20 280 290 294 
4 20 294 290 21 
4 20 21 290 23 
4 20 23 290 25 
4 20 289 280 279 
4 293 280 20 289 
4 293 295 20 296 
4 292 296 20 297 
4 292 298 20 299 
4 291 299 20 107 
4 24 107 25 20 
4 301 303 302 304 
4 303 304 296 305 
4 297 305 292 296 
4 306 307 308 309 
4 306 309 308 310 
4 306 310 308 311 
4 306 311 308 312 
4 306 312 308 313 
4 306 313 308 314 
4 306 314 308 315 
4 306 315 308 307 
4 306 292 316 317 
4 306 317 316 307 
4 306 307 316 315 
4 306 315 316 314 
4 306 314 316 318 
4 306 318 316 280 
4 306 280 316 293 
4 306 293 316 292 
4 306 283 319 320 
4 306 320 319 312 
4 306 312 319 311 
4 306 311 319 310 
4 306 310 319 321 
4 306 321 319 302 
4 306 302 319 283 
4 306 280 322 318 
4 306 318 322 314 
4 306 314 322 313 
4 306 313 322 312 
4 306 312 322 320 
4 306 320 322 283 
4 306 283 322 287 
4 306 287 322 280 
4 306 302 323 321 
4 306 321 323 310 
4 306 310 323 309 
4 306 309 323 307 
4 306 307 323 317 
4 306 317 323 292 
4 306 292 323 303 
4 306 303 323 302 
4 283 264 324 325 
4 264 312 326 327 
4 264 327 326 328 
4 254 326 328 264 
4 326 264 254 252 
4 264 252 326 329 
4 264 329 326 312 
4 264 283 330 320 
4 264 320 330 312 
4 264 312 330 329 
4 264 329 330 252 
4 264 252 330 259 
4 285 283 330 264 
4 263 332 264 254 
4 328 333 254 332 
4 332 334 328 333 
4 263 325 264 332 
4 264 328 319 327 
4 264 327 319 312 
4 264 312 319 320 
4 264 320 319 283 
4 328 336 333 337 
4 328 336 254 333 
4 333 338 328 337 
4 328 338 333 334 
4 319 310 342 343 
4 319 348 342 328 
4 319 328 342 327 
4 319 327 342 312 
4 319 312 342 311 
4 319 311 342 310 
4 335 338 328 334 
4 348 328 349 338 
4 349 347 348 350 
4 349 351 319 344 
4 319 351 349 341 
4 335 341 319 349 
4 319 343 352 310 
4 319 310 352 321 
4 319 321 352 302 
4 328 353 337 338 
4 348 328 338 353 
4 348 354 350 347 
4 195 355 196 356 
4 196 355 195 201 
4 200 197 357 213 
4 197 213 200 199 
4 357 197 200 358 
4 196 358 195 356 
4 194 195 196 358 
4 197 194 198 358 
4 361 360 217 249 
4 214 249 217 216 
4 370 371 372 373 
4 370 374 367 375 
4 253 372 369 367 
4 253 376 369 372 
4 253 252 377 378 
4 253 378 377 371 
4 377 371 376 253 
4 253 361 377 214 
4 253 214 377 256 
4 253 256 377 252 
4 253 367 255 380 
4 254 381 370 380 
4 253 380 255 254 
4 370 326 254 253 
4 253 370 326 371 
4 253 371 326 378 
4 253 378 326 252 
4 254 253 326 252 
4 371 382 373 383 
4 373 382 371 376 
4 375 384 370 374 
4 390 384 370 381 
4 381 384 370 375 
4 370 391 390 381 
4 254 391 370 381 
4 384 392 370 386 
4 390 392 370 384 
4 326 393 394 395 
4 326 395 394 396 
4 326 396 394 370 
4 326 370 394 371 
4 326 371 394 397 
4 326 397 394 393 
4 326 312 398 399 
4 326 399 398 393 
4 326 393 398 397 
4 326 397 398 371 
4 326 371 398 378 
4 326 378 398 252 
4 326 252 398 329 
4 326 329 398 312 
4 370 391 254 400 
4 396 370 400 391 
4 401 396 400 402 
4 401 403 400 336 
4 254 336 328 400 
4 326 328 404 401 
4 326 401 404 396 
4 326 396 404 395 
4 326 395 404 393 
4 326 393 404 399 
4 326 399 404 312 
4 326 312 404 327 
4 326 327 404 328 
4 405 406 407 408 
4 409 405 407 410 
4 409 394 385 407 
4 394 407 388 385 
4 388 394 411 407 
4 407 406 411 408 
4 394 393 412 413 
4 394 413 412 406 
4 394 406 412 411 
4 394 371 412 397 
4 394 397 412 393 
4 386 370 394 392 
4 385 394 409 416 
4 416 409 417 394 
4 417 418 416 419 
4 392 419 396 416 
4 394 396 420 417 
4 394 417 420 409 
4 394 409 420 405 
4 394 405 420 406 
4 394 406 420 413 
4 394 413 420 393 
4 394 393 420 395 
4 394 395 420 396 
4 402 421 396 419 
4 370 392 390 391 
4 396 370 391 392 
4 402 422 396 421 
4 401 396 402 422 
4 401 423 336 424 
4 337 424 328 336 
4 417 425 409 418 
4 417 425 419 426 
4 396 426 419 421 
4 427 406 408 428 
4 427 429 430 431 
4 408 406 411 428 
4 430 432 427 431 
4 408 432 427 430 
4 405 406 408 432 
4 409 405 410 432 
4 298 305 292 297 
4 438 292 298 305 
4 437 436 438 439 
4 440 123 441 442 
4 440 442 441 443 
4 440 443 441 444 
4 440 444 441 307 
4 440 307 441 445 
4 440 445 441 446 
4 440 446 441 447 
4 440 447 441 123 
4 448 440 104 119 
4 440 119 448 123 
4 440 123 448 447 
4 440 447 448 446 
4 440 446 448 449 
4 440 449 448 25 
4 440 25 448 108 
4 104 440 448 108 
4 440 292 450 317 
4 440 317 450 307 
4 440 307 450 444 
4 440 444 450 443 
4 440 443 450 451 
4 451 450 434 452 
4 440 438 450 292 
4 440 25 453 449 
4 440 449 453 446 
4 440 446 453 445 
4 440 445 453 307 
4 440 307 453 317 
4 440 317 453 292 
4 440 292 453 291 
4 440 291 453 25 
4 451 455 454 456 
4 443 456 454 457 
4 122 457 442 454 
4 122 119 440 123 
4 104 119 440 120 
4 440 434 104 454 
4 455 462 451 463 
4 451 462 456 464 
4 443 464 456 459 
4 468 467 464 469 
4 459 469 443 464 
4 477 478 474 179 
4 179 477 478 479 
4 179 479 478 177 
4 179 177 478 175 
4 179 443 480 481 
4 179 481 480 477 
4 480 477 474 179 
4 459 443 480 179 
4 179 123 483 180 
4 179 180 483 177 
4 179 177 483 479 
4 179 479 483 477 
4 179 477 483 481 
4 179 481 483 443 
4 179 443 483 442 
4 179 442 483 123 
4 484 482 179 461 
4 179 482 484 475 
4 179 475 484 472 
4 181 472 179 484 
4 179 484 182 181 
4 179 461 182 484 
4 500 501 499 494 
4 500 502 498 503 
4 498 504 500 503 
4 486 504 500 498 
4 505 506 487 507 
4 505 506 507 495 
4 495 501 489 507 
4 501 507 487 489 
4 494 495 508 501 
4 501 495 508 505 
4 501 505 508 500 
4 494 508 500 501 
4 501 500 509 505 
4 501 505 509 487 
4 486 501 509 487 
4 486 500 509 501 
4 515 508 505 195 
4 201 195 508 515 
4 201 515 508 495 
4 495 508 505 515 
4 508 195 201 203 
4 203 202 508 195 
4 508 202 516 195 
4 508 195 516 505 
4 508 505 516 500 
4 508 500 516 202 
4 519 520 518 521 
4 525 504 486 524 
4 524 526 525 504 
4 524 527 525 526 
4 523 527 525 524 
4 528 517 529 520 
4 528 529 530 520 
4 487 531 530 528 
4 487 528 520 492 
4 492 520 517 528 
4 509 520 486 487 
4 520 487 509 530 
4 520 530 509 532 
4 520 532 509 525 
4 486 509 525 520 
4 520 525 533 532 
4 520 532 533 530 
4 520 530 533 529 
4 520 529 533 517 
4 520 517 533 519 
4 520 523 533 525 
4 543 544 541 535 
4 557 558 555 549 
4 547 558 557 549 
4 559 558 547 535 
4 233 568 234 565 
4 233 568 565 562 
4 569 525 504 509 
4 569 509 504 500 
4 509 500 486 504 
4 525 509 486 504 
4 504 570 569 500 
4 569 570 504 560 
4 569 572 504 525 
4 509 530 573 574 
4 509 574 573 505 
4 509 505 573 487 
4 509 487 573 530 
4 509 500 516 505 
4 509 505 516 574 
4 509 574 516 569 
4 509 569 516 500 
4 509 569 575 574 
4 509 574 575 530 
4 509 530 575 532 
4 509 532 575 525 
4 509 525 575 569 
4 570 569 516 576 
4 570 576 516 202 
4 570 202 516 500 
4 570 500 516 569 
4 570 202 578 576 
4 578 576 231 570 
4 576 579 231 570 
4 570 576 579 569 
4 569 579 560 567 
4 516 574 580 581 
4 516 581 580 195 
4 516 195 580 505 
4 516 505 580 574 
4 516 202 582 195 
4 516 195 582 581 
4 516 581 582 576 
4 516 576 582 202 
4 516 576 583 581 
4 516 581 583 574 
4 516 574 583 569 
4 516 569 583 576 
4 572 557 575 584 
4 572 584 575 569 
4 572 569 575 525 
4 572 525 575 585 
4 572 585 575 557 
4 572 569 579 584 
4 562 579 584 572 
4 562 584 586 572 
4 572 584 586 557 
4 575 588 589 590 
4 575 590 589 574 
4 575 574 589 530 
4 575 530 589 591 
4 575 591 589 588 
4 575 557 592 593 
4 575 593 592 588 
4 575 588 592 591 
4 575 591 592 530 
4 575 530 592 532 
4 575 532 592 525 
4 575 525 592 585 
4 575 585 592 557 
4 575 569 583 574 
4 575 574 583 590 
4 575 590 583 584 
4 575 584 583 569 
4 575 584 594 590 
4 575 590 594 588 
4 575 588 594 593 
4 575 593 594 557 
4 575 557 594 584 
4 579 584 583 595 
4 579 595 583 576 
4 579 576 583 569 
4 579 569 583 584 
4 231 576 596 579 
4 579 576 596 595 
4 579 595 596 233 
4 231 579 596 233 
4 579 233 597 595 
4 579 595 597 584 
4 597 584 562 579 
4 597 579 562 233 
4 583 590 598 599 
4 583 599 598 581 
4 583 581 598 574 
4 583 574 598 590 
4 583 576 600 581 
4 583 581 600 599 
4 583 599 600 595 
4 583 595 600 576 
4 583 595 601 599 
4 583 599 601 590 
4 583 590 601 584 
4 583 584 601 595 
4 546 603 610 611 
4 546 611 610 612 
4 546 612 610 613 
4 485 546 610 613 
4 485 603 610 546 
4 614 546 535 543 
4 546 543 614 613 
4 546 613 614 612 
4 546 612 614 611 
4 546 611 614 615 
4 546 615 614 608 
4 546 608 614 609 
4 614 609 535 546 
4 546 608 605 615 
4 546 615 605 611 
4 546 611 605 603 
4 616 617 558 608 
4 558 616 618 617 
4 619 618 558 616 
4 619 616 558 557 
4 558 557 616 559 
4 616 559 535 558 
4 535 609 616 558 
4 558 609 616 608 
4 558 586 619 557 
4 558 618 619 586 
4 618 586 558 606 
4 558 607 618 606 
4 558 617 618 607 
4 558 608 617 607 
4 605 2 621 622 
4 605 622 621 611 
4 605 611 621 603 
4 605 603 621 2 
4 605 608 623 615 
4 605 615 623 611 
4 605 611 623 622 
4 605 622 623 620 
4 605 620 623 608 
4 605 620 624 622 
4 605 622 624 2 
4 607 620 623 626 
4 607 626 623 618 
4 607 618 623 617 
4 607 617 623 608 
4 607 608 623 620 
4 606 618 627 607 
4 607 618 627 626 
4 627 626 8 607 
4 627 607 8 606 
4 8 626 628 607 
4 607 626 628 620 
4 623 622 630 631 
4 623 631 630 632 
4 623 632 630 633 
4 623 633 630 611 
4 623 611 630 622 
4 623 618 634 635 
4 623 635 634 632 
4 623 632 634 631 
4 623 631 634 626 
4 623 626 634 618 
4 623 608 636 615 
4 623 615 636 611 
4 623 611 636 633 
4 623 633 636 632 
4 623 632 636 635 
4 623 635 636 618 
4 623 618 636 617 
4 623 617 636 608 
4 623 626 637 631 
4 623 631 637 622 
4 623 622 637 620 
4 623 620 637 626 
4 640 641 562 639 
4 639 642 640 641 
4 640 643 639 606 
4 273 646 274 644 
4 640 273 644 646 
4 640 646 641 642 
4 643 646 640 642 
4 648 646 640 643 
4 26 646 18 648 
4 646 18 649 21 
4 649 273 646 21 
4 649 640 646 273 
4 646 640 649 18 
4 586 618 594 650 
4 586 650 594 584 
4 586 584 594 557 
4 586 557 594 619 
4 586 619 594 618 
4 597 586 562 584 
4 586 584 597 650 
4 586 650 597 640 
4 562 597 640 586 
4 586 640 627 650 
4 586 650 627 618 
4 627 618 606 586 
4 640 627 606 586 
4 594 632 651 652 
4 594 652 651 590 
4 594 590 651 588 
4 594 588 651 653 
4 594 653 651 632 
4 594 618 654 635 
4 594 635 654 632 
4 594 632 654 653 
4 594 653 654 588 
4 594 588 654 593 
4 594 593 654 557 
4 594 557 654 619 
4 594 619 654 618 
4 594 584 601 590 
4 594 590 601 652 
4 594 652 601 650 
4 594 650 601 584 
4 594 650 634 652 
4 594 652 634 632 
4 594 632 634 635 
4 594 635 634 618 
4 594 618 634 650 
4 597 650 601 655 
4 597 655 601 595 
4 597 595 601 584 
4 597 584 601 650 
4 597 233 656 595 
4 597 595 656 655 
4 597 655 656 273 
4 597 273 656 233 
4 597 273 649 655 
4 597 655 649 650 
4 597 650 649 640 
4 597 640 649 273 
4 601 652 657 658 
4 601 658 657 599 
4 601 599 657 590 
4 601 590 657 652 
4 601 595 659 599 
4 601 599 659 658 
4 601 658 659 655 
4 601 655 659 595 
4 601 655 660 658 
4 601 658 660 652 
4 601 652 660 650 
4 601 650 660 655 
4 627 626 634 661 
4 627 661 634 650 
4 627 650 634 618 
4 627 618 634 626 
4 627 640 649 650 
4 627 650 649 661 
4 627 661 649 18 
4 627 18 649 640 
4 627 18 662 661 
4 627 661 662 626 
4 8 627 662 626 
4 662 627 8 18 
4 634 631 663 664 
4 634 664 663 652 
4 634 652 663 632 
4 634 632 663 631 
4 634 650 660 652 
4 634 652 660 664 
4 634 664 660 661 
4 634 661 660 650 
4 634 661 665 664 
4 634 664 665 631 
4 634 631 665 626 
4 634 626 665 661 
4 649 661 660 666 
4 649 666 660 655 
4 649 655 660 650 
4 649 650 660 661 
4 649 273 667 655 
4 649 655 667 666 
4 649 666 667 21 
4 649 21 667 273 
4 649 21 668 666 
4 649 666 668 661 
4 649 661 668 18 
4 649 18 668 21 
4 660 664 669 670 
4 660 670 669 658 
4 660 658 669 652 
4 660 652 669 664 
4 660 655 671 658 
4 660 658 671 670 
4 660 670 671 666 
4 660 666 671 655 
4 660 666 672 670 
4 660 670 672 664 
4 660 664 672 661 
4 660 661 672 666 
4 679 680 681 675 
4 674 680 679 675 
4 624 1 682 683 
4 624 683 682 622 
4 624 622 682 2 
4 624 2 682 1 
4 1 673 624 2 
4 2 673 624 625 
4 624 620 637 622 
4 624 622 637 683 
4 624 683 637 679 
4 624 679 637 620 
4 624 679 684 683 
4 624 683 684 1 
4 7 8 628 678 
4 628 629 678 8 
4 628 679 637 686 
4 628 686 637 626 
4 628 626 637 620 
4 628 620 637 679 
4 662 628 8 626 
4 628 626 662 686 
4 628 686 662 7 
4 662 628 7 8 
4 628 7 687 686 
4 628 686 687 679 
4 637 683 689 690 
4 637 690 689 631 
4 637 631 689 622 
4 637 622 689 683 
4 637 626 665 631 
4 637 631 665 690 
4 637 690 665 686 
4 637 686 665 626 
4 637 686 691 690 
4 637 690 691 683 
4 637 683 691 679 
4 637 679 691 686 
4 697 684 0 91 
4 684 91 697 683 
4 684 683 697 1 
4 0 684 697 1 
4 0 685 684 1 
4 0 692 684 685 
4 684 679 691 683 
4 684 683 691 91 
4 684 91 691 99 
4 684 99 691 679 
4 684 99 0 91 
4 0 99 684 98 
4 687 688 4 7 
4 6 5 687 4 
4 687 99 691 94 
4 687 94 691 686 
4 687 686 691 679 
4 687 679 691 99 
4 687 7 698 686 
4 687 686 698 94 
4 687 94 698 5 
4 687 5 698 7 
4 687 5 99 94 
4 6 99 687 5 
4 691 91 699 90 
4 691 90 699 690 
4 691 690 699 683 
4 691 683 699 91 
4 691 686 700 690 
4 691 690 700 90 
4 691 90 700 94 
4 691 94 700 686 
4 691 90 99 91 
4 691 99 90 94 
4 662 18 8 19 
4 7 19 662 8 
4 662 686 665 701 
4 662 701 665 661 
4 662 661 665 626 
4 662 626 665 686 
4 662 18 668 661 
4 662 661 668 701 
4 662 701 668 19 
4 662 19 668 18 
4 662 19 698 701 
4 662 701 698 686 
4 662 686 698 7 
4 662 7 698 19 
4 665 690 702 703 
4 665 703 702 664 
4 665 664 702 631 
4 665 631 702 690 
4 665 661 672 664 
4 665 664 672 703 
4 665 703 672 701 
4 665 701 672 661 
4 665 701 700 703 
4 665 703 700 690 
4 665 690 700 686 
4 665 686 700 701 
4 668 21 19 23 
4 668 19 21 18 
4 668 701 672 704 
4 668 704 672 666 
4 668 666 672 661 
4 668 661 672 701 
4 668 21 705 666 
4 668 666 705 704 
4 668 704 705 23 
4 668 23 705 21 
4 668 23 706 704 
4 668 704 706 701 
4 668 701 706 19 
4 668 19 706 23 
4 672 703 707 708 
4 672 708 707 670 
4 672 670 707 664 
4 672 664 707 703 
4 672 666 709 670 
4 672 670 709 708 
4 672 708 709 704 
4 672 704 709 666 
4 672 704 710 708 
4 672 708 710 703 
4 672 703 710 701 
4 672 701 710 704 
4 698 19 5 30 
4 698 5 19 7 
4 698 94 700 711 
4 698 711 700 701 
4 698 701 700 686 
4 698 686 700 94 
4 698 19 706 701 
4 698 701 706 711 
4 698 711 706 30 
4 698 30 706 19 
4 698 30 712 711 
4 698 711 712 94 
4 698 94 712 5 
4 698 5 712 30 
4 700 90 713 714 
4 700 714 713 703 
4 700 703 713 690 
4 700 690 713 90 
4 700 701 710 703 
4 700 703 710 714 
4 700 714 710 711 
4 700 711 710 701 
4 700 711 715 714 
4 700 714 715 90 
4 700 90 715 94 
4 700 94 715 711 
4 706 19 25 23 
4 706 25 19 30 
4 706 711 710 449 
4 706 449 710 704 
4 706 704 710 701 
4 706 701 710 711 
4 706 23 716 704 
4 706 704 716 449 
4 706 449 716 25 
4 706 25 716 23 
4 706 25 717 449 
4 706 449 717 711 
4 706 711 717 30 
4 706 30 717 25 
4 710 714 718 446 
4 710 446 718 708 
4 710 708 718 703 
4 710 703 718 714 
4 710 704 719 708 
4 710 708 719 446 
4 710 446 719 449 
4 710 449 719 704 
4 710 449 720 446 
4 710 446 720 714 
4 710 714 720 711 
4 710 711 720 449 
4 723 722 721 724 
4 723 602 485 721 
4 721 727 723 602 
4 722 728 723 729 
4 724 728 723 722 
4 495 515 505 506 
4 515 505 580 195 
4 530 742 531 741 
4 530 742 529 531 
4 743 723 744 728 
4 744 745 743 746 
4 745 746 744 740 
4 726 740 745 744 
4 726 728 723 724 
4 745 743 750 751 
4 745 751 750 613 
4 745 613 750 752 
4 745 752 750 517 
4 745 613 610 751 
4 745 751 610 743 
4 745 743 610 723 
4 485 610 723 745 
4 610 745 485 613 
4 573 756 580 574 
4 573 574 580 505 
4 573 574 589 756 
4 756 589 573 757 
4 573 530 589 574 
4 759 756 760 580 
4 760 761 736 762 
4 736 759 580 737 
4 737 580 756 759 
4 580 760 764 581 
4 580 581 764 195 
4 580 581 598 760 
4 580 760 598 756 
4 580 756 598 574 
4 580 574 598 581 
4 761 765 760 766 
4 762 765 760 761 
4 768 769 770 771 
4 770 769 772 756 
4 756 589 757 772 
4 757 772 589 773 
4 773 772 589 768 
4 774 588 589 775 
4 589 776 768 774 
4 589 776 773 768 
4 589 776 757 773 
4 757 776 589 758 
4 589 776 741 758 
4 591 589 777 530 
4 775 778 591 776 
4 589 574 598 756 
4 589 756 598 770 
4 589 770 598 590 
4 589 590 598 574 
4 589 590 651 770 
4 770 651 768 779 
4 651 589 774 588 
4 589 588 651 590 
4 770 781 769 780 
4 770 781 771 769 
4 598 770 767 782 
4 598 782 767 760 
4 598 760 767 756 
4 598 756 767 770 
4 598 581 783 760 
4 598 760 783 782 
4 598 782 783 599 
4 598 599 783 581 
4 598 599 657 782 
4 598 782 657 770 
4 598 770 657 590 
4 598 590 657 599 
4 767 784 786 782 
4 767 782 786 760 
4 767 782 787 784 
4 767 770 787 782 
4 789 790 791 792 
4 794 790 602 723 
4 723 610 485 602 
4 794 723 602 610 
4 603 610 794 602 
4 485 602 610 603 
4 794 604 603 602 
4 602 793 794 604 
4 734 789 795 790 
4 795 734 730 796 
4 790 734 732 730 
4 732 790 789 734 
4 790 795 797 794 
4 790 794 797 723 
4 790 794 798 795 
4 790 795 798 789 
4 45 800 51 801 
4 789 45 801 800 
4 798 794 604 53 
4 794 621 603 604 
4 794 621 604 53 
4 621 53 2 604 
4 621 604 2 603 
4 798 45 804 54 
4 798 54 804 795 
4 798 795 804 789 
4 798 789 804 45 
4 798 794 805 795 
4 798 795 805 54 
4 798 54 805 53 
4 798 53 805 794 
4 52 45 798 54 
4 798 803 52 55 
4 796 807 795 734 
4 734 806 804 789 
4 804 795 734 789 
4 77 811 74 812 
4 77 811 812 806 
4 66 814 76 815 
4 816 814 66 815 
4 66 810 816 815 
4 77 66 815 810 
4 806 810 77 811 
4 804 77 810 70 
4 817 70 804 810 
4 804 810 806 808 
4 804 77 806 810 
4 804 70 819 54 
4 804 54 819 795 
4 804 54 77 70 
4 804 77 54 45 
4 810 66 820 65 
4 65 824 821 810 
4 70 65 810 824 
4 817 825 70 810 
4 77 66 810 65 
4 810 70 77 65 
4 830 831 832 833 
4 830 826 832 831 
4 832 66 814 835 
4 832 836 830 833 
4 66 835 76 814 
4 837 838 839 840 
4 840 841 837 838 
4 840 829 837 841 
4 831 829 837 840 
4 832 829 831 826 
4 829 832 843 820 
4 843 829 827 844 
4 820 829 826 827 
4 826 820 832 829 
4 822 845 820 827 
4 827 846 843 844 
4 847 846 843 845 
4 821 65 820 847 
4 820 65 848 843 
4 820 843 848 832 
4 820 832 848 66 
4 820 66 848 65 
4 837 849 829 850 
4 837 849 841 829 
4 829 851 843 852 
4 844 851 843 829 
4 829 837 854 832 
4 854 843 829 832 
4 837 849 838 841 
4 849 858 837 856 
4 850 858 837 849 
4 875 62 871 859 
4 875 859 873 872 
4 62 859 68 871 
4 842 877 855 837 
4 842 832 854 837 
4 842 837 854 877 
4 842 877 854 875 
4 842 875 854 832 
4 842 875 860 877 
4 842 876 877 860 
4 848 65 62 64 
4 848 62 65 66 
4 848 875 854 878 
4 848 878 854 843 
4 848 843 854 832 
4 848 832 854 875 
4 848 65 879 843 
4 848 843 879 878 
4 848 878 879 64 
4 848 64 879 65 
4 848 64 880 878 
4 848 878 880 875 
4 848 875 880 62 
4 848 62 880 64 
4 858 877 881 854 
4 881 858 853 882 
4 854 858 850 853 
4 877 854 858 837 
4 854 881 884 878 
4 854 878 884 843 
4 854 878 885 881 
4 854 881 885 877 
4 854 877 885 875 
4 854 875 885 878 
4 859 860 875 149 
4 880 875 859 62 
4 859 875 880 149 
4 880 149 61 859 
4 61 62 880 859 
4 860 139 886 877 
4 877 886 860 861 
4 860 875 885 877 
4 860 877 885 139 
4 860 139 885 149 
4 860 149 885 875 
4 140 149 860 148 
4 148 149 860 147 
4 880 62 63 64 
4 880 63 62 61 
4 880 149 885 142 
4 880 142 885 878 
4 880 878 885 875 
4 880 875 885 149 
4 880 64 887 878 
4 880 878 887 142 
4 880 142 887 63 
4 880 63 887 64 
4 880 63 149 142 
4 880 149 63 61 
4 885 139 888 137 
4 885 137 888 881 
4 885 881 888 877 
4 885 877 888 139 
4 885 878 889 881 
4 885 881 889 137 
4 885 137 889 142 
4 885 142 889 878 
4 885 137 149 139 
4 885 149 137 142 
4 891 857 855 892 
4 856 837 855 858 
4 855 858 891 892 
4 855 877 891 858 
4 858 855 877 837 
4 855 877 886 891 
4 891 886 855 863 
4 892 893 891 857 
4 891 894 857 895 
4 858 896 891 893 
4 891 893 892 858 
4 897 881 858 896 
4 858 881 888 896 
4 858 888 891 896 
4 891 888 858 877 
4 888 881 858 877 
4 886 901 894 891 
4 891 894 863 866 
4 886 877 888 891 
4 886 891 888 901 
4 886 901 888 139 
4 886 139 888 877 
4 886 139 902 901 
4 868 905 906 907 
4 906 905 895 908 
4 894 905 867 895 
4 867 905 894 868 
4 894 906 898 901 
4 894 901 898 891 
4 894 901 909 906 
4 888 901 898 912 
4 896 898 912 888 
4 896 891 898 888 
4 888 891 898 901 
4 896 888 913 881 
4 896 912 913 888 
4 888 912 913 137 
4 888 137 913 881 
4 888 137 914 912 
4 888 912 914 901 
4 888 901 914 139 
4 888 139 914 137 
4 915 906 898 916 
4 915 917 898 918 
4 898 916 906 908 
4 898 915 920 912 
4 920 912 896 898 
4 898 912 921 915 
4 898 915 921 906 
4 898 906 921 901 
4 898 901 921 912 
4 610 794 797 922 
4 610 922 797 923 
4 610 923 797 743 
4 610 743 797 723 
4 610 723 797 794 
4 610 613 924 751 
4 610 751 924 743 
4 610 743 924 923 
4 610 923 924 922 
4 610 922 924 925 
4 610 925 924 611 
4 610 611 924 612 
4 610 612 924 613 
4 610 611 621 925 
4 610 925 621 922 
4 610 922 621 794 
4 610 794 621 603 
4 610 603 621 611 
4 926 795 927 807 
4 926 928 753 929 
4 797 927 755 753 
4 755 807 795 796 
4 743 930 797 753 
4 753 931 926 929 
4 926 931 930 932 
4 923 922 930 932 
4 743 933 923 930 
4 797 922 805 926 
4 797 926 805 795 
4 797 795 805 794 
4 797 794 805 922 
4 936 935 932 937 
4 923 922 932 937 
4 743 938 923 933 
4 939 926 931 940 
4 926 940 929 931 
4 621 53 805 944 
4 621 944 805 922 
4 621 922 805 794 
4 621 794 805 53 
4 621 611 630 925 
4 621 925 630 922 
4 621 922 630 944 
4 621 944 630 622 
4 621 622 630 611 
4 621 622 682 944 
4 621 944 682 53 
4 621 53 682 2 
4 621 2 682 622 
4 805 54 819 945 
4 805 945 819 926 
4 805 926 819 795 
4 805 795 819 54 
4 805 922 946 926 
4 805 926 946 945 
4 805 945 946 944 
4 805 944 946 922 
4 805 944 947 945 
4 805 945 947 54 
4 805 54 947 53 
4 805 53 947 944 
4 630 944 946 948 
4 948 946 949 941 
4 630 936 946 922 
4 630 922 946 944 
4 630 632 663 950 
4 950 663 949 951 
4 630 948 663 631 
4 630 631 663 632 
4 630 611 953 925 
4 630 925 953 922 
4 630 922 953 936 
4 630 950 953 632 
4 630 632 953 633 
4 630 633 953 611 
4 630 631 689 948 
4 630 948 689 944 
4 630 944 689 622 
4 630 622 689 631 
4 946 945 956 957 
4 946 957 956 939 
4 946 939 956 926 
4 946 926 956 945 
4 946 939 958 957 
4 946 957 958 959 
4 946 959 958 948 
4 946 948 960 959 
4 946 959 960 957 
4 946 957 960 945 
4 946 945 960 944 
4 946 944 960 948 
4 929 940 926 928 
4 926 819 962 961 
4 966 819 825 70 
4 967 961 966 968 
4 818 961 819 967 
4 819 967 817 818 
4 956 926 961 819 
4 966 956 961 819 
4 819 966 956 945 
4 819 945 956 926 
4 819 945 969 966 
4 819 966 969 70 
4 819 70 969 54 
4 819 54 969 945 
4 970 65 824 847 
4 971 972 970 973 
4 65 847 821 824 
4 966 961 965 968 
4 956 966 965 975 
4 963 965 975 956 
4 961 956 965 963 
4 966 965 961 956 
4 976 956 939 963 
4 963 975 976 956 
4 956 975 976 957 
4 956 957 976 939 
4 956 957 977 975 
4 956 975 977 966 
4 956 966 977 945 
4 956 945 977 957 
4 978 970 965 979 
4 978 980 965 981 
4 965 979 970 972 
4 965 978 983 975 
4 983 975 963 965 
4 965 975 984 978 
4 965 978 984 970 
4 965 970 984 966 
4 965 966 984 975 
4 987 986 985 781 
4 770 781 779 771 
4 651 988 779 985 
4 985 989 651 988 
4 651 632 990 950 
4 990 651 774 588 
4 651 588 990 653 
4 651 653 990 632 
4 651 590 657 770 
4 651 770 657 987 
4 651 987 657 652 
4 651 652 657 590 
4 651 652 663 987 
4 987 663 989 951 
4 651 950 663 632 
4 651 632 663 652 
4 987 992 958 986 
4 657 987 787 995 
4 657 995 787 782 
4 657 782 787 770 
4 657 770 787 987 
4 657 599 996 782 
4 657 782 996 995 
4 657 995 996 658 
4 657 658 996 599 
4 657 658 669 995 
4 657 995 669 987 
4 657 987 669 652 
4 657 652 669 658 
4 784 998 999 997 
4 784 997 787 788 
4 787 993 788 997 
4 787 782 1000 784 
4 787 784 1000 999 
4 787 999 1000 995 
4 787 995 1000 782 
4 787 995 1001 999 
4 787 987 1001 995 
4 663 948 958 1004 
4 663 1004 958 1005 
4 663 1005 958 987 
4 951 958 987 663 
4 663 652 669 987 
4 663 987 669 1005 
4 663 1005 669 664 
4 663 664 669 652 
4 663 664 702 1005 
4 663 1005 702 1004 
4 663 1004 702 948 
4 663 948 702 631 
4 663 631 702 664 
4 958 957 976 1006 
4 958 1006 976 1007 
4 1007 976 958 1008 
4 958 939 976 957 
4 958 1007 1001 1010 
4 958 1010 1001 1005 
4 958 1005 1001 987 
4 958 1005 1011 1010 
4 958 1010 1011 1007 
4 958 1007 1011 1006 
4 958 1006 1011 957 
4 958 957 1011 959 
4 958 959 1011 948 
4 958 948 1011 1004 
4 958 1004 1011 1005 
4 669 1005 1001 1012 
4 669 1012 1001 1013 
4 669 1013 1001 995 
4 669 995 1001 987 
4 669 987 1001 1005 
4 669 658 1014 995 
4 669 995 1014 1013 
4 669 1013 1014 670 
4 669 670 1014 658 
4 669 670 707 1013 
4 669 1013 707 1012 
4 669 1012 707 1005 
4 669 1005 707 664 
4 669 664 707 670 
4 1001 1007 1015 1016 
4 1001 1016 1015 1017 
4 1001 1017 1015 999 
4 1001 995 1018 999 
4 1001 999 1018 1017 
4 1001 1017 1018 1019 
4 1001 1019 1018 1013 
4 1001 1013 1018 995 
4 1001 1013 1020 1019 
4 1001 1019 1020 1017 
4 1001 1017 1020 1016 
4 1001 1016 1020 1007 
4 1001 1007 1020 1010 
4 1001 1010 1020 1005 
4 1001 1005 1020 1012 
4 1001 1012 1020 1013 
4 976 975 983 1030 
4 1030 983 1022 1024 
4 983 976 963 975 
4 976 1030 1015 1007 
4 976 1007 1032 1030 
4 976 1030 1032 975 
4 976 975 1032 957 
4 976 957 1032 1006 
4 976 1006 1032 1007 
4 983 978 1033 1034 
4 983 1034 1033 1035 
4 1025 1033 1035 983 
4 983 1035 1029 1030 
4 1024 1029 1030 983 
4 983 1030 1037 1035 
4 983 1035 1037 1034 
4 983 1034 1037 978 
4 983 978 1037 975 
4 983 975 1037 1030 
4 1015 1030 1029 1038 
4 1038 1029 1015 1026 
4 1026 1015 1039 999 
4 1039 1038 1015 1026 
4 1015 1038 1039 1017 
4 1015 1017 1039 999 
4 1015 1017 1040 1038 
4 1015 1038 1040 1030 
4 1015 1030 1040 1007 
4 1015 1007 1040 1016 
4 1015 1016 1040 1017 
4 1035 1041 1029 1042 
4 1029 1041 1035 1036 
4 1043 1038 1026 1029 
4 1029 1035 1046 1030 
4 1029 1030 1046 1038 
4 682 1047 947 1048 
4 682 1048 947 944 
4 682 944 947 53 
4 682 53 947 1047 
4 682 1047 2 53 
4 682 2 1047 1 
4 682 622 689 944 
4 682 944 689 1048 
4 682 1048 689 683 
4 682 683 689 622 
4 682 683 697 1048 
4 682 1048 697 1047 
4 682 1047 697 1 
4 682 1 697 683 
4 947 72 969 1049 
4 947 1049 969 945 
4 947 945 969 54 
4 947 54 969 72 
4 947 1047 54 72 
4 947 54 1047 53 
4 947 944 960 945 
4 947 945 960 1049 
4 947 1049 960 1048 
4 947 1048 960 944 
4 947 1048 1050 1049 
4 947 1049 1050 72 
4 947 72 1050 1047 
4 947 1047 1050 1048 
4 689 1048 960 1051 
4 689 1051 960 1052 
4 689 1052 960 948 
4 689 948 960 944 
4 689 944 960 1048 
4 689 631 702 948 
4 689 948 702 1052 
4 689 1052 702 1051 
4 689 1051 702 690 
4 689 690 702 631 
4 689 690 699 1051 
4 689 1051 699 1048 
4 689 1048 699 683 
4 689 683 699 690 
4 960 1049 977 1053 
4 960 1053 977 1054 
4 960 1054 977 957 
4 960 957 977 945 
4 960 945 977 1049 
4 960 948 1055 959 
4 960 959 1055 957 
4 960 957 1055 1054 
4 960 1054 1055 1053 
4 960 1053 1055 1056 
4 960 1056 1055 1051 
4 960 1051 1055 1052 
4 960 1052 1055 948 
4 960 1051 1057 1056 
4 960 1056 1057 1053 
4 960 1053 1057 1049 
4 960 1049 1057 1048 
4 960 1048 1057 1051 
4 697 56 1050 1058 
4 697 1058 1050 1048 
4 697 1048 1050 1047 
4 697 1047 1050 56 
4 697 56 0 1047 
4 697 1047 0 1 
4 697 683 699 1048 
4 697 1048 699 1058 
4 697 1058 699 91 
4 697 91 699 683 
4 697 91 1059 1058 
4 697 1058 1059 56 
4 0 697 1059 56 
4 1059 697 0 91 
4 1050 59 1060 1061 
4 1050 1061 1060 1049 
4 1050 1049 1060 72 
4 1050 72 1060 59 
4 1050 59 1047 72 
4 1050 1047 59 56 
4 1050 1048 1057 1049 
4 1050 1049 1057 1061 
4 1050 1061 1057 1058 
4 1050 1058 1057 1048 
4 1050 1058 1062 1061 
4 1050 1061 1062 59 
4 1050 59 1062 56 
4 1050 56 1062 1058 
4 699 1058 1057 1063 
4 699 1063 1057 1051 
4 699 1051 1057 1048 
4 699 1048 1057 1058 
4 699 690 713 1051 
4 699 1051 713 1063 
4 699 1063 713 90 
4 699 90 713 690 
4 699 90 1064 1063 
4 699 1063 1064 1058 
4 699 1058 1064 91 
4 699 91 1064 90 
4 1057 1061 1065 1066 
4 1057 1066 1065 1053 
4 1057 1053 1065 1049 
4 1057 1049 1065 1061 
4 1057 1051 1067 1056 
4 1057 1056 1067 1053 
4 1057 1053 1067 1066 
4 1057 1066 1067 1063 
4 1057 1063 1067 1051 
4 1057 1063 1068 1066 
4 1057 1066 1068 1061 
4 1057 1061 1068 1058 
4 1057 1058 1068 1063 
4 969 69 1069 1070 
4 969 1070 1069 966 
4 969 966 1069 70 
4 969 70 1069 69 
4 969 69 54 70 
4 969 54 69 72 
4 969 945 977 966 
4 969 966 977 1070 
4 969 1070 977 1049 
4 969 1049 977 945 
4 969 1049 1060 1070 
4 969 1070 1060 69 
4 969 69 1060 72 
4 969 72 1060 1049 
4 1069 64 879 1071 
4 1069 1071 879 970 
4 1069 970 879 65 
4 1069 65 879 64 
4 1069 69 65 64 
4 1069 65 69 70 
4 1069 966 984 970 
4 1069 970 984 1071 
4 1069 1071 984 1070 
4 1069 1070 984 966 
4 1069 1070 1072 1071 
4 1069 1071 1072 64 
4 1069 64 1072 69 
4 1069 69 1072 1070 
4 977 1070 984 1073 
4 977 1073 984 975 
4 977 975 984 966 
4 977 966 984 1070 
4 977 957 1032 975 
4 977 975 1032 1073 
4 977 1073 1032 1053 
4 977 1053 1032 1054 
4 977 1054 1032 957 
4 977 1053 1065 1073 
4 977 1073 1065 1070 
4 977 1070 1065 1049 
4 977 1049 1065 1053 
4 1074 1071 1075 984 
4 1076 1074 1075 984 
4 984 1076 1074 978 
4 984 978 1074 970 
4 984 970 1074 1071 
4 984 975 1037 978 
4 984 978 1037 1076 
4 1075 1037 1076 984 
4 1073 1037 1075 984 
4 984 1073 1037 975 
4 1077 1073 1075 984 
4 1075 1071 1077 984 
4 984 1071 1077 1070 
4 984 1070 1077 1073 
4 1060 71 1072 1078 
4 1060 1078 1072 1070 
4 1060 1070 1072 69 
4 1060 69 1072 71 
4 1060 59 69 71 
4 1060 69 59 72 
4 1060 1049 1065 1070 
4 1060 1070 1065 1078 
4 1060 1078 1065 1061 
4 1060 1061 1065 1049 
4 1060 1061 1079 1078 
4 1060 1078 1079 71 
4 1060 71 1079 59 
4 1060 59 1079 1061 
4 1072 63 887 1080 
4 1072 1080 887 1071 
4 1072 1071 887 64 
4 1072 64 887 63 
4 1072 63 69 64 
4 1072 69 63 71 
4 1072 1070 1077 1071 
4 1072 1071 1077 1080 
4 1072 1080 1077 1078 
4 1072 1078 1077 1070 
4 1072 1078 1081 1080 
4 1072 1080 1081 63 
4 1072 63 1081 71 
4 1072 71 1081 1078 
4 1065 1078 1077 1082 
4 1065 1082 1077 1073 
4 1065 1073 1077 1070 
4 1065 1070 1077 1078 
4 1065 1053 1083 1073 
4 1065 1073 1083 1082 
4 1065 1082 1083 1066 
4 1065 1066 1083 1053 
4 1065 1066 1084 1082 
4 1065 1082 1084 1078 
4 1065 1078 1084 1061 
4 1065 1061 1084 1066 
4 1077 1080 1085 1086 
4 1085 1086 1075 1077 
4 1085 1077 1075 1071 
4 1077 1071 1085 1080 
4 1075 1077 1087 1073 
4 1075 1086 1087 1077 
4 1077 1086 1087 1082 
4 1077 1082 1087 1073 
4 1077 1082 1088 1086 
4 1077 1086 1088 1080 
4 1077 1080 1088 1078 
4 1077 1078 1088 1082 
4 702 1051 1089 1090 
4 702 1090 1089 1091 
4 702 1091 1089 1092 
4 702 1092 1089 1005 
4 702 1005 1089 1004 
4 702 1004 1089 948 
4 702 948 1089 1052 
4 702 1052 1089 1051 
4 702 664 707 1005 
4 702 1005 707 1092 
4 702 1092 707 1091 
4 702 1091 707 703 
4 702 703 707 664 
4 702 703 713 1091 
4 702 1091 713 1090 
4 702 1090 713 1051 
4 702 1051 713 690 
4 702 690 713 703 
4 707 1091 1093 1094 
4 707 1094 1093 1095 
4 707 1095 1093 1096 
4 707 1096 1093 1013 
4 707 1013 1093 1012 
4 707 1012 1093 1005 
4 707 1005 1093 1092 
4 707 1092 1093 1091 
4 707 670 1097 1013 
4 707 1013 1097 1096 
4 707 1096 1097 1095 
4 707 1095 1097 708 
4 707 708 1097 670 
4 707 708 718 1095 
4 707 1095 718 1094 
4 707 1094 718 1091 
4 707 1091 718 703 
4 707 703 718 708 
4 713 1063 1067 1098 
4 713 1098 1067 1091 
4 713 1091 1067 1090 
4 713 1090 1067 1051 
4 713 1051 1067 1063 
4 713 703 718 1091 
4 713 1091 718 1098 
4 713 1098 718 714 
4 713 714 718 703 
4 713 714 1099 1098 
4 713 1098 1099 1063 
4 713 1063 1099 90 
4 713 90 1099 714 
4 1067 1066 1083 1100 
4 1067 1100 1083 1101 
4 1067 1101 1083 1102 
4 1067 1102 1083 1053 
4 1067 1053 1083 1066 
4 1103 1091 1104 1067 
4 1104 1101 1103 1067 
4 1067 1101 1103 1100 
4 1067 1100 1103 1098 
4 1067 1098 1103 1091 
4 1067 1051 1105 1056 
4 1067 1056 1105 1053 
4 1067 1053 1105 1102 
4 1067 1102 1105 1101 
4 1105 1101 1104 1067 
4 1104 1091 1105 1067 
4 1067 1091 1105 1090 
4 1067 1090 1105 1051 
4 1067 1098 1106 1100 
4 1067 1100 1106 1066 
4 1067 1066 1106 1063 
4 1067 1063 1106 1098 
4 718 1098 1103 1107 
4 718 1107 1103 1095 
4 718 1095 1103 1094 
4 718 1094 1103 1091 
4 718 1091 1103 1098 
4 718 708 1108 1095 
4 718 1095 1108 1107 
4 718 1107 1108 446 
4 718 446 1108 708 
4 718 446 1109 1107 
4 718 1107 1109 1098 
4 718 1098 1109 714 
4 718 714 1109 446 
4 1110 1103 1111 1100 
4 1111 1110 1112 1103 
4 1111 1112 1113 1103 
4 1111 1103 1113 1101 
4 1103 1101 1111 1100 
4 1103 1095 1114 1115 
4 1103 1115 1114 1112 
4 1103 1112 1114 1110 
4 1103 1110 1114 1107 
4 1103 1107 1114 1095 
4 1104 1103 1116 1091 
4 1116 1103 1104 1101 
4 1103 1101 1116 1113 
4 1103 1113 1116 1112 
4 1103 1112 1116 1115 
4 1103 1115 1116 1095 
4 1103 1095 1116 1094 
4 1103 1094 1116 1091 
4 1103 1107 1117 1110 
4 1103 1110 1117 1100 
4 1103 1100 1117 1098 
4 1103 1098 1117 1107 
4 1032 957 1118 1006 
4 1032 1006 1118 1007 
4 1032 1007 1118 1119 
4 1032 1119 1118 1101 
4 1032 1101 1118 1102 
4 1032 1102 1118 1053 
4 1032 1053 1118 1054 
4 1032 1054 1118 957 
4 1032 1073 1037 1120 
4 1032 1120 1037 1030 
4 1032 1030 1037 975 
4 1032 975 1037 1073 
4 1032 1007 1040 1030 
4 1032 1030 1040 1120 
4 1032 1120 1040 1101 
4 1032 1101 1040 1119 
4 1032 1119 1040 1007 
4 1032 1101 1083 1120 
4 1032 1120 1083 1073 
4 1032 1073 1083 1053 
4 1032 1053 1083 1102 
4 1032 1102 1083 1101 
4 1075 1121 1122 1037 
4 1037 1121 1122 1123 
4 1037 1123 1122 1124 
4 1037 1124 1122 1035 
4 1037 1035 1122 1034 
4 1037 1034 1122 978 
4 1037 978 1122 1076 
4 1122 1076 1075 1037 
4 1037 1030 1046 1035 
4 1037 1035 1046 1124 
4 1037 1124 1046 1123 
4 1037 1123 1046 1120 
4 1037 1120 1046 1030 
4 1037 1120 1087 1123 
4 1037 1123 1087 1121 
4 1075 1087 1121 1037 
4 1075 1073 1087 1037 
4 1037 1073 1087 1120 
4 1040 1007 1125 1016 
4 1040 1016 1125 1017 
4 1040 1017 1125 1126 
4 1040 1126 1125 1112 
4 1040 1112 1125 1113 
4 1040 1113 1125 1101 
4 1040 1101 1125 1119 
4 1040 1119 1125 1007 
4 1040 1120 1046 1127 
4 1040 1127 1046 1038 
4 1040 1038 1046 1030 
4 1040 1030 1046 1120 
4 1040 1017 1128 1038 
4 1040 1038 1128 1127 
4 1040 1127 1128 1112 
4 1040 1112 1128 1126 
4 1040 1126 1128 1017 
4 1111 1112 1127 1040 
4 1127 1120 1111 1040 
4 1120 1101 1111 1040 
4 1111 1101 1113 1040 
4 1113 1112 1111 1040 
4 1129 1123 1130 1131 
4 1130 1132 1129 1133 
4 1045 1132 1046 1130 
4 1046 1130 1042 1045 
4 1124 1046 1134 1035 
4 1124 1135 1130 1131 
4 1044 1038 1046 1136 
4 1045 1136 1046 1132 
4 1132 1046 1129 1136 
4 1129 1127 1136 1046 
4 1136 1046 1127 1038 
4 1046 1127 1137 1129 
4 1046 1129 1137 1123 
4 1046 1123 1137 1120 
4 1046 1120 1137 1127 
4 1083 1082 1087 1138 
4 1083 1138 1087 1120 
4 1083 1120 1087 1073 
4 1083 1073 1087 1082 
4 1111 1101 1120 1083 
4 1111 1120 1138 1083 
4 1138 1100 1111 1083 
4 1111 1100 1101 1083 
4 1083 1100 1139 1138 
4 1083 1138 1139 1082 
4 1083 1082 1139 1066 
4 1083 1066 1139 1100 
4 1140 1086 1087 1141 
4 1140 1087 1123 1141 
4 1123 1121 1141 1087 
4 1121 1087 1075 1141 
4 1087 1086 1075 1141 
4 1087 1120 1137 1123 
4 1137 1123 1140 1087 
4 1138 1137 1140 1087 
4 1087 1138 1137 1120 
4 1142 1138 1140 1087 
4 1142 1087 1140 1086 
4 1087 1086 1142 1082 
4 1087 1082 1142 1138 
4 1138 1137 1111 1143 
4 1137 1127 1111 1143 
4 1111 1127 1137 1120 
4 1111 1137 1138 1120 
4 1144 1127 1111 1112 
4 1111 1127 1144 1143 
4 1144 1110 1111 1143 
4 1144 1112 1111 1110 
4 1111 1110 1145 1143 
4 1145 1138 1111 1143 
4 1111 1138 1145 1100 
4 1145 1110 1111 1100 
4 1146 1137 1140 1147 
4 1146 1137 1147 1129 
4 1137 1129 1146 1123 
4 1140 1137 1146 1123 
4 1137 1127 1148 1129 
4 1147 1137 1148 1129 
4 1143 1137 1148 1147 
4 1148 1137 1143 1127 
4 1149 1137 1143 1147 
4 1140 1137 1149 1147 
4 1140 1138 1149 1137 
4 1149 1138 1143 1137 
4 1151 843 846 851 
4 1152 1153 1151 1154 
4 843 851 844 846 
4 1151 1155 973 979 
4 970 979 973 972 
4 1154 1151 1157 1150 
4 1151 1150 1154 1153 
4 1159 1151 1155 1150 
4 1159 1150 1160 1161 
4 1155 1150 1151 1153 
4 1150 1164 1165 1157 
4 1166 1164 1165 1150 
4 1165 1167 1166 1150 
4 1165 1167 1150 1168 
4 1161 1168 1159 1150 
4 1169 1165 1150 1159 
4 1150 1165 1169 1157 
4 1150 1157 1169 1151 
4 1169 1159 1150 1151 
4 1164 1170 1165 1171 
4 1166 1170 1165 1164 
4 1175 1159 1033 1168 
4 1176 1175 1033 1177 
4 1033 1178 1176 1179 
4 1033 1168 1159 1161 
4 1181 1176 1033 1180 
4 1181 1182 1033 1041 
4 1035 1041 1033 1036 
4 1033 1035 1183 1181 
4 1033 1181 1183 1176 
4 1033 1176 1183 1175 
4 1033 1175 1183 1159 
4 1033 1159 1183 1184 
4 1033 1184 1183 978 
4 1033 978 1183 1034 
4 1033 1034 1183 1035 
4 1185 1165 1167 1170 
4 1186 1187 1185 1188 
4 1165 1170 1166 1167 
4 1186 1189 1185 1187 
4 1185 1189 1179 1190 
4 1176 1190 1179 1178 
4 1180 1192 1176 1190 
4 1180 1190 1176 1178 
4 1181 1176 1180 1193 
4 1181 1194 1041 1134 
4 1042 1134 1035 1041 
4 1195 1185 1189 1196 
4 1185 1196 1187 1189 
4 1185 1196 1188 1187 
4 879 878 884 1208 
4 879 1208 884 1151 
4 879 1151 884 843 
4 879 843 884 878 
4 879 970 1074 1151 
4 879 1151 1074 1208 
4 879 1208 1074 1071 
4 879 1071 1074 970 
4 879 1071 887 1208 
4 879 1208 887 878 
4 879 878 887 64 
4 879 64 887 1071 
4 884 881 897 1209 
4 884 1209 897 1157 
4 883 897 1157 884 
4 884 1151 1169 1157 
4 884 1157 1169 1209 
4 884 1209 1169 1208 
4 884 1208 1169 1151 
4 884 1208 889 1209 
4 884 1209 889 881 
4 884 881 889 878 
4 884 878 889 1208 
4 1074 1208 1169 1210 
4 1074 1210 1169 1211 
4 1074 1211 1169 1159 
4 1074 1159 1169 1151 
4 1074 1151 1169 1208 
4 1074 978 1212 1184 
4 1074 1184 1212 1159 
4 1074 1159 1212 1211 
4 1074 1211 1212 1210 
4 1074 1210 1212 1213 
4 1075 1212 1213 1074 
4 1075 1076 1212 1074 
4 1074 1076 1212 978 
4 1213 1085 1075 1074 
4 1074 1213 1085 1210 
4 1074 1210 1085 1208 
4 1074 1208 1085 1071 
4 1075 1074 1085 1071 
4 1169 1209 1214 1215 
4 1169 1215 1214 1165 
4 1169 1165 1214 1157 
4 1169 1157 1214 1209 
4 1169 1159 1216 1165 
4 1169 1165 1216 1215 
4 1169 1215 1216 1210 
4 1169 1210 1216 1211 
4 1169 1211 1216 1159 
4 1169 1210 1217 1215 
4 1169 1215 1217 1209 
4 1169 1209 1217 1208 
4 1169 1208 1217 1210 
4 887 142 889 1218 
4 887 1218 889 1208 
4 887 1208 889 878 
4 887 878 889 142 
4 887 1071 1085 1208 
4 887 1208 1085 1218 
4 887 1218 1085 1080 
4 887 1080 1085 1071 
4 887 1080 1219 1218 
4 887 1218 1219 142 
4 887 142 1219 63 
4 887 63 1219 1080 
4 889 137 913 1220 
4 889 1220 913 1209 
4 889 1209 913 881 
4 889 881 913 137 
4 889 1208 1217 1209 
4 889 1209 1217 1220 
4 889 1220 1217 1218 
4 889 1218 1217 1208 
4 889 1218 1221 1220 
4 889 1220 1221 137 
4 889 137 1221 142 
4 889 142 1221 1218 
4 1085 1218 1217 1222 
4 1085 1222 1217 1210 
4 1085 1210 1217 1208 
4 1085 1208 1217 1218 
4 1075 1085 1213 1141 
4 1213 1210 1141 1085 
4 1141 1210 1222 1085 
4 1141 1085 1222 1086 
4 1075 1086 1085 1141 
4 1085 1086 1223 1222 
4 1085 1222 1223 1218 
4 1085 1218 1223 1080 
4 1085 1080 1223 1086 
4 1217 1220 1224 1225 
4 1217 1225 1224 1215 
4 1217 1215 1224 1209 
4 1217 1209 1224 1220 
4 1217 1210 1226 1215 
4 1217 1215 1226 1225 
4 1217 1225 1226 1222 
4 1217 1222 1226 1210 
4 1217 1222 1227 1225 
4 1217 1225 1227 1220 
4 1217 1220 1227 1218 
4 1217 1218 1227 1222 
4 1228 1229 896 897 
4 897 1230 1228 1229 
4 897 1228 1214 1209 
4 897 1209 1214 1157 
4 897 1209 913 1228 
4 896 913 1228 897 
4 913 897 896 881 
4 897 881 913 1209 
4 1228 1232 1229 1230 
4 1228 920 1233 1231 
4 1234 1228 1235 1232 
4 1234 1236 1172 1237 
4 1214 1235 1174 1172 
4 1174 1232 1228 1230 
4 1214 1234 1238 1215 
4 1214 1215 1238 1165 
4 1214 1215 1224 1234 
4 1214 1234 1224 1228 
4 1214 1228 1224 1209 
4 1214 1209 1224 1215 
4 913 912 920 1241 
4 913 1241 920 1228 
4 896 920 1228 913 
4 920 913 896 912 
4 913 1209 1224 1228 
4 913 1228 1224 1241 
4 913 1241 1224 1220 
4 913 1220 1224 1209 
4 913 1220 1242 1241 
4 913 1241 1242 912 
4 913 912 1242 137 
4 913 137 1242 1220 
4 1243 920 1244 915 
4 1245 1243 1246 1247 
4 1231 1248 1245 1246 
4 920 1246 919 1231 
4 920 1246 918 919 
4 1249 1228 1231 920 
4 1245 1249 1231 920 
4 920 1245 1249 1241 
4 920 1241 1249 1228 
4 920 1241 1250 1245 
4 920 1245 1250 1243 
4 920 1243 1250 915 
4 920 915 1250 912 
4 920 912 1250 1241 
4 1224 1241 1249 1251 
4 1224 1251 1249 1234 
4 1224 1234 1249 1228 
4 1224 1228 1249 1241 
4 1224 1215 1252 1234 
4 1224 1234 1252 1251 
4 1224 1251 1252 1225 
4 1224 1225 1252 1215 
4 1224 1225 1253 1251 
4 1224 1251 1253 1241 
4 1224 1241 1253 1220 
4 1224 1220 1253 1225 
4 1249 1245 1254 1255 
4 1249 1255 1254 1256 
4 1249 1256 1254 1239 
4 1231 1249 1254 1239 
4 1231 1245 1254 1249 
4 1249 1234 1257 1239 
4 1249 1239 1257 1256 
4 1249 1256 1257 1251 
4 1249 1251 1257 1234 
4 1249 1251 1258 1256 
4 1249 1256 1258 1255 
4 1249 1255 1258 1245 
4 1249 1245 1258 1241 
4 1249 1241 1258 1251 
4 1216 1159 1259 1175 
4 1216 1175 1259 1176 
4 1216 1176 1259 1260 
4 1216 1260 1259 1261 
4 1216 1261 1259 1262 
4 1216 1262 1259 1210 
4 1216 1210 1259 1211 
4 1216 1211 1259 1159 
4 1216 1215 1238 1263 
4 1216 1263 1238 1185 
4 1216 1185 1238 1165 
4 1216 1165 1238 1215 
4 1216 1176 1264 1185 
4 1216 1185 1264 1263 
4 1216 1263 1264 1261 
4 1216 1261 1264 1260 
4 1216 1260 1264 1176 
4 1216 1261 1226 1263 
4 1216 1263 1226 1215 
4 1216 1215 1226 1210 
4 1216 1210 1226 1262 
4 1216 1262 1226 1261 
4 1268 1264 1265 1269 
4 1266 1275 1268 1276 
4 1277 1268 1266 1275 
4 1277 1278 1133 1279 
4 1129 1279 1133 1132 
4 1261 1146 1281 1282 
4 1264 1263 1283 1284 
4 1264 1284 1283 1195 
4 1264 1195 1283 1185 
4 1264 1185 1283 1263 
4 1264 1195 1286 1284 
4 1264 1284 1286 1268 
4 1264 1268 1288 1284 
4 1264 1284 1288 1263 
4 1264 1263 1288 1261 
4 1264 1261 1288 1268 
4 1141 1226 1289 1222 
4 1141 1261 1289 1226 
4 1262 1261 1141 1226 
4 1262 1226 1141 1210 
4 1226 1222 1141 1210 
4 1289 1261 1141 1146 
4 1140 1146 1289 1141 
4 1140 1123 1146 1141 
4 1213 1290 1075 1141 
4 1141 1210 1213 1290 
4 1262 1210 1141 1290 
4 1141 1261 1262 1290 
4 1261 1290 1141 1273 
4 1141 1290 1123 1272 
4 1141 1121 1123 1290 
4 1075 1290 1121 1141 
4 1140 1289 1291 1141 
4 1141 1289 1291 1222 
4 1141 1222 1291 1086 
4 1291 1086 1140 1141 
4 1226 1225 1252 1292 
4 1226 1292 1252 1263 
4 1226 1263 1252 1215 
4 1226 1215 1252 1225 
4 1226 1261 1288 1263 
4 1226 1263 1288 1292 
4 1226 1292 1288 1289 
4 1226 1289 1288 1261 
4 1226 1289 1293 1292 
4 1226 1292 1293 1225 
4 1226 1225 1293 1222 
4 1226 1222 1293 1289 
4 1146 1289 1288 1294 
4 1146 1294 1288 1268 
4 1146 1268 1288 1261 
4 1146 1261 1288 1289 
4 1146 1129 1295 1277 
4 1146 1277 1295 1268 
4 1146 1268 1295 1294 
4 1295 1294 1147 1146 
4 1295 1146 1147 1129 
4 1147 1294 1296 1146 
4 1146 1294 1296 1289 
4 1296 1289 1140 1146 
4 1296 1146 1140 1147 
4 1288 1292 1297 1298 
4 1288 1298 1297 1284 
4 1288 1284 1297 1263 
4 1288 1263 1297 1292 
4 1288 1268 1299 1284 
4 1288 1284 1299 1298 
4 1288 1298 1299 1294 
4 1288 1294 1299 1268 
4 1288 1294 1300 1298 
4 1288 1298 1300 1292 
4 1288 1292 1300 1289 
4 1288 1289 1300 1294 
4 1238 1234 1203 1301 
4 1200 1203 1301 1238 
4 1200 1238 1283 1185 
4 1301 1283 1200 1238 
4 1238 1301 1283 1263 
4 1238 1263 1283 1185 
4 1238 1263 1252 1301 
4 1238 1301 1252 1234 
4 1238 1234 1252 1215 
4 1238 1215 1252 1263 
4 1203 1302 1303 1239 
4 1303 1302 1203 1304 
4 1203 1303 1207 1301 
4 1200 1207 1301 1203 
4 1203 1301 1257 1303 
4 1203 1303 1257 1239 
4 1203 1239 1257 1234 
4 1203 1234 1257 1301 
4 1283 1301 1207 1305 
4 1204 1207 1305 1283 
4 1200 1283 1207 1204 
4 1301 1207 1200 1283 
4 1306 1283 1195 1204 
4 1204 1305 1306 1283 
4 1283 1305 1306 1284 
4 1283 1284 1306 1195 
4 1283 1284 1297 1305 
4 1283 1305 1297 1301 
4 1283 1301 1297 1263 
4 1283 1263 1297 1284 
4 1303 1307 1207 1308 
4 1207 1307 1303 1304 
4 1309 1305 1207 1308 
4 1309 1305 1204 1207 
4 1207 1305 1310 1308 
4 1310 1303 1207 1308 
4 1207 1303 1310 1301 
4 1207 1301 1310 1305 
4 1252 1251 1257 1311 
4 1252 1311 1257 1301 
4 1252 1301 1257 1234 
4 1252 1234 1257 1251 
4 1252 1263 1297 1301 
4 1252 1301 1297 1311 
4 1252 1311 1297 1292 
4 1252 1292 1297 1263 
4 1252 1292 1312 1311 
4 1252 1311 1312 1251 
4 1252 1251 1312 1225 
4 1252 1225 1312 1292 
4 1257 1256 1313 1314 
4 1257 1314 1313 1303 
4 1257 1303 1313 1239 
4 1257 1239 1313 1256 
4 1257 1301 1310 1303 
4 1257 1303 1310 1314 
4 1257 1314 1310 1311 
4 1257 1311 1310 1301 
4 1257 1311 1315 1314 
4 1257 1314 1315 1256 
4 1257 1256 1315 1251 
4 1257 1251 1315 1311 
4 1297 1311 1310 1316 
4 1297 1316 1310 1305 
4 1297 1305 1310 1301 
4 1297 1301 1310 1311 
4 1297 1284 1317 1305 
4 1297 1305 1317 1316 
4 1297 1316 1317 1298 
4 1297 1298 1317 1284 
4 1297 1298 1318 1316 
4 1297 1316 1318 1311 
4 1297 1311 1318 1292 
4 1297 1292 1318 1298 
4 1310 1314 1319 1320 
4 1319 1320 1308 1310 
4 1319 1310 1308 1303 
4 1310 1303 1319 1314 
4 1308 1310 1321 1305 
4 1308 1320 1321 1310 
4 1310 1320 1321 1316 
4 1310 1316 1321 1305 
4 1310 1316 1322 1320 
4 1310 1320 1322 1314 
4 1310 1314 1322 1311 
4 1310 1311 1322 1316 
4 712 5 1323 30 
4 83 1323 712 5 
4 712 93 715 1324 
4 712 1324 715 711 
4 712 711 715 94 
4 712 94 715 93 
4 712 93 5 94 
4 712 93 83 5 
4 712 30 717 711 
4 712 711 717 1324 
4 712 1324 717 1323 
4 712 1323 717 30 
4 712 1323 1325 1324 
4 712 1324 1325 93 
4 83 712 1325 93 
4 1325 712 83 1323 
4 715 87 1099 1326 
4 715 1326 1099 714 
4 715 714 1099 90 
4 715 90 1099 87 
4 715 93 90 87 
4 715 90 93 94 
4 715 711 720 714 
4 715 714 720 1326 
4 715 1326 720 1324 
4 715 1324 720 711 
4 715 1324 1327 1326 
4 715 1326 1327 87 
4 715 87 1327 93 
4 715 93 1327 1324 
4 717 25 1323 108 
4 717 1323 25 30 
4 717 1324 720 448 
4 717 448 720 449 
4 717 449 720 711 
4 717 711 720 1324 
4 717 25 448 449 
4 717 448 25 108 
4 717 108 1328 448 
4 717 448 1328 1324 
4 717 1324 1328 1323 
4 717 1323 1328 108 
4 720 1326 1109 447 
4 720 447 1109 446 
4 720 446 1109 714 
4 720 714 1109 1326 
4 720 446 448 447 
4 720 448 446 449 
4 720 448 1329 447 
4 720 447 1329 1326 
4 720 1326 1329 1324 
4 720 1324 1329 448 
4 1325 1323 103 105 
4 103 83 1325 1330 
4 1325 95 1327 1331 
4 1325 1331 1327 1324 
4 1325 1324 1327 93 
4 1325 93 1327 95 
4 1325 1330 96 95 
4 1325 93 96 83 
4 1325 1323 1328 1324 
4 1325 1324 1328 1331 
4 95 1331 1325 124 
4 124 1333 1325 1330 
4 1327 88 1334 185 
4 1327 185 1334 1326 
4 1327 1326 1334 87 
4 1327 87 1334 88 
4 1327 88 93 87 
4 1327 93 88 95 
4 1327 1324 1329 1326 
4 1327 1326 1329 185 
4 1327 185 1329 1331 
4 1327 1331 1329 1324 
4 1327 1331 88 185 
4 1327 88 1331 95 
4 104 108 1328 1323 
4 1328 104 105 1332 
4 1328 1331 1329 119 
4 1328 119 1329 448 
4 1328 448 1329 1324 
4 1328 1324 1329 1331 
4 1328 448 104 119 
4 104 448 1328 108 
4 104 1331 1328 119 
4 126 1331 1328 104 
4 1329 185 1335 123 
4 1329 123 1335 447 
4 1329 447 1335 1326 
4 1329 1326 1335 185 
4 1329 448 123 447 
4 1329 123 448 119 
4 1329 123 1331 185 
4 1329 1331 123 119 
4 902 904 135 140 
4 135 904 902 1336 
4 902 1343 909 901 
4 902 139 914 901 
4 902 901 914 1343 
4 902 1343 914 135 
4 902 135 914 139 
4 1343 1344 135 1345 
4 1343 1344 1337 1342 
4 902 1345 1336 1337 
4 902 1345 135 1336 
4 909 1347 1346 906 
4 909 901 921 906 
4 909 906 921 1347 
4 909 1347 921 1343 
4 909 1343 921 901 
4 1347 1343 1348 1349 
4 1347 909 1339 1348 
4 909 1348 1341 1339 
4 1341 1349 1343 1342 
4 914 137 135 138 
4 914 135 137 139 
4 914 1343 921 1350 
4 914 1350 921 912 
4 914 912 921 901 
4 914 901 921 1343 
4 914 137 1242 912 
4 914 912 1242 1350 
4 914 1350 1242 138 
4 914 138 1242 137 
4 914 138 1351 1350 
4 914 1350 1351 1343 
4 914 1343 1351 135 
4 914 135 1351 138 
4 921 1347 1352 1353 
4 921 1353 1352 1354 
4 921 1354 1352 915 
4 921 915 1352 906 
4 921 906 1352 1347 
4 921 912 1250 915 
4 921 915 1250 1354 
4 921 1354 1250 1353 
4 921 1353 1250 1350 
4 921 1350 1250 912 
4 921 1350 1355 1353 
4 921 1353 1355 1347 
4 921 1347 1355 1343 
4 921 1343 1355 1350 
4 1342 1349 1343 1344 
4 1351 138 135 136 
4 1351 1350 1355 1343 
4 1351 138 1358 1350 
4 1362 1353 1355 1361 
4 1347 1353 1355 1362 
4 1355 1350 1363 1353 
4 1361 1355 1363 1353 
4 1059 91 0 89 
4 1059 89 0 92 
4 1059 1369 1062 1058 
4 1059 1058 1062 56 
4 1059 1366 0 127 
4 0 1366 1059 1370 
4 1059 91 1064 1058 
4 1059 1058 1064 1369 
4 1059 1369 1064 89 
4 1059 89 1064 91 
4 1369 1059 1371 89 
4 1369 1371 1366 1367 
4 1059 1371 1370 1366 
4 1059 1371 92 1370 
4 1062 1375 1079 1061 
4 1062 1061 1079 59 
4 129 1368 1062 128 
4 128 56 1062 59 
4 1062 1058 1068 1061 
4 1062 1061 1068 1375 
4 1062 1375 1068 1369 
4 1062 1369 1068 1058 
4 1062 1369 1376 1375 
4 1064 90 89 87 
4 1064 89 90 91 
4 1064 1369 1068 1377 
4 1064 1377 1068 1063 
4 1064 1063 1068 1058 
4 1064 1058 1068 1369 
4 1064 90 1099 1063 
4 1064 1063 1099 1377 
4 1064 1377 1099 87 
4 1064 87 1099 90 
4 1064 87 1378 1377 
4 1064 1377 1378 1369 
4 1064 1369 1378 89 
4 1064 89 1378 87 
4 1068 1375 1084 1379 
4 1068 1379 1084 1066 
4 1068 1066 1084 1061 
4 1068 1061 1084 1375 
4 1068 1063 1106 1066 
4 1068 1066 1106 1379 
4 1068 1379 1106 1377 
4 1068 1377 1106 1063 
4 1068 1377 1380 1379 
4 1068 1379 1380 1375 
4 1068 1375 1380 1369 
4 1068 1369 1380 1377 
4 161 1369 1376 1371 
4 1378 1369 1371 89 
4 1378 1369 161 1371 
4 1376 153 1382 1375 
4 1376 1369 1380 1375 
4 1376 1375 1380 153 
4 1376 153 1380 161 
4 1376 161 1380 1369 
4 1376 161 157 153 
4 1378 89 88 87 
4 86 88 1378 89 
4 1378 161 1380 184 
4 1378 184 1380 1377 
4 1378 1377 1380 1369 
4 1378 1369 1380 161 
4 1378 87 1334 1377 
4 1378 1377 1334 184 
4 1378 184 1334 88 
4 1378 88 1334 87 
4 1378 88 161 184 
4 85 161 1378 88 
4 1380 153 1383 154 
4 1380 154 1383 1379 
4 1380 1379 1383 1375 
4 1380 1375 1383 153 
4 1380 1377 1384 1379 
4 1380 1379 1384 154 
4 1380 154 1384 184 
4 1380 184 1384 1377 
4 1380 154 161 153 
4 1380 161 154 184 
4 1385 1081 134 1079 
4 1079 1385 1081 1078 
4 1079 1078 1081 71 
4 134 1079 1081 71 
4 1079 71 134 59 
4 129 59 1079 134 
4 1079 1061 1084 1078 
4 1079 1078 1084 1385 
4 1079 1385 1084 1375 
4 1079 1375 1084 1061 
4 1079 1375 1382 1385 
4 134 1382 1385 1079 
4 1081 132 1219 1386 
4 1081 1386 1219 1080 
4 1081 1080 1219 63 
4 1081 63 1219 132 
4 1081 132 134 63 
4 134 71 1081 63 
4 1081 1078 1088 1080 
4 1081 1080 1088 1386 
4 1081 1386 1088 1385 
4 1081 1385 1088 1078 
4 1081 1385 1387 1386 
4 1081 1386 1387 132 
4 134 1081 1387 132 
4 134 1385 1387 1081 
4 1084 1385 1088 1388 
4 1084 1388 1088 1082 
4 1084 1082 1088 1078 
4 1084 1078 1088 1385 
4 1084 1066 1139 1082 
4 1084 1082 1139 1388 
4 1084 1388 1139 1379 
4 1084 1379 1139 1066 
4 1084 1379 1383 1388 
4 1084 1388 1383 1385 
4 1084 1385 1383 1375 
4 1084 1375 1383 1379 
4 1088 1386 1223 1389 
4 1088 1389 1223 1086 
4 1088 1086 1223 1080 
4 1088 1080 1223 1386 
4 1088 1082 1142 1086 
4 1088 1086 1142 1389 
4 1088 1389 1142 1388 
4 1088 1388 1142 1082 
4 1088 1388 1390 1389 
4 1088 1389 1390 1386 
4 1088 1386 1390 1385 
4 1088 1385 1390 1388 
4 1382 170 1387 1385 
4 1387 1385 134 1382 
4 1382 1375 1383 1385 
4 1382 1385 1383 170 
4 1382 170 1383 153 
4 1382 153 1383 1375 
4 157 170 1382 153 
4 1387 164 1392 1386 
4 1387 1386 1392 132 
4 1387 132 133 134 
4 1387 1385 1390 1386 
4 1387 1386 1390 164 
4 1387 164 1390 170 
4 1387 170 1390 1385 
4 1383 170 1390 166 
4 1383 166 1390 1388 
4 1383 1388 1390 1385 
4 1383 1385 1390 170 
4 1383 1379 1393 1388 
4 1383 1388 1393 166 
4 1383 166 1393 154 
4 1383 154 1393 1379 
4 1383 154 170 166 
4 1383 170 154 153 
4 1390 164 1394 165 
4 1390 165 1394 1389 
4 1390 1389 1394 1386 
4 1390 1386 1394 164 
4 1390 1388 1395 1389 
4 1390 1389 1395 165 
4 1390 165 1395 166 
4 1390 166 1395 1388 
4 1390 165 170 164 
4 1390 170 165 166 
4 1099 1377 1106 1396 
4 1099 1396 1106 1098 
4 1099 1098 1106 1063 
4 1099 1063 1106 1377 
4 1099 714 1109 1098 
4 1099 1098 1109 1396 
4 1099 1396 1109 1326 
4 1099 1326 1109 714 
4 1099 1326 1334 1396 
4 1099 1396 1334 1377 
4 1099 1377 1334 87 
4 1099 87 1334 1326 
4 1106 1379 1139 1397 
4 1106 1397 1139 1100 
4 1106 1100 1139 1066 
4 1106 1066 1139 1379 
4 1106 1098 1117 1100 
4 1106 1100 1117 1397 
4 1106 1397 1117 1396 
4 1106 1396 1117 1098 
4 1106 1396 1384 1397 
4 1106 1397 1384 1379 
4 1106 1379 1384 1377 
4 1106 1377 1384 1396 
4 1109 1396 1117 1398 
4 1109 1398 1117 1107 
4 1109 1107 1117 1098 
4 1109 1098 1117 1396 
4 1109 446 1399 1107 
4 1109 1107 1399 1398 
4 1109 1398 1399 447 
4 1109 447 1399 446 
4 1109 447 1335 1398 
4 1109 1398 1335 1396 
4 1109 1396 1335 1326 
4 1109 1326 1335 447 
4 1117 1397 1145 1400 
4 1117 1400 1145 1110 
4 1117 1110 1145 1100 
4 1117 1100 1145 1397 
4 1117 1107 1401 1110 
4 1117 1110 1401 1400 
4 1117 1400 1401 1398 
4 1117 1398 1401 1107 
4 1117 1398 1402 1400 
4 1117 1400 1402 1397 
4 1117 1397 1402 1396 
4 1117 1396 1402 1398 
4 1334 184 1384 183 
4 1334 183 1384 1396 
4 1334 1396 1384 1377 
4 1334 1377 1384 184 
4 1334 1326 1335 1396 
4 1334 1396 1335 183 
4 1334 183 1335 185 
4 1334 185 1335 1326 
4 1334 183 88 184 
4 1334 88 183 185 
4 1384 154 1393 178 
4 1384 178 1393 1397 
4 1384 1397 1393 1379 
4 1384 1379 1393 154 
4 1384 1396 1402 1397 
4 1384 1397 1402 178 
4 1384 178 1402 183 
4 1384 183 1402 1396 
4 1384 183 154 178 
4 1384 154 183 184 
4 1335 183 1402 180 
4 1335 180 1402 1398 
4 1335 1398 1402 1396 
4 1335 1396 1402 183 
4 1335 447 1403 1398 
4 1335 1398 1403 180 
4 1335 180 1403 123 
4 1335 123 1403 447 
4 1335 123 183 180 
4 1335 183 123 185 
4 1402 178 1404 177 
4 1402 177 1404 1400 
4 1402 1400 1404 1397 
4 1402 1397 1404 178 
4 1402 1398 1405 1400 
4 1402 1400 1405 177 
4 1402 177 1405 180 
4 1402 180 1405 1398 
4 1402 177 183 178 
4 1402 183 177 180 
4 1139 1388 1142 1406 
4 1139 1406 1142 1138 
4 1139 1138 1142 1082 
4 1139 1082 1142 1388 
4 1139 1100 1145 1138 
4 1139 1138 1145 1406 
4 1139 1406 1145 1397 
4 1139 1397 1145 1100 
4 1139 1397 1393 1406 
4 1139 1406 1393 1388 
4 1139 1388 1393 1379 
4 1139 1379 1393 1397 
4 1142 1389 1291 1407 
4 1140 1291 1407 1142 
4 1291 1142 1140 1086 
4 1142 1086 1291 1389 
4 1140 1142 1149 1138 
4 1407 1149 1140 1142 
4 1142 1407 1149 1406 
4 1142 1406 1149 1138 
4 1142 1406 1395 1407 
4 1142 1407 1395 1389 
4 1142 1389 1395 1388 
4 1142 1388 1395 1406 
4 1145 1406 1149 1408 
4 1143 1149 1408 1145 
4 1149 1145 1143 1138 
4 1145 1138 1149 1406 
4 1143 1145 1409 1110 
4 1143 1408 1409 1145 
4 1145 1408 1409 1400 
4 1145 1400 1409 1110 
4 1145 1400 1404 1408 
4 1145 1408 1404 1406 
4 1145 1406 1404 1397 
4 1145 1397 1404 1400 
4 1149 1407 1296 1410 
4 1147 1296 1410 1149 
4 1140 1149 1296 1147 
4 1407 1296 1140 1149 
4 1411 1149 1143 1147 
4 1147 1410 1411 1149 
4 1149 1410 1411 1408 
4 1411 1408 1143 1149 
4 1149 1408 1412 1410 
4 1149 1410 1412 1407 
4 1149 1407 1412 1406 
4 1149 1406 1412 1408 
4 1393 166 1395 1413 
4 1393 1413 1395 1406 
4 1393 1406 1395 1388 
4 1393 1388 1395 166 
4 1393 1397 1404 1406 
4 1393 1406 1404 1413 
4 1393 1413 1404 178 
4 1393 178 1404 1397 
4 1393 178 1414 1413 
4 1393 1413 1414 166 
4 1393 166 1414 154 
4 1393 154 1414 178 
4 1395 165 1415 1416 
4 1395 1416 1415 1407 
4 1395 1407 1415 1389 
4 1395 1389 1415 165 
4 1395 1406 1412 1407 
4 1395 1407 1412 1416 
4 1395 1416 1412 1413 
4 1395 1413 1412 1406 
4 1395 1413 1417 1416 
4 1395 1416 1417 165 
4 1395 165 1417 166 
4 1395 166 1417 1413 
4 1404 1413 1412 1418 
4 1404 1418 1412 1408 
4 1404 1408 1412 1406 
4 1404 1406 1412 1413 
4 1404 1400 1419 1408 
4 1404 1408 1419 1418 
4 1404 1418 1419 177 
4 1404 177 1419 1400 
4 1404 177 1420 1418 
4 1404 1418 1420 1413 
4 1404 1413 1420 178 
4 1404 178 1420 177 
4 1412 1416 1421 1422 
4 1412 1422 1421 1410 
4 1412 1410 1421 1407 
4 1412 1407 1421 1416 
4 1412 1408 1423 1410 
4 1412 1410 1423 1422 
4 1412 1422 1423 1418 
4 1412 1418 1423 1408 
4 1412 1418 1424 1422 
4 1412 1422 1424 1416 
4 1412 1416 1424 1413 
4 1412 1413 1424 1418 
4 1414 154 176 178 
4 150 176 1414 154 
4 1425 1417 167 1414 
4 1414 1425 1417 1413 
4 1414 1413 1417 166 
4 167 1414 1417 166 
4 1414 166 167 154 
4 150 154 1414 167 
4 1414 178 1420 1413 
4 1414 1413 1420 1425 
4 1414 1425 1420 176 
4 1414 176 1420 178 
4 1425 1414 1426 176 
4 1425 1414 167 1427 
4 1414 1427 150 167 
4 150 1427 1414 1426 
4 1430 1417 1428 1416 
4 1417 1416 1430 165 
4 1417 167 169 1429 
4 167 166 1417 165 
4 1417 1413 1424 1416 
4 1428 1417 1424 1416 
4 1425 1424 1428 1417 
4 1417 1425 1424 1413 
4 1425 1417 1428 1431 
4 1417 1431 1429 1428 
4 1429 1431 1417 167 
4 167 1417 1425 1431 
4 1420 177 176 175 
4 1420 176 177 178 
4 1420 1425 1424 1432 
4 1420 1432 1424 1418 
4 1420 1418 1424 1413 
4 1420 1413 1424 1425 
4 1420 177 1433 1418 
4 1420 1418 1433 1432 
4 1420 1432 1433 175 
4 1420 175 1433 177 
4 1432 1420 1434 175 
4 1432 1425 1434 1420 
4 1434 1420 1425 176 
4 1434 175 1420 176 
4 1435 1424 1428 1436 
4 1435 1424 1436 1422 
4 1424 1422 1435 1416 
4 1428 1424 1435 1416 
4 1424 1418 1437 1422 
4 1436 1424 1437 1422 
4 1436 1432 1437 1424 
4 1424 1432 1437 1418 
4 1436 1438 1432 1439 
4 1424 1439 1428 1436 
4 1428 1424 1425 1439 
4 1439 1425 1432 1424 
4 1425 176 1426 1434 
4 176 1434 172 1426 
4 1432 1438 1440 1434 
4 1425 1438 1432 1434 
4 1432 175 1434 1441 
4 1440 1442 1432 1434 
4 175 1441 173 1434 
4 1436 1443 1432 1438 
4 1432 1443 1440 1438 
4 1219 141 1221 1444 
4 1219 1444 1221 1218 
4 1219 1218 1221 142 
4 1219 142 1221 141 
4 1219 141 63 142 
4 1219 63 141 132 
4 1219 1080 1223 1218 
4 1219 1218 1223 1444 
4 1219 1444 1223 1386 
4 1219 1386 1223 1080 
4 1219 1386 1392 1444 
4 1219 1444 1392 141 
4 1219 141 1392 132 
4 1219 132 1392 1386 
4 1221 138 1242 1445 
4 1221 1445 1242 1220 
4 1221 1220 1242 137 
4 1221 137 1242 138 
4 1221 141 137 138 
4 1221 137 141 142 
4 1221 1218 1227 1220 
4 1221 1220 1227 1445 
4 1221 1445 1227 1444 
4 1221 1444 1227 1218 
4 1221 1444 1446 1445 
4 1221 1445 1446 138 
4 1221 138 1446 141 
4 1221 141 1446 1444 
4 1223 1444 1227 1447 
4 1223 1447 1227 1222 
4 1223 1222 1227 1218 
4 1223 1218 1227 1444 
4 1223 1086 1291 1222 
4 1223 1222 1291 1447 
4 1223 1447 1291 1389 
4 1223 1389 1291 1086 
4 1223 1389 1394 1447 
4 1223 1447 1394 1444 
4 1223 1444 1394 1386 
4 1223 1386 1394 1389 
4 1227 1445 1253 1448 
4 1227 1448 1253 1225 
4 1227 1225 1253 1220 
4 1227 1220 1253 1445 
4 1227 1222 1293 1225 
4 1227 1225 1293 1448 
4 1227 1448 1293 1447 
4 1227 1447 1293 1222 
4 1227 1447 1449 1448 
4 1227 1448 1449 1445 
4 1227 1445 1449 1444 
4 1227 1444 1449 1447 
4 1392 192 1446 1444 
4 1392 1444 1446 141 
4 144 1451 1392 1391 
4 133 141 1392 144 
4 1392 1386 1394 1444 
4 1392 1444 1394 192 
4 1392 192 1394 164 
4 1392 164 1394 1386 
4 1392 1451 192 1391 
4 164 1391 1392 192 
4 1360 187 1446 1452 
4 1446 1445 187 1358 
4 1446 1445 1358 138 
4 1446 1358 136 138 
4 136 1452 1446 143 
4 1446 141 143 145 
4 1446 1444 1449 1445 
4 187 1446 1449 1445 
4 1449 1446 187 192 
4 1446 192 1449 1444 
4 1446 187 192 1452 
4 192 1450 1446 1452 
4 1394 192 1449 188 
4 1394 188 1449 1447 
4 1394 1447 1449 1444 
4 1394 1444 1449 192 
4 1394 1389 1415 1447 
4 1394 1447 1415 188 
4 1394 188 1415 165 
4 1394 165 1415 1389 
4 1394 165 192 188 
4 1394 192 165 164 
4 186 1449 1453 187 
4 1453 1449 186 1448 
4 1449 1448 1453 1445 
4 187 1449 1453 1445 
4 1449 1447 1454 1448 
4 186 1449 1454 1448 
4 1454 1449 186 188 
4 1449 188 1454 1447 
4 186 192 1449 187 
4 1449 192 186 188 
4 1242 1350 1250 1455 
4 1242 1455 1250 1241 
4 1242 1241 1250 912 
4 1242 912 1250 1350 
4 1242 1220 1253 1241 
4 1242 1241 1253 1455 
4 1242 1455 1253 1445 
4 1242 1445 1253 1220 
4 1242 1445 1358 1455 
4 1242 1455 1358 1350 
4 1242 1350 1358 138 
4 1242 138 1358 1445 
4 1250 1353 1456 1457 
4 1250 1457 1456 1458 
4 1250 1458 1456 1459 
4 1250 1459 1456 1245 
4 1250 1245 1456 1243 
4 1250 1243 1456 915 
4 1250 915 1456 1354 
4 1250 1354 1456 1353 
4 1250 1241 1258 1245 
4 1250 1245 1258 1459 
4 1250 1459 1258 1458 
4 1250 1458 1258 1455 
4 1250 1455 1258 1241 
4 1250 1455 1363 1458 
4 1250 1458 1363 1457 
4 1250 1457 1363 1353 
4 1250 1353 1363 1350 
4 1250 1350 1363 1455 
4 1253 1455 1258 1460 
4 1253 1460 1258 1251 
4 1253 1251 1258 1241 
4 1253 1241 1258 1455 
4 1253 1225 1312 1251 
4 1253 1251 1312 1460 
4 1253 1460 1312 1448 
4 1253 1448 1312 1225 
4 1253 1448 1453 1460 
4 1253 1460 1453 1455 
4 1253 1455 1453 1445 
4 1253 1445 1453 1448 
4 1258 1458 1461 1462 
4 1258 1462 1461 1463 
4 1258 1463 1461 1464 
4 1258 1464 1461 1256 
4 1258 1256 1461 1255 
4 1258 1255 1461 1245 
4 1258 1245 1461 1459 
4 1258 1459 1461 1458 
4 1258 1251 1315 1256 
4 1258 1256 1315 1464 
4 1258 1464 1315 1463 
4 1258 1463 1315 1460 
4 1258 1460 1315 1251 
4 1258 1460 1465 1463 
4 1258 1463 1465 1462 
4 1258 1462 1465 1458 
4 1258 1458 1465 1455 
4 1258 1455 1465 1460 
4 1358 1455 1363 1350 
4 1358 1445 1453 1455 
4 1455 1453 1466 1469 
4 187 1445 1453 1358 
4 1358 1466 187 1470 
4 1359 1466 1358 1470 
4 1358 1470 1360 1359 
4 1360 1470 1358 187 
4 1363 1477 1478 1458 
4 1363 1458 1478 1457 
4 1363 1457 1478 1353 
4 1361 1363 1478 1353 
4 1363 1455 1465 1458 
4 1363 1458 1465 1477 
4 1477 1465 1474 1479 
4 1481 1474 1363 1468 
4 1363 1474 1481 1472 
4 1364 1472 1363 1481 
4 1363 1481 1365 1364 
4 1363 1468 1365 1481 
4 1453 1482 1465 1460 
4 1453 1460 1465 1455 
4 1453 1448 1483 1460 
4 1453 1460 1483 1482 
4 1483 1482 186 1453 
4 1483 1453 186 1448 
4 186 1453 1482 1484 
4 1482 1453 1469 1484 
4 1453 1484 187 1469 
4 1453 1484 186 187 
4 1465 1491 1492 1463 
4 1465 1463 1492 1462 
4 1465 1462 1492 1458 
4 1465 1458 1492 1477 
4 1465 1460 1493 1463 
4 1465 1463 1493 1491 
4 1465 1482 1493 1460 
4 1482 1465 1488 1495 
4 1465 1495 1486 1488 
4 1465 1495 1479 1486 
4 1465 1495 1480 1479 
4 1480 1465 1482 1495 
4 1291 1447 1293 1496 
4 1291 1496 1293 1289 
4 1291 1289 1293 1222 
4 1291 1222 1293 1447 
4 1296 1291 1140 1289 
4 1291 1289 1296 1496 
4 1291 1496 1296 1407 
4 1140 1296 1407 1291 
4 1291 1407 1415 1496 
4 1291 1496 1415 1447 
4 1291 1447 1415 1389 
4 1291 1389 1415 1407 
4 1293 1448 1312 1497 
4 1293 1497 1312 1292 
4 1293 1292 1312 1225 
4 1293 1225 1312 1448 
4 1293 1289 1300 1292 
4 1293 1292 1300 1497 
4 1293 1497 1300 1496 
4 1293 1496 1300 1289 
4 1293 1496 1454 1497 
4 1293 1497 1454 1448 
4 1293 1448 1454 1447 
4 1293 1447 1454 1496 
4 1296 1496 1300 1498 
4 1296 1498 1300 1294 
4 1296 1294 1300 1289 
4 1296 1289 1300 1496 
4 1296 1294 1147 1499 
4 1498 1296 1499 1294 
4 1498 1410 1499 1296 
4 1410 1296 1147 1499 
4 1296 1410 1421 1498 
4 1296 1498 1421 1496 
4 1296 1496 1421 1407 
4 1296 1407 1421 1410 
4 1300 1497 1318 1500 
4 1300 1500 1318 1298 
4 1300 1298 1318 1292 
4 1300 1292 1318 1497 
4 1300 1294 1501 1298 
4 1300 1298 1501 1500 
4 1300 1500 1501 1498 
4 1300 1498 1501 1294 
4 1300 1498 1502 1500 
4 1300 1500 1502 1497 
4 1300 1497 1502 1496 
4 1300 1496 1502 1498 
4 1415 188 1454 1503 
4 1415 1503 1454 1496 
4 1415 1496 1454 1447 
4 1415 1447 1454 188 
4 1415 1407 1421 1496 
4 1415 1496 1421 1503 
4 1415 1503 1421 1416 
4 1415 1416 1421 1407 
4 1415 1416 1430 1503 
4 1415 1503 1430 188 
4 1415 188 1430 165 
4 1415 165 1430 1416 
4 1504 1483 186 1454 
4 1454 1504 1483 1497 
4 1454 1497 1483 1448 
4 186 1454 1483 1448 
4 1454 1496 1502 1497 
4 1454 1497 1502 1504 
4 1454 1504 1502 1503 
4 1454 1503 1502 1496 
4 1504 1503 1505 1506 
4 186 1507 1504 1505 
4 186 1505 1454 1508 
4 1503 1454 1508 188 
4 1421 1503 1502 1509 
4 1421 1509 1502 1498 
4 1421 1498 1502 1496 
4 1421 1496 1502 1503 
4 1421 1410 1510 1498 
4 1421 1498 1510 1509 
4 1421 1509 1510 1422 
4 1421 1422 1510 1410 
4 1421 1422 1435 1509 
4 1421 1509 1435 1503 
4 1421 1503 1435 1416 
4 1421 1416 1435 1422 
4 1502 1504 1511 1512 
4 1502 1512 1511 1500 
4 1502 1500 1511 1497 
4 1502 1497 1511 1504 
4 1502 1498 1513 1500 
4 1502 1500 1513 1512 
4 1502 1512 1513 1509 
4 1502 1509 1513 1498 
4 1502 1509 1514 1512 
4 1502 1512 1514 1504 
4 1502 1504 1514 1503 
4 1502 1503 1514 1509 
4 1312 1460 1315 1515 
4 1312 1515 1315 1311 
4 1312 1311 1315 1251 
4 1312 1251 1315 1460 
4 1312 1292 1318 1311 
4 1312 1311 1318 1515 
4 1312 1515 1318 1497 
4 1312 1497 1318 1292 
4 1312 1497 1483 1515 
4 1312 1515 1483 1460 
4 1312 1460 1483 1448 
4 1312 1448 1483 1497 
4 1315 1463 1516 1517 
4 1315 1517 1516 1314 
4 1315 1314 1516 1256 
4 1315 1256 1516 1464 
4 1315 1464 1516 1463 
4 1315 1311 1322 1314 
4 1315 1314 1322 1517 
4 1315 1517 1322 1515 
4 1315 1515 1322 1311 
4 1315 1515 1493 1517 
4 1315 1517 1493 1463 
4 1315 1463 1493 1460 
4 1315 1460 1493 1515 
4 1318 1515 1322 1518 
4 1318 1518 1322 1316 
4 1318 1316 1322 1311 
4 1318 1311 1322 1515 
4 1318 1298 1519 1316 
4 1318 1316 1519 1518 
4 1318 1518 1519 1500 
4 1318 1500 1519 1298 
4 1318 1500 1511 1518 
4 1318 1518 1511 1515 
4 1318 1515 1511 1497 
4 1318 1497 1511 1500 
4 1322 1517 1520 1521 
4 1322 1521 1520 1320 
4 1322 1320 1520 1314 
4 1322 1314 1520 1517 
4 1322 1316 1522 1320 
4 1322 1320 1522 1521 
4 1322 1521 1522 1518 
4 1322 1518 1522 1316 
4 1322 1518 1523 1521 
4 1322 1521 1523 1517 
4 1322 1517 1523 1515 
4 1322 1515 1523 1518 
4 1483 1482 1493 1524 
4 1483 1524 1493 1515 
4 1483 1515 1493 1460 
4 1483 1460 1493 1482 
4 1483 1497 1511 1515 
4 1483 1515 1511 1524 
4 1483 1524 1511 1504 
4 1483 1504 1511 1497 
4 1524 1504 1525 1526 
4 1524 1483 1482 1525 
4 1483 1525 186 1482 
4 1504 1526 186 1525 
4 1493 1517 1527 1463 
4 1493 1463 1527 1491 
4 1493 1515 1523 1517 
4 1493 1524 1523 1515 
4 1524 1493 1528 1531 
4 1493 1531 1494 1528 
4 1493 1531 1482 1494 
4 1482 1493 1524 1531 
4 1532 1523 1524 1511 
4 1532 1518 1523 1511 
4 1511 1518 1523 1515 
4 1511 1515 1523 1524 
4 1511 1500 1533 1518 
4 1533 1518 1532 1511 
4 1533 1511 1532 1512 
4 1511 1512 1533 1500 
4 1532 1512 1511 1534 
4 1532 1511 1524 1535 
4 1524 1511 1536 1535 
4 1536 1512 1511 1504 
4 1539 1523 1537 1521 
4 1523 1521 1539 1517 
4 1523 1518 1540 1521 
4 1537 1523 1540 1521 
4 1532 1523 1540 1537 
4 1540 1523 1532 1518 
4 1532 1541 1523 1537 
4 1523 1541 1530 1537 
4 1530 1523 1524 1541 
4 1524 1523 1532 1541 
4 1508 1506 1503 1430 
4 190 188 1430 1508 
4 189 188 1430 190 
4 169 165 1430 189 
4 1430 1416 1435 1503 
4 1503 1435 1430 1542 
4 1435 1430 1428 1416 
4 186 1526 1504 1507 
4 1435 1509 1514 1503 
4 1435 1422 1547 1509 
4 1547 1435 1436 1422 
4 1435 1545 1436 1549 
4 1435 1545 1549 1542 
4 1428 1542 1435 1549 
4 1428 1549 1435 1436 
4 1534 1512 1514 1550 
4 1536 1512 1514 1534 
4 1514 1504 1536 1543 
4 1551 1512 1514 1509 
4 1550 1512 1514 1551 
4 1514 1509 1546 1551 
4 1524 1504 1526 1536 
4 1532 1552 1512 1534 
4 1534 1552 1512 1550 
4 905 906 1553 916 
4 908 916 906 905 
4 905 1346 1553 906 
4 1555 1556 1554 1557 
4 1555 1556 917 1244 
4 918 1244 915 917 
4 1559 1560 1561 1562 
4 1554 1560 1561 1559 
4 1561 1563 1554 1559 
4 1561 1563 1559 1562 
4 1565 1567 1568 1566 
4 1568 1572 1566 1567 
4 1568 1573 1566 1574 
4 1561 1575 1562 1560 
4 1554 1575 1561 1560 
4 1566 1573 1568 1564 
4 1576 1568 1254 1572 
4 1577 1576 1254 1578 
4 1577 1579 1254 1580 
4 1254 1572 1568 1567 
4 1254 1577 1313 1582 
4 1254 1582 1313 1256 
4 1254 1256 1313 1239 
4 1254 1256 1583 1582 
4 1254 1582 1583 1577 
4 1254 1577 1583 1576 
4 1254 1576 1583 1568 
4 1254 1568 1583 1584 
4 1254 1584 1583 1245 
4 1254 1245 1583 1255 
4 1254 1255 1583 1256 
4 1585 1586 1587 1588 
4 1587 1586 1579 1589 
4 1580 1589 1577 1579 
4 1587 1577 1579 1590 
4 1587 1590 1585 1588 
4 1572 1590 1568 1574 
4 1576 1568 1572 1590 
4 1577 1576 1578 1590 
4 1304 1307 1303 1302 
4 1595 1577 1596 1589 
4 1597 1595 1596 1598 
4 1596 1591 1597 1599 
4 1581 1591 1313 1596 
4 1581 1589 1577 1580 
4 1591 1313 1319 1303 
4 1597 1319 1591 1313 
4 1313 1597 1319 1314 
4 1313 1314 1319 1303 
4 1313 1314 1516 1597 
4 1313 1597 1516 1595 
4 1313 1595 1516 1577 
4 1313 1577 1516 1582 
4 1313 1582 1516 1256 
4 1313 1256 1516 1314 
4 1603 1602 1599 1604 
4 1597 1604 1599 1591 
4 1609 1597 1610 1604 
4 1611 1609 1610 1612 
4 1611 1613 1593 1614 
4 1319 1610 1591 1593 
4 1597 1604 1591 1610 
4 1308 1615 1319 1593 
4 1593 1616 1611 1614 
4 1617 1616 1611 1615 
4 1308 1320 1319 1617 
4 1319 1320 1520 1611 
4 1319 1611 1520 1609 
4 1319 1609 1520 1597 
4 1319 1597 1520 1314 
4 1319 1314 1520 1320 
4 1614 1620 1611 1613 
4 1346 906 1352 1553 
4 1553 1352 1346 1631 
4 1346 1347 1352 906 
4 1563 1633 1634 1352 
4 1634 1554 1563 1352 
4 1554 1553 1563 1352 
4 1563 1352 1553 1631 
4 1352 915 1635 1555 
4 1352 1555 1635 1554 
4 1352 1554 1635 1634 
4 1352 1634 1635 1633 
4 1352 1633 1635 1636 
4 1352 1636 1635 1353 
4 1352 1353 1635 1354 
4 1352 1354 1635 915 
4 1636 1352 1362 1353 
4 1636 1637 1638 1639 
4 1638 1632 1633 1639 
4 1347 1631 1352 1638 
4 1347 1638 1352 1362 
4 1554 1561 1640 1563 
4 1640 1633 1563 1644 
4 1640 1634 1563 1633 
4 1640 1634 1554 1563 
4 1633 1645 1563 1644 
4 1563 1645 1633 1632 
4 1633 1645 1639 1632 
4 1636 1353 1362 1646 
4 1636 1647 1639 1648 
4 1633 1648 1639 1649 
4 1362 1646 1353 1361 
4 1644 1650 1633 1645 
4 1645 1650 1633 1649 
4 1652 1651 1571 1653 
4 1653 1654 1652 1651 
4 1653 1655 1652 1654 
4 1571 1655 1652 1653 
4 1516 1656 1657 1658 
4 1516 1658 1657 1659 
4 1516 1659 1657 1660 
4 1516 1660 1657 1597 
4 1516 1597 1657 1595 
4 1516 1595 1657 1577 
4 1516 1577 1657 1661 
4 1516 1661 1657 1656 
4 1516 1463 1662 1663 
4 1516 1663 1662 1656 
4 1516 1656 1662 1661 
4 1516 1661 1662 1577 
4 1516 1577 1662 1582 
4 1516 1582 1662 1256 
4 1516 1256 1662 1464 
4 1516 1464 1662 1463 
4 1516 1314 1520 1597 
4 1516 1597 1520 1660 
4 1516 1660 1520 1659 
4 1516 1659 1520 1517 
4 1516 1517 1520 1314 
4 1516 1517 1527 1659 
4 1516 1659 1527 1658 
4 1516 1658 1527 1656 
4 1516 1656 1527 1663 
4 1516 1663 1527 1463 
4 1516 1463 1527 1517 
4 1520 1659 1664 1665 
4 1520 1665 1664 1666 
4 1520 1666 1664 1667 
4 1520 1667 1664 1611 
4 1520 1611 1664 1609 
4 1520 1609 1664 1597 
4 1520 1597 1664 1660 
4 1520 1660 1664 1659 
4 1520 1320 1668 1611 
4 1520 1611 1668 1667 
4 1520 1667 1668 1666 
4 1520 1666 1668 1521 
4 1520 1521 1668 1320 
4 1520 1521 1539 1666 
4 1520 1666 1539 1665 
4 1520 1665 1539 1659 
4 1520 1659 1539 1517 
4 1520 1517 1539 1521 
4 1527 1659 1671 1669 
4 1527 1658 1659 1669 
4 1527 1656 1658 1669 
4 1672 1656 1527 1669 
4 1527 1672 1676 1656 
4 1527 1656 1676 1663 
4 1527 1663 1676 1463 
4 1527 1463 1676 1491 
4 1527 1517 1539 1659 
4 1527 1659 1539 1671 
4 1671 1539 1527 1677 
4 1681 1666 1684 1539 
4 1539 1666 1684 1665 
4 1539 1665 1684 1659 
4 1539 1659 1684 1671 
4 1666 1539 1685 1521 
4 1681 1686 1666 1687 
4 1539 1687 1682 1681 
4 1539 1687 1537 1682 
4 1537 1687 1539 1685 
4 1539 1682 1537 1688 
4 1539 1682 1688 1679 
4 1539 1679 1688 1677 
4 1538 1677 1539 1688 
4 1538 1688 1539 1537 
4 1692 1693 1694 1695 
4 1692 1695 1694 1696 
4 1692 1696 1694 1697 
4 1692 1697 1694 1698 
4 1698 1694 1629 1689 
4 1699 1700 1692 1701 
4 1703 1702 1627 1704 
4 1692 1699 1628 1627 
4 1692 1705 1628 1699 
4 1699 1701 1692 1705 
4 1692 1697 1706 1707 
4 1692 1698 1706 1697 
4 1692 1720 1721 1695 
4 1692 1695 1721 1693 
4 1720 1695 1722 1723 
4 1720 1724 1700 1719 
4 1692 1722 1701 1700 
4 1701 1692 1707 1722 
4 1722 1697 1707 1725 
4 1697 1725 1722 1726 
4 1696 1726 1722 1723 
4 1704 1727 1703 1702 
4 1735 1736 1732 1737 
4 1733 1738 1739 1740 
4 1739 1738 1734 1741 
4 1731 1741 1742 1734 
4 1739 1743 1733 1740 
4 1733 1739 1735 1743 
4 1697 1744 1726 1745 
4 1696 1745 1723 1746 
4 1723 1747 1695 1746 
4 1725 1697 1707 1748 
4 1697 1748 1725 1749 
4 1720 1695 1723 1750 
4 1719 1751 1720 1724 
4 1723 1750 1695 1747 
4 1743 1739 1735 1752 
4 1743 1753 1739 1752 
4 1740 1754 1739 1743 
4 1743 1754 1739 1753 
4 225 1755 578 577 
4 578 231 225 577 
4 578 576 582 1756 
4 578 1756 582 209 
4 578 209 582 202 
4 578 202 582 576 
4 578 209 1758 1756 
4 578 1756 1758 225 
4 204 577 578 210 
4 578 209 210 211 
4 578 225 596 1756 
4 578 1756 596 576 
4 231 578 596 576 
4 225 578 596 231 
4 582 581 764 1759 
4 582 1759 764 194 
4 582 194 764 195 
4 582 195 764 581 
4 582 209 1760 194 
4 582 194 1760 1759 
4 582 1759 1760 1756 
4 582 1756 1760 209 
4 582 195 209 194 
4 582 209 195 202 
4 582 1756 600 1759 
4 582 1759 600 581 
4 582 581 600 576 
4 582 576 600 1756 
4 1758 1761 225 230 
4 225 1761 1758 1757 
4 1758 1756 1760 1762 
4 1758 1762 1760 206 
4 1758 206 1760 209 
4 1758 209 1760 1756 
4 1758 206 1764 1762 
4 1758 1762 1764 229 
4 207 209 1758 208 
4 211 1761 1758 208 
4 1758 229 1765 1762 
4 1758 1762 1765 1756 
4 1758 1756 1765 225 
4 1758 225 1765 229 
4 1760 1759 1766 1767 
4 1760 1767 1766 197 
4 1760 197 1766 194 
4 1760 194 1766 1759 
4 1760 206 1768 197 
4 1760 197 1768 1767 
4 1760 1767 1768 1762 
4 1760 1762 1768 206 
4 1760 209 197 194 
4 1760 197 209 206 
4 1760 1762 1769 1767 
4 1760 1767 1769 1759 
4 1760 1759 1769 1756 
4 1760 1756 1769 1762 
4 596 225 233 241 
4 596 225 231 233 
4 596 595 600 1770 
4 596 1770 600 1756 
4 596 1756 600 576 
4 596 576 600 595 
4 596 225 1765 1756 
4 596 1756 1765 1770 
4 596 1770 1765 241 
4 596 241 1765 225 
4 596 241 656 1770 
4 596 1770 656 595 
4 596 595 656 233 
4 596 233 656 241 
4 600 599 783 1771 
4 600 1771 783 1759 
4 600 1759 783 581 
4 600 581 783 599 
4 600 1756 1769 1759 
4 600 1759 1769 1771 
4 600 1771 1769 1770 
4 600 1770 1769 1756 
4 600 1770 659 1771 
4 600 1771 659 599 
4 600 599 659 595 
4 600 595 659 1770 
4 1765 225 238 229 
4 1765 238 225 241 
4 1765 1770 1769 1772 
4 1765 1772 1769 1762 
4 1765 1762 1769 1756 
4 1765 1756 1769 1770 
4 1765 229 1773 1762 
4 1765 1762 1773 1772 
4 1765 1772 1773 238 
4 1765 238 1773 229 
4 1765 238 1774 1772 
4 1765 1772 1774 1770 
4 1765 1770 1774 241 
4 1765 241 1774 238 
4 1769 1771 1775 1776 
4 1769 1776 1775 1767 
4 1769 1767 1775 1759 
4 1769 1759 1775 1771 
4 1769 1762 1777 1767 
4 1769 1767 1777 1776 
4 1769 1776 1777 1772 
4 1769 1772 1777 1762 
4 1769 1772 1778 1776 
4 1769 1776 1778 1771 
4 1769 1771 1778 1770 
4 1769 1770 1778 1772 
4 1763 244 1764 1779 
4 230 244 1764 1763 
4 1764 1762 1768 1780 
4 1764 1780 1768 221 
4 1764 221 1768 206 
4 1764 206 1768 1762 
4 1764 221 1781 1780 
4 1781 1780 244 1764 
4 207 1763 1764 222 
4 1764 221 222 223 
4 1780 1773 244 1764 
4 1764 1780 1773 1762 
4 1764 1762 1773 229 
4 244 1764 1773 229 
4 1768 1767 1782 1783 
4 1768 1783 1782 212 
4 1768 212 1782 197 
4 1768 197 1782 1767 
4 1768 221 1784 212 
4 1768 212 1784 1783 
4 1768 1783 1784 1780 
4 1768 1780 1784 221 
4 1768 197 221 212 
4 1768 221 197 206 
4 1768 1780 1777 1783 
4 1768 1783 1777 1767 
4 1768 1767 1777 1762 
4 1768 1762 1777 1780 
4 1781 1780 1784 260 
4 1781 260 1784 219 
4 1781 219 1784 221 
4 1781 221 1784 1780 
4 1781 260 219 261 
4 1781 260 261 262 
4 219 221 1781 220 
4 1781 221 223 220 
4 1781 260 1786 1780 
4 244 1781 1786 1780 
4 1784 1783 1787 256 
4 1784 256 1787 214 
4 1784 214 1787 212 
4 1784 212 1787 1783 
4 1784 214 260 256 
4 1784 260 214 219 
4 1784 221 214 212 
4 1784 214 221 219 
4 1784 260 1788 256 
4 1784 256 1788 1783 
4 1784 1783 1788 1780 
4 1784 1780 1788 260 
4 1773 243 244 238 
4 244 229 1773 238 
4 1773 1772 1777 1789 
4 1773 1789 1777 1780 
4 1773 1780 1777 1762 
4 1773 1762 1777 1772 
4 244 1780 1786 1773 
4 1773 1780 1786 1789 
4 1773 1789 1786 243 
4 244 1773 1786 243 
4 1773 243 1790 1789 
4 1773 1789 1790 1772 
4 1773 1772 1790 238 
4 1773 238 1790 243 
4 1777 1776 1791 1792 
4 1777 1792 1791 1783 
4 1777 1783 1791 1767 
4 1777 1767 1791 1776 
4 1777 1780 1788 1783 
4 1777 1783 1788 1792 
4 1777 1792 1788 1789 
4 1777 1789 1788 1780 
4 1777 1789 1793 1792 
4 1777 1792 1793 1776 
4 1777 1776 1793 1772 
4 1777 1772 1793 1789 
4 1786 1785 244 1794 
4 1786 1794 244 246 
4 1786 1789 1788 259 
4 1786 259 1788 260 
4 1786 260 1788 1780 
4 1786 1780 1788 1789 
4 257 260 1786 258 
4 258 1785 1786 1794 
4 1786 259 1796 1789 
4 1786 1789 1796 243 
4 1788 1792 1797 252 
4 1788 252 1797 256 
4 1788 256 1797 1783 
4 1788 1783 1797 1792 
4 1788 260 252 256 
4 1788 252 260 259 
4 1788 259 1798 252 
4 1788 252 1798 1792 
4 1788 1792 1798 1789 
4 1788 1789 1798 259 
4 656 233 1799 241 
4 656 1799 233 273 
4 656 655 659 1800 
4 656 1800 659 1770 
4 656 1770 659 595 
4 656 595 659 655 
4 656 241 1774 1770 
4 656 1770 1774 1800 
4 656 1800 1774 1799 
4 656 1799 1774 241 
4 656 1799 667 1800 
4 656 1800 667 655 
4 656 655 667 273 
4 656 273 667 1799 
4 659 658 996 1801 
4 659 1801 996 1771 
4 659 1771 996 599 
4 659 599 996 658 
4 659 1770 1778 1771 
4 659 1771 1778 1801 
4 659 1801 1778 1800 
4 659 1800 1778 1770 
4 659 1800 671 1801 
4 659 1801 671 658 
4 659 658 671 655 
4 659 655 671 1800 
4 1774 238 1799 276 
4 1774 1799 238 241 
4 1774 1800 1778 1802 
4 1774 1802 1778 1772 
4 1774 1772 1778 1770 
4 1774 1770 1778 1800 
4 1774 238 1790 1772 
4 1774 1772 1790 1802 
4 1774 1802 1790 276 
4 1774 276 1790 238 
4 1774 276 1803 1802 
4 1774 1802 1803 1800 
4 1774 1800 1803 1799 
4 1774 1799 1803 276 
4 1778 1801 1804 1805 
4 1778 1805 1804 1776 
4 1778 1776 1804 1771 
4 1778 1771 1804 1801 
4 1778 1772 1793 1776 
4 1778 1776 1793 1805 
4 1778 1805 1793 1802 
4 1778 1802 1793 1772 
4 1778 1802 1806 1805 
4 1778 1805 1806 1801 
4 1778 1801 1806 1800 
4 1778 1800 1806 1802 
4 667 1799 21 294 
4 667 21 1799 273 
4 667 666 671 1807 
4 667 1807 671 1800 
4 667 1800 671 655 
4 667 655 671 666 
4 667 1799 1803 1800 
4 667 1800 1803 1807 
4 667 1807 1803 294 
4 667 294 1803 1799 
4 667 294 705 1807 
4 667 1807 705 666 
4 667 666 705 21 
4 667 21 705 294 
4 671 670 1014 1808 
4 671 1808 1014 1801 
4 671 1801 1014 658 
4 671 658 1014 670 
4 671 1800 1806 1801 
4 671 1801 1806 1808 
4 671 1808 1806 1807 
4 671 1807 1806 1800 
4 671 1807 709 1808 
4 671 1808 709 670 
4 671 670 709 666 
4 671 666 709 1807 
4 1803 1799 280 276 
4 1803 280 1799 294 
4 1803 1807 1806 318 
4 1803 318 1806 1802 
4 1803 1802 1806 1800 
4 1803 1800 1806 1807 
4 1803 276 1809 1802 
4 1803 1802 1809 318 
4 1803 318 1809 280 
4 1803 280 1809 276 
4 1803 280 1810 318 
4 1803 318 1810 1807 
4 1803 1807 1810 294 
4 1803 294 1810 280 
4 1806 1808 1811 314 
4 1806 314 1811 1805 
4 1806 1805 1811 1801 
4 1806 1801 1811 1808 
4 1806 1802 1812 1805 
4 1806 1805 1812 314 
4 1806 314 1812 318 
4 1806 318 1812 1802 
4 1806 318 1813 314 
4 1806 314 1813 1808 
4 1806 1808 1813 1807 
4 1806 1807 1813 318 
4 1790 238 284 243 
4 1790 284 238 276 
4 1790 1802 1793 1814 
4 1790 1814 1793 1789 
4 1790 1789 1793 1772 
4 1790 1772 1793 1802 
4 1790 243 1796 1789 
4 1790 1789 1796 1814 
4 1790 1814 1796 284 
4 1790 284 1796 243 
4 1790 284 1809 1814 
4 1790 1814 1809 1802 
4 1790 1802 1809 276 
4 1790 276 1809 284 
4 1793 1805 1815 1816 
4 1793 1816 1815 1792 
4 1793 1792 1815 1776 
4 1793 1776 1815 1805 
4 1793 1789 1798 1792 
4 1793 1792 1798 1816 
4 1793 1816 1798 1814 
4 1793 1814 1798 1789 
4 1793 1814 1812 1816 
4 1793 1816 1812 1805 
4 1793 1805 1812 1802 
4 1793 1802 1812 1814 
4 286 285 1796 1795 
4 246 284 1796 286 
4 1796 1814 1798 330 
4 1796 330 1798 259 
4 1796 259 1798 1789 
4 1796 1789 1798 1814 
4 257 1795 1796 331 
4 1796 330 331 285 
4 1817 1796 285 330 
4 1796 330 1817 1814 
4 1796 1814 1817 284 
4 285 1796 1817 284 
4 1798 1816 1818 329 
4 1798 329 1818 252 
4 1798 252 1818 1792 
4 1798 1792 1818 1816 
4 1798 252 330 329 
4 1798 330 252 259 
4 1798 330 1819 329 
4 1798 329 1819 1816 
4 1798 1816 1819 1814 
4 1798 1814 1819 330 
4 1809 284 280 287 
4 1809 280 284 276 
4 1809 318 1812 322 
4 1809 322 1812 1814 
4 1809 1814 1812 1802 
4 1809 1802 1812 318 
4 1809 284 1817 1814 
4 1809 1814 1817 322 
4 1809 322 1817 287 
4 1809 287 1817 284 
4 1809 322 280 318 
4 1809 280 322 287 
4 1812 314 1820 313 
4 1812 313 1820 1816 
4 1812 1816 1820 1805 
4 1812 1805 1820 314 
4 1812 1814 1819 1816 
4 1812 1816 1819 313 
4 1812 313 1819 322 
4 1812 322 1819 1814 
4 1812 322 314 313 
4 1812 314 322 318 
4 1817 283 285 284 
4 1817 283 284 287 
4 1817 322 1819 320 
4 1817 320 1819 330 
4 1817 330 1819 1814 
4 1817 1814 1819 322 
4 1817 330 283 320 
4 283 330 1817 285 
4 1817 283 322 320 
4 1817 322 283 287 
4 1819 313 1821 312 
4 1819 312 1821 329 
4 1819 329 1821 1816 
4 1819 1816 1821 313 
4 1819 330 312 329 
4 1819 312 330 320 
4 1819 312 322 313 
4 1819 322 312 320 
4 705 21 290 294 
4 705 290 21 23 
4 705 704 709 1822 
4 705 1822 709 1807 
4 705 1807 709 666 
4 705 666 709 704 
4 705 294 1810 1807 
4 705 1807 1810 1822 
4 705 1822 1810 290 
4 705 290 1810 294 
4 705 290 716 1822 
4 705 1822 716 704 
4 705 704 716 23 
4 705 23 716 290 
4 709 708 1097 1823 
4 709 1823 1097 1808 
4 709 1808 1097 670 
4 709 670 1097 708 
4 709 1807 1813 1808 
4 709 1808 1813 1823 
4 709 1823 1813 1822 
4 709 1822 1813 1807 
4 709 1822 719 1823 
4 709 1823 719 708 
4 709 708 719 704 
4 709 704 719 1822 
4 1810 280 290 293 
4 1810 290 280 294 
4 1810 1822 1813 316 
4 1810 316 1813 318 
4 1810 318 1813 1807 
4 1810 1807 1813 1822 
4 1810 280 316 318 
4 1810 316 280 293 
4 1810 293 1824 316 
4 1810 316 1824 1822 
4 1810 1822 1824 290 
4 1810 290 1824 293 
4 1813 1823 1825 315 
4 1813 315 1825 314 
4 1813 314 1825 1808 
4 1813 1808 1825 1823 
4 1813 314 316 315 
4 1813 316 314 318 
4 1813 316 1826 315 
4 1813 315 1826 1823 
4 1813 1823 1826 1822 
4 1813 1822 1826 316 
4 716 290 25 291 
4 716 25 290 23 
4 716 449 719 453 
4 716 453 719 1822 
4 716 1822 719 704 
4 716 704 719 449 
4 716 290 1824 1822 
4 716 1822 1824 453 
4 716 453 1824 291 
4 716 291 1824 290 
4 716 453 25 449 
4 716 25 453 291 
4 719 446 1108 445 
4 719 445 1108 1823 
4 719 1823 1108 708 
4 719 708 1108 446 
4 719 1822 1826 1823 
4 719 1823 1826 445 
4 719 445 1826 453 
4 719 453 1826 1822 
4 719 453 446 445 
4 719 446 453 449 
4 1824 290 292 293 
4 1824 292 290 291 
4 1824 453 1826 317 
4 1824 317 1826 316 
4 1824 316 1826 1822 
4 1824 1822 1826 453 
4 1824 316 292 317 
4 1824 292 316 293 
4 1824 292 453 317 
4 1824 453 292 291 
4 1826 445 1827 307 
4 1826 307 1827 315 
4 1826 315 1827 1823 
4 1826 1823 1827 445 
4 1826 316 307 315 
4 1826 307 316 317 
4 1826 307 453 445 
4 1826 453 307 317 
4 1828 764 765 760 
4 358 1829 1828 1830 
4 764 1830 763 358 
4 764 1830 762 763 
4 358 764 1766 194 
4 1828 1766 358 764 
4 764 1828 1766 1759 
4 764 1759 1766 194 
4 356 195 764 358 
4 764 194 358 195 
4 764 1759 783 1828 
4 764 1828 783 760 
4 764 760 783 581 
4 764 581 783 1759 
4 1829 1831 1828 1832 
4 358 1831 1828 1829 
4 1828 786 1833 1834 
4 1831 1828 1835 1766 
4 1835 1766 357 1831 
4 357 1831 1766 358 
4 358 1766 1828 1831 
4 1766 197 1782 357 
4 1766 357 1782 1835 
4 1766 1835 1782 1767 
4 1766 1767 1782 197 
4 1766 357 358 197 
4 1766 197 358 194 
4 1766 1767 1775 1835 
4 1766 1835 1775 1828 
4 1766 1828 1775 1759 
4 1766 1759 1775 1767 
4 1837 1835 1831 1836 
4 1837 1835 357 1831 
4 1831 1835 1838 1836 
4 1838 1835 1831 1828 
4 783 782 786 1840 
4 783 1840 786 1828 
4 783 1828 786 760 
4 783 760 786 782 
4 783 1759 1775 1828 
4 783 1828 1775 1840 
4 783 1840 1775 1771 
4 783 1771 1775 1759 
4 783 1771 996 1840 
4 783 1840 996 782 
4 783 782 996 599 
4 783 599 996 1771 
4 1841 1842 784 1843 
4 1843 1844 1841 1842 
4 785 1834 786 1843 
4 786 1843 784 785 
4 786 1841 1838 1840 
4 786 1840 1838 1828 
4 786 1840 1000 1841 
4 786 1841 1000 784 
4 786 784 1000 782 
4 786 782 1000 1840 
4 1775 1840 1838 1845 
4 1775 1845 1838 1835 
4 1775 1835 1838 1828 
4 1775 1828 1838 1840 
4 1775 1767 1791 1835 
4 1775 1835 1791 1845 
4 1775 1845 1791 1776 
4 1775 1776 1791 1767 
4 1775 1776 1804 1845 
4 1775 1845 1804 1840 
4 1775 1840 1804 1771 
4 1775 1771 1804 1776 
4 1846 1841 1847 1838 
4 1847 1838 1836 1846 
4 1838 1846 1839 1836 
4 1839 1846 1841 1844 
4 1836 1838 1848 1835 
4 1836 1847 1848 1838 
4 1838 1847 1848 1845 
4 1838 1845 1848 1835 
4 1838 1845 1849 1847 
4 1838 1847 1849 1841 
4 1838 1841 1849 1840 
4 1838 1840 1849 1845 
4 1841 1846 1842 1844 
4 1841 1851 1852 1850 
4 1846 1853 1854 1847 
4 1854 1847 1836 1846 
4 1855 1853 1846 1847 
4 1846 1853 1855 1850 
4 1855 1841 1846 1850 
4 1855 1847 1846 1841 
4 1782 1835 1837 1859 
4 1782 1859 1837 1860 
4 1782 1860 1837 357 
4 1782 357 1837 1835 
4 1782 212 1787 1860 
4 1782 1860 1787 1859 
4 1782 1859 1787 1783 
4 1782 1783 1787 212 
4 1782 197 1860 357 
4 1782 1860 197 212 
4 1782 1783 1791 1859 
4 1782 1859 1791 1835 
4 1782 1835 1791 1767 
4 1782 1767 1791 1783 
4 1837 1861 1862 1859 
4 1837 1859 1862 1860 
4 366 1860 1837 365 
4 357 1860 1837 366 
4 1837 1859 1848 1861 
4 1836 1848 1861 1837 
4 1848 1837 1836 1835 
4 1837 1835 1848 1859 
4 1787 1859 1862 377 
4 1787 377 1862 361 
4 1787 361 1862 1860 
4 1787 1860 1862 1859 
4 1787 214 377 361 
4 1787 377 214 256 
4 1787 1860 214 361 
4 1787 214 1860 212 
4 1787 256 1797 377 
4 1787 377 1797 1859 
4 1787 1859 1797 1783 
4 1787 1783 1797 256 
4 379 377 1862 376 
4 364 377 1862 379 
4 365 1860 1862 363 
4 1862 1860 364 363 
4 376 1862 1863 377 
4 1863 1862 376 1861 
4 1862 1861 1863 1859 
4 1862 1859 1863 377 
4 1791 1845 1848 1864 
4 1791 1864 1848 1859 
4 1791 1859 1848 1835 
4 1791 1835 1848 1845 
4 1791 1783 1797 1859 
4 1791 1859 1797 1864 
4 1791 1864 1797 1792 
4 1791 1792 1797 1783 
4 1791 1792 1815 1864 
4 1791 1864 1815 1845 
4 1791 1845 1815 1776 
4 1791 1776 1815 1792 
4 1848 1847 1854 1865 
4 1848 1865 1854 1861 
4 1836 1854 1861 1848 
4 1854 1848 1836 1847 
4 1848 1859 1863 1861 
4 1848 1861 1863 1865 
4 1848 1865 1863 1864 
4 1848 1864 1863 1859 
4 1848 1864 1866 1865 
4 1848 1865 1866 1847 
4 1848 1847 1866 1845 
4 1848 1845 1866 1864 
4 1797 1864 1863 378 
4 1797 378 1863 377 
4 1797 377 1863 1859 
4 1797 1859 1863 1864 
4 1797 377 252 378 
4 1797 252 377 256 
4 1797 252 1818 378 
4 1797 378 1818 1864 
4 1797 1864 1818 1792 
4 1797 1792 1818 252 
4 1867 1863 1865 371 
4 376 371 1863 1867 
4 376 1867 1863 1861 
4 1861 1863 1865 1867 
4 376 377 1863 371 
4 1863 371 377 378 
4 1863 378 1868 371 
4 1863 371 1868 1865 
4 1863 1865 1868 1864 
4 1863 1864 1868 378 
4 1865 1869 1854 1867 
4 1865 1867 1854 1861 
4 1854 1865 1870 1869 
4 1870 1869 1853 1854 
4 1854 1853 1870 1847 
4 1854 1847 1870 1865 
4 1875 1865 1867 1869 
4 1867 1865 1875 371 
4 996 995 1000 1878 
4 996 1878 1000 1840 
4 996 1840 1000 782 
4 996 782 1000 995 
4 996 1771 1804 1840 
4 996 1840 1804 1878 
4 996 1878 1804 1801 
4 996 1801 1804 1771 
4 996 1801 1014 1878 
4 996 1878 1014 995 
4 996 995 1014 658 
4 996 658 1014 1801 
4 1000 999 1851 1879 
4 1000 1879 1851 1841 
4 1000 1841 1851 784 
4 1000 784 1851 999 
4 1000 1840 1849 1841 
4 1000 1841 1849 1879 
4 1000 1879 1849 1878 
4 1000 1878 1849 1840 
4 1000 1878 1018 1879 
4 1000 1879 1018 999 
4 1000 999 1018 995 
4 1000 995 1018 1878 
4 1804 1878 1849 1880 
4 1804 1880 1849 1845 
4 1804 1845 1849 1840 
4 1804 1840 1849 1878 
4 1804 1776 1815 1845 
4 1804 1845 1815 1880 
4 1804 1880 1815 1805 
4 1804 1805 1815 1776 
4 1804 1805 1811 1880 
4 1804 1880 1811 1878 
4 1804 1878 1811 1801 
4 1804 1801 1811 1805 
4 1849 1879 1855 1881 
4 1849 1881 1855 1847 
4 1849 1847 1855 1841 
4 1849 1841 1855 1879 
4 1849 1845 1866 1847 
4 1849 1847 1866 1881 
4 1849 1881 1866 1880 
4 1849 1880 1866 1845 
4 1849 1880 1882 1881 
4 1849 1881 1882 1879 
4 1849 1879 1882 1878 
4 1849 1878 1882 1880 
4 1014 1013 1018 1883 
4 1014 1883 1018 1878 
4 1014 1878 1018 995 
4 1014 995 1018 1013 
4 1014 1801 1811 1878 
4 1014 1878 1811 1883 
4 1014 1883 1811 1808 
4 1014 1808 1811 1801 
4 1014 1808 1097 1883 
4 1014 1883 1097 1013 
4 1014 1013 1097 670 
4 1014 670 1097 1808 
4 1018 1017 1039 1884 
4 1018 1884 1039 1879 
4 1018 1879 1039 999 
4 1018 999 1039 1017 
4 1018 1878 1882 1879 
4 1018 1879 1882 1884 
4 1018 1884 1882 1883 
4 1018 1883 1882 1878 
4 1018 1883 1885 1884 
4 1018 1884 1885 1017 
4 1018 1017 1885 1019 
4 1018 1019 1885 1013 
4 1018 1013 1885 1883 
4 1811 1883 1882 1886 
4 1811 1886 1882 1880 
4 1811 1880 1882 1878 
4 1811 1878 1882 1883 
4 1811 1805 1820 1880 
4 1811 1880 1820 1886 
4 1811 1886 1820 314 
4 1811 314 1820 1805 
4 1811 314 1825 1886 
4 1811 1886 1825 1883 
4 1811 1883 1825 1808 
4 1811 1808 1825 314 
4 1887 1884 1888 1882 
4 1887 1882 1888 1881 
4 1882 1881 1887 1879 
4 1884 1882 1887 1879 
4 1889 1881 1882 1880 
4 1888 1882 1889 1881 
4 1888 1886 1889 1882 
4 1889 1882 1886 1880 
4 1882 1886 1890 1888 
4 1882 1888 1890 1884 
4 1882 1884 1890 1883 
4 1882 1883 1890 1886 
4 1891 1892 1026 1893 
4 1893 1850 1891 1892 
4 1028 1850 1851 1893 
4 1028 1893 1851 1026 
4 1855 1841 1850 1851 
4 1891 1855 1850 1851 
4 1851 1891 1855 1879 
4 1851 1879 1855 1841 
4 1851 1879 1039 1891 
4 1026 1039 1891 1851 
4 1039 1851 1026 999 
4 1851 999 1039 1879 
4 1895 1897 1898 1896 
4 1891 1900 1899 1850 
4 1898 1894 1043 1895 
4 1855 1891 1900 1901 
4 1855 1901 1900 1853 
4 1850 1855 1900 1853 
4 1891 1900 1850 1855 
4 1855 1847 1870 1853 
4 1855 1853 1870 1901 
4 1855 1901 1870 1881 
4 1855 1881 1870 1847 
4 1887 1881 1901 1855 
4 1901 1891 1887 1855 
4 1891 1879 1887 1855 
4 1887 1879 1881 1855 
4 1877 1898 1902 1900 
4 1902 1877 1856 1903 
4 1900 1877 1858 1856 
4 1858 1877 1898 1897 
4 1900 1902 1904 1901 
4 1900 1901 1904 1853 
4 1900 1901 1905 1902 
4 1900 1902 1905 1898 
4 1900 1898 1905 1891 
4 1900 1891 1905 1901 
4 1906 1039 1043 1038 
4 1891 1043 1906 1039 
4 1026 1043 1891 1039 
4 1043 1039 1026 1038 
4 1887 1879 1891 1039 
4 1887 1039 1891 1906 
4 1884 1039 1887 1906 
4 1884 1879 1887 1039 
4 1906 1128 1884 1039 
4 1128 1039 1906 1038 
4 1039 1038 1128 1017 
4 1039 1017 1128 1884 
4 1043 1909 1907 1910 
4 1043 1910 1907 1898 
4 1043 1898 1907 1894 
4 1043 1891 1905 1898 
4 1043 1898 1905 1910 
4 1043 1910 1905 1909 
4 1909 1905 1043 1906 
4 1905 1891 1043 1906 
4 1909 1906 1043 1136 
4 1043 1908 1909 1136 
4 1043 1038 1044 1136 
4 1043 1038 1136 1906 
4 1887 1905 1911 1906 
4 1911 1905 1887 1901 
4 1887 1901 1905 1891 
4 1887 1891 1905 1906 
4 1912 1901 1887 1881 
4 1912 1911 1887 1901 
4 1887 1911 1912 1888 
4 1887 1888 1912 1881 
4 1913 1911 1887 1888 
4 1887 1911 1913 1906 
4 1913 1906 1884 1887 
4 1884 1888 1913 1887 
4 1905 1909 1914 1915 
4 1905 1915 1914 1902 
4 1905 1902 1914 1898 
4 1905 1898 1914 1910 
4 1905 1910 1914 1909 
4 1905 1901 1916 1902 
4 1905 1902 1916 1915 
4 1905 1915 1916 1911 
4 1905 1911 1916 1901 
4 1905 1911 1917 1915 
4 1905 1915 1917 1909 
4 1917 1909 1906 1905 
4 1906 1911 1917 1905 
4 1815 1880 1866 1918 
4 1815 1918 1866 1864 
4 1815 1864 1866 1845 
4 1815 1845 1866 1880 
4 1815 1792 1818 1864 
4 1815 1864 1818 1918 
4 1815 1918 1818 1816 
4 1815 1816 1818 1792 
4 1815 1816 1820 1918 
4 1815 1918 1820 1880 
4 1815 1880 1820 1805 
4 1815 1805 1820 1816 
4 1866 1881 1870 1919 
4 1866 1919 1870 1865 
4 1866 1865 1870 1847 
4 1866 1847 1870 1881 
4 1866 1864 1868 1865 
4 1866 1865 1868 1919 
4 1866 1919 1868 1918 
4 1866 1918 1868 1864 
4 1889 1918 1919 1866 
4 1919 1881 1889 1866 
4 1881 1880 1889 1866 
4 1889 1880 1918 1866 
4 1818 1918 1868 398 
4 1818 398 1868 378 
4 1818 378 1868 1864 
4 1818 1864 1868 1918 
4 1818 252 398 378 
4 1818 398 252 329 
4 1818 329 1821 398 
4 1818 398 1821 1918 
4 1818 1918 1821 1816 
4 1818 1816 1821 329 
4 1868 1919 1875 397 
4 1868 397 1875 371 
4 1868 371 1875 1865 
4 1868 1865 1875 1919 
4 1868 371 398 397 
4 1868 398 371 378 
4 1868 398 1920 397 
4 1868 397 1920 1919 
4 1868 1919 1920 1918 
4 1868 1918 1920 398 
4 1889 1886 1921 1820 
4 1921 1918 1889 1820 
4 1918 1880 1889 1820 
4 1889 1880 1886 1820 
4 1820 1816 1821 1918 
4 1820 1918 1821 1921 
4 1820 1921 1821 313 
4 1820 313 1821 1816 
4 1820 313 1922 1921 
4 1820 1921 1922 1886 
4 1820 1886 1922 314 
4 1820 314 1922 313 
4 1889 1912 1923 1888 
4 1889 1919 1923 1912 
4 1919 1912 1889 1881 
4 1912 1888 1889 1881 
4 1920 1919 1889 1918 
4 1889 1920 1923 1919 
4 1889 1921 1923 1920 
4 1921 1920 1889 1918 
4 1924 1923 1889 1921 
4 1889 1923 1924 1888 
4 1924 1888 1886 1889 
4 1886 1921 1924 1889 
4 1821 1921 1920 399 
4 1821 399 1920 398 
4 1821 398 1920 1918 
4 1821 1918 1920 1921 
4 1821 398 312 399 
4 1821 312 398 329 
4 1821 312 1925 399 
4 1821 399 1925 1921 
4 1821 1921 1925 313 
4 1821 313 1925 312 
4 1920 1923 1926 393 
4 1920 393 1926 397 
4 1920 397 1926 1919 
4 1920 1919 1926 1923 
4 1920 398 393 397 
4 1920 393 398 399 
4 1920 399 1927 393 
4 1920 393 1927 1923 
4 1920 1923 1927 1921 
4 1920 1921 1927 399 
4 1870 1901 1904 1928 
4 1869 1904 1928 1870 
4 1853 1870 1904 1869 
4 1870 1853 1904 1901 
4 1869 1870 1875 1865 
4 1928 1875 1869 1870 
4 1870 1928 1875 1919 
4 1870 1919 1875 1865 
4 1870 1919 1912 1928 
4 1870 1928 1912 1901 
4 1870 1901 1912 1881 
4 1870 1881 1912 1919 
4 1929 1902 1930 1931 
4 1929 1932 1873 1933 
4 1904 1930 1872 1873 
4 1872 1931 1902 1903 
4 1904 1929 1876 1928 
4 1869 1876 1928 1904 
4 1904 1928 1916 1929 
4 1904 1929 1916 1902 
4 1904 1902 1916 1901 
4 1904 1901 1916 1928 
4 1875 1928 1876 412 
4 1928 1876 1869 1875 
4 1875 412 383 371 
4 1875 412 371 397 
4 1875 397 1926 412 
4 1875 412 1926 1928 
4 1875 1928 1926 1919 
4 1875 1919 1926 397 
4 411 1934 1929 1876 
4 1876 1934 1929 1933 
4 1876 412 411 414 
4 1876 412 414 415 
4 1876 412 1935 411 
4 1876 411 1935 1929 
4 1876 1929 1935 1928 
4 1876 1928 1935 412 
4 1912 1911 1916 1936 
4 1912 1936 1916 1928 
4 1912 1928 1916 1901 
4 1912 1901 1916 1911 
4 1912 1919 1926 1928 
4 1912 1928 1926 1936 
4 1912 1936 1926 1923 
4 1912 1923 1926 1919 
4 1937 1923 1936 1912 
4 1937 1912 1936 1911 
4 1912 1911 1937 1888 
4 1923 1912 1937 1888 
4 1916 1915 1938 1939 
4 1916 1939 1938 1929 
4 1916 1929 1938 1902 
4 1916 1902 1938 1915 
4 1916 1928 1935 1929 
4 1916 1929 1935 1939 
4 1916 1939 1935 1936 
4 1916 1936 1935 1928 
4 1916 1936 1940 1939 
4 1916 1939 1940 1915 
4 1916 1915 1940 1911 
4 1916 1911 1940 1936 
4 1926 1936 1935 413 
4 1926 413 1935 412 
4 1926 412 1935 1928 
4 1926 1928 1935 1936 
4 1926 412 393 413 
4 1926 393 412 397 
4 1926 393 1941 413 
4 1926 413 1941 1936 
4 1926 1936 1941 1923 
4 1926 1923 1941 393 
4 1935 1939 1942 406 
4 1935 406 1942 411 
4 1935 411 1942 1929 
4 1935 1929 1942 1939 
4 1935 412 406 411 
4 1935 406 412 413 
4 1935 413 1943 406 
4 1935 406 1943 1939 
4 1935 1939 1943 1936 
4 1935 1936 1943 413 
4 1097 1095 1885 1944 
4 1097 1944 1885 1883 
4 1097 1883 1885 1013 
4 1097 1013 1885 1096 
4 1097 1096 1885 1095 
4 1097 1808 1825 1883 
4 1097 1883 1825 1944 
4 1097 1944 1825 1823 
4 1097 1823 1825 1808 
4 1097 1823 1108 1944 
4 1097 1944 1108 1095 
4 1097 1095 1108 708 
4 1097 708 1108 1823 
4 1885 1112 1128 1945 
4 1885 1945 1128 1884 
4 1885 1884 1128 1017 
4 1885 1017 1128 1126 
4 1885 1126 1128 1112 
4 1885 1095 1946 1115 
4 1885 1115 1946 1112 
4 1885 1112 1946 1126 
4 1885 1126 1946 1017 
4 1885 1017 1946 1019 
4 1885 1019 1946 1013 
4 1885 1013 1946 1096 
4 1885 1096 1946 1095 
4 1885 1883 1890 1884 
4 1885 1884 1890 1945 
4 1885 1945 1890 1944 
4 1885 1944 1890 1883 
4 1885 1944 1114 1945 
4 1885 1945 1114 1112 
4 1885 1112 1114 1115 
4 1885 1115 1114 1095 
4 1885 1095 1114 1944 
4 1825 1944 1890 1947 
4 1825 1947 1890 1886 
4 1825 1886 1890 1883 
4 1825 1883 1890 1944 
4 1825 314 1922 1886 
4 1825 1886 1922 1947 
4 1825 1947 1922 315 
4 1825 315 1922 314 
4 1825 315 1827 1947 
4 1825 1947 1827 1944 
4 1825 1944 1827 1823 
4 1825 1823 1827 315 
4 1890 1945 1913 1948 
4 1890 1948 1913 1888 
4 1890 1888 1913 1884 
4 1890 1884 1913 1945 
4 1890 1886 1924 1888 
4 1890 1888 1924 1948 
4 1890 1948 1924 1947 
4 1890 1947 1924 1886 
4 1890 1947 1949 1948 
4 1890 1948 1949 1945 
4 1890 1945 1949 1944 
4 1890 1944 1949 1947 
4 1108 1107 1114 1950 
4 1108 1950 1114 1944 
4 1108 1944 1114 1095 
4 1108 1095 1114 1107 
4 1108 1823 1827 1944 
4 1108 1944 1827 1950 
4 1108 1950 1827 445 
4 1108 445 1827 1823 
4 1108 445 1399 1950 
4 1108 1950 1399 1107 
4 1108 1107 1399 446 
4 1108 446 1399 445 
4 1114 1110 1144 1951 
4 1114 1951 1144 1945 
4 1114 1945 1144 1112 
4 1114 1112 1144 1110 
4 1114 1944 1949 1945 
4 1114 1945 1949 1951 
4 1114 1951 1949 1950 
4 1114 1950 1949 1944 
4 1114 1950 1401 1951 
4 1114 1951 1401 1110 
4 1114 1110 1401 1107 
4 1114 1107 1401 1950 
4 1827 1950 1949 1952 
4 1827 1952 1949 1947 
4 1827 1947 1949 1944 
4 1827 1944 1949 1950 
4 1827 315 1953 1947 
4 1827 1947 1953 1952 
4 1827 1952 1953 307 
4 1827 307 1953 315 
4 1827 307 1954 1952 
4 1827 1952 1954 1950 
4 1827 1950 1954 445 
4 1827 445 1954 307 
4 1949 1951 1955 1956 
4 1949 1956 1955 1948 
4 1949 1948 1955 1945 
4 1949 1945 1955 1951 
4 1949 1947 1957 1948 
4 1949 1948 1957 1956 
4 1949 1956 1957 1952 
4 1949 1952 1957 1947 
4 1949 1952 1958 1956 
4 1949 1956 1958 1951 
4 1949 1951 1958 1950 
4 1949 1950 1958 1952 
4 1959 1128 1136 1127 
4 1136 1128 1959 1906 
4 1136 1038 1128 1906 
4 1136 1127 1128 1038 
4 1913 1884 1906 1128 
4 1959 1913 1906 1128 
4 1128 1959 1913 1945 
4 1128 1945 1913 1884 
4 1128 1945 1144 1959 
4 1128 1959 1144 1127 
4 1128 1127 1144 1112 
4 1128 1112 1144 1945 
4 1960 1129 1136 1961 
4 1962 1960 1136 1963 
4 1964 1962 1136 1965 
4 1964 1966 1136 1967 
4 1909 1967 1136 1908 
4 1129 1961 1132 1136 
4 1917 1909 1136 1906 
4 1136 1917 1964 1909 
4 1136 1962 1964 1917 
4 1968 1962 1136 1917 
4 1136 1959 1968 1917 
4 1959 1917 1136 1906 
4 1968 1959 1136 1148 
4 1136 1962 1968 1148 
4 1136 1960 1962 1148 
4 1960 1148 1136 1129 
4 1136 1129 1148 1127 
4 1136 1148 1959 1127 
4 1913 1959 1917 1969 
4 1913 1969 1917 1970 
4 1913 1970 1917 1911 
4 1906 1913 1917 1911 
4 1959 1917 1906 1913 
4 1937 1911 1913 1888 
4 1970 1913 1937 1911 
4 1970 1948 1937 1913 
4 1937 1913 1948 1888 
4 1913 1948 1955 1970 
4 1913 1970 1955 1969 
4 1913 1969 1955 1959 
4 1913 1959 1955 1945 
4 1913 1945 1955 1948 
4 1917 1962 1971 1972 
4 1917 1972 1971 1973 
4 1917 1973 1971 1915 
4 1917 1915 1971 1909 
4 1917 1909 1971 1964 
4 1917 1964 1971 1962 
4 1917 1911 1940 1915 
4 1917 1915 1940 1973 
4 1917 1973 1940 1974 
4 1917 1974 1940 1970 
4 1917 1970 1940 1911 
4 1917 1970 1975 1974 
4 1917 1974 1975 1973 
4 1917 1973 1975 1972 
4 1917 1972 1975 1962 
4 1917 1962 1975 1968 
4 1917 1968 1975 1959 
4 1917 1959 1975 1969 
4 1917 1969 1975 1970 
4 1976 1148 1143 1144 
4 1144 1976 1148 1977 
4 1144 1977 1148 1959 
4 1144 1959 1148 1127 
4 1143 1144 1148 1127 
4 1144 1945 1955 1959 
4 1144 1959 1955 1977 
4 1144 1977 1955 1976 
4 1144 1976 1955 1951 
4 1144 1951 1955 1945 
4 1144 1951 1409 1976 
4 1143 1409 1976 1144 
4 1409 1144 1143 1110 
4 1144 1110 1409 1951 
4 1978 1295 1147 1148 
4 1148 1978 1295 1979 
4 1148 1979 1295 1962 
4 1148 1962 1295 1960 
4 1148 1960 1295 1129 
4 1147 1148 1295 1129 
4 1148 1959 1980 1968 
4 1148 1968 1980 1962 
4 1148 1962 1980 1979 
4 1148 1979 1980 1978 
4 1148 1978 1980 1981 
4 1148 1981 1980 1976 
4 1148 1976 1980 1977 
4 1148 1977 1980 1959 
4 1148 1976 1411 1981 
4 1148 1981 1411 1978 
4 1147 1411 1978 1148 
4 1143 1148 1411 1147 
4 1976 1411 1143 1148 
4 1955 1976 1982 1983 
4 1955 1983 1982 1984 
4 1955 1984 1982 1985 
4 1955 1985 1982 1970 
4 1955 1970 1982 1969 
4 1955 1969 1982 1959 
4 1955 1959 1982 1977 
4 1955 1977 1982 1976 
4 1955 1948 1986 1970 
4 1955 1970 1986 1985 
4 1955 1985 1986 1984 
4 1955 1984 1986 1956 
4 1955 1956 1986 1948 
4 1955 1956 1987 1984 
4 1955 1984 1987 1983 
4 1955 1983 1987 1976 
4 1955 1976 1987 1951 
4 1955 1951 1987 1956 
4 1922 314 308 313 
4 1922 308 314 315 
4 1922 1947 1924 1988 
4 1922 1988 1924 1921 
4 1922 1921 1924 1886 
4 1922 1886 1924 1947 
4 1922 313 1925 1921 
4 1922 1921 1925 1988 
4 1922 1988 1925 308 
4 1922 308 1925 313 
4 1922 308 1953 1988 
4 1922 1988 1953 1947 
4 1922 1947 1953 315 
4 1922 315 1953 308 
4 1937 1948 1989 1924 
4 1937 1924 1989 1923 
4 1924 1923 1937 1888 
4 1948 1924 1937 1888 
4 1924 1921 1927 1923 
4 1924 1923 1927 1989 
4 1924 1989 1927 1988 
4 1924 1988 1927 1921 
4 1924 1988 1957 1989 
4 1924 1989 1957 1948 
4 1924 1948 1957 1947 
4 1924 1947 1957 1988 
4 1925 312 308 311 
4 1925 308 312 313 
4 1925 1988 1927 1990 
4 1925 1990 1927 399 
4 1925 399 1927 1921 
4 1925 1921 1927 1988 
4 1925 312 1991 399 
4 1925 399 1991 1990 
4 1925 1990 1991 311 
4 1925 311 1991 312 
4 1925 311 1992 1990 
4 1925 1990 1992 1988 
4 1925 1988 1992 308 
4 1925 308 1992 311 
4 1927 1989 1941 1993 
4 1927 1993 1941 393 
4 1927 393 1941 1923 
4 1927 1923 1941 1989 
4 1927 399 1994 393 
4 1927 393 1994 1993 
4 1927 1993 1994 1990 
4 1927 1990 1994 399 
4 1927 1990 1995 1993 
4 1927 1993 1995 1989 
4 1927 1989 1995 1988 
4 1927 1988 1995 1990 
4 1953 308 307 309 
4 1953 307 308 315 
4 1953 1952 1957 1996 
4 1953 1996 1957 1988 
4 1953 1988 1957 1947 
4 1953 1947 1957 1952 
4 1953 308 1992 1988 
4 1953 1988 1992 1996 
4 1953 1996 1992 309 
4 1953 309 1992 308 
4 1953 309 1997 1996 
4 1953 1996 1997 1952 
4 1953 1952 1997 307 
4 1953 307 1997 309 
4 1957 1956 1986 1998 
4 1957 1998 1986 1989 
4 1957 1989 1986 1948 
4 1957 1948 1986 1956 
4 1957 1988 1995 1989 
4 1957 1989 1995 1998 
4 1957 1998 1995 1996 
4 1957 1996 1995 1988 
4 1957 1996 1999 1998 
4 1957 1998 1999 1956 
4 1957 1956 1999 1952 
4 1957 1952 1999 1996 
4 1992 308 310 311 
4 1992 310 308 309 
4 1992 1996 1995 2000 
4 1992 2000 1995 1990 
4 1992 1990 1995 1988 
4 1992 1988 1995 1996 
4 1992 311 2001 1990 
4 1992 1990 2001 2000 
4 1992 2000 2001 310 
4 1992 310 2001 311 
4 1992 310 2002 2000 
4 1992 2000 2002 1996 
4 1992 1996 2002 309 
4 1992 309 2002 310 
4 1995 1998 2003 2004 
4 1995 2004 2003 1993 
4 1995 1993 2003 1989 
4 1995 1989 2003 1998 
4 1995 1990 2005 1993 
4 1995 1993 2005 2004 
4 1995 2004 2005 2000 
4 1995 2000 2005 1990 
4 1995 2000 2006 2004 
4 1995 2004 2006 1998 
4 1995 1998 2006 1996 
4 1995 1996 2006 2000 
4 2007 1970 1937 1940 
4 2007 1940 1937 1936 
4 1937 1936 1940 1911 
4 1937 1940 1970 1911 
4 1941 1936 1937 1923 
4 1937 1941 2007 1936 
4 1937 1989 2007 1941 
4 1989 1941 1937 1923 
4 2007 1989 1937 1986 
4 2007 1986 1937 1970 
4 1937 1970 1986 1948 
4 1937 1986 1989 1948 
4 1940 1973 2008 2009 
4 1940 2009 2008 1939 
4 1940 1939 2008 1915 
4 1940 1915 2008 1973 
4 1940 1936 1943 1939 
4 1940 1939 1943 2009 
4 1940 2009 1943 2007 
4 1940 2007 1943 1936 
4 2009 2007 2010 2011 
4 2009 2012 2010 2013 
4 1974 1973 2010 2013 
4 1974 2014 2010 2015 
4 2007 1970 2010 2015 
4 1941 2007 1943 2016 
4 1941 2016 1943 413 
4 1941 413 1943 1936 
4 1941 1936 1943 2007 
4 1941 393 2017 413 
4 1941 413 2017 2016 
4 1941 2016 2017 1993 
4 1941 1993 2017 393 
4 1941 1993 2003 2016 
4 1941 2016 2003 2007 
4 1941 2007 2003 1989 
4 1941 1989 2003 1993 
4 1943 2009 2018 2019 
4 1943 2019 2018 406 
4 1943 406 2018 1939 
4 1943 1939 2018 2009 
4 1943 413 2020 406 
4 1943 406 2020 2019 
4 1943 2019 2020 2016 
4 1943 2016 2020 413 
4 1943 2016 2021 2019 
4 1943 2019 2021 2009 
4 1943 2009 2021 2007 
4 1943 2007 2021 2016 
4 2022 1986 2023 1984 
4 2022 2024 2025 2011 
4 2015 2011 2007 2025 
4 2015 1985 1986 1970 
4 2023 1985 1986 2026 
4 1986 1989 2003 2007 
4 1986 2007 2003 2022 
4 1986 2022 2003 1998 
4 1986 1998 2003 1989 
4 1986 1998 2027 2022 
4 1986 2022 2027 1984 
4 1986 1984 2027 1956 
4 1986 1956 2027 1998 
4 2035 2022 2024 2036 
4 2035 2037 2028 2038 
4 2039 2040 2028 2038 
4 2039 2041 2023 2042 
4 2022 1984 2023 2042 
4 2003 2022 2021 2043 
4 2003 2043 2021 2016 
4 2003 2016 2021 2007 
4 2003 2007 2021 2022 
4 2003 1993 2044 2016 
4 2003 2016 2044 2043 
4 2003 2043 2044 2004 
4 2003 2004 2044 1993 
4 2003 2004 2045 2043 
4 2003 2043 2045 2022 
4 2003 2022 2045 1998 
4 2003 1998 2045 2004 
4 2021 2035 2046 2047 
4 2021 2047 2046 2019 
4 2021 2019 2046 2009 
4 2021 2009 2046 2035 
4 2021 2016 2048 2019 
4 2021 2019 2048 2047 
4 2021 2047 2048 2043 
4 2021 2043 2048 2016 
4 2021 2043 2049 2047 
4 2021 2047 2049 2035 
4 2021 2035 2049 2022 
4 2021 2022 2049 2043 
4 2051 1877 2050 2052 
4 1896 1877 2051 2052 
4 1898 1877 1896 1897 
4 2051 1898 1896 2053 
4 2050 2054 2051 2052 
4 1896 2053 1898 1894 
4 1903 1931 1902 1877 
4 2051 2050 1877 1914 
4 2051 1914 1877 1898 
4 1914 1902 1877 1898 
4 1197 2050 2057 2058 
4 1197 2058 2057 2059 
4 1197 2060 2059 2057 
4 2061 1205 1195 1197 
4 1197 2059 2061 2062 
4 2059 2062 1197 2063 
4 2058 2063 1197 2050 
4 1197 2059 1286 2061 
4 1197 2061 1286 1195 
4 1197 1286 2059 2060 
4 2064 2059 2065 2062 
4 2064 1914 2055 2065 
4 2055 1914 2050 2065 
4 2065 2050 2058 1914 
4 2059 2058 2065 2063 
4 1914 1909 2066 2067 
4 1914 2067 2066 2059 
4 1914 2059 2066 2058 
4 1914 2058 2066 2050 
4 1914 2050 2066 2051 
4 1914 2051 2066 1898 
4 1914 1898 2066 1910 
4 1914 1910 2066 1909 
4 1914 2064 1938 1915 
4 1914 1915 1938 1902 
4 1914 1915 1971 2064 
4 1914 2064 1971 2059 
4 1914 2059 1971 2067 
4 1914 2067 1971 1909 
4 1914 1909 1971 1915 
4 2062 2059 2061 2069 
4 2064 2059 2062 2069 
4 2070 2061 1205 1306 
4 1204 1306 2070 1205 
4 1195 1205 1306 1204 
4 2061 1306 1195 1205 
4 1933 1934 1929 1932 
4 2078 2064 2079 1938 
4 2078 2080 2079 2081 
4 2068 2072 1938 2078 
4 2068 1938 2064 2078 
4 1938 2079 1942 1939 
4 1938 1939 1942 1929 
4 1938 1939 2008 2079 
4 1938 2079 2008 2064 
4 1938 2064 2008 1915 
4 1938 1915 2008 1939 
4 2079 2082 2081 2080 
4 2079 2083 2081 2084 
4 2079 2083 2064 2081 
4 2085 2082 2079 2086 
4 429 427 1942 2085 
4 2076 2086 1942 2077 
4 2077 2082 2079 2080 
4 1942 2076 428 429 
4 428 411 1942 406 
4 1942 406 2018 427 
4 1942 427 2018 2079 
4 1942 2079 2018 1939 
4 1942 1939 2018 406 
4 431 2087 427 2085 
4 2082 2087 2079 2084 
4 2085 2087 2079 2082 
4 2060 2059 2089 1286 
4 1286 2059 2089 2090 
4 1286 2090 2089 2091 
4 1286 2091 2089 2092 
4 1286 2092 2089 1268 
4 1286 1284 1306 2094 
4 1286 2094 1306 2061 
4 1286 2061 1306 1195 
4 1286 1195 1306 1284 
4 2061 2059 2095 2069 
4 2095 2061 2094 1286 
4 2095 2091 2094 2096 
4 2091 2096 2095 2097 
4 2090 2097 2095 2069 
4 1286 2091 1299 2094 
4 1286 2094 1299 1284 
4 1286 1284 1299 1268 
4 1286 1268 1299 2092 
4 1286 2092 1299 2091 
4 2098 2091 2099 2096 
4 2100 2098 2099 2101 
4 2100 2102 2099 2064 
4 2099 2059 2064 2069 
4 2090 2059 2099 2069 
4 2091 2090 2099 2097 
4 1971 1962 2103 2104 
4 1971 2104 2103 2091 
4 1971 2091 2103 2090 
4 1971 2090 2103 2059 
4 1971 2059 2103 2067 
4 1971 2067 2103 1909 
4 1971 1909 2103 1964 
4 1971 1964 2103 1962 
4 1971 1915 2008 2064 
4 1971 2064 2008 2100 
4 1971 2100 2008 2105 
4 1971 2105 2008 1973 
4 1971 1973 2008 1915 
4 1971 1973 2106 2105 
4 1971 2105 2106 2100 
4 1971 2100 2106 2098 
4 1971 2098 2106 2091 
4 1971 2091 2106 2104 
4 1971 2104 2106 1962 
4 1971 1962 2106 1972 
4 1971 1972 2106 1973 
4 2064 2083 2100 2102 
4 2100 2107 2102 2108 
4 2096 2091 2094 2107 
4 2098 2091 2096 2107 
4 2100 2098 2101 2107 
4 1295 1294 1299 2109 
4 1295 2109 1299 2110 
4 1295 2110 1299 2091 
4 1295 2091 1299 2092 
4 1295 2092 1299 1268 
4 1295 1268 1299 1294 
4 1295 1962 2111 2104 
4 1295 2104 2111 2091 
4 1295 2091 2111 2110 
4 1295 2110 2111 2109 
4 1295 2109 2111 2112 
4 1295 2112 2111 1978 
4 1295 1978 2111 1979 
4 1295 1979 2111 1962 
4 1295 1129 2113 1277 
4 1295 1277 2113 1268 
4 1295 1268 2113 2092 
4 1295 2092 2113 2091 
4 1295 2091 2113 2104 
4 1295 2104 2113 1962 
4 1295 1962 2113 1960 
4 1295 1960 2113 1129 
4 1499 1978 2112 1295 
4 2112 2109 1499 1295 
4 1499 1295 2109 1294 
4 1147 1294 1295 1499 
4 1147 1295 1978 1499 
4 1299 1298 1317 2114 
4 1299 2114 1317 2094 
4 1299 2094 1317 1284 
4 1299 1284 1317 1298 
4 2107 2091 2094 1299 
4 2107 2094 2114 1299 
4 2107 2114 2115 1299 
4 2115 2109 2107 1299 
4 2107 2109 2110 1299 
4 2110 2091 2107 1299 
4 1299 2109 1501 2115 
4 1299 2115 1501 2114 
4 1299 2114 1501 1298 
4 1299 1298 1501 1294 
4 1299 1294 1501 2109 
4 2116 2098 2107 2091 
4 2116 2100 2107 2098 
4 2107 2116 2117 2100 
4 2118 2117 2107 2116 
4 2119 2118 2107 2116 
4 2119 2116 2107 2109 
4 2116 2110 2107 2109 
4 2107 2110 2116 2091 
4 2114 2120 2107 2121 
4 2114 2120 2094 2107 
4 2107 2118 2122 2117 
4 2107 2117 2122 2100 
4 2118 2124 2107 2123 
4 2107 2124 2114 2121 
4 2115 2114 2107 2124 
4 2107 2109 2115 2124 
4 2119 2109 2107 2124 
4 2107 2118 2119 2124 
4 1306 1305 1309 2125 
4 1306 2125 1309 2070 
4 1204 1309 2070 1306 
4 1309 1306 1204 1305 
4 2126 2061 2070 1306 
4 2126 2070 2125 1306 
4 2125 2127 2126 2094 
4 2094 2061 2126 1306 
4 1306 2094 1317 2125 
4 1306 2125 1317 1305 
4 1306 1305 1317 1284 
4 1306 1284 1317 2094 
4 2125 2071 1309 2070 
4 2125 1321 1309 2129 
4 1321 1309 1308 1305 
4 1309 1305 1321 2125 
4 2130 2125 2127 2071 
4 2125 2071 2070 2127 
4 2127 2125 2130 2120 
4 2094 2120 2125 2127 
4 2131 2130 2071 2125 
4 1317 1316 1321 2132 
4 1317 2132 1321 2125 
4 1317 2125 1321 1305 
4 1317 1305 1321 1316 
4 2120 2094 2125 1317 
4 2120 2125 2132 1317 
4 2132 2114 2120 1317 
4 2114 2094 2120 1317 
4 1317 2114 1519 2132 
4 1317 2132 1519 1316 
4 1317 1316 1519 1298 
4 1317 1298 1519 2114 
4 1321 1320 1617 2133 
4 1321 2134 2135 2129 
4 1308 2129 1321 2135 
4 1308 2135 1321 1617 
4 1321 2132 2131 2125 
4 2132 1522 2134 2137 
4 1321 1320 1522 1316 
4 1321 1316 1522 2132 
4 2138 2132 2120 2131 
4 2138 2131 2120 2130 
4 2120 2130 2131 2125 
4 2120 2131 2132 2125 
4 2120 2139 2138 2130 
4 2138 2139 2120 2140 
4 2120 2138 2141 2132 
4 2120 2132 2141 2114 
4 2131 2142 2138 2143 
4 2130 2142 2138 2131 
4 2131 2132 2144 2138 
4 2083 2100 2145 2008 
4 2145 2079 2083 2008 
4 2079 2064 2083 2008 
4 2083 2064 2100 2008 
4 2008 1939 2018 2079 
4 2008 2079 2018 2145 
4 2008 2145 2018 2009 
4 2008 2009 2018 1939 
4 2008 2009 2146 2145 
4 2008 2145 2146 2100 
4 2008 2100 2146 2105 
4 2008 2105 2146 1973 
4 2008 1973 2146 2009 
4 2084 2087 2079 2083 
4 2083 2079 2145 2087 
4 2083 2147 2145 2122 
4 2083 2122 2145 2100 
4 2087 2145 2148 2018 
4 2087 2018 2148 427 
4 2079 2018 2087 427 
4 2087 2079 2145 2018 
4 2018 406 2149 427 
4 2018 427 2149 2148 
4 2018 2148 2149 2019 
4 2018 2019 2149 406 
4 2018 2019 2046 2148 
4 2018 2148 2046 2145 
4 2018 2145 2046 2009 
4 2018 2009 2046 2019 
4 431 2150 427 2087 
4 2087 2151 2148 2152 
4 2148 2151 2087 2150 
4 2155 2148 2087 2145 
4 2146 2118 2122 2156 
4 2146 2156 2122 2157 
4 2146 2157 2122 2145 
4 2146 2145 2122 2100 
4 2146 2100 2122 2117 
4 2146 2117 2122 2118 
4 2146 2040 2158 2159 
4 2146 2159 2158 2118 
4 2146 2118 2158 2117 
4 2146 2117 2158 2100 
4 2146 2100 2158 2105 
4 2146 2105 2158 1973 
4 2146 1973 2158 2160 
4 2146 2160 2158 2040 
4 2146 2009 2046 2145 
4 2146 2145 2046 2157 
4 2146 2157 2046 2035 
4 2146 2035 2046 2009 
4 2157 2146 2161 2035 
4 2157 2162 2163 2164 
4 2156 2164 2163 2165 
4 2159 2118 2163 2165 
4 2166 2167 2159 2163 
4 2166 2035 2146 2040 
4 2122 2169 2155 2170 
4 2122 2170 2155 2157 
4 2122 2157 2155 2145 
4 2122 2157 2171 2170 
4 2122 2170 2171 2169 
4 2122 2169 2171 2168 
4 2122 2118 2171 2156 
4 2122 2156 2171 2157 
4 2046 2157 2155 2174 
4 2046 2174 2155 2148 
4 2046 2148 2155 2145 
4 2046 2145 2155 2157 
4 2046 2019 2175 2148 
4 2046 2148 2175 2174 
4 2046 2174 2175 2047 
4 2046 2047 2175 2019 
4 2046 2047 2176 2174 
4 2046 2174 2176 2157 
4 2046 2157 2176 2035 
4 2046 2035 2176 2047 
4 2169 2155 2177 2178 
4 2155 2178 2153 2177 
4 2155 2178 2154 2153 
4 2154 2155 2169 2178 
4 2152 2148 2155 2179 
4 2153 2180 2155 2177 
4 2177 2155 2174 2180 
4 2174 2155 2179 2180 
4 2174 2155 2177 2181 
4 2177 2155 2169 2181 
4 2181 2169 2170 2155 
4 2170 2182 2181 2183 
4 2174 2157 2181 2183 
4 2139 2184 2138 2142 
4 2138 2142 2130 2139 
4 2139 2185 2138 2184 
4 2140 2185 2138 2139 
4 2138 2186 2143 2142 
4 2138 2186 2142 2184 
4 1991 312 342 327 
4 1991 342 312 311 
4 1991 1990 1994 2187 
4 1991 2187 1994 404 
4 1991 404 1994 399 
4 1991 399 1994 1990 
4 1991 327 2188 404 
4 1991 404 2188 2187 
4 1991 2187 2188 342 
4 1991 342 2188 327 
4 1991 312 404 399 
4 1991 404 312 327 
4 1991 342 2001 2187 
4 1991 2187 2001 1990 
4 1991 1990 2001 311 
4 1991 311 2001 342 
4 1994 1993 2017 2189 
4 1994 2189 2017 395 
4 1994 395 2017 393 
4 1994 393 2017 1993 
4 1994 404 2190 395 
4 1994 395 2190 2189 
4 1994 2189 2190 2187 
4 1994 2187 2190 404 
4 1994 393 404 395 
4 1994 404 393 399 
4 1994 2187 2005 2189 
4 1994 2189 2005 1993 
4 1994 1993 2005 1990 
4 1994 1990 2005 2187 
4 2188 328 342 348 
4 2188 342 328 327 
4 2188 2187 2190 2191 
4 2188 2191 2190 401 
4 2188 401 2190 404 
4 2188 404 2190 2187 
4 2192 401 2188 328 
4 2191 2188 2192 401 
4 2192 2188 2191 348 
4 2188 348 2192 328 
4 2188 404 328 401 
4 2188 328 404 327 
4 2188 348 2193 2191 
4 2188 2191 2193 2187 
4 2188 2187 2193 342 
4 2188 342 2193 348 
4 2190 2189 2194 2195 
4 2190 2195 2194 396 
4 2190 396 2194 395 
4 2190 395 2194 2189 
4 2190 401 2196 396 
4 2190 396 2196 2195 
4 2190 2195 2196 2191 
4 2190 2191 2196 401 
4 2190 404 396 395 
4 2190 396 404 401 
4 2190 2191 2197 2195 
4 2190 2195 2197 2189 
4 2190 2189 2197 2187 
4 2190 2187 2197 2191 
4 2001 342 310 343 
4 2001 310 342 311 
4 2001 2000 2005 2198 
4 2001 2198 2005 2187 
4 2001 2187 2005 1990 
4 2001 1990 2005 2000 
4 2001 342 2193 2187 
4 2001 2187 2193 2198 
4 2001 2198 2193 343 
4 2001 343 2193 342 
4 2001 343 2199 2198 
4 2001 2198 2199 2000 
4 2001 2000 2199 310 
4 2001 310 2199 343 
4 2005 2004 2044 2200 
4 2005 2200 2044 2189 
4 2005 2189 2044 1993 
4 2005 1993 2044 2004 
4 2005 2187 2197 2189 
4 2005 2189 2197 2200 
4 2005 2200 2197 2198 
4 2005 2198 2197 2187 
4 2005 2198 2201 2200 
4 2005 2200 2201 2004 
4 2005 2004 2201 2000 
4 2005 2000 2201 2198 
4 345 348 2193 342 
4 346 2202 2193 345 
4 2203 2197 2198 2193 
4 2197 2193 2203 2191 
4 2193 2191 2197 2187 
4 2193 2187 2197 2198 
4 2204 2191 2193 348 
4 2203 2191 2193 2205 
4 2193 2206 2202 2203 
4 2193 2206 347 2202 
4 2202 2207 2193 2203 
4 2203 2193 2198 2207 
4 2207 2193 2198 343 
4 346 343 2193 2207 
4 2197 2195 2212 2189 
4 2197 2189 2212 2200 
4 2213 2195 2197 2191 
4 2211 2195 2197 2214 
4 2197 2215 2203 2208 
4 2203 2215 2197 2213 
4 2203 2216 2197 2208 
4 2208 2216 2200 2210 
4 2200 2198 2216 2197 
4 2198 2197 2203 2216 
4 2017 2016 2020 2217 
4 2017 2217 2020 420 
4 2017 420 2020 413 
4 2017 413 2020 2016 
4 2017 395 2194 420 
4 2017 420 2194 2217 
4 2017 2217 2194 2189 
4 2017 2189 2194 395 
4 2017 393 420 413 
4 2017 420 393 395 
4 2017 2189 2044 2217 
4 2017 2217 2044 2016 
4 2017 2016 2044 1993 
4 2017 1993 2044 2189 
4 2020 2019 2149 2218 
4 2020 2218 2149 405 
4 2020 405 2149 406 
4 2020 406 2149 2019 
4 2020 420 2219 405 
4 2020 405 2219 2218 
4 2020 2218 2219 2217 
4 2020 2217 2219 420 
4 2020 406 420 405 
4 2020 420 406 413 
4 2020 2217 2048 2218 
4 2020 2218 2048 2019 
4 2020 2019 2048 2016 
4 2020 2016 2048 2217 
4 2194 2217 2219 2220 
4 2194 2220 2219 417 
4 2194 417 2219 420 
4 2194 420 2219 2217 
4 2194 396 2221 417 
4 2194 417 2221 2220 
4 2194 2220 2221 2195 
4 2194 2195 2221 396 
4 2194 420 396 417 
4 2194 396 420 395 
4 2194 2195 2212 2220 
4 2194 2220 2212 2217 
4 2194 2217 2212 2189 
4 2194 2189 2212 2195 
4 433 2219 2222 2218 
4 409 2219 2222 433 
4 2219 409 2222 405 
4 2219 405 2222 2218 
4 409 417 2219 2223 
4 409 2224 2219 433 
4 433 2219 2220 2224 
4 2220 2219 2223 2224 
4 2219 420 409 405 
4 2219 409 420 417 
4 2225 2220 433 2219 
4 2225 2219 433 2218 
4 2219 2218 2225 2217 
4 2219 2217 2225 2220 
4 2044 2043 2048 2226 
4 2044 2226 2048 2217 
4 2044 2217 2048 2016 
4 2044 2016 2048 2043 
4 2044 2189 2212 2217 
4 2044 2217 2212 2226 
4 2044 2226 2212 2200 
4 2044 2200 2212 2189 
4 2044 2200 2227 2226 
4 2044 2226 2227 2043 
4 2044 2043 2227 2004 
4 2044 2004 2227 2200 
4 2228 2048 2175 2047 
4 2218 2175 2228 2048 
4 2048 2218 2175 2019 
4 2048 2019 2175 2047 
4 2048 2217 2225 2218 
4 2225 2218 2228 2048 
4 2226 2225 2228 2048 
4 2048 2226 2225 2217 
4 2229 2226 2228 2048 
4 2229 2048 2228 2047 
4 2048 2047 2229 2043 
4 2048 2043 2229 2226 
4 2230 2225 2226 2212 
4 2212 2220 2225 2217 
4 2212 2217 2225 2226 
4 2220 2212 2231 2195 
4 2220 2212 2230 2232 
4 2212 2232 2209 2230 
4 2212 2232 2211 2209 
4 2209 2233 2212 2230 
4 2230 2234 2226 2235 
4 2236 2234 2226 2233 
4 2210 2200 2212 2236 
4 2225 2218 433 2237 
4 2228 2218 2225 2237 
4 2225 2238 2226 2228 
4 2226 2238 2225 2235 
4 2196 2191 2192 401 
4 2191 2205 2192 2204 
4 354 2204 348 2192 
4 2196 396 2221 2195 
4 421 396 2196 422 
4 422 401 2196 423 
4 2214 2195 2196 2240 
4 2213 2195 2196 2214 
4 2196 2191 2213 2239 
4 2203 2213 2191 2205 
4 2211 2231 2195 2214 
4 2221 417 425 2223 
4 2223 2220 2221 417 
4 426 417 2221 396 
4 2221 396 421 426 
4 2221 2220 2231 2195 
4 2221 2195 2231 2240 
4 2241 2149 2151 2148 
4 2241 2149 432 2242 
4 432 2242 2149 2150 
4 2150 2148 2149 427 
4 432 2149 2222 405 
4 2241 2222 432 2149 
4 2149 2241 2222 2218 
4 2149 2218 2222 405 
4 432 427 2149 406 
4 2149 405 432 406 
4 2149 2218 2175 2241 
4 2149 2241 2175 2148 
4 2149 2148 2175 2019 
4 2149 2019 2175 2218 
4 2148 2179 2152 2151 
4 2241 2148 2151 2179 
4 2241 2222 2243 2244 
4 2222 2244 2245 2243 
4 2245 2244 2222 432 
4 432 2222 2241 2244 
4 409 2243 2222 2245 
4 2222 2243 409 433 
4 2222 432 409 2245 
4 2222 409 432 405 
4 433 2246 2222 2243 
4 2243 2222 2241 2246 
4 2241 2222 2237 2246 
4 433 2218 2222 2237 
4 2175 2247 2174 2248 
4 2241 2175 2179 2248 
4 2179 2174 2175 2148 
4 2241 2218 2249 2237 
4 2249 2175 2241 2247 
4 2228 2247 2175 2249 
4 2218 2237 2228 2249 
4 2228 2250 2175 2247 
4 2175 2250 2174 2247 
4 2175 2174 2251 2047 
4 2228 2047 2175 2251 
4 2252 292 458 303 
4 2252 458 292 438 
4 2252 450 2253 2254 
4 2252 2254 2253 323 
4 2252 323 2253 317 
4 2252 317 2253 450 
4 2252 450 292 317 
4 2252 292 450 438 
4 2252 303 2255 323 
4 2252 323 2255 2254 
4 2252 2254 2255 458 
4 2252 458 2255 303 
4 2252 292 323 317 
4 2252 323 292 303 
4 2252 458 2256 2254 
4 2252 2254 2256 450 
4 2252 450 2256 438 
4 2252 438 2256 458 
4 2253 444 1997 2257 
4 2253 2257 1997 309 
4 2253 309 1997 307 
4 2253 307 1997 444 
4 2253 450 307 444 
4 2253 307 450 317 
4 2253 323 2258 309 
4 2253 309 2258 2257 
4 2253 2257 2258 2254 
4 2253 2254 2258 323 
4 2253 307 323 309 
4 2253 323 307 317 
4 2253 2254 2259 2257 
4 2253 2257 2259 444 
4 2253 444 2259 450 
4 2253 450 2259 2254 
4 2255 2260 302 458 
4 2255 458 302 303 
4 2255 2254 2258 2261 
4 2255 2261 2258 321 
4 2255 321 2258 323 
4 2255 323 2258 2254 
4 2255 321 302 2262 
4 2261 2255 2262 321 
4 2261 2262 2260 2263 
4 2255 2262 302 2260 
4 2255 323 302 321 
4 2255 302 323 303 
4 2260 2264 2261 2263 
4 2264 2255 2261 2254 
4 458 2254 2255 2264 
4 458 2264 2255 2260 
4 2258 2257 2002 2265 
4 2258 2265 2002 310 
4 2258 310 2002 309 
4 2258 309 2002 2257 
4 2258 321 2266 310 
4 2258 310 2266 2265 
4 2258 2265 2266 2261 
4 2258 2261 2266 321 
4 2258 323 310 309 
4 2258 310 323 321 
4 2258 2261 2267 2265 
4 2258 2265 2267 2257 
4 2258 2257 2267 2254 
4 2258 2254 2267 2261 
4 2256 2268 458 2269 
4 436 2269 2256 458 
4 2256 451 2259 470 
4 2256 470 2259 2254 
4 2256 2254 2259 450 
4 2256 450 2259 451 
4 2256 2269 452 463 
4 436 450 2256 452 
4 2256 2254 458 2264 
4 470 2254 2256 2264 
4 470 2264 2256 2268 
4 2256 2264 458 2268 
4 2256 470 463 451 
4 470 2268 2256 2269 
4 2259 443 2270 468 
4 2259 468 2270 2257 
4 2259 2257 2270 444 
4 2259 444 2270 443 
4 2259 443 450 444 
4 2259 450 443 451 
4 2259 2254 2267 2257 
4 2259 2257 2267 468 
4 2259 468 2267 470 
4 2259 470 2267 2254 
4 2259 470 443 468 
4 2259 443 470 451 
4 2264 2261 2267 2254 
4 2267 2254 470 2264 
4 2261 2273 2263 2264 
4 2272 2273 2261 2264 
4 465 2267 2274 468 
4 2274 2267 465 2265 
4 2267 2265 2274 2257 
4 2267 2257 2274 468 
4 2275 2265 2267 2261 
4 465 2265 2267 2275 
4 465 2275 2267 2271 
4 2267 2275 2272 2271 
4 465 470 2267 468 
4 465 2271 2267 470 
4 2262 352 2266 321 
4 2266 2261 2262 321 
4 302 321 352 2262 
4 2263 2273 2261 2262 
4 2278 2265 2266 2199 
4 2278 2199 2266 343 
4 2266 343 2199 310 
4 2266 310 2199 2265 
4 2266 352 2279 343 
4 2278 343 2266 2279 
4 2266 2280 2276 2278 
4 2266 2280 352 2276 
4 2266 310 352 343 
4 2266 352 310 321 
4 2275 2278 2266 2276 
4 2275 2265 2266 2278 
4 2266 2265 2275 2261 
4 2266 2261 2275 2277 
4 2272 2275 2261 2273 
4 2281 2265 2275 2278 
4 2281 2265 465 2275 
4 1399 446 441 445 
4 1399 441 446 447 
4 1399 1398 1401 2282 
4 1399 2282 1401 1950 
4 1399 1950 1401 1107 
4 1399 1107 1401 1398 
4 1399 445 1954 1950 
4 1399 1950 1954 2282 
4 1399 2282 1954 441 
4 1399 441 1954 445 
4 1399 441 1403 2282 
4 1399 2282 1403 1398 
4 1399 1398 1403 447 
4 1399 447 1403 441 
4 1401 1400 1409 2283 
4 1401 2283 1409 1951 
4 1401 1951 1409 1110 
4 1401 1110 1409 1400 
4 1401 1950 1958 1951 
4 1401 1951 1958 2283 
4 1401 2283 1958 2282 
4 1401 2282 1958 1950 
4 1401 2282 1405 2283 
4 1401 2283 1405 1400 
4 1401 1400 1405 1398 
4 1401 1398 1405 2282 
4 1954 307 441 444 
4 1954 441 307 445 
4 1954 2282 1958 2284 
4 1954 2284 1958 1952 
4 1954 1952 1958 1950 
4 1954 1950 1958 2282 
4 1954 307 1997 1952 
4 1954 1952 1997 2284 
4 1954 2284 1997 444 
4 1954 444 1997 307 
4 1954 444 2285 2284 
4 1954 2284 2285 2282 
4 1954 2282 2285 441 
4 1954 441 2285 444 
4 1958 2283 1987 2286 
4 1958 2286 1987 1956 
4 1958 1956 1987 1951 
4 1958 1951 1987 2283 
4 1958 1952 1999 1956 
4 1958 1956 1999 2286 
4 1958 2286 1999 2284 
4 1958 2284 1999 1952 
4 1958 2284 2287 2286 
4 1958 2286 2287 2283 
4 1958 2283 2287 2282 
4 1958 2282 2287 2284 
4 1403 441 123 442 
4 1403 123 441 447 
4 1403 180 1405 483 
4 1403 483 1405 2282 
4 1403 2282 1405 1398 
4 1403 1398 1405 180 
4 1403 441 2285 2282 
4 1403 2282 2285 483 
4 1403 483 2285 442 
4 1403 442 2285 441 
4 1403 483 123 180 
4 1403 123 483 442 
4 1405 177 1419 479 
4 1405 479 1419 2283 
4 1405 2283 1419 1400 
4 1405 1400 1419 177 
4 1405 2282 2287 2283 
4 1405 2283 2287 479 
4 1405 479 2287 483 
4 1405 483 2287 2282 
4 1405 483 177 479 
4 1405 177 483 180 
4 2285 441 443 444 
4 2285 443 441 442 
4 2285 483 2287 481 
4 2285 481 2287 2284 
4 2285 2284 2287 2282 
4 2285 2282 2287 483 
4 2285 444 2270 2284 
4 2285 2284 2270 481 
4 2285 481 2270 443 
4 2285 443 2270 444 
4 2285 443 483 481 
4 2285 483 443 442 
4 2287 479 2288 477 
4 2287 477 2288 2286 
4 2287 2286 2288 2283 
4 2287 2283 2288 479 
4 2287 2284 2289 2286 
4 2287 2286 2289 477 
4 2287 477 2289 481 
4 2287 481 2289 2284 
4 2287 477 483 479 
4 2287 483 477 481 
4 1409 1408 1411 2290 
4 1409 2290 1411 2291 
4 1409 2291 1411 1976 
4 1143 1411 1976 1409 
4 1411 1409 1143 1408 
4 1409 1951 1987 1976 
4 1409 1976 1987 2291 
4 1409 2291 1987 2290 
4 1409 2290 1987 2283 
4 1409 2283 1987 1951 
4 1409 2283 1419 2290 
4 1409 2290 1419 1408 
4 1409 1408 1419 1400 
4 1409 1400 1419 2283 
4 2292 1411 1499 1410 
4 1499 2292 2293 1411 
4 2293 1978 1499 1411 
4 1978 1411 1147 1499 
4 1411 1410 1147 1499 
4 1411 1976 2294 1981 
4 1411 1981 2294 1978 
4 1411 1978 2294 2293 
4 1411 2293 2294 2292 
4 1411 2292 2294 2295 
4 1411 2295 2294 2290 
4 1411 2290 2294 2291 
4 1411 2291 2294 1976 
4 1411 2290 1423 2295 
4 1411 2295 1423 2292 
4 1411 2292 1423 1410 
4 1411 1410 1423 1408 
4 1411 1408 1423 2290 
4 1987 2290 2296 2297 
4 1987 2297 2296 2298 
4 1987 2298 2296 2299 
4 1987 2299 2296 1984 
4 1987 1984 2296 1983 
4 1987 1983 2296 1976 
4 1987 1976 2296 2291 
4 1987 2291 2296 2290 
4 1987 1956 2027 1984 
4 1987 1984 2027 2299 
4 1987 2299 2027 2298 
4 1987 2298 2027 2286 
4 1987 2286 2027 1956 
4 1987 2286 2288 2298 
4 1987 2298 2288 2297 
4 1987 2297 2288 2290 
4 1987 2290 2288 2283 
4 1987 2283 2288 2286 
4 1419 1418 1423 2300 
4 1419 2300 1423 2290 
4 1419 2290 1423 1408 
4 1419 1408 1423 1418 
4 1419 2283 2288 2290 
4 1419 2290 2288 2300 
4 1419 2300 2288 479 
4 1419 479 2288 2283 
4 1419 479 1433 2300 
4 1419 2300 1433 1418 
4 1419 1418 1433 177 
4 1419 177 1433 479 
4 1423 1422 1510 2301 
4 1423 2301 1510 2292 
4 1423 2292 1510 1410 
4 1423 1410 1510 1422 
4 1423 2290 2302 2295 
4 1423 2295 2302 2292 
4 1423 2292 2302 2301 
4 1423 2301 2302 2300 
4 1423 2300 2302 2290 
4 1423 2300 1437 2301 
4 1423 2301 1437 1422 
4 1423 1422 1437 1418 
4 1423 1418 1437 2300 
4 2288 2300 2302 2303 
4 2288 2303 2302 2298 
4 2288 2298 2302 2297 
4 2288 2297 2302 2290 
4 2288 2290 2302 2300 
4 2288 2286 2304 2298 
4 2288 2298 2304 2303 
4 2288 2303 2304 477 
4 2288 477 2304 2286 
4 2288 477 2305 2303 
4 2288 2303 2305 2300 
4 2288 2300 2305 479 
4 2288 479 2305 477 
4 2302 2301 2306 2307 
4 2306 2307 2308 2302 
4 2309 2306 2308 2302 
4 2302 2309 2306 2292 
4 2302 2292 2306 2301 
4 2302 2298 2310 2311 
4 2310 2311 2308 2302 
4 2308 2307 2310 2302 
4 2302 2307 2310 2303 
4 2302 2303 2310 2298 
4 2302 2290 2312 2295 
4 2302 2295 2312 2292 
4 2302 2292 2312 2309 
4 2312 2309 2308 2302 
4 2308 2311 2312 2302 
4 2302 2311 2312 2298 
4 2302 2298 2312 2297 
4 2302 2297 2312 2290 
4 2302 2303 2313 2307 
4 2302 2307 2313 2301 
4 2302 2301 2313 2300 
4 2302 2300 2313 2303 
4 1997 2284 1999 2314 
4 1997 2314 1999 1996 
4 1997 1996 1999 1952 
4 1997 1952 1999 2284 
4 1997 309 2002 1996 
4 1997 1996 2002 2314 
4 1997 2314 2002 2257 
4 1997 2257 2002 309 
4 1997 2257 2270 2314 
4 1997 2314 2270 2284 
4 1997 2284 2270 444 
4 1997 444 2270 2257 
4 1999 2286 2027 2315 
4 1999 2315 2027 1998 
4 1999 1998 2027 1956 
4 1999 1956 2027 2286 
4 1999 1996 2006 1998 
4 1999 1998 2006 2315 
4 1999 2315 2006 2314 
4 1999 2314 2006 1996 
4 1999 2314 2289 2315 
4 1999 2315 2289 2286 
4 1999 2286 2289 2284 
4 1999 2284 2289 2314 
4 2002 2314 2006 2316 
4 2002 2316 2006 2000 
4 2002 2000 2006 1996 
4 2002 1996 2006 2314 
4 2002 310 2199 2000 
4 2002 2000 2199 2316 
4 2002 2316 2199 2265 
4 2002 2265 2199 310 
4 2002 2265 2274 2316 
4 2002 2316 2274 2314 
4 2002 2314 2274 2257 
4 2002 2257 2274 2265 
4 2006 2315 2045 2317 
4 2006 2317 2045 2004 
4 2006 2004 2045 1998 
4 2006 1998 2045 2315 
4 2006 2000 2201 2004 
4 2006 2004 2201 2317 
4 2006 2317 2201 2316 
4 2006 2316 2201 2000 
4 2006 2316 2318 2317 
4 2006 2317 2318 2315 
4 2006 2315 2318 2314 
4 2006 2314 2318 2316 
4 2270 481 2289 2319 
4 2270 2319 2289 2314 
4 2270 2314 2289 2284 
4 2270 2284 2289 481 
4 2270 2257 2274 2314 
4 2270 2314 2274 2319 
4 2270 2319 2274 468 
4 2270 468 2274 2257 
4 2270 468 2320 2319 
4 2270 2319 2320 481 
4 2270 481 2320 443 
4 2270 443 2320 468 
4 2289 477 2304 2321 
4 2289 2321 2304 2315 
4 2289 2315 2304 2286 
4 2289 2286 2304 477 
4 2289 2314 2318 2315 
4 2289 2315 2318 2321 
4 2289 2321 2318 2319 
4 2289 2319 2318 2314 
4 2289 2319 2322 2321 
4 2289 2321 2322 477 
4 2289 477 2322 481 
4 2289 481 2322 2319 
4 2323 2318 2319 2274 
4 2323 2316 2318 2274 
4 2274 2316 2318 2314 
4 2274 2314 2318 2319 
4 2274 2265 2281 2316 
4 2323 2281 2316 2274 
4 465 2274 2281 2323 
4 2281 2274 465 2265 
4 465 2324 2274 2323 
4 2319 2325 2323 2324 
4 2326 2325 2319 2324 
4 465 468 2274 2326 
4 2327 2321 2328 2318 
4 2327 2318 2328 2317 
4 2318 2317 2327 2315 
4 2318 2315 2327 2321 
4 2318 2316 2329 2317 
4 2328 2318 2329 2317 
4 2323 2318 2329 2328 
4 2329 2318 2323 2316 
4 2323 2330 2318 2328 
4 2321 2331 2328 2330 
4 2321 2331 2330 2332 
4 2323 2332 2319 2330 
4 2333 2298 2334 2335 
4 2036 2336 2333 2334 
4 2042 2022 2027 2036 
4 2299 2027 2042 1984 
4 2299 2337 2334 2335 
4 2027 1998 2045 2022 
4 2027 2022 2045 2333 
4 2027 2333 2045 2315 
4 2027 2315 2045 1998 
4 2027 2315 2304 2333 
4 2027 2333 2304 2298 
4 2027 2298 2304 2286 
4 2027 2286 2304 2315 
4 2340 2339 2037 2161 
4 2035 2161 2038 2166 
4 2038 2341 2040 2166 
4 2340 2310 2346 2308 
4 2045 2333 2049 2347 
4 2045 2347 2049 2043 
4 2045 2043 2049 2022 
4 2045 2022 2049 2333 
4 2045 2004 2227 2043 
4 2045 2043 2227 2347 
4 2045 2347 2227 2317 
4 2045 2317 2227 2004 
4 2045 2317 2327 2347 
4 2045 2347 2327 2333 
4 2045 2333 2327 2315 
4 2045 2315 2327 2317 
4 2348 2176 2340 2049 
4 2176 2049 2348 2047 
4 2049 2047 2176 2035 
4 2049 2035 2176 2340 
4 2049 2043 2229 2047 
4 2348 2049 2229 2047 
4 2347 2229 2348 2049 
4 2049 2347 2229 2043 
4 2349 2347 2348 2049 
4 2348 2340 2349 2049 
4 2049 2340 2349 2333 
4 2049 2333 2349 2347 
4 2304 2303 2310 2350 
4 2304 2350 2310 2333 
4 2304 2333 2310 2298 
4 2304 2298 2310 2303 
4 2304 2315 2327 2333 
4 2304 2333 2327 2350 
4 2304 2350 2327 2321 
4 2304 2321 2327 2315 
4 2304 2321 2351 2350 
4 2304 2350 2351 2303 
4 2304 2303 2351 477 
4 2304 477 2351 2321 
4 2352 2340 2308 2310 
4 2352 2310 2308 2307 
4 2310 2333 2349 2340 
4 2310 2350 2349 2333 
4 2350 2310 2354 2356 
4 2310 2356 2353 2354 
4 2310 2307 2356 2303 
4 2350 2310 2356 2303 
4 2357 2349 2350 2327 
4 2327 2347 2349 2333 
4 2327 2333 2349 2350 
4 2347 2327 2359 2317 
4 2347 2360 2357 2358 
4 2327 2361 2328 2357 
4 2328 2361 2327 2359 
4 2328 2362 2327 2357 
4 2357 2327 2350 2362 
4 2350 2327 2363 2362 
4 2328 2321 2327 2363 
4 2349 2340 2348 2364 
4 2355 2340 2349 2364 
4 2348 2347 2349 2365 
4 2349 2347 2358 2365 
4 1433 177 478 479 
4 1433 478 177 175 
4 1433 1432 1437 2366 
4 1433 2366 1437 2300 
4 1433 2300 1437 1418 
4 1433 1418 1437 1432 
4 1433 479 2305 2300 
4 1433 2300 2305 2366 
4 1433 2366 2305 478 
4 1433 478 2305 479 
4 2366 1433 2367 478 
4 2366 1433 1442 2368 
4 1441 1432 1433 1442 
4 1441 478 1433 175 
4 1547 1437 1436 2369 
4 2301 1547 2369 1437 
4 1437 2301 1547 1422 
4 1436 1437 1547 1422 
4 1437 2300 2313 2301 
4 2313 2301 2369 1437 
4 2366 2313 2369 1437 
4 1437 2366 2313 2300 
4 2370 1437 2366 2369 
4 1436 2369 1437 2370 
4 1436 2370 1437 1443 
4 2366 1437 1443 1432 
4 474 477 2305 478 
4 2305 478 477 479 
4 2366 2313 2371 2372 
4 2305 2303 2313 2300 
4 2305 2300 2313 2366 
4 2305 477 2351 2303 
4 2351 2305 474 477 
4 474 2374 2305 2371 
4 2371 2305 2366 2374 
4 2366 2305 2375 2374 
4 474 478 2305 2375 
4 2369 2376 2313 2377 
4 2313 2376 2378 2377 
4 2313 2307 2376 2301 
4 2369 2301 2313 2376 
4 2356 2307 2313 2303 
4 2313 2307 2356 2378 
4 2313 2377 2356 2372 
4 2313 2372 2356 2373 
4 2372 2379 2313 2377 
4 2313 2379 2369 2377 
4 2369 2313 2366 2379 
4 2366 2313 2372 2379 
4 1442 1432 2366 1443 
4 1440 1443 1432 1442 
4 2366 478 2367 2375 
4 478 2375 473 2367 
4 469 468 2320 443 
4 459 2380 2320 469 
4 2320 2319 2322 481 
4 2320 481 2322 480 
4 2320 480 443 481 
4 2320 480 459 443 
4 2326 2319 2320 468 
4 2320 2319 2325 2383 
4 2380 2382 2320 2384 
4 2320 2384 467 2380 
4 2380 2385 2320 2382 
4 2320 2385 480 2382 
4 2320 2385 459 480 
4 459 2385 2320 2380 
4 2322 2321 2351 477 
4 474 2322 2351 477 
4 474 480 2322 477 
4 2322 477 480 481 
4 2332 2321 2322 2319 
4 2322 2321 2331 2387 
4 2322 2386 2388 2381 
4 2332 2381 2322 2388 
4 2381 2389 2322 2386 
4 2322 2389 474 2386 
4 474 2389 2322 480 
4 480 2389 2322 2381 
4 2319 2332 2323 2325 
4 2325 2383 2319 2332 
4 2321 2363 2328 2331 
4 2331 2387 2321 2363 
4 2351 2350 2356 2303 
4 2351 2303 2356 2373 
4 2363 2350 2351 2321 
4 2363 2321 2351 2387 
4 2307 2390 2353 2356 
4 2307 2390 2356 2378 
4 1499 1501 2391 1498 
4 2392 2391 1499 1501 
4 1499 2109 2392 1501 
4 2109 1501 1499 1294 
4 1501 1498 1499 1294 
4 2393 2112 1499 1978 
4 1499 2112 2393 2109 
4 2393 2392 1499 2109 
4 1499 2392 2393 2391 
4 1499 2393 2394 2391 
4 2394 2393 1499 2292 
4 2393 2293 1499 2292 
4 1499 2293 2393 1978 
4 2394 2292 1499 1510 
4 1499 2391 2394 1510 
4 2391 1510 1499 1498 
4 1499 1498 1510 1410 
4 1499 1510 2292 1410 
4 1501 1500 1519 2395 
4 1501 2395 1519 2396 
4 1501 2396 1519 2114 
4 1501 2114 1519 1298 
4 1501 1298 1519 1500 
4 1501 2109 2397 2115 
4 1501 2115 2397 2114 
4 1501 2114 2397 2396 
4 1501 2396 2397 2395 
4 1501 2395 2397 2398 
4 1501 2398 2397 2391 
4 1501 2391 2397 2392 
4 1501 2392 2397 2109 
4 1501 2391 1513 2398 
4 1501 2398 1513 2395 
4 1501 2395 1513 1500 
4 1501 1500 1513 1498 
4 1501 1498 1513 2391 
4 1510 1509 1513 2399 
4 1510 2399 1513 2391 
4 1510 2391 1513 1498 
4 1510 1498 1513 1509 
4 1510 2292 2306 2394 
4 1510 2394 2306 2391 
4 1510 2391 2306 2399 
4 1510 2399 2306 2301 
4 1510 2301 2306 2292 
4 1510 2301 1547 2399 
4 1510 2399 1547 1509 
4 1510 1509 1547 1422 
4 1510 1422 1547 2301 
4 1513 2395 1533 1500 
4 1513 1500 1533 1512 
4 2398 2391 1513 2403 
4 2398 2404 1513 2405 
4 2395 2405 1513 2402 
4 1513 2391 2399 2403 
4 1551 1512 1513 2401 
4 1513 1512 1551 1509 
4 2399 1513 1551 1509 
4 2306 2391 2406 2403 
4 2399 2391 2306 2403 
4 2308 2306 2352 2307 
4 2306 2292 2408 2394 
4 2306 2394 2408 2391 
4 2306 2391 2408 2406 
4 2408 2309 2306 2308 
4 2306 2309 2408 2292 
4 2306 2307 2376 2407 
4 2376 2306 2399 2301 
4 2376 2307 2306 2301 
4 2402 2411 2395 2405 
4 2398 2391 2403 2413 
4 2398 2414 2405 2415 
4 2395 2415 2405 2416 
4 2403 2391 2406 2413 
4 1519 1518 1522 2417 
4 1519 2417 1522 2132 
4 1519 2132 1522 1316 
4 1519 1316 1522 1518 
4 1519 2114 2141 2132 
4 1519 2132 2141 2417 
4 1519 2417 2141 2395 
4 1519 2395 2141 2396 
4 1519 2396 2141 2114 
4 1519 2395 1533 2417 
4 1519 2417 1533 1518 
4 1519 1518 1533 1500 
4 1519 1500 1533 2395 
4 1522 1320 1668 1521 
4 1522 2417 2144 2132 
4 2419 1540 2417 1522 
4 1522 1521 1540 1518 
4 1522 1518 1540 2417 
4 2121 2114 2141 2421 
4 2141 2422 2395 2416 
4 2396 2395 2141 2422 
4 2421 2423 2396 2141 
4 2141 2424 2417 2144 
4 2144 2141 2424 2138 
4 2141 2138 2144 2132 
4 2141 2132 2144 2417 
4 2141 2138 2140 2185 
4 2141 2138 2185 2424 
4 2417 2425 2141 2411 
4 2141 2416 2395 2411 
4 2143 2138 2144 2186 
4 2186 2138 2144 2424 
4 2144 2426 2417 2420 
4 2417 2426 2144 2424 
4 1533 2417 1540 1518 
4 1532 1533 1540 1518 
4 2417 2395 2429 2411 
4 2429 2428 2417 2425 
4 2400 2427 1533 2429 
4 2400 2411 2395 2402 
4 2430 2427 1533 2400 
4 1532 2427 1533 2430 
4 1532 2430 1533 1552 
4 1533 1512 1552 2401 
4 1685 1521 1540 2418 
4 1537 1521 1540 1685 
4 2417 2426 1540 2420 
4 2425 2426 2417 2424 
4 2425 2428 2417 2426 
4 2438 2439 2435 2431 
4 2437 2440 2438 2441 
4 2438 2440 2165 2442 
4 2159 2118 2165 2442 
4 2159 2443 2166 2444 
4 2040 2444 2166 2341 
4 2446 2433 2352 2432 
4 2447 2448 2449 2450 
4 2174 2451 2176 2447 
4 2176 2174 2183 2157 
4 2452 2176 2183 2157 
4 2452 2453 2447 2450 
4 2251 2174 2176 2047 
4 2176 2451 2174 2454 
4 2176 2451 2454 2348 
4 2251 2348 2176 2454 
4 2176 2451 2348 2455 
4 2449 2456 2455 2364 
4 2348 2364 2340 2455 
4 2450 2461 2449 2457 
4 2449 2461 2450 2448 
4 2352 2446 2449 2412 
4 2446 2412 2352 2433 
4 2449 2352 2364 2340 
4 2352 2462 2449 2456 
4 2352 2340 2355 2364 
4 2390 2307 2352 2407 
4 2353 2307 2352 2390 
4 2449 2461 2412 2457 
4 2468 2449 2412 2457 
4 2412 2449 2468 2446 
4 2456 2461 2449 2448 
4 2456 2462 2449 2461 
4 2138 2186 2184 2185 
4 2185 2424 2138 2186 
4 1547 2470 1548 1551 
4 1551 1547 2399 1509 
4 1546 1509 1547 1551 
4 2376 2301 2399 1547 
4 2376 1547 2399 2470 
4 2369 2470 1547 2376 
4 2369 1547 2301 2376 
4 2471 2470 1547 2369 
4 1548 2470 1547 2471 
4 1547 2471 1436 1548 
4 1547 2369 1436 2471 
4 1550 1552 1512 1551 
4 2376 2407 2307 2390 
4 2307 2390 2378 2376 
4 2472 2201 2316 2199 
4 2201 2199 2472 2198 
4 2199 2198 2201 2000 
4 2199 2000 2201 2316 
4 2207 2198 2199 343 
4 2199 2198 2207 2472 
4 2199 2472 2207 2278 
4 2207 343 2199 2278 
4 2281 2199 2278 2472 
4 2316 2281 2472 2199 
4 2199 2316 2281 2265 
4 2281 2265 2278 2199 
4 2473 2227 2317 2201 
4 2227 2201 2473 2200 
4 2201 2200 2227 2004 
4 2201 2004 2227 2317 
4 2216 2200 2201 2198 
4 2201 2200 2216 2473 
4 2201 2473 2216 2472 
4 2216 2198 2201 2472 
4 2329 2201 2472 2473 
4 2473 2317 2329 2201 
4 2201 2317 2329 2316 
4 2329 2316 2472 2201 
4 2198 2216 2203 2207 
4 2207 2472 2198 2216 
4 2200 2236 2210 2216 
4 2216 2473 2200 2236 
4 2329 2316 2281 2472 
4 2281 2316 2329 2323 
4 2359 2317 2329 2473 
4 2328 2317 2329 2359 
4 2474 2229 2347 2227 
4 2227 2226 2229 2043 
4 2227 2043 2229 2347 
4 2236 2226 2227 2200 
4 2227 2226 2234 2475 
4 2227 2474 2476 2473 
4 2236 2473 2227 2476 
4 2477 2474 2227 2473 
4 2347 2360 2477 2359 
4 2477 2473 2317 2359 
4 2229 2047 2228 2251 
4 2229 2047 2251 2348 
4 2228 2226 2229 2238 
4 2238 2226 2229 2475 
4 2229 2365 2347 2348 
4 2229 2478 2347 2365 
4 2226 2238 2235 2234 
4 2234 2475 2226 2238 
4 2358 2365 2347 2360 
4 1616 2479 1611 1620 
4 1611 1620 1614 1616 
4 1668 1611 2486 1667 
4 1668 1667 2486 1666 
4 1686 1666 1668 2485 
4 1685 1666 1668 1686 
4 1668 1521 1685 2418 
4 2486 2487 2488 2489 
4 2493 2488 2482 2494 
4 2496 2488 1618 2486 
4 2486 2496 2488 2487 
4 2486 1666 2497 2498 
4 2486 2498 2497 2487 
4 2486 2487 2497 2496 
4 2497 2496 1618 2486 
4 2497 2486 1618 1619 
4 2497 2486 1619 1611 
4 2486 1611 2497 1667 
4 2486 1667 2497 1666 
4 2481 2499 2486 2482 
4 2482 2486 2493 2499 
4 2499 2486 2493 2490 
4 2486 2490 2499 2484 
4 2481 2484 2486 2499 
4 2484 2500 2486 2490 
4 2490 2501 2489 2492 
4 2489 2501 2500 2502 
4 2498 2487 2500 2502 
4 2503 2504 2498 2500 
4 2485 1666 2486 2503 
4 1686 2503 1666 2485 
4 1681 2503 1666 1686 
4 2489 2505 2492 2501 
4 2489 2505 2502 2506 
4 2502 2507 2487 2506 
4 2502 2508 2487 2507 
4 2498 2487 2502 2508 
4 2498 2509 2503 2510 
4 1681 2510 1666 2503 
4 1739 1754 1740 1738 
4 2514 1739 1738 1754 
4 2513 2512 2514 2515 
4 2514 1739 1754 2518 
4 2514 2519 2515 2512 
4 1739 2518 1753 1754 
4 523 2520 2521 551 
4 2521 2522 551 552 
4 2521 544 2523 2524 
4 2521 2524 2523 533 
4 2521 533 2523 519 
4 2521 519 2523 544 
4 519 544 2521 540 
4 540 2525 2521 2520 
4 2521 523 2526 533 
4 2521 533 2526 2524 
4 2521 2524 2526 2522 
4 2521 2522 2526 523 
4 519 2520 2521 534 
4 523 533 2521 534 
4 2521 2522 2527 2524 
4 2521 2524 2527 544 
4 2529 2523 2530 752 
4 529 2531 2529 2532 
4 2523 2532 517 529 
4 517 2532 2523 2530 
4 2523 544 517 752 
4 2523 517 544 519 
4 2523 533 2533 529 
4 2523 529 2533 2529 
4 2523 2529 2533 2524 
4 2523 2524 2533 533 
4 2523 517 533 529 
4 2523 533 517 519 
4 2523 2524 2534 2529 
4 2523 2529 2534 752 
4 2523 752 2534 544 
4 2523 544 2534 2524 
4 2526 525 2522 585 
4 2526 2522 525 523 
4 2526 2524 2533 592 
4 2526 592 2533 532 
4 2526 532 2533 533 
4 2526 533 2533 2524 
4 2526 525 592 532 
4 2526 592 525 585 
4 2526 533 525 532 
4 2526 525 533 523 
4 2526 585 2535 592 
4 2526 592 2535 2524 
4 2526 2524 2535 2522 
4 2526 2522 2535 585 
4 2536 2529 2533 2537 
4 2538 591 2533 2536 
4 529 530 2533 2538 
4 529 2539 2533 2537 
4 2533 530 592 591 
4 2533 592 530 532 
4 2533 533 530 529 
4 2533 530 533 532 
4 2533 592 2540 591 
4 2533 591 2540 2529 
4 2533 2529 2540 2524 
4 2533 2524 2540 592 
4 2527 2522 535 559 
4 535 2522 2527 552 
4 2527 543 2534 2541 
4 2527 2541 2534 2524 
4 2527 2524 2534 544 
4 2527 544 2534 543 
4 2527 543 535 544 
4 2527 544 535 545 
4 2527 2522 2535 2524 
4 2527 2524 2535 2541 
4 2527 2541 2535 559 
4 2527 559 2535 2522 
4 2527 559 2542 2541 
4 2527 2541 2542 543 
4 535 2527 2542 543 
4 2542 2527 535 559 
4 2534 613 2543 2544 
4 2534 2544 2543 2529 
4 2534 2529 2543 752 
4 2534 752 2543 613 
4 2534 613 544 752 
4 2534 544 613 543 
4 2534 2524 2540 2529 
4 2534 2529 2540 2544 
4 2534 2544 2540 2541 
4 2534 2541 2540 2524 
4 2534 2541 2545 2544 
4 2534 2544 2545 613 
4 2534 613 2545 543 
4 2534 543 2545 2541 
4 2535 2522 557 585 
4 2535 557 2522 559 
4 2535 2541 2540 593 
4 2535 593 2540 592 
4 2535 592 2540 2524 
4 2535 2524 2540 2541 
4 2535 592 557 593 
4 2535 557 592 585 
4 2535 557 2546 593 
4 2535 593 2546 2541 
4 2535 2541 2546 559 
4 2535 559 2546 557 
4 2547 2540 2544 588 
4 2547 591 2540 588 
4 2547 2529 2540 591 
4 2544 2540 2547 2529 
4 2540 592 588 591 
4 2540 588 592 593 
4 2540 593 2548 588 
4 2540 588 2548 2544 
4 2540 2544 2548 2541 
4 2540 2541 2548 593 
4 535 616 2542 559 
4 2542 616 535 609 
4 2542 614 2545 2549 
4 2542 2549 2545 2541 
4 2542 2541 2545 543 
4 2542 543 2545 614 
4 2542 614 535 543 
4 535 614 2542 609 
4 2542 559 2546 2541 
4 2542 2541 2546 2549 
4 2542 2549 2546 616 
4 2542 616 2546 559 
4 2542 616 2550 2549 
4 2542 2549 2550 614 
4 2542 614 2550 609 
4 2542 609 2550 616 
4 2545 612 2551 2552 
4 2545 2552 2551 2544 
4 2545 2544 2551 613 
4 2545 613 2551 612 
4 2545 614 613 612 
4 2545 613 614 543 
4 2545 2541 2548 2544 
4 2545 2544 2548 2552 
4 2545 2552 2548 2549 
4 2545 2549 2548 2541 
4 2545 2549 2553 2552 
4 2545 2552 2553 612 
4 2545 612 2553 614 
4 2545 614 2553 2549 
4 2546 557 616 619 
4 2546 616 557 559 
4 2546 2549 2548 654 
4 2546 654 2548 593 
4 2546 593 2548 2541 
4 2546 2541 2548 2549 
4 2546 557 654 593 
4 2546 654 557 619 
4 2546 619 2554 654 
4 2546 654 2554 2549 
4 2546 2549 2554 616 
4 2546 616 2554 619 
4 2548 2552 2555 653 
4 2548 653 2555 588 
4 2548 588 2555 2544 
4 2548 2544 2555 2552 
4 2548 588 654 653 
4 2548 654 588 593 
4 2548 654 2556 653 
4 2548 653 2556 2552 
4 2548 2552 2556 2549 
4 2548 2549 2556 654 
4 2550 616 608 617 
4 2550 608 616 609 
4 2550 615 2553 636 
4 2550 636 2553 2549 
4 2550 2549 2553 614 
4 2550 614 2553 615 
4 2550 608 614 615 
4 2550 614 608 609 
4 2550 616 2554 2549 
4 2550 2549 2554 636 
4 2550 636 2554 617 
4 2550 617 2554 616 
4 2550 636 608 615 
4 2550 608 636 617 
4 2553 611 2557 633 
4 2553 633 2557 2552 
4 2553 2552 2557 612 
4 2553 612 2557 611 
4 2553 611 614 612 
4 2553 614 611 615 
4 2553 2549 2556 2552 
4 2553 2552 2556 633 
4 2553 633 2556 636 
4 2553 636 2556 2549 
4 2553 636 611 633 
4 2553 611 636 615 
4 2554 616 618 619 
4 2554 618 616 617 
4 2554 636 2556 635 
4 2554 635 2556 654 
4 2554 654 2556 2549 
4 2554 2549 2556 636 
4 2554 654 618 635 
4 2554 618 654 619 
4 2554 618 636 635 
4 2554 636 618 617 
4 2556 633 2558 632 
4 2556 632 2558 653 
4 2556 653 2558 2552 
4 2556 2552 2558 633 
4 2556 654 632 653 
4 2556 632 654 635 
4 2556 632 636 633 
4 2556 636 632 635 
4 750 2559 2560 2561 
4 750 2559 747 2560 
4 529 2537 2529 2531 
4 750 2563 749 2559 
4 2561 2563 750 2559 
4 778 2547 591 2536 
4 2536 2547 2529 2537 
4 2543 751 2564 2565 
4 2543 750 2561 2563 
4 2563 751 2543 750 
4 2543 613 750 751 
4 2543 750 613 752 
4 2543 2529 2547 2562 
4 2547 2544 2543 2566 
4 2543 2544 2547 2529 
4 2543 751 2551 613 
4 2543 613 2551 2544 
4 2555 588 774 2547 
4 2547 2544 2555 588 
4 2569 2551 2568 924 
4 2551 751 2568 924 
4 2551 924 613 751 
4 2551 613 924 612 
4 2555 2551 2569 2552 
4 2551 2552 2555 2544 
4 2569 2551 2557 2552 
4 2557 2551 2569 924 
4 2551 924 2557 612 
4 2551 612 2557 2552 
4 2568 923 743 938 
4 2568 924 743 923 
4 2568 743 924 751 
4 2568 923 2571 924 
4 2569 2568 2571 924 
4 2555 990 774 588 
4 2555 990 588 653 
4 2555 653 2558 990 
4 990 2569 2558 2555 
4 2558 2555 2569 2552 
4 2555 2552 2558 653 
4 2557 925 2571 953 
4 2569 2557 2571 953 
4 2571 2557 2569 924 
4 2557 924 2571 925 
4 2557 611 924 925 
4 2557 924 611 612 
4 2569 2557 2558 2552 
4 2558 2557 2569 953 
4 2557 953 2558 633 
4 2557 633 2558 2552 
4 2557 953 611 925 
4 2557 611 953 633 
4 937 936 2571 922 
4 2571 2570 937 938 
4 2571 922 924 923 
4 2571 924 922 925 
4 2571 2572 2570 2569 
4 2571 2572 935 2570 
4 2573 953 2571 936 
4 2569 953 2571 2574 
4 2571 953 922 936 
4 2571 922 953 925 
4 2575 953 2558 2574 
4 2575 990 2558 950 
4 990 2576 2558 2569 
4 2569 2576 2558 2574 
4 2558 990 632 950 
4 2558 632 990 653 
4 2558 632 953 950 
4 2558 953 632 633 
4 2577 948 1089 1004 
4 2577 1089 948 1052 
4 2577 1055 2578 2579 
4 2577 2579 2578 1011 
4 2577 1011 2578 959 
4 2577 959 2578 1055 
4 2577 1055 948 959 
4 2577 948 1055 1052 
4 2577 1004 2580 1011 
4 2577 1011 2580 2579 
4 2577 2579 2580 1089 
4 2577 1089 2580 1004 
4 2577 948 1011 959 
4 2577 1011 948 1004 
4 2577 1089 2581 2579 
4 2577 2579 2581 1055 
4 2577 1055 2581 1052 
4 2577 1052 2581 1089 
4 2578 1118 957 1006 
4 2578 957 1118 1054 
4 2578 1055 957 1054 
4 2578 957 1055 959 
4 2578 1011 2582 1006 
4 2578 1006 2582 1118 
4 2578 1118 2582 2579 
4 2578 2579 2582 1011 
4 2578 957 1011 1006 
4 2578 1011 957 959 
4 2578 2579 2583 1118 
4 2578 1118 2583 1054 
4 2578 1054 2583 1055 
4 2578 1055 2583 2579 
4 2580 1005 1089 1092 
4 2580 1089 1005 1004 
4 2580 2579 2582 2584 
4 2580 2584 2582 1010 
4 2580 1010 2582 1011 
4 2580 1011 2582 2579 
4 2580 1005 2585 1010 
4 2580 1010 2585 2584 
4 2580 2584 2585 1092 
4 2580 1092 2585 1005 
4 2580 1011 1005 1010 
4 2580 1005 1011 1004 
4 2580 1092 2586 2584 
4 2580 2584 2586 2579 
4 2580 2579 2586 1089 
4 2580 1089 2586 1092 
4 2582 1118 1007 1119 
4 2582 1007 1118 1006 
4 2582 1010 2587 1007 
4 2582 1007 2587 1119 
4 2582 1119 2587 2584 
4 2582 2584 2587 1010 
4 2582 1011 1007 1006 
4 2582 1007 1011 1010 
4 2582 2584 2588 1119 
4 2582 1119 2588 1118 
4 2582 1118 2588 2579 
4 2582 2579 2588 2584 
4 2581 1089 1051 1090 
4 2581 1051 1089 1052 
4 2581 1056 2583 1105 
4 2581 1105 2583 2579 
4 2581 2579 2583 1055 
4 2581 1055 2583 1056 
4 2581 1051 1055 1056 
4 2581 1055 1051 1052 
4 2581 1089 2586 2579 
4 2581 2579 2586 1105 
4 2581 1105 2586 1090 
4 2581 1090 2586 1089 
4 2581 1105 1051 1056 
4 2581 1051 1105 1090 
4 2583 1053 1118 1102 
4 2583 1118 1053 1054 
4 2583 1053 1055 1054 
4 2583 1055 1053 1056 
4 2583 2579 2588 1118 
4 2583 1118 2588 1102 
4 2583 1102 2588 1105 
4 2583 1105 2588 2579 
4 2583 1105 1053 1102 
4 2583 1053 1105 1056 
4 2586 1089 1091 1092 
4 2586 1091 1089 1090 
4 1104 2586 2588 1105 
4 2588 2586 1104 2584 
4 2586 2584 2588 2579 
4 2586 2579 2588 1105 
4 2586 1092 2589 2584 
4 1104 2586 2589 2584 
4 2589 2586 1104 1091 
4 2586 1091 2589 1092 
4 2586 1105 1104 1091 
4 2586 1105 1091 1090 
4 2588 1101 1118 1119 
4 2588 1118 1101 1102 
4 2588 2584 2590 1119 
4 2588 1119 2590 1101 
4 1104 2588 2590 1101 
4 2590 2588 1104 2584 
4 2588 1101 1105 1102 
4 1104 1105 2588 1101 
4 2585 1005 1093 1012 
4 2585 1093 1005 1092 
4 2585 2584 2587 2591 
4 2585 2591 2587 1020 
4 2585 1020 2587 1010 
4 2585 1010 2587 2584 
4 2585 1012 2592 1020 
4 2585 1020 2592 2591 
4 2585 2591 2592 1093 
4 2585 1093 2592 1012 
4 2585 1005 1020 1010 
4 2585 1020 1005 1012 
4 2585 1093 2589 2591 
4 2585 2591 2589 2584 
4 2585 2584 2589 1092 
4 2585 1092 2589 1093 
4 2587 1125 1007 1016 
4 2587 1007 1125 1119 
4 2587 1020 2593 1016 
4 2587 1016 2593 1125 
4 2587 1125 2593 2591 
4 2587 2591 2593 1020 
4 2587 1007 1020 1016 
4 2587 1020 1007 1010 
4 2587 2591 2590 1125 
4 2587 1125 2590 1119 
4 2587 1119 2590 2584 
4 2587 2584 2590 2591 
4 2592 1013 1093 1096 
4 2592 1093 1013 1012 
4 2592 2591 2593 1946 
4 2592 1946 2593 1019 
4 2592 1019 2593 1020 
4 2592 1020 2593 2591 
4 2592 1013 1946 1019 
4 2592 1946 1013 1096 
4 2592 1020 1013 1019 
4 2592 1013 1020 1012 
4 2592 1096 2594 1946 
4 2592 1946 2594 2591 
4 2592 2591 2594 1093 
4 2592 1093 2594 1096 
4 2593 1125 1017 1126 
4 2593 1017 1125 1016 
4 2593 1017 1946 1126 
4 2593 1946 1017 1019 
4 2593 1020 1017 1016 
4 2593 1017 1020 1019 
4 2593 1946 2595 1126 
4 2593 1126 2595 1125 
4 2593 1125 2595 2591 
4 2593 2591 2595 1946 
4 2589 1093 1091 1094 
4 2589 1091 1093 1092 
4 2590 2589 1104 1116 
4 2589 1116 2590 2591 
4 2589 2591 2590 2584 
4 1104 2589 2590 2584 
4 2589 1093 2594 2591 
4 2589 2591 2594 1116 
4 2589 1116 2594 1094 
4 2589 1094 2594 1093 
4 1104 1116 2589 1091 
4 2589 1091 1116 1094 
4 2590 1101 1125 1113 
4 2590 1125 1101 1119 
4 2590 2591 2595 1125 
4 2590 1125 2595 1113 
4 2590 1113 2595 1116 
4 2590 1116 2595 2591 
4 2590 1116 1101 1113 
4 2590 1116 1104 1101 
4 2594 1093 1095 1096 
4 2594 1095 1093 1094 
4 2594 1116 2595 1115 
4 2594 1115 2595 1946 
4 2594 1946 2595 2591 
4 2594 2591 2595 1116 
4 2594 1946 1095 1115 
4 2594 1095 1946 1096 
4 2594 1095 1116 1115 
4 2594 1116 1095 1094 
4 2595 1112 1125 1126 
4 2595 1125 1112 1113 
4 2595 1946 1112 1126 
4 2595 1112 1946 1115 
4 2595 1112 1116 1113 
4 2595 1116 1112 1115 
4 2596 978 1122 1034 
4 2596 1122 978 1076 
4 2596 1212 2597 2598 
4 2596 2598 2597 1183 
4 2596 1183 2597 1184 
4 2596 1184 2597 1212 
4 2596 1212 978 1184 
4 2596 978 1212 1076 
4 2596 1034 2599 1183 
4 2596 1183 2599 2598 
4 2596 2598 2599 1122 
4 2596 1122 2599 1034 
4 2596 978 1183 1184 
4 2596 1183 978 1034 
4 2596 1122 2600 2598 
4 2596 2598 2600 1212 
4 2596 1212 2600 1076 
4 2596 1076 2600 1122 
4 2597 1259 1159 1175 
4 2597 1159 1259 1211 
4 2597 1212 1159 1211 
4 2597 1159 1212 1184 
4 2597 1183 2601 1175 
4 2597 1175 2601 1259 
4 2597 1259 2601 2598 
4 2597 2598 2601 1183 
4 2597 1159 1183 1175 
4 2597 1183 1159 1184 
4 2597 2598 2602 1259 
4 2597 1259 2602 1211 
4 2597 1211 2602 1212 
4 2597 1212 2602 2598 
4 2599 1035 1122 1124 
4 2599 1122 1035 1034 
4 2599 2598 2601 2603 
4 2599 2603 2601 1181 
4 2599 1181 2601 1183 
4 2599 1183 2601 2598 
4 2599 1035 2603 1181 
4 2599 2603 1035 1124 
4 2599 1183 1035 1181 
4 2599 1035 1183 1034 
4 2599 1124 2604 2603 
4 2599 2603 2604 2598 
4 2599 2598 2604 1122 
4 2599 1122 2604 1124 
4 2601 1259 1176 1260 
4 2601 1176 1259 1175 
4 2601 1176 2603 1260 
4 2601 2603 1176 1181 
4 2601 1183 1176 1175 
4 2601 1176 1183 1181 
4 2601 2603 2605 1260 
4 2601 1260 2605 1259 
4 2601 1259 2605 2598 
4 2601 2598 2605 2603 
4 2600 1122 1075 1121 
4 1075 1122 2600 1076 
4 1290 2600 2602 1213 
4 2602 2600 1290 2598 
4 2600 2598 2602 1212 
4 2600 1212 2602 1213 
4 2600 1213 1075 1212 
4 2600 1212 1075 1076 
4 2600 1122 2604 2598 
4 1290 2600 2604 2598 
4 2604 2600 1290 1121 
4 2600 1121 2604 1122 
4 1075 1213 2600 1290 
4 2600 1121 1075 1290 
4 2602 1210 1259 1262 
4 2602 1259 1210 1211 
4 2602 1210 1212 1211 
4 2602 1212 1210 1213 
4 2602 2598 2605 1259 
4 2602 1259 2605 1262 
4 1290 2602 2605 1262 
4 2605 2602 1290 2598 
4 2602 1262 1290 1210 
4 1290 1213 2602 1210 
4 2604 1122 1123 1124 
4 2604 1123 1122 1121 
4 2604 2603 2605 2598 
4 1290 2604 2605 2598 
4 1272 2603 2604 1123 
4 2604 1123 2603 1124 
4 1272 1123 2604 1290 
4 1290 1123 2604 1121 
4 2605 1261 1259 1260 
4 2605 1259 1261 1262 
4 2605 2603 1261 1260 
4 2605 2603 1273 1261 
4 1290 1262 2605 1261 
4 2605 1290 1273 2607 
4 2608 915 1456 1243 
4 2608 1456 915 1354 
4 2608 1635 2609 2610 
4 2608 2610 2609 2611 
4 2608 2611 2609 1555 
4 2608 1555 2609 1635 
4 2608 1635 915 1555 
4 2608 915 1635 1354 
4 2608 1243 2612 2611 
4 2608 2611 2612 2610 
4 2608 2610 2612 1456 
4 2608 1456 2612 1243 
4 2608 915 2611 1555 
4 2608 2611 915 1243 
4 2608 1456 2613 2610 
4 2608 2610 2613 1635 
4 2608 1635 2613 1354 
4 2608 1354 2613 1456 
4 2609 1634 2614 2615 
4 2614 2615 1564 2609 
4 1554 2609 2614 1564 
4 2609 1554 2614 1634 
4 2609 1635 1554 1634 
4 2609 1554 1635 1555 
4 1564 2609 2616 2611 
4 1564 2615 2616 2609 
4 2609 2615 2616 2610 
4 2609 2610 2616 2611 
4 1554 2611 2609 1564 
4 2609 2611 1554 1555 
4 2609 2610 2617 2615 
4 2609 2615 2617 1634 
4 2609 1634 2617 1635 
4 2609 1635 2617 2610 
4 2612 1245 1456 1459 
4 2612 1456 1245 1243 
4 2612 2610 2616 2618 
4 2612 2618 2616 1584 
4 2612 1584 2616 2611 
4 2612 2611 2616 2610 
4 2612 1245 2619 1584 
4 2612 1584 2619 2618 
4 2612 2618 2619 1459 
4 2612 1459 2619 1245 
4 2612 2611 1245 1584 
4 2612 1245 2611 1243 
4 2612 1459 2620 2618 
4 2612 2618 2620 2610 
4 2612 2610 2620 1456 
4 2612 1456 2620 1459 
4 2616 2615 2621 2622 
4 2616 2622 2621 1568 
4 1564 2616 2621 1568 
4 2621 2616 1564 2615 
4 2616 1584 2623 1568 
4 2616 1568 2623 2622 
4 2616 2622 2623 2618 
4 2616 2618 2623 1584 
4 1564 2611 2616 1568 
4 2616 1568 2611 1584 
4 2616 2618 2624 2622 
4 2616 2622 2624 2615 
4 2616 2615 2624 2610 
4 2616 2610 2624 2618 
4 2613 1456 1353 1457 
4 2613 1353 1456 1354 
4 2613 1636 2617 2625 
4 2613 2625 2617 2610 
4 2613 2610 2617 1635 
4 2613 1635 2617 1636 
4 2613 1353 1635 1636 
4 2613 1635 1353 1354 
4 2613 1456 2620 2610 
4 2613 2610 2620 2625 
4 2613 2625 2620 1457 
4 2613 1457 2620 1456 
4 2613 1457 2626 2625 
4 2613 2625 2626 1636 
4 2613 1636 2626 1353 
4 2613 1353 2626 1457 
4 2617 1633 2627 2628 
4 2617 2628 2627 2615 
4 2617 2615 2627 1634 
4 2617 1634 2627 1633 
4 2617 1633 1635 1634 
4 2617 1635 1633 1636 
4 2617 2610 2624 2615 
4 2617 2615 2624 2628 
4 2617 2628 2624 2625 
4 2617 2625 2624 2610 
4 2617 2625 2629 2628 
4 2617 2628 2629 1633 
4 2617 1633 2629 1636 
4 2617 1636 2629 2625 
4 2620 1456 1458 1459 
4 2620 1458 1456 1457 
4 2620 2625 2624 2630 
4 2620 2630 2624 2618 
4 2620 2618 2624 2610 
4 2620 2610 2624 2625 
4 2620 1459 2631 2618 
4 2620 2618 2631 2630 
4 2620 2630 2631 1458 
4 2620 1458 2631 1459 
4 2620 1458 2632 2630 
4 2620 2630 2632 2625 
4 2620 2625 2632 1457 
4 2620 1457 2632 1458 
4 2624 2628 2633 2634 
4 2624 2634 2633 2622 
4 2624 2622 2633 2615 
4 2624 2615 2633 2628 
4 2624 2618 2635 2622 
4 2624 2622 2635 2634 
4 2624 2634 2635 2630 
4 2624 2630 2635 2618 
4 2624 2630 2636 2634 
4 2624 2634 2636 2628 
4 2624 2628 2636 2625 
4 2624 2625 2636 2630 
4 2614 1640 2637 2638 
4 2614 1561 2637 1640 
4 2614 1640 1554 1561 
4 2614 1554 1640 1634 
4 2614 2638 2621 2615 
4 1564 2614 2621 2615 
4 1554 2639 2614 1575 
4 2614 2639 1554 1564 
4 2614 2615 2627 2638 
4 2614 2638 2627 1640 
4 2614 1640 2627 1634 
4 2614 1634 2627 2615 
4 2637 1651 2643 2644 
4 2643 1651 2637 2645 
4 2637 1640 1641 1642 
4 1562 2643 2637 1641 
4 2648 2637 1651 2638 
4 2643 2640 2637 2644 
4 1562 2640 2637 2643 
4 1651 2638 2637 2649 
4 2637 2649 2645 1651 
4 2637 2649 1642 2645 
4 2649 2638 2637 1640 
4 2621 2638 2648 2650 
4 2650 2648 2651 2652 
4 2621 2650 2655 2622 
4 2621 2622 2655 1568 
4 1574 2642 2621 1573 
4 1564 1568 2621 1573 
4 2621 2622 2633 2650 
4 2621 2650 2633 2638 
4 2621 2638 2633 2615 
4 2621 2615 2633 2622 
4 1571 1652 2648 1651 
4 2648 1651 2647 1571 
4 2656 2648 1571 1652 
4 2648 1652 2656 2650 
4 2647 2646 2648 1571 
4 1571 2646 2648 2652 
4 2648 2650 2657 1652 
4 1651 2648 2657 1652 
4 2657 2648 1651 2638 
4 2648 2638 2657 2650 
4 1644 2627 2658 2649 
4 2658 2638 2649 2627 
4 2649 2627 2638 1640 
4 1644 1640 2627 2649 
4 2627 1640 1644 1633 
4 2627 1640 1633 1634 
4 2627 2615 2633 2638 
4 2627 2638 2633 2658 
4 2627 2658 2633 2628 
4 2627 2628 2633 2615 
4 2658 2627 2659 2628 
4 2658 2627 1644 2659 
4 2627 1633 1644 2659 
4 2659 2628 2627 1633 
4 2657 2638 1651 2649 
4 2658 2657 2649 2638 
4 2633 2658 2657 2661 
4 2633 2661 2657 2650 
4 2633 2650 2657 2638 
4 2633 2638 2657 2658 
4 2633 2622 2662 2650 
4 2633 2650 2662 2661 
4 2633 2661 2662 2634 
4 2633 2634 2662 2622 
4 2633 2634 2663 2661 
4 2633 2661 2663 2658 
4 2633 2658 2663 2628 
4 2633 2628 2663 2634 
4 2657 2664 1651 1654 
4 2657 2660 1651 2664 
4 2657 2650 2665 1652 
4 2657 2661 2665 2650 
4 2661 2657 2664 2667 
4 2664 2667 2657 2660 
4 2660 2657 2658 2667 
4 2667 2658 2661 2657 
4 2619 1245 1461 1255 
4 2619 1461 1245 1459 
4 2619 2618 2623 2668 
4 2619 2668 2623 1583 
4 2619 1583 2623 1584 
4 2619 1584 2623 2618 
4 2619 1255 2669 1583 
4 2619 1583 2669 2668 
4 2619 2668 2669 1461 
4 2619 1461 2669 1255 
4 2619 1245 1583 1584 
4 2619 1583 1245 1255 
4 2619 1461 2631 2668 
4 2619 2668 2631 2618 
4 2619 2618 2631 1459 
4 2619 1459 2631 1461 
4 2623 2622 2655 2670 
4 2623 2670 2655 1576 
4 2623 1576 2655 1568 
4 2623 1568 2655 2622 
4 2623 1583 2671 1576 
4 2623 1576 2671 2670 
4 2623 2670 2671 2668 
4 2623 2668 2671 1583 
4 2623 1568 1583 1576 
4 2623 1583 1568 1584 
4 2623 2668 2635 2670 
4 2623 2670 2635 2622 
4 2623 2622 2635 2618 
4 2623 2618 2635 2668 
4 2669 1256 1461 1464 
4 2669 1461 1256 1255 
4 2669 2668 2671 1662 
4 2669 1662 2671 1582 
4 2669 1582 2671 1583 
4 2669 1583 2671 2668 
4 2669 1256 1662 1582 
4 2669 1662 1256 1464 
4 2669 1583 1256 1582 
4 2669 1256 1583 1255 
4 2669 1464 2672 1662 
4 2669 1662 2672 2668 
4 2669 2668 2672 1461 
4 2669 1461 2672 1464 
4 2671 2670 2673 1661 
4 2671 1661 2673 1577 
4 2671 1577 2673 1576 
4 2671 1576 2673 2670 
4 2671 1577 1662 1661 
4 2671 1662 1577 1582 
4 2671 1583 1577 1576 
4 2671 1577 1583 1582 
4 2671 1662 2674 1661 
4 2671 1661 2674 2670 
4 2671 2670 2674 2668 
4 2671 2668 2674 1662 
4 2631 1461 1458 1462 
4 2631 1458 1461 1459 
4 2631 2630 2635 2675 
4 2631 2675 2635 2668 
4 2631 2668 2635 2618 
4 2631 2618 2635 2630 
4 2631 1461 2672 2668 
4 2631 2668 2672 2675 
4 2631 2675 2672 1462 
4 2631 1462 2672 1461 
4 2631 1462 2676 2675 
4 2631 2675 2676 2630 
4 2631 2630 2676 1458 
4 2631 1458 2676 1462 
4 2635 2634 2662 2677 
4 2635 2677 2662 2670 
4 2635 2670 2662 2622 
4 2635 2622 2662 2634 
4 2635 2668 2674 2670 
4 2635 2670 2674 2677 
4 2635 2677 2674 2675 
4 2635 2675 2674 2668 
4 2635 2675 2678 2677 
4 2635 2677 2678 2634 
4 2635 2634 2678 2630 
4 2635 2630 2678 2675 
4 2672 1461 1463 1464 
4 2672 1463 1461 1462 
4 2672 2675 2674 1663 
4 2672 1663 2674 1662 
4 2672 1662 2674 2668 
4 2672 2668 2674 2675 
4 2672 1662 1463 1663 
4 2672 1463 1662 1464 
4 2672 1463 2679 1663 
4 2672 1663 2679 2675 
4 2672 2675 2679 1462 
4 2672 1462 2679 1463 
4 2674 2677 2680 1656 
4 2674 1656 2680 1661 
4 2674 1661 2680 2670 
4 2674 2670 2680 2677 
4 2674 1662 1656 1661 
4 2674 1656 1662 1663 
4 2674 1663 2681 1656 
4 2674 1656 2681 2677 
4 2674 2677 2681 2675 
4 2674 2675 2681 1663 
4 2655 2650 2656 2682 
4 1590 2656 2682 2655 
4 1590 2655 2673 1576 
4 2682 2673 1590 2655 
4 2655 2682 2673 2670 
4 2655 2670 2673 1576 
4 1574 1568 2655 1590 
4 2655 1576 1590 1568 
4 2655 2670 2662 2682 
4 2655 2682 2662 2650 
4 2655 2650 2662 2622 
4 2655 2622 2662 2670 
4 2683 2656 2684 1652 
4 2683 2684 2656 2685 
4 2656 1652 1571 2684 
4 2656 2683 2687 2682 
4 2687 2682 1590 2656 
4 2656 2682 2665 2683 
4 2656 2683 2665 1652 
4 2656 1652 2665 2650 
4 2656 2650 2665 2682 
4 2673 2682 2687 2688 
4 2673 2688 2687 1587 
4 1590 2673 2687 1587 
4 1590 2682 2687 2673 
4 2673 1577 2689 1587 
4 2673 1587 2689 2688 
4 2673 2688 2689 1661 
4 2673 1661 2689 1577 
4 2673 1587 1590 1577 
4 2673 1577 1590 1576 
4 2673 1661 2680 2688 
4 2673 2688 2680 2682 
4 2673 2682 2680 2670 
4 2673 2670 2680 1661 
4 2687 2683 2690 1698 
4 2687 1698 2693 2688 
4 2687 2688 2693 1587 
4 2686 1590 2687 2691 
4 2687 1590 1588 2691 
4 2687 2688 2694 1698 
4 2687 1698 2694 2683 
4 2687 2683 2694 2682 
4 2687 2682 2694 2688 
4 2662 2661 2665 2695 
4 2662 2695 2665 2682 
4 2662 2682 2665 2650 
4 2662 2650 2665 2661 
4 2662 2670 2680 2682 
4 2662 2682 2680 2695 
4 2662 2695 2680 2677 
4 2662 2677 2680 2670 
4 2696 2677 2695 2662 
4 2695 2662 2661 2696 
4 2662 2661 2696 2634 
4 2677 2662 2696 2634 
4 2665 2698 2697 2683 
4 2665 2683 2697 1652 
4 2665 2682 2694 2683 
4 2665 2683 2694 2698 
4 2665 2698 2694 2695 
4 2665 2695 2694 2682 
4 2698 2695 2699 2700 
4 2698 2665 2666 2699 
4 2665 2699 2661 2666 
4 2695 2700 2661 2699 
4 2680 2695 2694 2701 
4 2680 2701 2694 2688 
4 2680 2688 2694 2682 
4 2680 2682 2694 2695 
4 2680 1661 2702 2688 
4 2680 2688 2702 2701 
4 2680 2701 2702 1656 
4 2680 1656 2702 1661 
4 2680 1656 2703 2701 
4 2680 2701 2703 2695 
4 2680 2695 2703 2677 
4 2680 2677 2703 1656 
4 2694 2698 2704 1697 
4 2694 1697 2704 1698 
4 2694 1698 2704 2683 
4 2694 2683 2704 2698 
4 2694 2688 2705 1698 
4 2694 1698 2705 1697 
4 2694 1697 2705 2701 
4 2694 2701 2705 2688 
4 2706 2707 2701 2708 
4 2698 2694 2706 1697 
4 2708 2695 2698 2709 
4 2701 2695 2708 2709 
4 2626 1353 1478 1457 
4 1361 1478 2626 1353 
4 2626 2711 2629 2625 
4 2626 2625 2629 1636 
4 2626 2710 1646 1647 
4 1361 1353 2626 1646 
4 2626 1457 2632 2625 
4 2626 2625 2632 2711 
4 2626 2711 2632 1478 
4 2626 1478 2632 1457 
4 2711 2626 2713 1478 
4 2711 2626 2710 2714 
4 2626 2714 1361 2710 
4 1361 2714 2626 2713 
4 2629 2715 2716 2659 
4 2629 2715 2659 2717 
4 2629 2628 2659 1633 
4 1649 1633 2629 2659 
4 1649 2712 2629 1648 
4 1648 1636 2629 1633 
4 2629 2625 2636 2628 
4 2629 2711 2636 2625 
4 2711 2629 2715 2719 
4 2629 2719 2716 2715 
4 2716 2719 2629 2712 
4 2712 2629 2711 2719 
4 2632 1458 1478 1477 
4 2632 1478 1458 1457 
4 2720 2636 2711 2632 
4 2636 2632 2720 2630 
4 2632 2630 2636 2625 
4 2632 2625 2636 2711 
4 2632 1458 2676 2630 
4 2720 2632 2676 2630 
4 2676 2632 2720 1477 
4 2632 1477 2676 1458 
4 2720 1477 2632 2721 
4 2720 2632 2711 2722 
4 2711 2632 2723 2722 
4 2723 1477 2632 1478 
4 2636 2634 2663 2628 
4 2636 2630 2678 2634 
4 2678 2636 2720 2630 
4 2720 2727 2636 2725 
4 2636 2727 2718 2725 
4 2718 2636 2711 2727 
4 2711 2636 2720 2727 
4 2711 1478 2713 2723 
4 1478 2723 1473 2713 
4 2720 2728 1477 2721 
4 1477 2728 1475 2721 
4 2663 2658 2659 2628 
4 2696 2661 2663 2634 
4 2696 2634 2663 2724 
4 2676 1458 1492 1462 
4 2676 1492 1458 1477 
4 2729 2678 2720 2676 
4 2676 2729 2678 2675 
4 2676 2675 2678 2630 
4 2720 2676 2678 2630 
4 2676 1462 2679 2675 
4 2676 2675 2679 2729 
4 2676 2729 2679 1492 
4 2676 1492 2679 1462 
4 2729 2676 2730 1492 
4 2729 2676 2720 2731 
4 2720 2731 2676 2728 
4 2728 1492 2676 1477 
4 2696 2732 2678 2726 
4 2678 2732 2696 2733 
4 2678 2677 2696 2634 
4 2678 2634 2696 2724 
4 2678 2675 2681 2677 
4 2678 2729 2681 2675 
4 2735 2678 2729 2732 
4 2726 2732 2678 2735 
4 2678 2735 2720 2726 
4 2720 2678 2729 2735 
4 2679 1463 1492 1491 
4 2679 1492 1463 1462 
4 2679 2729 2681 1676 
4 2679 1676 2681 1663 
4 2679 1663 2681 2675 
4 2679 2675 2681 2729 
4 2679 1463 1676 1663 
4 2679 1676 1463 1491 
4 2736 1676 2679 1491 
4 2729 2679 2737 1676 
4 2729 2679 2738 2739 
4 2738 1491 2679 1492 
4 2681 1672 2703 1656 
4 2681 1656 2703 2677 
4 2681 1656 1676 1672 
4 2681 1676 1656 1663 
4 1672 1676 2681 2740 
4 1672 2741 2681 2734 
4 2734 2681 2729 2741 
4 2729 2681 2740 2741 
4 2729 1492 2730 2738 
4 1492 2738 1487 2730 
4 1676 2740 1674 2737 
4 2729 1676 2737 2740 
4 2661 2700 2695 2696 
4 2703 2695 2696 2677 
4 2698 2695 2700 2709 
4 2707 2701 2703 2743 
4 2709 2701 2703 2707 
4 2703 2695 2709 2742 
4 2703 1656 2744 2701 
4 2703 1672 2744 1656 
4 1697 2746 1749 2706 
4 2698 1697 2706 2746 
4 2697 2683 2684 1652 
4 2690 1706 2751 2752 
4 1711 1706 2690 2752 
4 1712 1706 2690 1711 
4 1713 1706 2690 1712 
4 2690 1698 2704 1706 
4 2690 2683 2704 1698 
4 1709 2754 1706 2752 
4 1706 2754 2751 2752 
4 1654 1652 2697 1655 
4 2697 2698 2704 2683 
4 1707 2755 2704 2756 
4 1707 2756 2704 2754 
4 2751 1706 2704 2754 
4 2704 2755 2753 2756 
4 2704 1706 1697 1707 
4 2704 1697 1706 1698 
4 2746 1707 2704 1697 
4 2704 2755 1707 2757 
4 2698 2755 2704 2757 
4 2704 2698 2746 1697 
4 2689 1577 1657 1595 
4 2689 1657 1577 1661 
4 2689 2688 2693 2758 
4 2689 2758 2693 2759 
4 2689 2759 2693 1587 
4 2689 1587 2693 2688 
4 2689 1595 2760 2759 
4 2689 2759 2760 2758 
4 2689 2758 2760 1657 
4 2689 1657 2760 1595 
4 2689 1577 2759 1587 
4 2689 2759 1577 1595 
4 2689 1657 2702 2758 
4 2689 2758 2702 2688 
4 2689 2688 2702 1661 
4 2689 1661 2702 1657 
4 1600 1694 2693 1689 
4 2693 2692 1689 1713 
4 2693 2759 2761 1600 
4 2693 1600 2761 1694 
4 2693 1694 2761 2758 
4 2693 2758 2761 2759 
4 1600 2692 2693 1608 
4 1588 2759 2693 1608 
4 2693 2758 2705 1694 
4 2693 1694 2705 1698 
4 2693 1698 2705 2688 
4 2693 2688 2705 2758 
4 2760 1597 1657 1660 
4 2760 1657 1597 1595 
4 2760 2758 2761 2762 
4 2760 2762 2761 1603 
4 2760 1603 2761 2759 
4 2760 2759 2761 2758 
4 2760 1597 2763 1603 
4 2760 1603 2763 2762 
4 2760 2762 2763 1660 
4 2760 1660 2763 1597 
4 2760 2759 1597 1603 
4 2760 1597 2759 1595 
4 2760 1660 2764 2762 
4 2760 2762 2764 2758 
4 2760 2758 2764 1657 
4 2760 1657 2764 1660 
4 1690 1693 2761 1694 
4 1600 2765 2761 1690 
4 2761 1693 2767 2762 
4 2761 2762 2767 1603 
4 1600 2759 2761 1606 
4 1607 2765 2761 1606 
4 2761 2762 2768 1693 
4 2761 1693 2768 1694 
4 2761 1694 2768 2758 
4 2761 2758 2768 2762 
4 2702 1657 1656 1658 
4 2702 1656 1657 1661 
4 2702 2701 2705 2769 
4 2702 2769 2705 2758 
4 2702 2758 2705 2688 
4 2702 2688 2705 2701 
4 2702 1657 2764 2758 
4 2702 2758 2764 2769 
4 2702 2769 2764 1658 
4 2702 1658 2764 1657 
4 2702 1658 2744 2769 
4 2702 2769 2744 2701 
4 2702 2701 2744 1656 
4 2702 1656 2744 1658 
4 2705 1697 1694 1696 
4 2705 1694 1697 1698 
4 2705 2758 2768 1694 
4 2705 1694 2768 1696 
4 2705 1696 2768 2769 
4 2705 2769 2768 2758 
4 2705 2769 2770 1696 
4 2705 1696 2770 1697 
4 2705 1697 2770 2701 
4 2705 2701 2770 2769 
4 2764 1657 1659 1660 
4 2764 1659 1657 1658 
4 2764 2769 2768 2771 
4 2764 2771 2768 2762 
4 2764 2762 2768 2758 
4 2764 2758 2768 2769 
4 2764 1660 2772 2762 
4 2764 2762 2772 2771 
4 2764 2771 2772 1659 
4 2764 1659 2772 1660 
4 2764 1659 2773 2771 
4 2764 2771 2773 2769 
4 2764 2769 2773 1658 
4 2764 1658 2773 1659 
4 2768 1695 1694 1693 
4 2768 1694 1695 1696 
4 2768 2762 2774 1693 
4 2768 1693 2774 1695 
4 2768 1695 2774 2771 
4 2768 2771 2774 2762 
4 2768 2771 2775 1695 
4 2768 1695 2775 1696 
4 2768 1696 2775 2769 
4 2768 2769 2775 2771 
4 2763 1597 1664 1609 
4 2763 1664 1597 1660 
4 2763 2762 2767 2776 
4 2763 2776 2767 2777 
4 2763 2777 2767 1603 
4 2763 1603 2767 2762 
4 2763 1609 2778 2777 
4 2763 2777 2778 2776 
4 2763 2776 2778 1664 
4 2763 1664 2778 1609 
4 2763 1597 2777 1603 
4 2763 2777 1597 1609 
4 2763 1664 2772 2776 
4 2763 2776 2772 2762 
4 2763 2762 2772 1660 
4 2763 1660 2772 1664 
4 2767 1693 2779 2780 
4 2767 2780 2786 2776 
4 2767 2776 2786 2777 
4 1623 2781 2767 2766 
4 1607 2777 2767 1623 
4 2767 2776 2774 2780 
4 2767 2780 2774 1693 
4 2767 1693 2774 2762 
4 2767 2762 2774 2776 
4 2778 1611 1664 1667 
4 2778 1664 1611 1609 
4 2778 2776 2786 2497 
4 1619 2778 2786 2497 
4 2786 2778 1619 2777 
4 2778 2777 2786 2776 
4 2778 2497 1619 1611 
4 2778 2497 1611 1667 
4 1619 2777 2778 1611 
4 2778 1611 2777 1609 
4 2778 1667 2787 2497 
4 2778 2497 2787 2776 
4 2778 2776 2787 1664 
4 2778 1664 2787 1667 
4 2786 2780 2788 2496 
4 1618 2786 2788 2496 
4 1618 2497 2786 2496 
4 2786 2497 1618 1619 
4 1622 2777 2786 1618 
4 1618 2777 2786 1619 
4 2786 2497 2789 2496 
4 2786 2496 2789 2780 
4 2786 2780 2789 2776 
4 2786 2776 2789 2497 
4 2772 1664 1659 1665 
4 2772 1659 1664 1660 
4 2772 2771 2774 2790 
4 2772 2790 2774 2776 
4 2772 2776 2774 2762 
4 2772 2762 2774 2771 
4 2772 1664 2787 2776 
4 2772 2776 2787 2790 
4 2772 2790 2787 1665 
4 2772 1665 2787 1664 
4 2772 1665 2791 2790 
4 2772 2790 2791 2771 
4 2772 2771 2791 1659 
4 2772 1659 2791 1665 
4 2774 1695 2792 2793 
4 2774 2793 2792 2780 
4 2774 2780 2792 1693 
4 2774 1693 2792 1695 
4 2774 2776 2789 2780 
4 2774 2780 2789 2793 
4 2774 2793 2789 2790 
4 2774 2790 2789 2776 
4 2774 2790 2794 2793 
4 2774 2793 2794 1695 
4 2774 1695 2794 2771 
4 2774 2771 2794 2790 
4 2787 1664 1666 1667 
4 2787 1666 1664 1665 
4 2787 2790 2789 2498 
4 2787 2498 2789 2497 
4 2787 2497 2789 2776 
4 2787 2776 2789 2790 
4 2787 2497 1666 2498 
4 2787 1666 2497 1667 
4 2787 1666 2795 2498 
4 2787 2498 2795 2790 
4 2787 2790 2795 1665 
4 2787 1665 2795 1666 
4 2789 2793 2796 2487 
4 2789 2487 2796 2496 
4 2789 2496 2796 2780 
4 2789 2780 2796 2793 
4 2789 2497 2487 2496 
4 2789 2487 2497 2498 
4 2789 2498 2797 2487 
4 2789 2487 2797 2793 
4 2789 2793 2797 2790 
4 2789 2790 2797 2498 
4 1669 1658 2744 1656 
4 2744 1672 1669 1656 
4 2769 2770 2798 2744 
4 2744 2769 2770 2701 
4 2744 1658 2773 2769 
4 2773 2769 2798 2744 
4 1669 2744 2773 2798 
4 2773 2744 1669 1658 
4 2744 2798 1669 2799 
4 2745 2798 2744 2799 
4 2744 2799 1672 2745 
4 2744 2799 1669 1672 
4 1745 2800 2770 1744 
4 2770 1697 1744 1749 
4 2770 2769 2775 1696 
4 2798 2769 2775 2770 
4 2800 2798 2770 2802 
4 2800 2802 2770 2748 
4 2748 2802 2770 2749 
4 2770 2798 2749 2802 
4 1669 1671 2773 1659 
4 1669 1659 2773 1658 
4 2803 2775 2798 2773 
4 2773 2803 2775 2771 
4 2773 2771 2775 2769 
4 2798 2773 2775 2769 
4 2773 1659 2791 2771 
4 2773 2771 2791 2803 
4 2773 2803 2791 1671 
4 2773 1671 2791 1659 
4 2803 2773 2804 1671 
4 2803 2773 2798 2805 
4 2773 2805 1669 2798 
4 1669 2805 2773 2804 
4 1746 2806 2775 2801 
4 1746 1696 2775 1695 
4 2775 2771 2794 1695 
4 2775 2803 2794 2771 
4 2803 2775 2806 2808 
4 2775 2808 2801 2806 
4 2801 2808 2775 2798 
4 2798 2775 2803 2808 
4 2803 1671 2804 2809 
4 1671 2809 1670 2804 
4 2791 1659 1684 1665 
4 2791 1684 1659 1671 
4 2810 2794 2803 2791 
4 2794 2791 2810 2790 
4 2791 2790 2794 2771 
4 2791 2771 2794 2803 
4 2791 1665 2795 2790 
4 2810 2791 2795 2790 
4 2795 2791 2810 1684 
4 2791 1684 2795 1665 
4 2791 1684 2811 2810 
4 2803 2791 2809 2812 
4 2809 1684 2791 1671 
4 2794 2793 2813 1695 
4 2794 2790 2797 2793 
4 2797 2794 2810 2790 
4 2817 2815 2794 2810 
4 2807 2815 2794 2817 
4 2807 2794 2803 2817 
4 2817 2794 2803 2810 
4 2795 1684 1681 1666 
4 2795 1684 1666 1665 
4 2795 2498 2797 2790 
4 2810 2795 2797 2790 
4 2510 2498 2795 1666 
4 1681 2818 2795 2510 
4 1681 2820 2795 2818 
4 2818 2820 2795 2810 
4 2810 2820 2795 2821 
4 1681 1684 2795 2821 
4 2797 2822 2823 2816 
4 2797 2822 2507 2823 
4 2822 2793 2797 2487 
4 2814 2793 2797 2822 
4 2507 2487 2797 2508 
4 2797 2819 2508 2509 
4 2797 2824 2823 2819 
4 2823 2824 2797 2816 
4 2797 2824 2810 2816 
4 2797 2824 2819 2810 
4 1684 2821 2811 2810 
4 1684 2821 1680 2811 
4 2779 1721 2825 2826 
4 2779 1721 1714 1715 
4 1691 2784 2779 1714 
4 2779 2826 2788 2780 
4 2784 2827 2779 2830 
4 2779 2827 2784 2782 
4 2779 2780 2792 2826 
4 2779 2826 2792 1721 
4 2779 1721 2792 1693 
4 2779 1693 2792 2780 
4 2825 1736 1728 1729 
4 1704 2832 2825 1728 
4 1704 1721 2825 1716 
4 1716 2831 2825 2832 
4 2825 2833 2834 2828 
4 2825 2833 1729 2834 
4 2835 2826 2825 1736 
4 2829 2826 2825 2836 
4 2832 2828 2825 2834 
4 2825 2828 2832 2831 
4 2825 2826 2837 1736 
4 2825 1736 2837 1703 
4 2825 1703 2837 1721 
4 2825 1721 2837 2826 
4 2838 2826 2788 2836 
4 2838 2839 2788 2840 
4 2788 2836 2826 2829 
4 2788 2841 2838 2840 
4 2841 2788 2838 2496 
4 1618 2496 2788 2841 
4 2788 2496 2796 2838 
4 2788 2838 2796 2826 
4 2788 2826 2796 2780 
4 2788 2780 2796 2496 
4 1742 2843 1731 2842 
4 2838 1742 2842 2843 
4 2840 2844 2838 2839 
4 2792 1720 2837 2846 
4 2792 2846 2837 2826 
4 2792 2826 2837 1721 
4 2792 1721 2837 1720 
4 2792 1695 1721 1720 
4 2792 1721 1695 1693 
4 2792 2780 2796 2826 
4 2792 2826 2796 2846 
4 2792 2846 2796 2793 
4 2792 2793 2796 2780 
4 2792 2793 2813 2846 
4 2792 2846 2813 1720 
4 2792 1720 2813 1695 
4 2792 1695 2813 2793 
4 2837 2847 1737 1735 
4 1718 1736 2837 1737 
4 1718 2847 2837 1717 
4 1717 1720 2837 1721 
4 2837 2826 2848 1736 
4 2837 1736 2848 1735 
4 2837 1735 2848 2846 
4 2837 2846 2848 2826 
4 1735 2849 2846 2850 
4 1735 2850 2837 2847 
4 2837 2850 1719 2847 
4 2846 2837 2851 1720 
4 2796 2846 2848 2852 
4 2796 2852 2848 2838 
4 2796 2838 2848 2826 
4 2796 2826 2848 2846 
4 2796 2496 2853 2838 
4 2796 2838 2853 2852 
4 2796 2852 2853 2487 
4 2796 2487 2853 2496 
4 2852 2796 2822 2487 
4 2852 2846 2822 2796 
4 2822 2796 2846 2793 
4 2796 2793 2822 2487 
4 2848 1739 1736 1742 
4 2848 1736 1739 1735 
4 2848 2838 2854 1742 
4 2848 1742 2854 1739 
4 2848 1739 2854 2852 
4 2848 2852 2854 2838 
4 2855 2856 2852 2857 
4 2855 1735 2848 1739 
4 2846 2858 1735 2857 
4 2852 2846 2857 2858 
4 2851 2849 2846 2813 
4 1751 1720 2813 2851 
4 1750 1720 2813 1751 
4 1747 1695 2813 1750 
4 2846 2813 2822 2793 
4 2813 2859 2846 2822 
4 2813 2793 2814 2822 
4 1735 2858 2846 2849 
4 2852 2856 2822 2858 
4 2822 2859 2846 2858 
4 2852 2487 2822 2860 
4 2852 2861 2822 2862 
4 2487 2860 2507 2822 
4 2852 2863 2855 2864 
4 1753 2864 1739 2855 
4 2856 2863 2852 2862 
4 2865 1959 1982 1969 
4 2865 1982 1959 1977 
4 2865 1980 2866 2867 
4 2865 2867 2866 1975 
4 2865 1975 2866 1968 
4 2865 1968 2866 1980 
4 2865 1980 1959 1968 
4 2865 1959 1980 1977 
4 2865 1969 2868 1975 
4 2865 1975 2868 2867 
4 2865 2867 2868 1982 
4 2865 1982 2868 1969 
4 2865 1959 1975 1968 
4 2865 1975 1959 1969 
4 2865 1982 2869 2867 
4 2865 2867 2869 1980 
4 2865 1980 2869 1977 
4 2865 1977 2869 1982 
4 2866 1979 2870 2871 
4 2866 2871 2870 1972 
4 2866 1972 2870 1962 
4 2866 1962 2870 1979 
4 2866 1980 1962 1979 
4 2866 1962 1980 1968 
4 2866 1975 2872 1972 
4 2866 1972 2872 2871 
4 2866 2871 2872 2867 
4 2866 2867 2872 1975 
4 2866 1962 1975 1972 
4 2866 1975 1962 1968 
4 2866 2867 2873 2871 
4 2866 2871 2873 1979 
4 2866 1979 2873 1980 
4 2866 1980 2873 2867 
4 2868 1970 1982 1985 
4 2868 1982 1970 1969 
4 2868 2867 2872 2874 
4 2868 2874 2872 1974 
4 2868 1974 2872 1975 
4 2868 1975 2872 2867 
4 2868 1970 2874 1974 
4 2868 2874 1970 1985 
4 2868 1975 1970 1974 
4 2868 1970 1975 1969 
4 2868 1985 2875 2874 
4 2868 2874 2875 2867 
4 2868 2867 2875 1982 
4 2868 1982 2875 1985 
4 2872 2871 2876 2160 
4 2872 2160 2876 1973 
4 2872 1973 2876 1972 
4 2872 1972 2876 2871 
4 2872 1973 2874 2160 
4 2872 2874 1973 1974 
4 2872 1975 1973 1972 
4 2872 1973 1975 1974 
4 2872 2874 2877 2160 
4 2872 2160 2877 2871 
4 2872 2871 2877 2867 
4 2872 2867 2877 2874 
4 2869 1982 1976 1983 
4 2869 1976 1982 1977 
4 2869 1981 2873 2878 
4 2869 2878 2873 2867 
4 2869 2867 2873 1980 
4 2869 1980 2873 1981 
4 2869 1976 1980 1981 
4 2869 1980 1976 1977 
4 2869 1982 2875 2867 
4 2869 2867 2875 2878 
4 2869 2878 2875 1983 
4 2869 1983 2875 1982 
4 2869 1983 2879 2878 
4 2869 2878 2879 1981 
4 2869 1981 2879 1976 
4 2869 1976 2879 1983 
4 2873 1978 2880 2881 
4 2873 2881 2880 2871 
4 2873 2871 2880 1979 
4 2873 1979 2880 1978 
4 2873 1978 1980 1979 
4 2873 1980 1978 1981 
4 2873 2867 2877 2871 
4 2873 2871 2877 2881 
4 2873 2881 2877 2878 
4 2873 2878 2877 2867 
4 2873 2878 2882 2881 
4 2873 2881 2882 1978 
4 2873 1978 2882 1981 
4 2873 1981 2882 2878 
4 2875 1982 1984 1985 
4 2875 1984 1982 1983 
4 2875 2878 2877 2039 
4 2875 2039 2877 2874 
4 2875 2874 2877 2867 
4 2875 2867 2877 2878 
4 2875 2874 1984 2039 
4 2875 1984 2874 1985 
4 2875 1984 2883 2039 
4 2875 2039 2883 2878 
4 2875 2878 2883 1983 
4 2875 1983 2883 1984 
4 2877 2881 2884 2040 
4 2877 2040 2884 2160 
4 2877 2160 2884 2871 
4 2877 2871 2884 2881 
4 2877 2874 2040 2160 
4 2877 2040 2874 2039 
4 2877 2039 2885 2040 
4 2877 2040 2885 2881 
4 2877 2881 2885 2878 
4 2877 2878 2885 2039 
4 2892 1898 1907 1910 
4 1894 1907 2892 1898 
4 2892 2886 2893 2066 
4 2892 2066 2893 2051 
4 2892 1898 2066 2051 
4 2892 2066 1898 1910 
4 2892 2888 2053 2054 
4 1894 1898 2892 2053 
4 2892 1910 2894 2066 
4 2892 2066 2894 2886 
4 2892 2886 2894 1907 
4 2892 1907 2894 1910 
4 2893 2057 2050 2058 
4 2893 2889 2050 2057 
4 2893 2050 2066 2058 
4 2893 2066 2050 2051 
4 2893 2890 2050 2889 
4 2050 2890 2893 2054 
4 2893 2066 2895 2058 
4 2893 2058 2895 2057 
4 2893 2057 2895 2886 
4 2893 2886 2895 2066 
4 2894 1907 1909 1910 
4 2894 1909 1907 1908 
4 2894 2067 2895 2066 
4 2894 2066 2895 2886 
4 2894 2066 1909 2067 
4 2894 1909 2066 1910 
4 2902 2067 2894 1909 
4 2901 2067 2894 2902 
4 2894 2902 2898 2897 
4 2894 2902 1908 2898 
4 2895 2059 2057 2058 
4 2057 2059 2895 2060 
4 2895 2066 2059 2058 
4 2895 2059 2066 2067 
4 2895 2067 2903 2059 
4 2060 2895 2903 2059 
4 2903 2103 2902 2905 
4 2902 2103 2903 2067 
4 2103 2067 2902 1909 
4 2902 1964 2103 1909 
4 2914 2103 2902 1964 
4 2902 2103 2914 2905 
4 2903 2089 2059 2090 
4 2903 2089 2060 2059 
4 2903 2059 2103 2090 
4 2903 2103 2059 2067 
4 2903 2103 2916 2090 
4 2903 2090 2916 2089 
4 2905 2903 2916 2089 
4 2916 2903 2905 2103 
4 2917 2906 1961 1963 
4 1132 1129 2917 1961 
4 2917 1277 2918 2113 
4 2905 2917 2918 2113 
4 1279 1277 2917 1129 
4 1132 2907 2917 1279 
4 2914 2917 2905 2113 
4 2917 2113 2914 1960 
4 2917 2113 1129 1277 
4 2917 1129 2113 1960 
4 2918 1268 2089 2092 
4 1276 2089 2918 1268 
4 1276 1268 2918 1275 
4 2918 2913 1275 1278 
4 2916 2918 2905 2089 
4 2918 2089 2916 2092 
4 2918 2092 2916 2113 
4 2905 2918 2916 2113 
4 2918 2113 1268 2092 
4 2918 1268 2113 1277 
4 2914 2915 1965 1966 
4 1963 1962 2914 1965 
4 2914 2113 2916 2104 
4 2914 2104 2916 2103 
4 2905 2914 2916 2103 
4 2916 2914 2905 2113 
4 2914 2103 1962 2104 
4 2914 1962 2103 1964 
4 2914 1962 2113 2104 
4 2914 2113 1962 1960 
4 2916 2091 2089 2090 
4 2916 2089 2091 2092 
4 2916 2103 2091 2090 
4 2916 2091 2103 2104 
4 2916 2091 2113 2092 
4 2916 2113 2091 2104 
4 2870 2111 2919 2920 
4 2870 2920 2919 2106 
4 2870 2106 2919 2104 
4 2870 2104 2919 2111 
4 2870 2111 1962 2104 
4 2870 1962 2111 1979 
4 2870 1972 2876 2106 
4 2870 2106 2876 2920 
4 2870 2920 2876 2871 
4 2870 2871 2876 1972 
4 2870 1962 2106 2104 
4 2870 2106 1962 1972 
4 2870 2871 2880 2920 
4 2870 2920 2880 2111 
4 2870 2111 2880 1979 
4 2870 1979 2880 2871 
4 2919 2116 2091 2098 
4 2919 2091 2116 2110 
4 2919 2111 2091 2110 
4 2919 2091 2111 2104 
4 2919 2106 2921 2098 
4 2919 2098 2921 2116 
4 2919 2116 2921 2920 
4 2919 2920 2921 2106 
4 2919 2091 2106 2098 
4 2919 2106 2091 2104 
4 2919 2920 2922 2116 
4 2919 2116 2922 2110 
4 2919 2110 2922 2111 
4 2919 2111 2922 2920 
4 2876 2920 2921 2158 
4 2876 2158 2921 2105 
4 2876 2105 2921 2106 
4 2876 2106 2921 2920 
4 2876 1973 2158 2105 
4 2876 2158 1973 2160 
4 2876 2106 1973 2105 
4 2876 1973 2106 1972 
4 2876 2160 2884 2158 
4 2876 2158 2884 2920 
4 2876 2920 2884 2871 
4 2876 2871 2884 2160 
4 2921 2116 2100 2117 
4 2921 2100 2116 2098 
4 2921 2100 2158 2117 
4 2921 2158 2100 2105 
4 2921 2106 2100 2098 
4 2921 2100 2106 2105 
4 2921 2158 2923 2117 
4 2921 2117 2923 2116 
4 2921 2116 2923 2920 
4 2921 2920 2923 2158 
4 2880 2112 2922 2924 
4 2880 2924 2922 2920 
4 2880 2920 2922 2111 
4 2880 2111 2922 2112 
4 2880 1978 2111 2112 
4 2880 2111 1978 1979 
4 2880 2871 2884 2920 
4 2880 2920 2884 2924 
4 2880 2924 2884 2881 
4 2880 2881 2884 2871 
4 2880 2881 2925 2924 
4 2880 2924 2925 2112 
4 2880 2112 2925 1978 
4 2880 1978 2925 2881 
4 2922 2109 2116 2119 
4 2922 2116 2109 2110 
4 2922 2109 2111 2110 
4 2922 2111 2109 2112 
4 2922 2920 2923 2116 
4 2922 2116 2923 2119 
4 2922 2119 2923 2924 
4 2922 2924 2923 2920 
4 2922 2924 2926 2119 
4 2922 2119 2926 2109 
4 2922 2109 2926 2112 
4 2922 2112 2926 2924 
4 2884 2924 2923 2159 
4 2884 2159 2923 2158 
4 2884 2158 2923 2920 
4 2884 2920 2923 2924 
4 2884 2158 2040 2159 
4 2884 2040 2158 2160 
4 2884 2040 2927 2159 
4 2884 2159 2927 2924 
4 2884 2924 2927 2881 
4 2884 2881 2927 2040 
4 2923 2118 2116 2117 
4 2923 2116 2118 2119 
4 2923 2158 2118 2117 
4 2923 2118 2158 2159 
4 2923 2159 2928 2118 
4 2923 2118 2928 2119 
4 2923 2119 2928 2924 
4 2923 2924 2928 2159 
4 2879 1976 2296 1983 
4 2879 2296 1976 2291 
4 2879 2294 2882 2929 
4 2879 2929 2882 2878 
4 2879 2878 2882 1981 
4 2879 1981 2882 2294 
4 2879 2294 1976 1981 
4 2879 1976 2294 2291 
4 2879 1983 2883 2878 
4 2879 2878 2883 2929 
4 2879 2929 2883 2296 
4 2879 2296 2883 1983 
4 2879 2296 2930 2929 
4 2879 2929 2930 2294 
4 2879 2294 2930 2291 
4 2879 2291 2930 2296 
4 2882 2293 2925 2931 
4 2882 2931 2925 2881 
4 2882 2881 2925 1978 
4 2882 1978 2925 2293 
4 2882 2294 1978 2293 
4 2882 1978 2294 1981 
4 2882 2878 2885 2881 
4 2882 2881 2885 2931 
4 2882 2931 2885 2929 
4 2882 2929 2885 2878 
4 2882 2929 2932 2931 
4 2882 2931 2932 2293 
4 2882 2293 2932 2294 
4 2882 2294 2932 2929 
4 2883 1984 2296 2299 
4 2883 2296 1984 1983 
4 2883 2929 2885 2933 
4 2883 2933 2885 2039 
4 2883 2039 2885 2878 
4 2883 2878 2885 2929 
4 2883 1984 2933 2039 
4 2883 2933 1984 2299 
4 2883 2299 2934 2933 
4 2883 2933 2934 2929 
4 2883 2929 2934 2296 
4 2883 2296 2934 2299 
4 2931 2927 2935 2936 
4 2885 2040 2927 2881 
4 2885 2881 2927 2931 
4 2885 2933 2341 2040 
4 2885 2933 2040 2039 
4 2885 2931 2939 2929 
4 2885 2929 2939 2933 
4 2930 2296 2290 2297 
4 2930 2290 2296 2291 
4 2930 2295 2932 2312 
4 2930 2312 2932 2929 
4 2930 2929 2932 2294 
4 2930 2294 2932 2295 
4 2930 2290 2294 2295 
4 2930 2294 2290 2291 
4 2930 2296 2934 2929 
4 2930 2929 2934 2312 
4 2930 2312 2934 2297 
4 2930 2297 2934 2296 
4 2930 2312 2290 2295 
4 2930 2290 2312 2297 
4 2932 2292 2940 2309 
4 2932 2309 2940 2931 
4 2932 2931 2940 2293 
4 2932 2293 2940 2292 
4 2932 2292 2294 2293 
4 2932 2294 2292 2295 
4 2932 2929 2939 2931 
4 2932 2931 2939 2309 
4 2932 2309 2939 2312 
4 2932 2312 2939 2929 
4 2932 2312 2292 2309 
4 2932 2292 2312 2295 
4 2934 2296 2298 2299 
4 2934 2298 2296 2297 
4 2934 2312 2939 2311 
4 2934 2311 2939 2933 
4 2934 2933 2939 2929 
4 2934 2929 2939 2312 
4 2934 2933 2298 2311 
4 2934 2298 2933 2299 
4 2934 2298 2312 2311 
4 2934 2312 2298 2297 
4 2308 2939 2941 2309 
4 2939 2931 2941 2309 
4 2939 2933 2308 2344 
4 2308 2933 2939 2311 
4 2308 2312 2939 2309 
4 2939 2312 2308 2311 
4 2925 2393 2926 2942 
4 2925 2942 2926 2924 
4 2925 2924 2926 2112 
4 2925 2112 2926 2393 
4 2925 2393 1978 2112 
4 2925 1978 2393 2293 
4 2925 2881 2927 2924 
4 2925 2924 2927 2942 
4 2925 2942 2927 2931 
4 2925 2931 2927 2881 
4 2925 2931 2940 2942 
4 2925 2942 2940 2393 
4 2925 2393 2940 2293 
4 2925 2293 2940 2931 
4 2926 2392 2943 2944 
4 2926 2944 2943 2119 
4 2926 2119 2943 2109 
4 2926 2109 2943 2392 
4 2926 2393 2109 2392 
4 2926 2109 2393 2112 
4 2926 2924 2928 2119 
4 2926 2119 2928 2944 
4 2926 2944 2928 2942 
4 2926 2942 2928 2924 
4 2926 2942 2945 2944 
4 2926 2944 2945 2392 
4 2926 2392 2945 2393 
4 2926 2393 2945 2942 
4 2942 2928 2946 2947 
4 2927 2159 2928 2924 
4 2927 2924 2928 2942 
4 2444 2159 2927 2040 
4 2341 2946 2927 2444 
4 2927 2942 2941 2931 
4 2949 2950 2944 2951 
4 2952 2438 2928 2949 
4 2952 2119 2928 2118 
4 2944 2928 2953 2119 
4 2442 2438 2928 2118 
4 2928 2947 2442 2443 
4 2928 2954 2440 2947 
4 2944 2928 2954 2438 
4 2944 2942 2954 2928 
4 2942 2954 2947 2948 
4 2940 2394 2945 2408 
4 2940 2408 2945 2942 
4 2940 2942 2945 2393 
4 2940 2393 2945 2394 
4 2940 2292 2393 2394 
4 2940 2393 2292 2293 
4 2940 2931 2941 2942 
4 2940 2942 2941 2408 
4 2940 2408 2941 2309 
4 2940 2309 2941 2931 
4 2940 2408 2292 2394 
4 2940 2292 2408 2309 
4 2945 2391 2955 2406 
4 2945 2406 2955 2944 
4 2945 2944 2955 2392 
4 2945 2392 2955 2391 
4 2945 2391 2393 2392 
4 2945 2393 2391 2394 
4 2954 2944 2945 2942 
4 2406 2944 2945 2954 
4 2945 2408 2406 2954 
4 2954 2942 2945 2408 
4 2945 2408 2391 2406 
4 2945 2391 2408 2394 
4 2410 2408 2941 2954 
4 2941 2954 2942 2948 
4 2954 2941 2942 2408 
4 2308 2408 2941 2410 
4 2941 2408 2308 2309 
4 2438 2956 2441 2954 
4 2944 2438 2954 2956 
4 2406 2957 2944 2954 
4 2961 2943 2124 2115 
4 2943 2115 2961 2397 
4 2943 2397 2109 2115 
4 2943 2109 2397 2392 
4 2124 2119 2943 2953 
4 2943 2960 2124 2962 
4 2950 2960 2943 2962 
4 2953 2944 2943 2950 
4 2124 2115 2943 2109 
4 2943 2119 2124 2109 
4 2943 2397 2955 2392 
4 2943 2392 2955 2944 
4 2121 2965 2961 2421 
4 2421 2396 2961 2114 
4 2961 2397 2114 2396 
4 2961 2114 2397 2115 
4 2961 2966 2967 2124 
4 2967 2966 2961 2965 
4 2965 2966 2961 2958 
4 2961 2966 2124 2958 
4 2121 2114 2961 2124 
4 2961 2115 2124 2114 
4 2961 2968 2965 2958 
4 2961 2968 2423 2965 
4 2968 2397 2961 2396 
4 2959 2397 2961 2968 
4 2123 2969 2118 2952 
4 2949 2969 2438 2970 
4 2952 2969 2438 2949 
4 2949 2970 2438 2956 
4 2944 2957 2949 2956 
4 2414 2398 2955 2968 
4 2971 2968 2955 2963 
4 2955 2968 2959 2963 
4 2968 2398 2955 2397 
4 2955 2391 2397 2398 
4 2955 2397 2391 2392 
4 2955 2944 2957 2964 
4 2971 2963 2955 2972 
4 2955 2972 2406 2971 
4 2406 2972 2955 2957 
4 2955 2971 2413 2414 
4 2413 2406 2955 2391 
4 2397 2396 2968 2395 
4 2398 2397 2968 2395 
4 2439 2156 2969 2118 
4 2438 2439 2969 2118 
4 2969 2171 2974 2975 
4 2173 2975 2171 2969 
4 2976 2171 2969 2156 
4 2976 2974 2969 2171 
4 2969 2974 2976 2439 
4 2969 2439 2976 2156 
4 2969 2156 2171 2118 
4 2969 2973 2974 2439 
4 2969 2438 2973 2439 
4 2976 2157 2439 2452 
4 2976 2439 2157 2156 
4 2976 2974 2978 2979 
4 2976 2979 2978 2170 
4 2976 2170 2978 2171 
4 2976 2171 2978 2974 
4 2976 2157 2979 2170 
4 2976 2979 2157 2452 
4 2976 2171 2157 2170 
4 2976 2157 2171 2156 
4 2976 2452 2980 2979 
4 2976 2979 2980 2974 
4 2976 2974 2980 2439 
4 2976 2439 2980 2452 
4 2978 2469 2169 2981 
4 2978 2469 2168 2169 
4 2169 2979 2978 2460 
4 2978 2979 2169 2170 
4 2978 2171 2169 2168 
4 2978 2169 2171 2170 
4 2983 2978 2469 2974 
4 2978 2974 2983 2979 
4 2433 2439 2973 2431 
4 2431 2438 2973 2441 
4 2973 2468 2465 2984 
4 2974 2973 2984 2468 
4 2973 2439 2980 2974 
4 2973 2974 2980 2468 
4 2973 2468 2980 2446 
4 2973 2446 2980 2439 
4 2973 2468 2463 2465 
4 2973 2468 2433 2463 
4 2980 2439 2449 2452 
4 2980 2449 2439 2446 
4 2457 2980 2983 2468 
4 2983 2980 2457 2979 
4 2980 2979 2983 2974 
4 2980 2974 2983 2468 
4 2457 2979 2980 2449 
4 2980 2449 2979 2452 
4 2980 2468 2457 2449 
4 2980 2468 2449 2446 
4 2987 2469 2983 2982 
4 2983 2469 2987 2986 
4 2983 2979 2459 2460 
4 2459 2457 2983 2987 
4 2467 2986 2983 2987 
4 2983 2468 2467 2457 
4 1618 2488 2496 2841 
4 2988 2838 2841 2844 
4 2989 2990 2988 2841 
4 2838 2844 2840 2841 
4 2988 2991 2989 2841 
4 2841 2488 2988 2991 
4 2495 2991 2488 2841 
4 2841 2853 2988 2488 
4 2988 2853 2841 2838 
4 2841 2838 2853 2496 
4 2841 2496 2853 2488 
4 2988 2992 2511 2990 
4 2989 2992 2988 2990 
4 2517 2992 2988 2991 
4 2988 2992 2989 2991 
4 2994 2991 2493 2517 
4 2517 2988 2994 2991 
4 2991 2988 2994 2488 
4 2994 2493 2991 2488 
4 2853 2488 2487 2489 
4 2853 2487 2488 2496 
4 2853 2852 2854 2997 
4 2853 2997 2854 2988 
4 2853 2988 2854 2838 
4 2853 2838 2854 2852 
4 2853 2488 2994 2988 
4 2853 2988 2994 2997 
4 2853 2997 2994 2489 
4 2853 2489 2994 2488 
4 2997 2853 2998 2489 
4 2861 2999 2997 3000 
4 2860 2852 2853 2861 
4 2860 2489 2853 2487 
4 2854 1739 2511 2514 
4 2854 2511 1739 1742 
4 2854 2988 3001 2511 
4 2854 2511 3001 2514 
4 2854 2514 3001 2997 
4 2854 2997 3001 2988 
4 3002 3003 2997 3004 
4 2864 2514 2854 3002 
4 2864 2852 2854 1739 
4 2997 2854 2863 2852 
4 2491 2493 2994 2488 
4 2492 3005 2994 2491 
4 2994 2997 3001 2516 
4 2994 2516 3001 2517 
4 2994 2517 3001 2988 
4 2994 2988 3001 2997 
4 2994 3005 2516 2517 
4 2493 3005 2994 2517 
4 2994 3006 2516 3005 
4 2997 3007 2516 3006 
4 3008 3007 2997 3006 
4 2492 2489 2994 3008 
4 3001 3009 2511 2996 
4 2511 3009 3001 2512 
4 2517 3009 3001 2996 
4 2516 3009 3001 2517 
4 2516 3010 3001 3009 
4 3001 3010 2512 3009 
4 2997 3001 3011 2514 
4 2516 3012 2997 3010 
4 2997 3003 2861 2863 
4 2862 2863 2852 2861 
4 2997 2489 2998 3008 
4 2999 3013 2997 3007 
4 2489 3008 2505 2998 
4 2997 3012 3002 3011 
4 2519 3011 2514 3002 
4 2997 3012 2516 3007 
4 3007 3013 2997 3012 
4 19 30 9 5 
4 9 30 19 13 
4 19 12 9 13 
4 13 19 25 30 
4 25 19 13 12 
4 13 14 25 12 
4 23 25 12 19 
4 12 25 23 14 
4 23 15 12 14 
4 21 23 12 19 
4 12 23 21 15 
4 21 16 12 15 
4 18 21 12 19 
4 12 21 18 16 
4 18 17 12 16 
4 18 8 12 17 
4 19 8 7 12 
4 9 7 19 5 
4 9 12 19 7 
4 15 23 21 20 
4 14 25 23 20 
4 16 26 18 17 
4 16 21 18 27 
4 13 28 25 14 
4 13 30 25 29 
4 9 29 30 13 
4 9 5 30 31 
4 46 34 32 33 
4 32 34 46 35 
4 46 36 32 35 
4 32 36 46 37 
4 32 37 46 38 
4 32 38 46 33 
4 59 40 39 38 
4 39 40 59 42 
4 39 46 59 38 
4 72 59 39 46 
4 39 59 72 42 
4 72 41 39 42 
4 54 72 39 46 
4 39 72 54 41 
4 54 43 39 41 
4 45 54 39 46 
4 39 54 45 43 
4 45 44 39 43 
4 39 51 45 33 
4 45 51 39 44 
4 46 38 39 33 
4 2 53 1047 48 
4 1047 47 2 48 
4 43 53 1047 54 
4 1047 53 43 48 
4 43 47 1047 48 
4 41 54 1047 72 
4 1047 54 41 43 
4 41 47 1047 43 
4 42 72 1047 59 
4 1047 72 42 41 
4 42 47 1047 41 
4 42 1047 56 59 
4 56 1047 42 47 
4 42 49 56 47 
4 0 1047 56 47 
4 56 49 0 47 
4 1047 47 0 1 
4 1047 47 1 2 
4 43 50 45 44 
4 43 54 45 52 
4 43 55 53 52 
4 53 55 43 48 
4 42 57 56 49 
4 42 59 56 58 
4 37 61 62 46 
4 37 60 62 61 
4 35 62 66 46 
4 35 76 66 67 
4 62 68 35 67 
4 35 68 62 36 
4 62 46 35 36 
4 37 68 62 60 
4 62 68 37 36 
4 37 46 62 36 
4 77 74 33 73 
4 33 74 77 34 
4 77 46 33 34 
4 35 74 77 75 
4 77 74 35 34 
4 35 46 77 34 
4 77 66 35 76 
4 35 66 77 46 
4 35 75 77 76 
4 77 73 33 51 
4 33 45 77 51 
4 77 45 33 46 
4 78 59 71 46 
4 78 80 71 79 
4 78 63 71 81 
4 71 63 78 46 
4 63 61 78 46 
4 59 79 38 78 
4 38 46 59 78 
4 5 83 11 82 
4 84 86 89 82 
4 88 85 82 86 
4 82 89 88 86 
4 89 82 0 92 
4 84 82 89 92 
4 93 83 82 96 
4 99 82 97 98 
4 0 82 99 98 
4 99 82 6 100 
4 99 5 6 82 
4 97 82 99 100 
4 1323 105 102 103 
4 1323 104 102 105 
4 102 104 108 106 
4 102 1323 108 104 
4 108 1323 28 25 
4 28 1323 108 102 
4 108 106 28 102 
4 29 25 1323 30 
4 1323 25 29 28 
4 29 102 1323 28 
4 31 30 1323 5 
4 1323 30 31 29 
4 31 102 1323 29 
4 31 83 1323 102 
4 31 5 1323 83 
4 102 83 1323 103 
4 28 109 108 107 
4 108 109 28 106 
4 113 116 160 114 
4 123 115 114 116 
4 114 115 123 118 
4 114 160 123 116 
4 185 123 114 160 
4 114 123 185 118 
4 185 117 114 118 
4 185 160 112 88 
4 112 160 185 114 
4 185 117 112 114 
4 160 114 111 113 
4 160 88 111 112 
4 111 114 160 112 
4 118 120 119 121 
4 118 123 119 122 
4 95 125 1331 124 
4 112 95 1331 88 
4 112 125 1331 95 
4 1331 185 112 88 
4 112 185 1331 117 
4 1331 125 112 117 
4 118 185 1331 123 
4 1331 185 118 117 
4 118 125 1331 117 
4 1331 119 118 123 
4 118 119 1331 121 
4 1331 125 118 121 
4 1331 119 104 121 
4 104 125 1331 121 
4 126 125 1331 104 
4 124 125 1331 126 
4 59 129 58 79 
4 58 127 56 57 
4 58 59 56 128 
4 81 63 132 130 
4 71 134 79 80 
4 81 63 71 134 
4 132 134 81 131 
4 138 136 130 135 
4 141 143 130 136 
4 130 138 141 136 
4 141 145 130 143 
4 141 145 144 130 
4 133 132 141 130 
4 133 130 141 144 
4 146 147 149 130 
4 130 147 149 148 
4 149 139 130 140 
4 130 148 149 140 
4 149 130 61 146 
4 154 150 151 152 
4 151 155 153 152 
4 153 155 151 156 
4 110 160 184 88 
4 184 160 110 159 
4 110 158 184 159 
4 159 154 184 160 
4 184 154 159 151 
4 159 158 184 151 
4 154 150 159 151 
4 111 88 160 110 
4 160 159 111 110 
4 111 159 160 113 
4 161 153 156 157 
4 151 153 161 154 
4 161 153 151 156 
4 161 184 151 154 
4 151 184 161 158 
4 110 184 161 88 
4 161 184 110 158 
4 161 88 85 110 
4 165 169 162 163 
4 166 167 152 168 
4 162 165 166 167 
4 162 164 170 165 
4 170 166 162 165 
4 162 166 170 168 
4 152 166 170 154 
4 170 166 152 168 
4 170 153 152 154 
4 152 153 170 155 
4 170 153 157 155 
4 176 172 160 171 
4 176 174 160 172 
4 175 173 160 174 
4 160 176 175 174 
4 160 150 176 171 
4 179 181 160 173 
4 160 175 179 173 
4 116 181 179 182 
4 179 181 116 160 
4 179 123 116 115 
4 116 123 179 160 
4 116 182 179 115 
4 163 190 188 189 
4 188 190 163 191 
4 192 188 191 186 
4 163 188 192 165 
4 192 188 163 191 
4 192 164 163 165 
4 193 198 194 196 
4 193 200 197 198 
4 195 201 193 196 
4 205 197 193 199 
4 209 206 193 207 
4 193 208 209 207 
4 209 193 204 210 
4 209 202 204 193 
4 209 193 210 211 
4 211 208 209 193 
4 212 215 213 205 
4 205 217 214 215 
4 205 220 221 219 
4 221 222 205 207 
4 205 206 221 207 
4 221 223 205 222 
4 221 220 205 223 
4 225 241 224 233 
4 224 241 225 226 
4 226 225 238 241 
4 226 227 238 225 
4 225 238 229 227 
4 229 228 225 227 
4 225 233 224 231 
4 229 230 228 235 
4 227 235 229 228 
4 227 238 229 236 
4 226 239 238 227 
4 226 241 238 240 
4 224 240 241 226 
4 224 233 241 242 
4 243 244 236 245 
4 236 238 229 244 
4 236 247 243 245 
4 236 238 243 248 
4 253 254 255 251 
4 250 214 253 251 
4 250 251 253 255 
4 257 259 260 251 
4 257 251 260 258 
4 260 251 219 261 
4 260 251 261 262 
4 258 251 260 262 
4 264 254 251 263 
4 264 251 257 265 
4 264 259 257 251 
4 265 263 264 251 
4 1799 294 266 21 
4 266 294 1799 268 
4 1799 267 266 268 
4 268 1799 280 294 
4 280 1799 268 267 
4 268 269 280 267 
4 276 280 267 1799 
4 267 280 276 269 
4 276 270 267 269 
4 276 1799 239 238 
4 239 1799 276 267 
4 276 270 239 267 
4 240 238 1799 241 
4 1799 238 240 239 
4 240 267 1799 239 
4 242 241 1799 233 
4 1799 241 242 240 
4 242 267 1799 240 
4 242 1799 273 233 
4 273 1799 242 267 
4 242 271 273 267 
4 273 1799 266 21 
4 266 1799 273 267 
4 273 271 266 267 
4 266 274 273 272 
4 273 274 266 271 
4 242 274 273 271 
4 242 233 273 275 
4 239 277 276 248 
4 276 277 239 270 
4 269 277 276 270 
4 269 280 276 278 
4 20 279 280 269 
4 280 294 20 268 
4 20 269 280 268 
4 294 21 20 266 
4 20 268 294 266 
4 21 266 22 20 
4 284 287 278 280 
4 278 287 284 282 
4 284 281 278 282 
4 282 284 283 287 
4 283 284 282 281 
4 284 285 286 281 
4 246 243 284 247 
4 284 281 246 247 
4 246 281 284 286 
4 248 243 284 238 
4 284 243 248 247 
4 248 281 284 247 
4 284 276 248 238 
4 248 276 284 277 
4 284 281 248 277 
4 278 276 284 280 
4 284 276 278 277 
4 278 281 284 277 
4 278 288 287 282 
4 278 280 287 289 
4 20 295 293 289 
4 20 292 293 296 
4 292 297 20 298 
4 20 291 292 299 
4 20 25 291 107 
4 306 303 296 292 
4 296 303 306 301 
4 306 300 296 301 
4 301 306 302 303 
4 302 306 301 300 
4 283 306 302 300 
4 288 283 306 287 
4 288 300 306 283 
4 289 287 306 280 
4 306 287 289 288 
4 289 300 306 288 
4 306 293 289 280 
4 289 293 306 295 
4 306 300 289 295 
4 296 293 306 292 
4 306 293 296 295 
4 296 300 306 295 
4 296 304 303 301 
4 296 292 303 305 
4 264 325 263 324 
4 265 324 264 263 
4 265 285 264 324 
4 324 264 283 285 
4 257 331 330 265 
4 330 264 257 265 
4 257 264 330 259 
4 330 285 265 331 
4 330 264 265 285 
4 254 264 328 332 
4 328 334 332 325 
4 332 264 328 325 
4 328 334 325 335 
4 325 319 328 335 
4 328 319 325 264 
4 319 335 325 283 
4 319 283 325 264 
4 302 339 319 340 
4 319 341 340 339 
4 340 341 319 335 
4 319 335 283 340 
4 319 340 283 302 
4 342 345 344 346 
4 344 343 342 346 
4 342 343 344 319 
4 348 347 344 345 
4 344 342 348 345 
4 348 342 344 319 
4 328 338 335 349 
4 335 319 328 349 
4 349 328 348 319 
4 349 350 348 338 
4 348 347 349 344 
4 349 319 348 344 
4 352 319 341 351 
4 344 319 352 351 
4 352 343 344 346 
4 344 343 352 319 
4 352 319 302 339 
4 352 319 339 341 
4 338 354 348 353 
4 348 354 338 350 
4 194 358 196 198 
4 197 358 198 200 
4 361 364 359 360 
4 217 360 361 359 
4 217 214 361 249 
4 1860 361 217 214 
4 217 361 1860 359 
4 1860 362 217 359 
4 1860 363 359 364 
4 359 363 1860 362 
4 359 361 1860 364 
4 362 363 1860 365 
4 362 365 1860 366 
4 1860 366 357 362 
4 213 357 1860 197 
4 213 362 1860 357 
4 1860 212 213 197 
4 213 212 1860 215 
4 1860 362 213 215 
4 1860 214 215 212 
4 215 214 1860 217 
4 1860 362 215 217 
4 255 367 253 368 
4 368 367 253 369 
4 361 364 368 369 
4 368 364 361 360 
4 368 253 361 369 
4 361 253 249 214 
4 249 253 361 368 
4 361 360 249 368 
4 253 368 250 255 
4 253 214 250 249 
4 250 368 253 249 
4 372 371 370 253 
4 372 374 370 373 
4 367 374 370 372 
4 370 253 367 372 
4 371 376 372 373 
4 371 253 372 376 
4 369 376 377 379 
4 369 253 377 376 
4 377 361 369 364 
4 369 361 377 253 
4 369 379 377 364 
4 370 375 380 381 
4 380 375 370 367 
4 370 253 380 367 
4 370 253 254 380 
4 370 386 374 384 
4 394 385 374 386 
4 374 385 394 387 
4 374 370 394 386 
4 387 385 394 388 
4 394 389 387 388 
4 394 371 373 383 
4 373 389 394 383 
4 394 389 373 387 
4 394 370 373 371 
4 373 370 394 374 
4 394 387 373 374 
4 254 326 370 400 
4 400 370 396 326 
4 400 402 396 391 
4 400 396 401 326 
4 400 403 401 402 
4 400 328 401 336 
4 401 328 400 326 
4 328 326 254 400 
4 407 406 405 394 
4 407 410 405 408 
4 407 405 409 394 
4 411 406 407 394 
4 412 414 388 411 
4 412 411 388 394 
4 412 415 388 414 
4 388 415 412 389 
4 412 394 388 389 
4 412 394 383 371 
4 412 415 383 389 
4 383 394 412 389 
4 394 416 386 392 
4 386 416 394 385 
4 416 418 417 409 
4 416 396 417 419 
4 417 396 416 394 
4 396 394 392 416 
4 392 394 396 370 
4 391 419 396 392 
4 396 419 391 402 
4 402 423 401 422 
4 401 423 402 403 
4 336 423 401 403 
4 336 328 401 424 
4 419 425 417 418 
4 419 396 417 426 
4 408 429 427 428 
4 427 429 408 430 
4 408 406 427 432 
4 405 432 408 410 
4 104 434 440 435 
4 438 436 435 434 
4 435 436 438 437 
4 435 440 438 434 
4 438 440 298 292 
4 298 440 438 435 
4 438 437 298 435 
4 299 292 440 291 
4 440 292 299 298 
4 299 435 440 298 
4 107 291 440 25 
4 440 291 107 299 
4 107 435 440 299 
4 440 108 107 25 
4 107 108 440 109 
4 440 435 107 109 
4 440 108 104 109 
4 104 435 440 109 
4 298 439 438 305 
4 438 439 298 437 
4 434 450 451 440 
4 434 463 451 452 
4 450 438 434 436 
4 434 438 450 440 
4 434 452 450 436 
4 451 463 454 455 
4 454 463 451 434 
4 451 440 454 434 
4 454 443 451 456 
4 451 443 454 440 
4 454 442 443 457 
4 443 442 454 440 
4 442 440 122 454 
4 122 440 442 123 
4 122 454 440 120 
4 440 119 122 120 
4 440 454 104 120 
4 304 302 458 303 
4 305 303 458 292 
4 458 303 305 304 
4 458 438 305 292 
4 305 438 458 439 
4 439 438 458 436 
4 182 461 179 460 
4 179 459 460 461 
4 460 459 443 456 
4 460 179 443 459 
4 460 442 443 179 
4 443 442 460 457 
4 460 456 443 457 
4 442 179 122 123 
4 122 179 442 460 
4 442 457 122 460 
4 179 460 115 182 
4 179 123 115 122 
4 115 460 179 122 
4 456 462 451 455 
4 456 443 451 464 
4 468 465 466 467 
4 464 467 468 466 
4 464 443 468 469 
4 463 451 470 462 
4 464 451 470 443 
4 470 451 464 462 
4 470 468 464 443 
4 464 468 470 466 
4 466 468 470 465 
4 478 473 181 471 
4 181 473 478 472 
4 478 179 181 472 
4 478 476 472 473 
4 472 476 478 475 
4 478 179 472 475 
4 478 474 475 476 
4 478 179 475 474 
4 173 471 478 181 
4 478 179 173 181 
4 173 179 478 175 
4 475 179 480 474 
4 480 179 475 482 
4 461 179 480 482 
4 480 179 461 459 
4 501 490 488 489 
4 487 490 501 489 
4 487 486 501 490 
4 501 486 488 490 
4 520 486 487 491 
4 487 492 520 491 
4 491 492 520 493 
4 520 486 491 493 
4 496 501 495 494 
4 489 501 495 496 
4 488 496 501 489 
4 488 494 501 496 
4 201 497 508 203 
4 508 497 201 495 
4 494 497 508 495 
4 203 497 508 494 
4 500 501 486 499 
4 486 498 500 499 
4 500 494 499 498 
4 501 494 488 499 
4 501 499 488 486 
4 500 494 498 502 
4 487 501 505 507 
4 505 495 507 501 
4 500 508 510 202 
4 510 508 500 511 
4 500 502 510 511 
4 508 202 203 510 
4 203 511 508 510 
4 203 494 508 511 
4 511 494 500 502 
4 511 508 500 494 
4 202 510 204 203 
4 204 202 570 510 
4 570 513 204 510 
4 204 513 570 512 
4 570 500 510 202 
4 510 500 570 502 
4 570 513 510 502 
4 570 513 503 514 
4 570 500 503 502 
4 503 513 570 502 
4 512 513 570 514 
4 520 492 518 493 
4 518 520 517 492 
4 519 517 518 520 
4 518 521 520 493 
4 522 520 523 521 
4 525 523 522 520 
4 525 524 522 523 
4 486 520 525 522 
4 525 524 486 522 
4 493 522 520 486 
4 493 521 520 522 
4 528 531 530 529 
4 530 520 487 528 
4 533 534 521 519 
4 533 519 521 520 
4 521 523 533 520 
4 521 534 533 523 
4 485 613 745 537 
4 745 536 485 537 
4 537 745 752 613 
4 752 745 537 536 
4 537 538 752 536 
4 517 745 752 536 
4 752 538 517 536 
4 745 536 517 539 
4 745 536 539 485 
4 544 540 519 541 
4 517 541 544 519 
4 517 752 544 538 
4 544 541 517 538 
4 537 752 544 613 
4 544 752 537 538 
4 537 541 544 538 
4 537 544 543 613 
4 543 544 537 541 
4 537 542 543 541 
4 543 535 541 542 
4 544 545 541 535 
4 541 545 544 540 
4 546 543 542 535 
4 537 543 546 613 
4 546 543 537 542 
4 546 613 485 537 
4 2522 559 547 535 
4 2522 535 547 548 
4 547 2522 557 559 
4 557 2522 547 548 
4 547 549 557 548 
4 585 557 548 2522 
4 548 557 585 549 
4 585 550 548 549 
4 585 2522 527 525 
4 527 2522 585 548 
4 585 550 527 548 
4 2522 525 523 527 
4 523 548 2522 527 
4 523 551 2522 548 
4 2522 552 548 551 
4 548 552 2522 535 
4 526 525 572 527 
4 572 554 526 527 
4 526 554 572 553 
4 572 585 527 525 
4 527 585 572 550 
4 572 554 527 550 
4 549 585 572 557 
4 572 585 549 550 
4 549 554 572 550 
4 572 554 555 556 
4 572 557 555 549 
4 555 554 572 549 
4 553 554 572 556 
4 547 559 557 558 
4 570 560 231 561 
4 512 561 570 231 
4 570 561 512 514 
4 514 560 570 561 
4 556 562 572 563 
4 563 562 572 564 
4 572 564 553 563 
4 572 563 553 556 
4 579 233 565 562 
4 579 562 565 566 
4 579 233 231 565 
4 231 566 579 565 
4 579 566 231 567 
4 567 562 579 566 
4 231 565 233 232 
4 233 565 234 232 
4 503 500 570 504 
4 503 504 570 514 
4 504 571 569 560 
4 570 560 514 504 
4 569 571 504 564 
4 504 572 569 564 
4 572 553 504 526 
4 504 525 572 526 
4 572 564 504 553 
4 578 570 204 202 
4 578 577 204 512 
4 204 570 578 512 
4 512 231 578 577 
4 512 570 578 231 
4 560 579 569 570 
4 560 571 569 567 
4 579 567 231 560 
4 231 570 579 560 
4 569 571 564 567 
4 564 579 569 567 
4 569 579 564 572 
4 564 562 579 567 
4 564 572 579 562 
4 555 587 586 556 
4 586 572 555 556 
4 555 572 586 557 
4 586 562 556 587 
4 586 572 556 562 
4 555 557 586 558 
4 555 558 586 587 
4 586 606 587 558 
4 2 625 624 605 
4 605 625 624 620 
4 628 629 607 620 
4 628 629 8 607 
4 638 606 640 639 
4 638 586 640 606 
4 562 586 640 638 
4 640 639 562 638 
4 587 638 586 562 
4 587 606 586 638 
4 640 642 639 643 
4 640 597 644 273 
4 644 597 640 645 
4 640 641 644 645 
4 568 273 597 233 
4 597 273 568 644 
4 568 645 597 644 
4 597 233 562 568 
4 562 645 597 568 
4 640 597 562 645 
4 562 641 640 645 
4 275 233 273 568 
4 273 644 275 568 
4 275 644 273 274 
4 234 568 233 275 
4 640 646 644 641 
4 8 18 627 648 
4 627 647 8 648 
4 648 627 640 18 
4 640 627 648 647 
4 648 643 640 647 
4 606 627 640 647 
4 640 643 606 647 
4 8 647 627 606 
4 648 18 640 646 
4 18 648 8 26 
4 273 646 272 274 
4 273 21 272 646 
4 21 646 22 272 
4 27 21 18 646 
4 27 646 18 26 
4 22 646 21 27 
4 679 675 673 674 
4 679 624 673 676 
4 673 675 679 676 
4 620 624 679 676 
4 679 675 620 676 
4 624 676 620 625 
4 624 676 625 673 
4 620 677 628 629 
4 679 628 620 677 
4 620 675 679 677 
4 678 628 679 677 
4 679 675 678 677 
4 678 675 679 681 
4 628 677 678 629 
4 1 685 684 673 
4 684 624 1 673 
4 684 679 673 674 
4 673 679 684 624 
4 673 685 684 674 
4 687 688 678 681 
4 678 679 687 681 
4 687 679 678 628 
4 687 688 7 678 
4 7 628 687 678 
4 98 99 684 693 
4 684 694 98 693 
4 98 694 684 692 
4 684 679 693 99 
4 693 679 684 680 
4 684 694 693 680 
4 684 694 674 685 
4 684 679 674 680 
4 674 694 684 680 
4 684 694 685 692 
4 681 679 687 680 
4 687 695 681 680 
4 681 695 687 688 
4 693 679 687 99 
4 687 679 693 680 
4 693 695 687 680 
4 687 695 100 696 
4 687 99 100 693 
4 100 695 687 693 
4 687 695 696 688 
4 97 693 99 98 
4 99 693 97 100 
4 684 692 0 98 
4 687 7 4 5 
4 687 688 6 4 
4 6 688 687 696 
4 687 99 6 100 
4 6 696 687 100 
4 723 727 721 722 
4 539 726 745 725 
4 723 724 725 726 
4 725 724 723 721 
4 725 745 723 726 
4 485 745 723 725 
4 723 721 485 725 
4 539 725 745 485 
4 790 730 722 729 
4 722 730 790 731 
4 722 723 790 729 
4 731 730 790 732 
4 731 732 790 733 
4 790 723 722 727 
4 722 733 790 727 
4 790 733 722 731 
4 505 735 506 515 
4 506 505 573 735 
4 487 505 573 506 
4 356 515 195 355 
4 195 515 201 355 
4 580 515 356 736 
4 580 195 356 515 
4 736 737 580 515 
4 580 505 515 735 
4 515 737 580 735 
4 517 738 745 739 
4 739 738 745 740 
4 739 740 745 726 
4 745 726 539 739 
4 517 739 745 539 
4 573 530 531 741 
4 573 530 487 531 
4 744 723 743 745 
4 723 728 726 744 
4 726 745 723 744 
4 517 747 750 738 
4 750 745 517 738 
4 740 747 750 748 
4 750 747 740 738 
4 740 745 750 738 
4 750 749 740 748 
4 740 749 750 746 
4 750 745 740 746 
4 746 743 750 745 
4 746 749 750 743 
4 743 753 797 754 
4 797 753 755 754 
4 729 723 797 728 
4 797 754 729 728 
4 729 754 797 755 
4 797 743 728 723 
4 797 754 728 743 
4 735 737 580 573 
4 735 573 580 505 
4 573 580 756 737 
4 589 758 573 757 
4 589 573 741 530 
4 589 758 741 573 
4 759 761 760 756 
4 736 761 760 759 
4 760 580 736 759 
4 356 763 764 736 
4 764 580 356 736 
4 356 580 764 195 
4 764 760 736 762 
4 736 760 764 580 
4 736 763 764 762 
4 761 760 767 766 
4 756 760 767 761 
4 770 769 768 772 
4 768 589 770 772 
4 770 756 772 589 
4 589 776 774 775 
4 741 776 589 777 
4 589 530 741 777 
4 591 778 777 776 
4 777 589 591 776 
4 591 589 775 776 
4 775 589 591 588 
4 768 651 770 589 
4 768 771 770 779 
4 651 774 768 779 
4 651 589 768 774 
4 767 780 770 769 
4 770 769 756 767 
4 766 785 786 767 
4 766 767 786 760 
4 767 785 786 784 
4 787 788 767 784 
4 787 770 767 780 
4 767 788 787 780 
4 790 791 733 732 
4 789 790 732 791 
4 790 792 733 791 
4 794 793 602 792 
4 602 790 794 792 
4 790 733 602 727 
4 602 723 790 727 
4 790 792 602 733 
4 795 790 730 734 
4 729 755 797 730 
4 797 790 729 730 
4 729 790 797 723 
4 795 796 730 755 
4 730 797 795 755 
4 795 797 730 790 
4 798 799 792 789 
4 798 789 792 790 
4 798 794 792 793 
4 792 794 798 790 
4 792 799 798 793 
4 789 802 798 799 
4 801 789 798 45 
4 801 802 798 789 
4 798 802 50 803 
4 798 45 50 801 
4 50 802 798 801 
4 798 802 803 799 
4 45 801 51 50 
4 55 53 798 604 
4 55 604 798 803 
4 798 799 604 793 
4 604 794 798 793 
4 798 799 803 604 
4 2 604 53 55 
4 52 803 798 50 
4 798 45 52 50 
4 52 53 798 55 
4 798 53 52 54 
4 795 809 734 807 
4 804 808 734 809 
4 734 795 804 809 
4 734 808 804 806 
4 789 806 804 813 
4 804 77 812 806 
4 804 806 812 813 
4 800 77 804 45 
4 804 77 800 812 
4 800 813 804 812 
4 804 789 800 45 
4 804 813 800 789 
4 73 812 77 74 
4 51 45 77 800 
4 77 812 51 800 
4 51 812 77 73 
4 77 810 815 811 
4 77 811 76 75 
4 77 66 76 815 
4 76 811 77 815 
4 77 811 75 74 
4 817 810 804 808 
4 809 818 819 808 
4 819 804 809 808 
4 809 804 819 795 
4 819 804 817 70 
4 819 818 817 808 
4 817 804 819 808 
4 820 810 821 822 
4 820 65 821 810 
4 823 810 820 822 
4 816 66 820 810 
4 816 810 820 823 
4 810 825 70 824 
4 822 827 820 828 
4 828 827 820 826 
4 820 826 823 828 
4 820 828 823 822 
4 823 826 820 834 
4 834 826 832 830 
4 834 820 832 826 
4 832 820 814 66 
4 814 820 832 834 
4 832 830 814 834 
4 820 834 816 823 
4 820 66 816 814 
4 816 834 820 814 
4 814 836 832 835 
4 832 836 814 830 
4 831 832 837 829 
4 842 837 831 832 
4 831 837 842 840 
4 842 837 839 840 
4 833 832 842 831 
4 843 820 827 829 
4 843 846 827 845 
4 827 820 843 845 
4 843 820 847 845 
4 847 820 843 65 
4 820 845 821 847 
4 821 845 820 822 
4 854 853 829 852 
4 829 843 854 852 
4 854 837 829 850 
4 829 853 854 850 
4 837 856 838 849 
4 838 837 855 856 
4 839 837 855 838 
4 861 863 886 862 
4 886 865 862 863 
4 886 865 864 862 
4 886 862 864 861 
4 894 869 866 867 
4 867 868 894 869 
4 869 868 894 870 
4 894 870 866 869 
4 66 835 67 76 
4 66 62 67 871 
4 67 835 66 871 
4 67 871 62 68 
4 842 872 875 873 
4 875 842 836 832 
4 875 873 836 842 
4 842 832 833 836 
4 848 832 835 66 
4 835 832 848 836 
4 848 874 835 836 
4 836 848 875 832 
4 875 848 836 874 
4 836 873 875 874 
4 875 848 871 62 
4 871 848 875 874 
4 875 873 871 874 
4 848 66 871 62 
4 871 66 848 835 
4 848 874 871 835 
4 875 859 871 873 
4 877 876 842 855 
4 839 842 855 837 
4 875 872 842 860 
4 881 854 853 858 
4 854 837 850 858 
4 852 883 884 853 
4 884 854 852 853 
4 852 854 884 843 
4 884 881 853 882 
4 853 881 884 854 
4 853 883 884 882 
4 62 859 61 60 
4 62 859 60 68 
4 147 149 860 859 
4 860 859 875 872 
4 146 859 149 147 
4 61 859 149 146 
4 886 860 140 139 
4 886 864 140 860 
4 860 876 877 861 
4 860 861 886 864 
4 860 149 140 139 
4 891 890 855 857 
4 855 890 891 863 
4 855 863 886 861 
4 877 876 855 861 
4 855 886 877 861 
4 891 899 857 893 
4 857 899 891 895 
4 857 895 894 867 
4 857 867 894 866 
4 891 890 857 866 
4 857 894 891 866 
4 897 881 882 858 
4 898 891 893 899 
4 893 891 898 896 
4 901 900 865 870 
4 865 894 901 870 
4 901 894 865 886 
4 863 894 891 886 
4 863 890 891 866 
4 894 870 863 866 
4 863 870 894 865 
4 894 886 863 865 
4 902 903 865 900 
4 865 901 902 900 
4 902 901 865 886 
4 864 903 902 904 
4 902 903 864 865 
4 864 886 902 865 
4 902 886 140 139 
4 902 904 140 864 
4 140 886 902 864 
4 868 894 906 905 
4 906 894 895 905 
4 895 891 898 899 
4 898 891 895 894 
4 906 908 895 898 
4 906 898 895 894 
4 909 910 868 907 
4 868 906 909 907 
4 909 906 868 894 
4 870 910 909 911 
4 909 910 870 868 
4 870 894 909 868 
4 909 901 870 900 
4 870 901 909 894 
4 870 911 909 900 
4 898 917 915 916 
4 896 919 920 898 
4 920 915 898 918 
4 898 919 920 918 
4 927 795 926 797 
4 927 928 926 807 
4 753 928 926 927 
4 926 797 753 927 
4 795 807 755 927 
4 755 797 795 927 
4 926 931 753 930 
4 753 797 926 930 
4 930 922 926 932 
4 926 922 930 797 
4 930 922 923 797 
4 930 933 923 932 
4 923 797 743 930 
4 936 943 934 935 
4 932 935 936 934 
4 932 922 936 937 
4 932 938 923 937 
4 923 938 932 933 
4 946 941 939 942 
4 931 939 946 926 
4 931 942 946 939 
4 932 926 946 922 
4 946 926 932 931 
4 932 942 946 931 
4 946 936 932 922 
4 932 936 946 934 
4 946 942 932 934 
4 946 941 934 943 
4 934 941 946 942 
4 934 936 946 943 
4 949 946 948 630 
4 949 952 948 941 
4 946 936 949 943 
4 949 936 946 630 
4 949 941 946 943 
4 949 663 950 630 
4 949 955 950 951 
4 948 952 949 951 
4 949 663 948 951 
4 948 663 949 630 
4 953 954 949 943 
4 949 936 953 943 
4 953 936 949 630 
4 953 950 949 955 
4 949 950 953 630 
4 949 954 953 955 
4 939 946 958 941 
4 941 948 958 952 
4 958 948 941 946 
4 926 961 928 940 
4 926 961 962 928 
4 962 961 819 818 
4 819 795 807 809 
4 807 818 819 809 
4 819 818 807 962 
4 807 819 926 795 
4 926 819 807 962 
4 807 928 926 962 
4 939 963 956 964 
4 964 963 956 961 
4 956 926 940 961 
4 956 961 940 964 
4 956 939 940 926 
4 956 964 940 939 
4 966 968 825 967 
4 825 819 966 967 
4 967 819 966 961 
4 817 967 819 825 
4 819 70 817 825 
4 824 973 970 847 
4 970 973 824 971 
4 965 972 970 971 
4 970 966 965 968 
4 965 971 970 968 
4 1069 970 968 966 
4 968 970 1069 971 
4 1069 974 968 971 
4 824 970 1069 65 
4 1069 970 824 971 
4 824 974 1069 971 
4 1069 70 824 65 
4 824 70 1069 825 
4 1069 974 824 825 
4 1069 966 825 70 
4 825 966 1069 968 
4 1069 974 825 968 
4 965 980 978 979 
4 963 982 983 965 
4 983 978 965 981 
4 965 982 983 981 
4 987 994 985 986 
4 985 994 987 989 
4 987 651 985 989 
4 985 770 987 781 
4 987 770 985 651 
4 779 781 770 985 
4 770 651 779 985 
4 989 950 990 955 
4 990 950 989 651 
4 988 651 990 989 
4 779 651 990 988 
4 990 651 779 774 
4 989 663 987 651 
4 989 994 987 951 
4 950 955 989 951 
4 989 663 950 951 
4 950 663 989 651 
4 787 991 780 788 
4 787 770 780 781 
4 780 991 787 781 
4 788 993 787 991 
4 987 992 991 993 
4 991 992 987 986 
4 991 787 987 993 
4 987 787 781 770 
4 781 787 987 991 
4 987 986 781 991 
4 958 994 987 986 
4 999 1003 997 998 
4 997 1003 999 993 
4 999 787 997 993 
4 999 787 784 997 
4 1001 1002 993 1003 
4 993 999 1001 1003 
4 1001 999 993 787 
4 1001 987 993 992 
4 993 987 1001 787 
4 993 1002 1001 992 
4 951 994 987 958 
4 958 948 951 952 
4 951 948 958 663 
4 958 1009 1007 1008 
4 976 1008 939 958 
4 1001 1002 958 992 
4 958 987 1001 992 
4 1007 1009 958 1002 
4 958 1001 1007 1002 
4 1015 1001 1003 1002 
4 1003 1001 1015 999 
4 1015 1007 1002 1009 
4 1002 1007 1015 1001 
4 976 1022 1021 1008 
4 1021 1022 976 963 
4 976 963 939 1021 
4 939 1008 976 1021 
4 983 1025 1023 1024 
4 1023 1025 983 982 
4 1023 982 983 963 
4 983 1024 1023 963 
4 1851 1027 784 1028 
4 1028 1026 1851 1027 
4 1851 999 998 1026 
4 1851 1026 998 1027 
4 1851 999 784 998 
4 784 1027 1851 998 
4 998 999 1015 1026 
4 1015 999 998 1003 
4 1022 983 1030 976 
4 1022 1031 1030 1024 
4 983 1024 963 1022 
4 963 976 983 1022 
4 1015 976 1008 1022 
4 1030 1031 1022 1015 
4 1030 1015 1022 976 
4 1008 1007 1015 1009 
4 1015 1007 1008 976 
4 1025 1036 1035 1033 
4 982 983 1033 1025 
4 1033 983 981 978 
4 981 983 1033 982 
4 1029 983 1024 1025 
4 1035 1036 1025 1029 
4 1035 1029 1025 983 
4 1024 1031 1030 1029 
4 1030 1031 1015 1029 
4 1043 1038 1029 1044 
4 1046 1045 1029 1044 
4 1029 1038 1046 1044 
4 1046 1035 1029 1042 
4 1029 1045 1046 1042 
4 1130 1123 1129 1046 
4 1130 1133 1129 1131 
4 1130 1046 1129 1132 
4 1042 1130 1046 1134 
4 1046 1035 1042 1134 
4 1124 1135 1134 1130 
4 1134 1046 1124 1130 
4 1130 1123 1124 1131 
4 1124 1123 1130 1046 
4 1044 1136 1046 1045 
4 846 1154 1151 851 
4 1151 1154 846 1152 
4 1151 1153 1152 1155 
4 973 1155 1151 1152 
4 973 970 1151 979 
4 1151 970 1156 879 
4 1156 970 1151 973 
4 1151 1152 1156 973 
4 1151 879 846 843 
4 846 879 1151 1156 
4 1151 1152 846 1156 
4 847 843 879 65 
4 879 843 847 846 
4 847 1156 879 846 
4 847 879 970 65 
4 970 879 847 1156 
4 847 973 970 1156 
4 1157 1151 1158 884 
4 1158 1151 1157 1154 
4 883 884 1157 1158 
4 852 843 884 851 
4 884 1158 852 851 
4 852 1158 884 883 
4 851 884 1151 843 
4 1151 884 851 1158 
4 851 1154 1151 1158 
4 1159 1150 1155 1160 
4 1033 1161 1159 1160 
4 1033 1159 1184 1160 
4 1184 1162 1033 1160 
4 1184 1033 980 978 
4 1184 1162 980 1033 
4 1033 978 981 980 
4 980 1074 1184 978 
4 1184 1074 980 1163 
4 980 1162 1184 1163 
4 1163 1159 1184 1074 
4 1184 1159 1163 1160 
4 1163 1162 1184 1160 
4 1163 1151 1159 1074 
4 1159 1151 1163 1155 
4 1163 1160 1159 1155 
4 1151 1074 979 970 
4 979 1074 1151 1163 
4 1151 1155 979 1163 
4 1074 978 979 970 
4 979 978 1074 980 
4 1074 1163 979 980 
4 1150 1159 1165 1168 
4 1214 1172 1164 1171 
4 1164 1172 1214 1173 
4 1164 1165 1214 1171 
4 1173 1172 1214 1174 
4 1214 1174 1157 1173 
4 1157 1165 1214 1164 
4 1214 1173 1157 1164 
4 1033 1177 1175 1168 
4 1033 1179 1176 1177 
4 1176 1178 1033 1180 
4 1033 1182 1181 1180 
4 1033 1035 1181 1041 
4 1167 1188 1185 1170 
4 1185 1188 1167 1186 
4 1179 1189 1185 1186 
4 1179 1176 1185 1190 
4 1216 1185 1179 1176 
4 1179 1185 1216 1186 
4 1216 1191 1179 1186 
4 1167 1185 1216 1165 
4 1216 1185 1167 1186 
4 1167 1191 1216 1186 
4 1168 1165 1216 1159 
4 1216 1165 1168 1167 
4 1168 1191 1216 1167 
4 1216 1175 1168 1159 
4 1168 1175 1216 1177 
4 1216 1191 1168 1177 
4 1216 1176 1177 1175 
4 1177 1176 1216 1179 
4 1216 1191 1177 1179 
4 1176 1192 1180 1193 
4 1180 1194 1181 1193 
4 1181 1194 1180 1182 
4 1041 1194 1181 1182 
4 1041 1035 1181 1134 
4 1264 1198 1195 1199 
4 1189 1195 1264 1185 
4 1189 1199 1264 1195 
4 1190 1185 1264 1176 
4 1264 1185 1190 1189 
4 1190 1199 1264 1189 
4 1264 1198 1190 1192 
4 1190 1198 1264 1199 
4 1190 1176 1264 1192 
4 1185 1200 1188 1196 
4 1188 1200 1238 1201 
4 1188 1185 1238 1200 
4 1238 1200 1202 1201 
4 1171 1165 1238 1170 
4 1238 1201 1171 1170 
4 1171 1201 1238 1202 
4 1238 1185 1170 1165 
4 1170 1185 1238 1188 
4 1238 1201 1170 1188 
4 1195 1204 1283 1206 
4 1206 1204 1283 1200 
4 1283 1185 1196 1200 
4 1283 1200 1196 1206 
4 1283 1195 1196 1185 
4 1283 1206 1196 1195 
4 897 884 882 881 
4 882 884 897 883 
4 1214 1174 897 1157 
4 1228 1230 897 1174 
4 897 1214 1228 1174 
4 1228 1231 1229 1232 
4 1228 1231 1233 1229 
4 920 1231 919 1233 
4 896 1233 920 919 
4 1228 920 896 1233 
4 896 1229 1228 1233 
4 1235 1228 1234 1214 
4 1235 1236 1234 1232 
4 1172 1236 1234 1235 
4 1234 1214 1172 1235 
4 1228 1232 1174 1235 
4 1174 1214 1228 1235 
4 1171 1202 1238 1172 
4 1238 1214 1171 1172 
4 1171 1214 1238 1165 
4 1234 1237 1172 1202 
4 1172 1238 1234 1202 
4 1234 1238 1172 1214 
4 1239 1234 1203 1236 
4 1203 1236 1234 1237 
4 1249 1239 1236 1234 
4 1249 1240 1236 1239 
4 1239 1231 1249 1240 
4 1249 1228 1232 1231 
4 1249 1231 1232 1240 
4 1249 1234 1232 1228 
4 1232 1234 1249 1236 
4 1249 1240 1232 1236 
4 1243 1247 1244 1246 
4 1244 920 1243 1246 
4 1246 1243 1245 920 
4 1246 1248 1245 1247 
4 1245 920 1231 1246 
4 918 1246 920 1244 
4 920 915 918 1244 
4 1268 1261 1265 1264 
4 1265 1261 1268 1267 
4 1268 1266 1265 1267 
4 1265 1276 1268 1269 
4 1268 1276 1265 1266 
4 1265 1269 1264 1198 
4 1264 1176 1193 1192 
4 1193 1198 1264 1192 
4 1264 1198 1193 1265 
4 1193 1264 1260 1176 
4 1260 1264 1193 1265 
4 1193 1270 1260 1265 
4 1261 1260 1265 1264 
4 1265 1260 1261 1270 
4 1261 1267 1265 1270 
4 2603 1271 1131 1272 
4 1131 1271 2603 1274 
4 1131 1123 2603 1272 
4 2603 1261 1267 1273 
4 1267 1271 2603 1273 
4 2603 1271 1267 1274 
4 1270 1261 2603 1260 
4 2603 1261 1270 1267 
4 1270 1274 2603 1267 
4 1193 1260 2603 1176 
4 2603 1260 1193 1270 
4 1193 1274 2603 1270 
4 2603 1181 1193 1176 
4 1193 1181 2603 1194 
4 2603 1274 1193 1194 
4 1134 1181 2603 1035 
4 2603 1181 1134 1194 
4 1134 1274 2603 1194 
4 2603 1124 1134 1035 
4 1134 1124 2603 1135 
4 2603 1274 1134 1135 
4 1131 1124 2603 1123 
4 2603 1124 1131 1135 
4 1131 1274 2603 1135 
4 1266 1278 1277 1275 
4 1277 1278 1266 1280 
4 1133 1278 1277 1280 
4 1133 1129 1277 1279 
4 1133 1146 1277 1129 
4 1277 1146 1133 1281 
4 1133 1280 1277 1281 
4 1281 1268 1277 1146 
4 1277 1268 1281 1266 
4 1281 1280 1277 1266 
4 1281 1261 1268 1146 
4 1268 1261 1281 1267 
4 1281 1266 1268 1267 
4 1281 1273 1261 1282 
4 1261 1273 1281 1267 
4 1146 1123 1131 1272 
4 1131 1282 1146 1272 
4 1146 1282 1131 1281 
4 1146 1129 1131 1123 
4 1131 1129 1146 1133 
4 1146 1281 1131 1133 
4 1286 1285 1195 1198 
4 1195 1264 1286 1198 
4 1286 1287 1269 1276 
4 1269 1268 1286 1276 
4 1286 1268 1269 1264 
4 1198 1287 1286 1285 
4 1286 1287 1198 1269 
4 1198 1264 1286 1269 
4 1146 1282 1141 1272 
4 1141 1123 1146 1272 
4 1261 1273 1141 1282 
4 1141 1146 1261 1282 
4 1202 1238 1203 1200 
4 1234 1237 1202 1203 
4 1234 1203 1202 1238 
4 1303 1304 1203 1207 
4 103 1333 1325 105 
4 1325 1333 103 1330 
4 103 1323 1325 83 
4 1325 95 96 93 
4 1325 83 96 1330 
4 126 1332 1328 1333 
4 1328 1325 126 1333 
4 126 1325 1328 1331 
4 1328 1325 105 1323 
4 1328 1332 105 1333 
4 105 1325 1328 1333 
4 1325 1330 95 124 
4 124 1331 1325 126 
4 1325 1333 124 126 
4 1328 1323 105 104 
4 126 104 1328 1332 
4 902 1338 904 903 
4 903 1337 902 1338 
4 902 1337 1336 1338 
4 902 1338 1336 904 
4 909 1340 911 910 
4 910 1339 909 1340 
4 1340 1339 909 1341 
4 909 1341 911 1340 
4 135 139 902 140 
4 1343 1342 1337 1341 
4 1337 909 1343 1341 
4 1343 909 1337 902 
4 900 911 909 903 
4 909 902 900 903 
4 900 902 909 901 
4 909 1341 903 911 
4 903 1341 909 1337 
4 909 902 903 1337 
4 135 902 1343 1345 
4 1337 1344 1343 1345 
4 1343 902 1337 1345 
4 1339 1347 1346 909 
4 1346 909 907 910 
4 907 909 1346 906 
4 1346 909 910 1339 
4 1348 1343 1347 909 
4 1343 1349 1341 1348 
4 1341 909 1343 1348 
4 1343 1356 1344 1349 
4 135 1343 1351 1344 
4 1344 1343 1351 1356 
4 1355 1347 1349 1343 
4 1355 1343 1349 1356 
4 1355 1351 1357 1350 
4 1356 1351 1355 1343 
4 1357 1359 1358 1351 
4 1357 1351 1358 1350 
4 1351 1359 1358 1360 
4 1358 1351 136 138 
4 1358 1360 136 1351 
4 1355 1361 1363 1364 
4 1355 1364 1363 1365 
4 1363 1355 1357 1350 
4 1363 1365 1357 1355 
4 0 1370 1059 92 
4 1369 1367 1366 1368 
4 1366 1062 1369 1368 
4 1369 1062 1366 1059 
4 127 1368 1062 1366 
4 1062 1059 127 1366 
4 127 1059 1062 56 
4 0 56 1059 127 
4 1369 1059 1366 1371 
4 1059 89 92 1371 
4 1375 1373 1372 1374 
4 1372 1079 1375 1374 
4 1375 1079 1372 1062 
4 129 1374 1079 1372 
4 1079 1062 129 1372 
4 129 1062 1079 59 
4 1062 1368 129 1372 
4 1062 59 129 128 
4 128 1368 1062 127 
4 1062 56 128 127 
4 1372 1375 1376 1373 
4 1376 1375 1372 1062 
4 1376 1062 1372 1368 
4 1376 1369 1368 1367 
4 1368 1369 1376 1062 
4 84 1371 89 86 
4 89 1371 84 92 
4 1376 1369 1367 1371 
4 1378 1371 161 1381 
4 86 89 1378 1371 
4 86 1371 1378 1381 
4 1382 1376 157 153 
4 1373 1376 1382 1375 
4 1378 88 86 85 
4 86 1381 1378 85 
4 85 1381 1378 161 
4 129 134 1079 1374 
4 1374 1079 1382 134 
4 1382 1375 1374 1373 
4 1374 1375 1382 1079 
4 1392 1391 164 1387 
4 133 1391 1392 1387 
4 133 1387 1392 132 
4 1426 1414 1425 1427 
4 1414 176 150 1426 
4 1430 1417 1429 1428 
4 1430 1417 169 1429 
4 169 1417 1430 165 
4 1417 165 169 167 
4 1432 1424 1436 1439 
4 1439 1438 1432 1425 
4 171 1426 176 172 
4 176 1426 171 150 
4 174 176 175 1434 
4 174 1434 175 173 
4 172 1434 176 174 
4 1434 1442 1432 1441 
4 1446 1450 192 1451 
4 192 1392 1446 1451 
4 145 1450 1446 1451 
4 1446 1392 145 1451 
4 145 1392 1446 141 
4 144 141 1392 145 
4 1392 1451 144 145 
4 1392 141 133 132 
4 1392 1391 133 144 
4 1360 1358 1446 187 
4 136 1358 1446 1360 
4 1446 1452 136 1360 
4 1446 141 136 143 
4 136 141 1446 138 
4 143 1450 1446 145 
4 1446 1450 143 1452 
4 1363 1468 1359 1365 
4 1359 1468 1363 1466 
4 1363 1358 1359 1466 
4 1455 1467 1466 1468 
4 1466 1363 1455 1468 
4 1455 1363 1466 1358 
4 1357 1365 1363 1359 
4 1363 1358 1357 1359 
4 1357 1358 1363 1350 
4 1466 1453 1455 1358 
4 1466 1467 1455 1469 
4 1453 1469 187 1466 
4 187 1358 1453 1466 
4 1478 1473 1364 1471 
4 1364 1473 1478 1472 
4 1478 1363 1364 1472 
4 1478 1476 1472 1473 
4 1472 1476 1478 1474 
4 1478 1363 1472 1474 
4 1477 1475 1474 1476 
4 1474 1478 1477 1476 
4 1477 1478 1474 1363 
4 1364 1361 1478 1471 
4 1364 1363 1478 1361 
4 1474 1465 1477 1363 
4 1474 1475 1477 1479 
4 1468 1479 1465 1480 
4 1465 1479 1468 1474 
4 1468 1363 1465 1474 
4 1465 1455 1468 1467 
4 1468 1455 1465 1363 
4 1468 1480 1465 1467 
4 1469 1465 1482 1480 
4 1482 1465 1469 1453 
4 1465 1480 1469 1467 
4 1469 1455 1465 1467 
4 1465 1455 1469 1453 
4 1492 1487 1479 1485 
4 1479 1487 1492 1486 
4 1492 1465 1479 1486 
4 1492 1490 1486 1487 
4 1486 1490 1492 1488 
4 1492 1465 1486 1488 
4 1491 1489 1488 1490 
4 1488 1492 1491 1490 
4 1491 1492 1488 1465 
4 1492 1485 1479 1475 
4 1479 1477 1492 1475 
4 1492 1477 1479 1465 
4 1493 1494 1488 1489 
4 1488 1491 1493 1489 
4 1493 1491 1488 1465 
4 1488 1482 1493 1465 
4 1488 1494 1493 1482 
4 1505 1503 1504 1454 
4 1505 1507 1504 1506 
4 1504 1454 186 1505 
4 1454 188 186 1508 
4 1503 1506 1508 1505 
4 1508 1454 1503 1505 
4 1525 1504 1524 1483 
4 186 1483 1504 1525 
4 1527 1493 1494 1528 
4 1527 1517 1528 1529 
4 1528 1517 1527 1493 
4 1527 1493 1489 1494 
4 1489 1493 1527 1491 
4 1523 1530 1528 1529 
4 1528 1517 1523 1529 
4 1523 1517 1528 1493 
4 1528 1523 1524 1530 
4 1524 1523 1528 1493 
4 1511 1535 1532 1534 
4 1536 1511 1524 1504 
4 1536 1535 1511 1534 
4 1511 1512 1536 1534 
4 1539 1537 1530 1538 
4 1539 1523 1530 1537 
4 1529 1538 1539 1530 
4 1539 1523 1529 1530 
4 1529 1523 1539 1517 
4 1503 1544 1430 1506 
4 1508 1430 1503 188 
4 1430 188 189 165 
4 1430 1544 1503 1542 
4 1435 1542 1428 1430 
4 1504 1543 1507 1526 
4 186 1508 188 190 
4 1514 1504 1506 1503 
4 1506 1504 1514 1507 
4 1507 1504 1514 1543 
4 1514 1503 1506 1544 
4 1514 1435 1542 1545 
4 1514 1509 1545 1546 
4 1545 1509 1514 1435 
4 1542 1503 1514 1544 
4 1514 1503 1542 1435 
4 1547 1548 1545 1546 
4 1545 1509 1547 1546 
4 1547 1509 1545 1435 
4 1547 1548 1436 1545 
4 1436 1435 1547 1545 
4 1514 1512 1536 1504 
4 1504 1543 1526 1536 
4 907 906 1346 905 
4 917 1556 1555 1557 
4 917 915 1555 1244 
4 917 1352 1555 915 
4 1555 1352 917 1558 
4 917 1557 1555 1558 
4 1558 1554 1555 1352 
4 1558 1557 1555 1554 
4 1558 1553 1554 1352 
4 1553 1352 916 906 
4 916 1352 1553 1558 
4 1352 915 916 906 
4 916 915 1352 917 
4 1352 1558 916 917 
4 1568 1564 1565 1566 
4 1254 1567 1568 1565 
4 1254 1568 1584 1565 
4 1584 1569 1254 1565 
4 1584 1254 1248 1245 
4 1584 1569 1248 1254 
4 1254 1245 1231 1248 
4 2611 1584 1248 1245 
4 1248 1584 2611 1569 
4 2611 1570 1248 1569 
4 1565 1584 2611 1568 
4 2611 1584 1565 1569 
4 1565 1570 2611 1569 
4 1565 1564 2611 1570 
4 1565 1568 2611 1564 
4 2611 1564 1554 1570 
4 1554 1555 2611 1556 
4 2611 1570 1554 1556 
4 1244 1555 2611 915 
4 2611 1555 1244 1556 
4 1244 1570 2611 1556 
4 2611 1243 1244 915 
4 1244 1243 2611 1247 
4 2611 1570 1244 1247 
4 2611 1245 1247 1243 
4 1247 1245 2611 1248 
4 2611 1570 1247 1248 
4 1568 1574 1566 1572 
4 1254 1578 1576 1572 
4 1254 1579 1577 1578 
4 1239 1581 1313 1254 
4 1577 1580 1254 1581 
4 1254 1313 1577 1581 
4 1579 1586 1587 1585 
4 1579 1577 1587 1589 
4 1587 1590 1579 1585 
4 1576 1590 1572 1578 
4 1577 1590 1578 1579 
4 1303 1591 1302 1307 
4 1302 1591 1313 1592 
4 1302 1303 1313 1591 
4 1592 1591 1313 1581 
4 1313 1581 1239 1592 
4 1239 1303 1313 1302 
4 1313 1592 1239 1302 
4 1308 1593 1319 1594 
4 1594 1593 1319 1591 
4 1319 1303 1307 1591 
4 1319 1591 1307 1594 
4 1319 1303 1308 1307 
4 1308 1594 1319 1307 
4 1596 1577 1595 1313 
4 1596 1598 1595 1589 
4 1596 1595 1597 1313 
4 1596 1599 1597 1598 
4 1596 1313 1597 1591 
4 1577 1589 1581 1596 
4 1581 1313 1577 1596 
4 1603 1607 1601 1602 
4 1599 1602 1603 1601 
4 1599 1597 1603 1604 
4 2759 1603 1599 1597 
4 1599 1603 2759 1601 
4 2759 1605 1599 1601 
4 2759 1606 1601 1607 
4 1601 1606 2759 1605 
4 1601 1603 2759 1607 
4 2759 1606 1600 1605 
4 2759 1605 1600 1608 
4 1588 1587 2759 1586 
4 2759 1605 1588 1586 
4 1588 1605 2759 1608 
4 1589 1587 2759 1577 
4 2759 1587 1589 1586 
4 1589 1605 2759 1586 
4 2759 1595 1589 1577 
4 1589 1595 2759 1598 
4 2759 1605 1589 1598 
4 2759 1597 1598 1595 
4 1598 1597 2759 1599 
4 2759 1605 1598 1599 
4 1610 1597 1609 1319 
4 1610 1612 1609 1604 
4 1610 1609 1611 1319 
4 1610 1613 1611 1612 
4 1593 1613 1611 1610 
4 1611 1319 1593 1610 
4 1591 1319 1597 1610 
4 1611 1616 1593 1615 
4 1593 1319 1611 1615 
4 1611 1319 1617 1615 
4 1617 1319 1611 1320 
4 1319 1615 1308 1617 
4 1611 1619 1613 1620 
4 1613 1619 2777 1621 
4 1613 1611 2777 1619 
4 1621 1619 2777 1618 
4 1621 1618 2777 1622 
4 1621 1622 2777 1623 
4 2777 1603 1602 1607 
4 1602 1623 2777 1607 
4 2777 1623 1602 1621 
4 1604 1603 2777 1597 
4 2777 1603 1604 1602 
4 1604 1621 2777 1602 
4 2777 1609 1604 1597 
4 1604 1609 2777 1612 
4 2777 1621 1604 1612 
4 2777 1611 1612 1609 
4 1612 1611 2777 1613 
4 2777 1621 1612 1613 
4 1692 1626 1624 1625 
4 1624 1626 1692 1627 
4 1692 1627 1628 1624 
4 1628 1630 1692 1624 
4 1692 1630 1629 1624 
4 1600 1624 1692 1629 
4 1600 1625 1692 1624 
4 1352 1631 1347 1346 
4 1563 1632 1633 1631 
4 1633 1352 1563 1631 
4 1636 1637 1362 1638 
4 1362 1352 1636 1638 
4 1638 1633 1636 1639 
4 1636 1633 1638 1352 
4 1633 1632 1638 1631 
4 1638 1352 1633 1631 
4 1352 1353 1347 1362 
4 1640 1563 1562 1641 
4 1640 1561 1562 1563 
4 1641 1642 1640 1563 
4 1563 1642 1640 1643 
4 1640 1644 1563 1643 
4 1633 1649 1639 1645 
4 1362 1647 1636 1646 
4 1636 1647 1362 1637 
4 1639 1647 1636 1637 
4 1639 1633 1636 1648 
4 1671 1670 1527 1669 
4 1676 1674 1527 1673 
4 1527 1674 1676 1675 
4 1527 1675 1676 1672 
4 1489 1673 1676 1527 
4 1489 1527 1676 1491 
4 1527 1670 1671 1677 
4 1527 1677 1539 1538 
4 1539 1527 1529 1517 
4 1539 1538 1529 1527 
4 1684 1680 1677 1678 
4 1677 1680 1684 1679 
4 1684 1539 1677 1679 
4 1684 1683 1679 1680 
4 1679 1683 1684 1682 
4 1684 1539 1679 1682 
4 1684 1681 1682 1683 
4 1684 1539 1682 1681 
4 1684 1678 1677 1670 
4 1677 1671 1684 1670 
4 1684 1671 1677 1539 
4 1666 1686 1685 1687 
4 1685 1539 1666 1687 
4 1666 1539 1681 1687 
4 1539 1521 1537 1685 
4 1694 1689 1600 1629 
4 1600 1692 1694 1629 
4 1600 1690 1694 1625 
4 1694 1692 1600 1625 
4 1693 1691 1625 1690 
4 1625 1694 1693 1690 
4 1693 1694 1625 1692 
4 1629 1694 1698 1692 
4 1629 1713 1698 1689 
4 1703 1718 1699 1702 
4 1699 1718 1703 1700 
4 1703 1692 1699 1700 
4 1627 1702 1703 1699 
4 1703 1692 1627 1699 
4 1706 1708 1701 1707 
4 1706 1707 1701 1692 
4 1705 1708 1706 1709 
4 1706 1708 1705 1701 
4 1705 1692 1706 1701 
4 1628 1709 1706 1710 
4 1706 1709 1628 1705 
4 1628 1692 1706 1705 
4 1706 1711 1628 1710 
4 1628 1711 1706 1630 
4 1706 1692 1628 1630 
4 1629 1711 1706 1712 
4 1706 1711 1629 1630 
4 1629 1692 1706 1630 
4 1706 1698 1629 1713 
4 1629 1698 1706 1692 
4 1629 1712 1706 1713 
4 1721 1715 1625 1714 
4 1625 1715 1721 1626 
4 1721 1692 1625 1626 
4 1627 1715 1721 1716 
4 1721 1715 1627 1626 
4 1627 1692 1721 1626 
4 1721 1703 1627 1704 
4 1627 1703 1721 1692 
4 1627 1716 1721 1704 
4 1721 1717 1700 1718 
4 1700 1703 1721 1718 
4 1721 1703 1700 1692 
4 1720 1719 1700 1717 
4 1700 1721 1720 1717 
4 1720 1721 1700 1692 
4 1721 1714 1625 1691 
4 1625 1693 1721 1691 
4 1721 1693 1625 1692 
4 1722 1695 1720 1692 
4 1722 1724 1720 1723 
4 1700 1724 1720 1722 
4 1720 1692 1700 1722 
4 1707 1697 1722 1692 
4 1722 1696 1697 1726 
4 1697 1696 1722 1692 
4 1722 1695 1696 1723 
4 1696 1695 1722 1692 
4 1703 1718 1702 1727 
4 1736 1732 1728 1729 
4 1736 1732 1729 1730 
4 1742 1734 1730 1731 
4 1742 1736 1730 1732 
4 1730 1734 1742 1732 
4 1739 1742 1732 1736 
4 1732 1742 1739 1734 
4 1739 1733 1732 1734 
4 1735 1739 1732 1736 
4 1732 1739 1735 1733 
4 1736 1703 1727 1718 
4 1727 1737 1736 1718 
4 1736 1737 1727 1732 
4 1736 1732 1704 1728 
4 1736 1703 1704 1727 
4 1704 1732 1736 1727 
4 1734 1738 1739 1733 
4 1734 1742 1739 1741 
4 1726 1744 1697 1725 
4 1726 1696 1697 1745 
4 1723 1745 1696 1726 
4 1723 1695 1696 1746 
4 1697 1749 1725 1744 
4 1723 1751 1720 1750 
4 1720 1751 1723 1724 
4 1758 578 211 209 
4 1758 1757 211 1755 
4 211 578 1758 1755 
4 225 1757 1758 1755 
4 1758 578 225 1755 
4 578 209 204 210 
4 204 209 578 202 
4 210 1755 578 211 
4 578 1755 210 577 
4 225 229 1758 230 
4 1764 1758 207 206 
4 1764 1763 207 1761 
4 207 1758 1764 1761 
4 230 1763 1764 1761 
4 1764 1758 230 1761 
4 230 1758 1764 229 
4 1758 209 207 206 
4 1758 1761 207 208 
4 1758 1761 211 1757 
4 1758 209 211 208 
4 230 229 1764 244 
4 1781 1764 223 221 
4 223 1764 1781 1779 
4 1779 1764 1781 244 
4 1764 221 207 222 
4 207 221 1764 206 
4 222 1779 1764 223 
4 1764 1779 222 1763 
4 1786 1781 262 260 
4 1786 1785 262 1781 
4 244 1785 1786 1781 
4 244 243 1786 246 
4 1786 260 257 259 
4 1786 1794 257 258 
4 258 260 1786 262 
4 1786 1785 258 262 
4 1796 1786 257 259 
4 1796 1795 257 1794 
4 257 1786 1796 1794 
4 246 1795 1796 1794 
4 1796 1786 246 1794 
4 246 1786 1796 243 
4 286 284 1796 285 
4 1796 284 246 243 
4 1796 1795 246 286 
4 1796 330 257 331 
4 257 330 1796 259 
4 1796 285 331 1795 
4 1828 1829 765 1830 
4 765 764 1828 1830 
4 1828 764 358 1830 
4 762 1830 764 765 
4 764 760 762 765 
4 356 358 764 763 
4 1833 1832 1828 1834 
4 1828 1832 1833 1829 
4 786 1834 785 1833 
4 766 760 786 765 
4 786 1833 766 765 
4 766 1833 786 785 
4 765 786 1828 760 
4 1828 786 765 1833 
4 765 1829 1828 1833 
4 1838 1836 1839 1831 
4 1832 1828 1838 1831 
4 1832 1831 1838 1839 
4 784 786 1841 1843 
4 1841 1844 1843 1834 
4 1843 786 1841 1834 
4 1838 1839 1834 1832 
4 1834 1828 1838 1832 
4 1838 1828 1834 786 
4 1841 1844 1834 1839 
4 1834 1838 1841 1839 
4 1841 1838 1834 786 
4 1839 1838 1841 1846 
4 1841 1850 1842 1846 
4 1841 1850 1852 1842 
4 1851 1850 1028 1852 
4 784 1852 1851 1028 
4 1841 1851 784 1852 
4 784 1842 1841 1852 
4 1853 1856 1900 1857 
4 1857 1856 1900 1858 
4 1857 1858 1900 1850 
4 1900 1850 1853 1857 
4 365 1837 1862 1860 
4 1862 377 364 361 
4 364 1860 1862 361 
4 1904 1873 1871 1869 
4 1904 1873 1872 1871 
4 1853 1871 1904 1872 
4 1853 1869 1904 1871 
4 383 1867 371 382 
4 371 1867 376 382 
4 1875 1867 383 1874 
4 1875 371 383 1867 
4 1874 1869 1875 1867 
4 1026 1851 1891 1893 
4 1893 1851 1891 1850 
4 1898 1894 1895 1896 
4 1900 1858 1899 1850 
4 1898 1897 1899 1858 
4 1899 1897 1898 1895 
4 1899 1900 1898 1858 
4 1899 1891 1898 1900 
4 1898 1891 1899 1892 
4 1899 1895 1898 1892 
4 1891 1850 1899 1892 
4 1043 1891 1898 1892 
4 1898 1895 1043 1892 
4 1026 1892 1891 1043 
4 1902 1900 1856 1877 
4 1858 1900 1898 1877 
4 1853 1872 1904 1856 
4 1904 1900 1853 1856 
4 1902 1903 1856 1872 
4 1856 1904 1902 1872 
4 1902 1904 1856 1900 
4 1909 1908 1043 1907 
4 1930 1902 1929 1904 
4 1930 1932 1929 1931 
4 1873 1932 1929 1930 
4 1929 1904 1873 1930 
4 1902 1931 1872 1930 
4 1872 1904 1902 1930 
4 1876 1904 1869 1873 
4 1929 1933 1873 1876 
4 1929 1876 1873 1904 
4 1876 1875 415 1874 
4 415 1875 1876 412 
4 1876 1875 1874 1869 
4 383 412 1875 415 
4 1875 1874 383 415 
4 1136 1963 1960 1961 
4 1136 1965 1962 1963 
4 1136 1966 1964 1965 
4 1136 1909 1964 1967 
4 2010 2007 2009 1940 
4 2010 2012 2009 2011 
4 2010 1973 2009 2013 
4 2009 1973 2010 1940 
4 2010 1973 1974 1940 
4 2010 2014 1974 2013 
4 2010 1970 1974 2015 
4 1974 1970 2010 1940 
4 2010 1970 2007 1940 
4 2010 2011 2007 2015 
4 2022 2024 2023 2025 
4 2023 1986 2022 2025 
4 2025 2007 2022 2011 
4 2022 2007 2025 1986 
4 2007 1986 2015 2025 
4 2015 1986 2007 1970 
4 2015 2025 1986 2026 
4 1986 1985 2015 2026 
4 1986 1985 2023 1984 
4 1986 2025 2023 2026 
4 2146 2035 2028 2040 
4 2028 2035 2146 2030 
4 2146 2029 2028 2030 
4 2012 2035 2146 2009 
4 2146 2035 2012 2030 
4 2012 2029 2146 2030 
4 2013 2009 2146 1973 
4 2146 2009 2013 2012 
4 2013 2029 2146 2012 
4 2013 2146 2160 1973 
4 2160 2146 2013 2029 
4 2013 2031 2160 2029 
4 2160 2146 2028 2040 
4 2028 2146 2160 2029 
4 2160 2031 2028 2029 
4 2874 2039 2023 1984 
4 2023 2039 2874 2033 
4 2874 2032 2023 2033 
4 2028 2039 2874 2040 
4 2874 2039 2028 2033 
4 2028 2032 2874 2033 
4 2874 2160 2028 2040 
4 2028 2160 2874 2031 
4 2874 2032 2028 2031 
4 2013 2160 2874 1973 
4 2874 2160 2013 2031 
4 2013 2032 2874 2031 
4 2874 1974 2013 1973 
4 2013 1974 2874 2014 
4 2874 2032 2013 2014 
4 2015 1974 2874 1970 
4 2874 1974 2015 2014 
4 2015 2032 2874 2014 
4 2874 1985 2015 1970 
4 2015 1985 2874 2026 
4 2874 2032 2015 2026 
4 2023 1985 2874 1984 
4 2874 1985 2023 2026 
4 2023 2032 2874 2026 
4 2021 2009 2011 2007 
4 2011 2009 2021 2012 
4 2021 2034 2011 2012 
4 2012 2021 2035 2009 
4 2035 2021 2012 2034 
4 2012 2030 2035 2034 
4 2034 2022 2035 2021 
4 2035 2022 2034 2024 
4 2034 2030 2035 2024 
4 2022 2021 2011 2007 
4 2011 2021 2022 2034 
4 2022 2024 2011 2034 
4 2024 2037 2035 2036 
4 2035 2037 2024 2030 
4 2028 2037 2035 2030 
4 2028 2040 2035 2038 
4 2028 2041 2039 2038 
4 2039 2041 2028 2033 
4 2023 2041 2039 2033 
4 2023 1984 2039 2042 
4 2023 2036 2022 2042 
4 2022 2036 2023 2024 
4 1896 1898 2051 1877 
4 1896 2054 2051 2053 
4 2051 2054 1896 2052 
4 1902 2056 1877 1931 
4 1914 2055 1877 2056 
4 1877 1902 1914 2056 
4 1877 1914 2050 2055 
4 1197 2058 2059 2063 
4 1195 1285 1286 1197 
4 1286 2060 1197 1285 
4 2065 2059 2064 1914 
4 2065 2063 2058 2050 
4 2065 2058 2059 1914 
4 2065 2062 2059 2063 
4 2056 2068 1938 2055 
4 1938 1914 2056 2055 
4 2056 1914 1938 1902 
4 2055 1938 2064 2068 
4 2064 1938 2055 1914 
4 1929 2073 1932 1934 
4 1938 2072 1932 2073 
4 1932 2072 1938 2074 
4 1932 1929 1938 2073 
4 2074 2072 1938 2068 
4 1938 1902 1931 2056 
4 1931 2068 1938 2056 
4 1938 2068 1931 2074 
4 1938 1929 1931 1902 
4 1931 1929 1938 1932 
4 1938 2074 1931 1932 
4 1942 2075 411 2076 
4 2076 2077 1942 2075 
4 1942 1929 1934 2073 
4 1934 2077 1942 2073 
4 1942 2077 1934 2075 
4 1942 1929 411 1934 
4 411 2075 1942 1934 
4 2078 2081 2079 2064 
4 2079 2080 2078 2072 
4 2078 1938 2079 2072 
4 2073 2077 1942 2072 
4 1942 1938 2073 2072 
4 2073 1938 1942 1929 
4 2079 2080 2072 2077 
4 2072 1942 2079 2077 
4 2079 1942 2072 1938 
4 2079 2084 2081 2082 
4 2079 1942 2085 2086 
4 2085 1942 2079 427 
4 1942 2086 429 2085 
4 429 2086 1942 2076 
4 2079 2082 2077 2086 
4 2077 1942 2079 2086 
4 428 427 1942 429 
4 1942 427 428 406 
4 428 2076 1942 411 
4 431 2085 427 429 
4 2085 427 2079 2087 
4 2089 2060 1285 2088 
4 2089 1286 1285 2060 
4 1276 2093 2089 1287 
4 2089 1286 1276 1287 
4 1276 1286 2089 1268 
4 1285 2093 2089 2088 
4 2089 2093 1285 1287 
4 1285 1286 2089 1287 
4 2095 2059 2061 1286 
4 2094 2091 2095 1286 
4 2095 2090 2091 2097 
4 2091 2090 2095 1286 
4 2095 2059 2090 2069 
4 2090 2059 2095 1286 
4 2099 2091 2098 1971 
4 2099 2101 2098 2096 
4 2099 2098 2100 1971 
4 2099 2102 2100 2101 
4 2100 2064 2099 1971 
4 2064 2059 2099 1971 
4 2099 2059 2090 1971 
4 2099 2097 2090 2069 
4 2099 2090 2091 1971 
4 2099 2096 2091 2097 
4 2100 2108 2102 2083 
4 2098 2107 2096 2101 
4 2100 2107 2101 2102 
4 2122 2100 2108 2107 
4 2122 2118 2107 2123 
4 2126 2127 2125 2070 
4 2125 2094 2126 1306 
4 2125 2128 1309 2071 
4 1309 2128 2125 2129 
4 1321 2129 1308 1309 
4 2131 2125 2071 2128 
4 1617 2134 1321 2133 
4 1321 2134 1617 2135 
4 1321 1320 1308 1617 
4 2129 2125 2131 2128 
4 2131 2125 2129 1321 
4 2131 1321 2129 2134 
4 2132 2136 2134 2131 
4 2132 2131 2134 1321 
4 2134 1522 2132 1321 
4 2134 2136 2132 2137 
4 1522 1321 2133 1320 
4 1522 2137 2133 2134 
4 2133 1321 1522 2134 
4 2141 2138 2120 2140 
4 2141 2114 2121 2120 
4 2131 2138 2144 2143 
4 2144 2132 2131 2136 
4 2145 2147 2083 2087 
4 2122 2100 2083 2108 
4 2087 427 2148 2150 
4 2155 2153 2087 2152 
4 2087 2148 2155 2152 
4 2087 2153 2155 2154 
4 2155 2145 2087 2147 
4 2087 2154 2155 2147 
4 2157 2162 2161 2163 
4 2161 2146 2157 2163 
4 2163 2156 2157 2164 
4 2157 2156 2163 2146 
4 2163 2118 2156 2165 
4 2156 2118 2163 2146 
4 2163 2118 2159 2146 
4 2163 2167 2159 2165 
4 2159 2146 2166 2163 
4 2166 2146 2159 2040 
4 2166 2163 2146 2161 
4 2146 2035 2166 2161 
4 2155 2154 2122 2147 
4 2122 2145 2155 2147 
4 2122 2155 2169 2154 
4 2171 2172 2122 2168 
4 2171 2173 2122 2172 
4 2171 2122 2123 2118 
4 2171 2173 2123 2122 
4 2155 2180 2152 2179 
4 2152 2180 2155 2153 
4 2179 2155 2174 2148 
4 2181 2182 2170 2169 
4 2181 2157 2170 2183 
4 2170 2157 2181 2155 
4 2181 2157 2174 2155 
4 345 2202 2193 347 
4 2193 348 345 347 
4 2193 342 346 345 
4 346 342 2193 343 
4 2204 2206 2193 2205 
4 2193 2191 2204 2205 
4 2193 2206 2203 2205 
4 347 2206 2193 2204 
4 2193 348 347 2204 
4 346 2207 2193 2202 
4 2212 2209 2208 2210 
4 2208 2200 2212 2210 
4 2212 2200 2208 2197 
4 2212 2197 2211 2195 
4 2212 2209 2211 2208 
4 2211 2197 2212 2208 
4 2213 2215 2197 2214 
4 2197 2195 2213 2214 
4 2197 2215 2211 2214 
4 2211 2215 2197 2208 
4 2197 2191 2203 2213 
4 2208 2197 2200 2216 
4 2219 2224 409 2223 
4 2223 2219 2220 417 
4 2230 2235 2226 2225 
4 2230 2220 2225 2212 
4 2231 2212 2220 2232 
4 2211 2232 2212 2231 
4 2212 2195 2211 2231 
4 2226 2234 2230 2233 
4 2230 2212 2226 2233 
4 2226 2212 2236 2233 
4 2236 2212 2226 2200 
4 2212 2233 2210 2236 
4 2210 2233 2212 2209 
4 328 2192 337 353 
4 348 2192 353 354 
4 348 328 353 2192 
4 2192 2191 2196 2239 
4 423 401 2196 2192 
4 424 328 401 2192 
4 424 2192 401 423 
4 337 2192 328 424 
4 2191 2239 2192 2205 
4 2192 348 2191 2204 
4 2240 2196 2221 2195 
4 2221 2196 421 396 
4 2196 401 422 396 
4 2196 2195 2213 2191 
4 347 2204 348 354 
4 2191 2239 2205 2213 
4 2195 2240 2214 2231 
4 2221 417 426 425 
4 417 2223 409 425 
4 2151 2149 2241 2242 
4 2149 427 432 2150 
4 2150 2242 2149 2151 
4 2149 2148 2150 2151 
4 427 2150 431 432 
4 2237 2222 2241 2218 
4 2222 2246 433 2237 
4 2241 2175 2248 2247 
4 2179 2175 2241 2148 
4 2179 2248 2175 2174 
4 2249 2218 2241 2175 
4 2228 2175 2218 2249 
4 2175 2250 2251 2174 
4 2175 2250 2228 2251 
4 2261 2255 2260 2262 
4 2260 2255 2261 2264 
4 436 458 2256 438 
4 452 451 2256 463 
4 2256 451 452 450 
4 2256 450 436 438 
4 2256 2269 436 452 
4 2256 2269 463 470 
4 2267 2264 470 2271 
4 2272 2261 2267 2264 
4 2272 2264 2267 2271 
4 2267 2261 2272 2275 
4 2266 2276 2262 2277 
4 2262 2261 2266 2277 
4 2266 2276 352 2262 
4 2261 2277 2262 2273 
4 2266 2280 2279 352 
4 2266 2280 2278 2279 
4 2275 2276 2266 2277 
4 346 2279 343 2207 
4 2207 2279 343 2278 
4 352 343 346 2279 
4 2261 2277 2273 2275 
4 2323 2274 2319 2324 
4 2319 2274 2326 2324 
4 2326 2274 2319 468 
4 2274 2324 465 2326 
4 2328 2318 2321 2330 
4 2330 2319 2321 2332 
4 2321 2319 2330 2318 
4 2319 2318 2323 2330 
4 2334 2298 2333 2027 
4 2334 2336 2333 2335 
4 2333 2027 2036 2334 
4 2036 2027 2333 2022 
4 2027 2022 2042 1984 
4 2027 2334 2042 2036 
4 2299 2337 2042 2334 
4 2042 2027 2299 2334 
4 2334 2298 2299 2335 
4 2299 2298 2334 2027 
4 2340 2308 2338 2339 
4 2037 2339 2340 2338 
4 2037 2035 2340 2161 
4 2038 2161 2035 2037 
4 2038 2040 2035 2166 
4 2933 2311 2335 2298 
4 2335 2311 2933 2343 
4 2933 2342 2335 2343 
4 2343 2308 2933 2342 
4 2343 2311 2933 2308 
4 2933 2344 2342 2308 
4 2933 2040 2038 2341 
4 2038 2344 2933 2341 
4 2933 2344 2038 2342 
4 2933 2039 2038 2040 
4 2038 2039 2933 2041 
4 2933 2342 2038 2041 
4 2042 2039 2933 1984 
4 2933 2039 2042 2041 
4 2042 2342 2933 2041 
4 2933 2299 2042 1984 
4 2042 2299 2933 2337 
4 2933 2342 2042 2337 
4 2335 2299 2933 2298 
4 2933 2299 2335 2337 
4 2335 2342 2933 2337 
4 2049 2035 2036 2022 
4 2036 2035 2049 2037 
4 2049 2345 2036 2037 
4 2037 2049 2340 2035 
4 2340 2049 2037 2345 
4 2037 2338 2340 2345 
4 2345 2333 2340 2049 
4 2340 2333 2345 2336 
4 2345 2338 2340 2336 
4 2333 2049 2036 2022 
4 2036 2049 2333 2345 
4 2333 2336 2036 2345 
4 2340 2333 2346 2310 
4 2346 2333 2340 2336 
4 2340 2338 2346 2336 
4 2340 2308 2346 2338 
4 2310 2311 2343 2308 
4 2310 2308 2343 2346 
4 2335 2311 2310 2298 
4 2310 2311 2335 2343 
4 2335 2346 2310 2343 
4 2335 2310 2333 2298 
4 2333 2310 2335 2346 
4 2335 2336 2333 2346 
4 2352 2310 2353 2354 
4 2353 2310 2352 2307 
4 2352 2340 2354 2355 
4 2354 2340 2352 2310 
4 2354 2340 2349 2355 
4 2349 2340 2354 2310 
4 2350 2349 2354 2310 
4 2310 2307 2353 2356 
4 2349 2347 2357 2358 
4 2357 2347 2349 2327 
4 2347 2360 2359 2361 
4 2359 2327 2347 2361 
4 2357 2360 2347 2361 
4 2347 2327 2357 2361 
4 2327 2317 2328 2359 
4 2363 2327 2350 2321 
4 2327 2362 2328 2363 
4 2367 1433 2366 2368 
4 1442 1433 2366 1432 
4 1433 1432 1441 175 
4 1433 2368 1441 1442 
4 1441 2368 1433 2367 
4 1433 478 1441 2367 
4 1437 1432 1436 1443 
4 1443 1437 2366 2370 
4 2371 2313 2366 2305 
4 2313 2305 2373 2303 
4 2313 2372 2373 2371 
4 2373 2305 2313 2371 
4 2351 2305 2373 2371 
4 2373 2305 2351 2303 
4 474 2305 2351 2371 
4 2375 2305 2366 478 
4 2305 2374 474 2375 
4 2313 2307 2378 2376 
4 2356 2377 2313 2378 
4 2356 2303 2313 2373 
4 471 2367 478 473 
4 173 175 478 1441 
4 478 2367 173 1441 
4 173 2367 478 471 
4 476 2375 478 474 
4 473 2375 478 476 
4 469 2380 2320 467 
4 2320 468 469 467 
4 2320 443 459 469 
4 480 2381 2322 2382 
4 2322 2320 480 2382 
4 2322 2320 2383 2319 
4 2322 2381 2383 2382 
4 2383 2320 2322 2382 
4 2326 2384 2320 2325 
4 2320 2319 2326 2325 
4 2325 2382 2320 2383 
4 2320 2382 2325 2384 
4 467 2384 2320 2326 
4 2320 468 467 2326 
4 2351 2322 474 2386 
4 2351 2322 2387 2321 
4 2387 2322 2351 2386 
4 2332 2388 2322 2331 
4 2322 2321 2332 2331 
4 2331 2386 2322 2387 
4 2322 2386 2331 2388 
4 2322 2381 2332 2383 
4 2332 2319 2322 2383 
4 467 2326 468 465 
4 2401 2400 1533 1513 
4 2401 1513 1533 1512 
4 2395 2402 1513 2400 
4 1513 1533 2395 2400 
4 1513 2404 2398 2403 
4 1513 2395 2398 2405 
4 2352 2306 2407 2307 
4 2408 2409 2306 2406 
4 2408 2410 2306 2409 
4 2306 2410 2408 2308 
4 2395 2416 2405 2411 
4 2403 2414 2398 2413 
4 2398 2414 2403 2404 
4 2405 2414 2398 2404 
4 2405 2395 2398 2415 
4 1668 1522 2418 2419 
4 2418 1522 1668 1521 
4 2137 1522 1668 2419 
4 1668 1522 2133 1320 
4 2133 1522 1668 2137 
4 2137 2132 2144 2136 
4 2144 2132 2137 1522 
4 2144 1522 2137 2419 
4 2417 2420 2419 2144 
4 2417 2144 2419 1522 
4 2419 2420 2417 1540 
4 1540 1522 2418 1521 
4 2418 1522 1540 2419 
4 2141 2423 2396 2422 
4 2421 2141 2396 2114 
4 2417 2424 2141 2425 
4 2141 2395 2417 2411 
4 1540 1533 1532 2427 
4 2417 2428 2427 1540 
4 2417 1540 2427 1533 
4 2429 2395 2417 1533 
4 2429 2425 2417 2411 
4 2417 2428 2429 2427 
4 2429 1533 2417 2427 
4 2395 2411 2400 2429 
4 2400 1533 2395 2429 
4 1533 1512 1532 1552 
4 1552 2400 1533 2401 
4 1533 2400 1552 2430 
4 2417 2428 1540 2426 
4 2439 2446 2432 2433 
4 2432 2431 2439 2433 
4 2439 2431 2432 2435 
4 2432 2439 2449 2446 
4 2449 2439 2432 2435 
4 2432 2434 2449 2435 
4 2452 2449 2435 2439 
4 2435 2449 2452 2434 
4 2452 2436 2435 2434 
4 2452 2439 2162 2157 
4 2162 2439 2452 2435 
4 2452 2436 2162 2435 
4 2164 2157 2439 2156 
4 2439 2157 2164 2162 
4 2164 2435 2439 2162 
4 2165 2156 2439 2118 
4 2439 2156 2165 2164 
4 2165 2435 2439 2164 
4 2165 2439 2438 2118 
4 2438 2439 2165 2435 
4 2165 2437 2438 2435 
4 2435 2441 2438 2431 
4 2438 2441 2435 2437 
4 2165 2440 2438 2437 
4 2165 2118 2438 2442 
4 2165 2443 2159 2442 
4 2159 2443 2165 2167 
4 2166 2443 2159 2167 
4 2166 2040 2159 2444 
4 2176 2157 2161 2035 
4 2161 2157 2176 2162 
4 2176 2445 2161 2162 
4 2162 2176 2452 2157 
4 2452 2176 2162 2445 
4 2162 2436 2452 2445 
4 2445 2449 2452 2176 
4 2452 2449 2445 2434 
4 2445 2436 2452 2434 
4 2445 2340 2449 2176 
4 2449 2340 2445 2339 
4 2445 2434 2449 2339 
4 2340 2176 2161 2035 
4 2161 2176 2340 2445 
4 2340 2339 2161 2445 
4 2339 2352 2449 2340 
4 2339 2434 2449 2352 
4 2449 2446 2352 2432 
4 2352 2434 2449 2432 
4 2352 2340 2339 2308 
4 2449 2448 2447 2451 
4 2447 2176 2449 2451 
4 2176 2447 2183 2174 
4 2452 2453 2183 2447 
4 2183 2176 2452 2447 
4 2447 2449 2452 2450 
4 2452 2449 2447 2176 
4 2251 2454 2176 2174 
4 2251 2047 2176 2348 
4 2449 2448 2455 2456 
4 2455 2448 2449 2451 
4 2449 2176 2455 2451 
4 2455 2340 2449 2364 
4 2449 2340 2455 2176 
4 2340 2176 2348 2455 
4 2450 2457 2979 2458 
4 2450 2449 2979 2457 
4 2458 2457 2979 2459 
4 2979 2460 2458 2459 
4 2979 2460 2169 2458 
4 2169 2170 2979 2182 
4 2979 2458 2169 2182 
4 2183 2170 2979 2157 
4 2979 2170 2183 2182 
4 2183 2458 2979 2182 
4 2979 2452 2183 2157 
4 2183 2452 2979 2453 
4 2979 2458 2183 2453 
4 2450 2452 2979 2449 
4 2979 2452 2450 2453 
4 2450 2458 2979 2453 
4 2449 2462 2352 2412 
4 2449 2456 2364 2352 
4 2449 2462 2412 2461 
4 2468 2412 2463 2465 
4 2464 2412 2468 2465 
4 2464 2466 2468 2412 
4 2412 2466 2468 2467 
4 2468 2457 2412 2467 
4 2468 2412 2433 2463 
4 2468 2446 2433 2412 
4 2399 1547 1551 2470 
4 1546 1551 1547 1548 
4 1512 2401 1551 1552 
4 2474 2478 2347 2229 
4 2229 2227 2475 2226 
4 2475 2227 2229 2474 
4 2236 2476 2227 2234 
4 2227 2226 2236 2234 
4 2234 2474 2227 2475 
4 2227 2474 2234 2476 
4 2236 2200 2227 2473 
4 2347 2478 2477 2360 
4 2477 2478 2347 2474 
4 2347 2227 2477 2474 
4 2477 2317 2347 2359 
4 2347 2317 2477 2227 
4 2477 2227 2317 2473 
4 2347 2478 2360 2365 
4 1668 1611 1616 2479 
4 1617 1611 1668 1320 
4 1668 1611 1617 1616 
4 1617 1320 1668 2133 
4 2486 2482 2480 2481 
4 2480 2482 2486 2483 
4 2486 2483 1618 2480 
4 1618 1619 2486 2480 
4 2486 1611 1620 1619 
4 2486 1619 1620 2480 
4 2486 2481 1620 2479 
4 1620 2481 2486 2480 
4 1620 1611 2486 2479 
4 2485 2484 2486 1668 
4 2485 1668 2486 1666 
4 1668 2484 2486 2481 
4 2486 1668 2479 1611 
4 2486 2481 2479 1668 
4 1668 1666 1685 1521 
4 2488 2491 2490 2492 
4 2490 2489 2488 2492 
4 2488 2489 2490 2486 
4 2490 2488 2493 2491 
4 2493 2488 2490 2486 
4 2482 2488 2493 2486 
4 2483 2494 2488 2495 
4 2488 2494 2483 2482 
4 2483 2486 2488 2482 
4 2488 2495 1618 2483 
4 1618 2486 2488 2483 
4 2489 2501 2490 2500 
4 2490 2486 2489 2500 
4 2500 2487 2489 2502 
4 2489 2487 2500 2486 
4 2500 2487 2498 2486 
4 2500 2504 2498 2502 
4 2498 2486 2503 2500 
4 2503 2486 2498 1666 
4 2486 2500 2485 2503 
4 2485 2500 2486 2484 
4 2502 2505 2489 2501 
4 2502 2487 2489 2506 
4 2502 2509 2498 2508 
4 2498 2509 2502 2504 
4 2503 2509 2498 2504 
4 2503 1666 2498 2510 
4 2511 2512 2514 2513 
4 2514 2511 1738 1739 
4 2514 2513 1738 2511 
4 1741 1739 2511 1742 
4 2511 1739 1741 1738 
4 2511 1742 1731 1741 
4 1738 2515 2514 1754 
4 2514 2515 1738 2513 
4 1754 2519 2514 2518 
4 2514 2519 1754 2515 
4 2521 2522 523 551 
4 551 2525 2521 552 
4 2521 2525 551 2520 
4 2521 2520 519 540 
4 540 544 2521 545 
4 2521 2525 540 545 
4 2521 533 519 534 
4 2521 2520 523 534 
4 545 2528 2527 2525 
4 2527 2521 545 2525 
4 545 2521 2527 544 
4 2527 2521 552 2522 
4 2527 2528 552 2525 
4 552 2521 2527 2525 
4 2529 2531 2530 2532 
4 2530 2523 2529 2532 
4 2529 2523 529 2532 
4 2523 752 517 2530 
4 2533 2529 2536 591 
4 2533 2539 2536 2537 
4 2533 591 2538 530 
4 2533 2539 2538 2536 
4 2533 2539 529 2538 
4 2533 2529 529 2537 
4 2527 2528 535 552 
4 535 2528 2527 545 
4 517 2560 750 747 
4 517 752 750 2530 
4 750 2560 517 2530 
4 2529 2562 2531 2537 
4 2531 2529 2543 2562 
4 2543 750 2560 2561 
4 2530 750 2543 752 
4 2543 750 2530 2560 
4 2543 2529 2530 752 
4 2530 2529 2543 2531 
4 748 2559 750 749 
4 750 2559 748 747 
4 530 2538 741 777 
4 591 2536 777 778 
4 591 530 777 2538 
4 777 2536 591 2538 
4 741 2538 530 742 
4 530 2538 529 742 
4 2529 2562 2537 2547 
4 2536 591 2529 2547 
4 2543 751 2563 2564 
4 2566 2567 2551 2543 
4 2566 2543 2551 2544 
4 2551 2543 2565 751 
4 2551 2567 2565 2543 
4 750 2563 743 749 
4 743 750 751 2563 
4 751 2564 743 2563 
4 743 751 2568 2564 
4 2564 751 2568 2565 
4 774 2547 588 775 
4 775 588 591 2547 
4 775 2547 591 778 
4 2555 2544 2547 2566 
4 2567 2551 2568 2569 
4 2568 2551 2565 751 
4 2565 2551 2568 2567 
4 2555 2551 2566 2567 
4 2566 2551 2555 2544 
4 2555 2551 2567 2569 
4 2568 2569 2571 2570 
4 2571 2568 938 923 
4 2571 2570 938 2568 
4 937 2570 2571 935 
4 2571 936 937 935 
4 937 923 2571 938 
4 2571 923 937 922 
4 935 2572 2571 2573 
4 2571 936 935 2573 
4 2573 2572 2571 2574 
4 2571 953 2573 2574 
4 2571 2572 2569 2574 
4 2558 953 2575 950 
4 2558 2576 2575 2574 
4 2575 2576 2558 990 
4 2558 953 2569 2574 
4 935 2573 936 943 
4 955 950 990 2575 
4 943 936 953 2573 
4 953 2574 943 2573 
4 943 2574 953 954 
4 953 2574 955 954 
4 953 950 955 2575 
4 955 2574 953 2575 
4 2606 1290 2605 2607 
4 2606 2604 2605 1290 
4 2605 2604 1271 2603 
4 2605 2607 1271 2606 
4 1271 2604 2605 2606 
4 2604 2603 1272 1271 
4 1272 2606 2604 1271 
4 1272 1290 2604 2606 
4 1273 2603 2605 1271 
4 2605 2607 1273 1271 
4 2605 1261 1273 1290 
4 2637 2640 2639 2641 
4 2639 2638 2637 2641 
4 2637 2638 2639 2614 
4 2637 2614 1575 1561 
4 2637 2640 1575 2639 
4 1575 2614 2637 2639 
4 1564 2642 2621 2639 
4 2621 2614 1564 2639 
4 2638 2641 2639 2642 
4 2639 2621 2638 2642 
4 2638 2621 2639 2614 
4 2614 1561 1554 1575 
4 1641 2645 2637 1642 
4 2637 2645 1641 2643 
4 2637 1640 1562 1641 
4 1562 1640 2637 1561 
4 2644 2646 2648 2647 
4 2648 2646 2644 2640 
4 2644 2637 2648 2640 
4 2648 1651 2644 2647 
4 2648 2637 2644 1651 
4 2641 2646 2648 2640 
4 2648 2637 2641 2640 
4 2641 2637 2648 2638 
4 2637 2640 1562 1575 
4 1562 1561 2637 1575 
4 2637 1640 1642 2649 
4 2651 2648 2650 2621 
4 2651 2654 2650 2652 
4 2648 2646 2651 2652 
4 2651 2646 2648 2642 
4 2648 2621 2651 2642 
4 2648 2638 2642 2641 
4 2642 2638 2648 2621 
4 2642 2646 2648 2641 
4 1574 2653 2655 2651 
4 2655 2621 1574 2651 
4 1574 2621 2655 1568 
4 2655 2650 2651 2654 
4 2651 2650 2655 2621 
4 2651 2653 2655 2654 
4 2621 2642 1574 2651 
4 2621 1568 1574 1573 
4 2621 2642 1564 1573 
4 1571 2648 2656 2652 
4 2652 2650 2656 2654 
4 2656 2650 2652 2648 
4 1640 2649 1643 1642 
4 1643 2649 1640 1644 
4 2657 2649 1651 2660 
4 2658 2657 2660 2649 
4 1651 1652 2657 1654 
4 1654 2666 2665 2664 
4 2665 2657 1654 2664 
4 1654 2657 2665 1652 
4 2664 2661 2665 2657 
4 2664 2666 2665 2661 
4 2653 2655 2656 1590 
4 2656 2655 2654 2650 
4 2654 2655 2656 2653 
4 1574 1590 2655 2653 
4 2656 1590 2687 2686 
4 2687 2683 2656 2685 
4 2656 2686 2687 2685 
4 2690 2687 1713 2691 
4 1713 2687 2690 1698 
4 2686 2687 2690 2691 
4 2690 2687 2685 2683 
4 2685 2687 2690 2686 
4 1588 2692 2693 2691 
4 2693 2687 1588 2691 
4 1588 2687 2693 1587 
4 2693 2687 1713 1698 
4 2693 2692 1713 2691 
4 1713 2687 2693 2691 
4 2687 1587 1588 1590 
4 2666 2698 2697 2665 
4 2697 2665 1654 2666 
4 1654 2665 2697 1652 
4 2699 2695 2698 2665 
4 2661 2665 2695 2699 
4 2701 2694 2706 2708 
4 2706 2694 2701 1697 
4 2706 2694 2698 2708 
4 2698 2695 2708 2694 
4 2708 2695 2701 2694 
4 2708 2707 2701 2709 
4 2710 2629 2711 2712 
4 2711 2629 2710 2626 
4 1647 2712 2629 2710 
4 2629 2626 1647 2710 
4 1647 2626 2629 1636 
4 1646 1636 2626 1647 
4 2626 1636 1646 1353 
4 2626 2710 1361 1646 
4 2713 2626 2711 2714 
4 2626 1478 1361 2713 
4 2659 2628 2629 2717 
4 1649 2659 2629 2716 
4 2629 2712 1649 2716 
4 2629 1633 1649 1648 
4 1648 2712 2629 1647 
4 2629 1636 1648 1647 
4 2717 2718 2636 2715 
4 2636 2629 2717 2715 
4 2717 2629 2636 2628 
4 2715 2636 2711 2718 
4 2711 2636 2715 2629 
4 2632 2722 2720 2721 
4 2723 2632 2711 1478 
4 2723 2722 2632 2721 
4 2632 1477 2723 2721 
4 2663 2636 2718 2725 
4 2663 2636 2724 2634 
4 2724 2636 2663 2725 
4 2663 2636 2717 2718 
4 2717 2636 2663 2628 
4 2724 2726 2678 2725 
4 2678 2636 2724 2725 
4 2724 2636 2678 2634 
4 2678 2726 2720 2725 
4 2720 2636 2678 2725 
4 1471 2713 1478 1473 
4 1478 2713 1471 1361 
4 1476 1478 1477 2723 
4 1477 2721 1476 2723 
4 1476 2721 1477 1475 
4 1473 2723 1478 1476 
4 1644 2659 1633 1650 
4 1633 2659 1649 1650 
4 2663 2628 2659 2717 
4 2730 2676 2729 2731 
4 2676 1477 2720 2728 
4 2728 2731 2676 2730 
4 2676 1492 2728 2730 
4 2696 2677 2678 2733 
4 2696 2726 2678 2724 
4 2733 2734 2681 2732 
4 2681 2678 2733 2732 
4 2733 2678 2681 2677 
4 2732 2681 2729 2734 
4 2729 2681 2732 2678 
4 2736 2739 2679 2737 
4 2679 1676 2736 2737 
4 2737 2679 2729 2739 
4 2738 2679 2729 1492 
4 2738 2739 2679 2736 
4 2679 1491 2738 2736 
4 1672 2681 2703 2734 
4 2703 2681 2733 2734 
4 2733 2681 2703 2677 
4 2681 2741 1672 2740 
4 2740 2681 2729 1676 
4 1485 2730 1492 1487 
4 1475 1477 1492 2728 
4 1492 2730 1475 2728 
4 1475 2730 1492 1485 
4 1490 1492 1491 2738 
4 1491 2736 1490 2738 
4 1490 2736 1491 1489 
4 1487 2738 1492 1490 
4 1673 2737 1676 1674 
4 1489 1491 1676 2736 
4 1676 2737 1489 2736 
4 1489 2737 1676 1673 
4 1676 2740 1672 1675 
4 1676 2740 1675 1674 
4 2695 2742 2696 2700 
4 2696 2695 2703 2742 
4 2703 2677 2696 2733 
4 2695 2742 2700 2709 
4 2703 2701 2709 2695 
4 2743 2745 2744 2703 
4 2743 2703 2744 2701 
4 2744 2745 1672 2703 
4 2706 2701 2770 1697 
4 2770 2701 2706 2707 
4 2706 2747 2770 2707 
4 2770 2747 1749 2748 
4 2770 1697 1749 2706 
4 1749 2747 2770 2706 
4 2748 2749 2770 2747 
4 2770 2701 2707 2743 
4 2707 2749 2770 2743 
4 2770 2749 2707 2747 
4 1571 2684 1652 1655 
4 2690 2683 2684 2750 
4 2690 2683 2685 2684 
4 2684 2683 2697 2750 
4 1655 1652 2697 2684 
4 2690 1706 1713 1698 
4 2751 2753 2704 2690 
4 2751 2690 2704 1706 
4 2704 2690 2750 2683 
4 2704 2753 2750 2690 
4 1706 2752 1710 1709 
4 1710 2752 1706 1711 
4 2750 2753 2704 2697 
4 2750 2697 2704 2683 
4 2704 2755 2697 2753 
4 2704 2755 2698 2697 
4 2704 1706 1707 2754 
4 2704 2756 2751 2754 
4 2751 2756 2704 2753 
4 2746 2757 2704 1707 
4 2704 2757 2746 2698 
4 1706 2754 1709 1708 
4 1707 2754 1706 1708 
4 1748 1697 1707 2746 
4 1749 2746 1697 1748 
4 2693 2692 1600 1689 
4 1689 1698 2693 1713 
4 2693 1698 1689 1694 
4 2693 2759 1600 1608 
4 2693 2759 1588 1587 
4 2693 2692 1588 1608 
4 1690 2765 2761 1691 
4 2761 1693 1690 1691 
4 2761 1694 1600 1690 
4 1607 2766 2767 2765 
4 2767 2761 1607 2765 
4 1607 2761 2767 1603 
4 2767 2761 1691 1693 
4 2767 2766 1691 2765 
4 1691 2761 2767 2765 
4 2761 2765 1600 1606 
4 2761 2759 1607 1606 
4 1607 2759 2761 1603 
4 2779 2782 2781 2783 
4 2781 2780 2779 2783 
4 2779 2780 2781 2767 
4 2766 2782 2779 2784 
4 2779 2782 2766 2781 
4 2766 2767 2779 2781 
4 2779 2767 1691 1693 
4 2779 2784 1691 2766 
4 1691 2767 2779 2766 
4 1622 2785 2786 2781 
4 2786 2767 1622 2781 
4 1622 2767 2786 2777 
4 2786 2780 2781 2783 
4 2781 2780 2786 2767 
4 2781 2785 2786 2783 
4 1623 2777 2767 1622 
4 2767 2781 1623 1622 
4 2767 2777 1607 1603 
4 2767 2766 1607 1623 
4 2785 2786 2788 1618 
4 2788 2786 2783 2780 
4 2783 2786 2788 2785 
4 1622 1618 2786 2785 
4 2770 2798 2745 2749 
4 2770 2744 2745 2798 
4 2743 2749 2770 2745 
4 2770 2744 2743 2745 
4 2743 2744 2770 2701 
4 2770 1697 1745 1744 
4 1745 1697 2770 1696 
4 1744 2748 2770 1749 
4 2770 2748 1744 2800 
4 1745 2801 2775 2800 
4 2775 2770 1745 2800 
4 1745 2770 2775 1696 
4 2775 2798 2800 2801 
4 2775 2770 2800 2798 
4 2804 2773 2803 2805 
4 2773 1671 1669 2804 
4 1746 1695 2775 1747 
4 2775 2806 1746 1747 
4 1746 2801 2775 1745 
4 2775 1696 1746 1745 
4 1747 2807 2794 2806 
4 2794 2775 1747 2806 
4 1747 2775 2794 1695 
4 2806 2794 2803 2807 
4 2803 2794 2806 2775 
4 1669 2804 1671 1670 
4 2791 2810 2811 2812 
4 2803 2791 2812 2810 
4 2809 2791 2803 1671 
4 2809 2812 2791 2811 
4 2791 1684 2809 2811 
4 2813 2794 2807 2815 
4 2813 2794 2814 2793 
4 2814 2794 2813 2815 
4 2813 2794 1747 2807 
4 1747 2794 2813 1695 
4 2814 2816 2797 2815 
4 2797 2794 2814 2815 
4 2814 2794 2797 2793 
4 2797 2816 2810 2815 
4 2810 2794 2797 2815 
4 2818 2810 2797 2819 
4 2818 2795 2797 2810 
4 2797 2795 2509 2498 
4 2797 2819 2509 2818 
4 2509 2795 2797 2818 
4 2510 2818 2795 2509 
4 2795 2498 2510 2509 
4 2795 1666 1681 2510 
4 2795 1684 2810 2821 
4 2795 2820 1681 2821 
4 2797 2487 2507 2822 
4 2814 2822 2797 2816 
4 2797 2819 2507 2508 
4 2507 2819 2797 2823 
4 2508 2498 2797 2509 
4 2797 2498 2508 2487 
4 1678 2811 1684 1680 
4 1670 1671 1684 2809 
4 1684 2811 1670 2809 
4 1670 2811 1684 1678 
4 1683 2821 1684 1681 
4 1680 2821 1684 1683 
4 2825 2828 2827 2829 
4 2827 2826 2825 2829 
4 2825 2826 2827 2779 
4 2830 2828 2825 2831 
4 2825 2828 2830 2827 
4 2830 2779 2825 2827 
4 2825 2779 1715 1721 
4 2825 2831 1715 2830 
4 1715 2779 2825 2830 
4 1714 2830 2779 1715 
4 2779 2830 1714 2784 
4 2779 1721 1691 1714 
4 1691 1721 2779 1693 
4 2788 2779 2782 2827 
4 2826 2829 2827 2788 
4 2826 2788 2827 2779 
4 2788 2779 2783 2782 
4 2783 2779 2788 2780 
4 1728 2834 2825 1729 
4 2825 2834 1728 2832 
4 2825 1736 1704 1728 
4 1704 1736 2825 1703 
4 2825 1721 1704 1703 
4 2825 2832 1704 1716 
4 1716 1721 2825 1715 
4 2825 2831 1716 1715 
4 1729 2833 2825 2835 
4 2825 1736 1729 2835 
4 2835 2833 2825 2836 
4 2825 2826 2835 2836 
4 2825 2833 2829 2836 
4 2829 2833 2825 2828 
4 2788 2839 2838 2836 
4 1730 1736 1742 2835 
4 1742 2842 1730 2835 
4 1730 2842 1742 1731 
4 1729 2835 1736 1730 
4 2842 2844 2838 2843 
4 2838 2844 2842 2839 
4 2842 2838 2848 1742 
4 2848 2838 2842 2839 
4 2842 2845 2848 2839 
4 2835 1742 2848 1736 
4 2848 1742 2835 2842 
4 2835 2845 2848 2842 
4 2848 2826 2835 1736 
4 2835 2826 2848 2836 
4 2848 2845 2835 2836 
4 2848 2838 2836 2826 
4 2836 2838 2848 2839 
4 2848 2845 2836 2839 
4 2837 1735 1737 1736 
4 2837 1736 1718 1703 
4 2837 2847 1718 1737 
4 2837 1721 1718 1717 
4 1718 1721 2837 1703 
4 1717 2847 2837 1719 
4 2837 1720 1717 1719 
4 2846 2837 1735 2850 
4 1719 2850 2837 2851 
4 2837 1720 1719 2851 
4 2846 2849 2851 2850 
4 2851 2837 2846 2850 
4 2852 2848 2855 2857 
4 2855 2848 2852 1739 
4 2855 2857 2848 1735 
4 1735 2848 2846 2857 
4 2857 2846 2852 2848 
4 2857 2856 2852 2858 
4 2846 2859 2813 2849 
4 2851 2813 2846 1720 
4 2813 1720 1750 1695 
4 1719 2851 1720 1751 
4 2846 2859 2849 2858 
4 2852 2862 2822 2856 
4 2822 2846 2852 2858 
4 2822 2861 2852 2860 
4 1739 2855 1752 1753 
4 1752 1739 1735 2855 
4 2855 2863 2852 2856 
4 2855 1739 2852 2864 
4 2892 2887 1894 2888 
4 2886 2887 2892 2888 
4 1907 2887 2892 2886 
4 1894 2887 2892 1907 
4 2889 2891 2893 2890 
4 2057 2891 2893 2889 
4 2893 2891 2057 2886 
4 2893 2891 2886 2890 
4 2054 2890 2893 2888 
4 2893 2892 2054 2888 
4 2054 2892 2893 2051 
4 2893 2890 2886 2888 
4 2886 2892 2893 2888 
4 2053 2051 2892 2054 
4 2892 2051 2053 1898 
4 2892 2888 1894 2053 
4 2893 2051 2050 2054 
4 2894 2896 1907 2886 
4 2886 2897 2894 2896 
4 2894 2897 2898 2896 
4 1907 2896 2894 2898 
4 2057 2899 2895 2886 
4 2895 2899 2057 2060 
4 2060 2900 2895 2899 
4 2895 2900 2886 2899 
4 1907 2898 2894 1908 
4 2895 2894 2901 2067 
4 2895 2900 2901 2897 
4 2901 2894 2895 2897 
4 2886 2900 2895 2897 
4 2895 2894 2886 2897 
4 2901 2902 2894 2897 
4 2894 1909 1908 2902 
4 2060 2904 2903 2900 
4 2903 2895 2060 2900 
4 2903 2895 2901 2067 
4 2903 2904 2901 2900 
4 2901 2895 2903 2900 
4 2906 2905 2917 2908 
4 2917 2905 2907 2908 
4 1132 2908 2917 2907 
4 2917 2908 1132 2906 
4 2088 2909 2089 2060 
4 2089 2909 2088 2093 
4 2060 2910 2903 2904 
4 2060 2089 2903 2909 
4 2903 2910 2060 2909 
4 2909 2905 2903 2910 
4 2909 2089 2903 2905 
4 2903 2905 2904 2910 
4 2918 2089 2909 2905 
4 2918 2905 2909 2911 
4 2918 2911 2093 2912 
4 2918 2089 2093 2909 
4 2093 2911 2918 2909 
4 2918 2911 2912 2913 
4 2913 2905 2918 2911 
4 1967 1909 1964 2902 
4 1967 2902 1964 1966 
4 1908 2902 1909 1967 
4 2903 2902 2901 2904 
4 2903 2067 2901 2902 
4 2904 2905 2903 2902 
4 2914 2905 2915 2902 
4 1966 1964 2914 2902 
4 1966 2902 2914 2915 
4 1961 1960 2917 1963 
4 2917 1960 1961 1129 
4 2917 2906 1132 1961 
4 2907 2905 2918 2913 
4 2907 2917 2918 2905 
4 2918 2917 1278 1277 
4 2918 2913 1278 2907 
4 1278 2917 2918 2907 
4 1279 2907 2917 1278 
4 2917 1277 1279 1278 
4 2917 1129 1132 1279 
4 2914 2905 2906 2915 
4 2914 2917 2906 2905 
4 1963 2915 2914 2906 
4 2914 2917 1963 2906 
4 1963 2917 2914 1960 
4 2918 2089 1276 2093 
4 1276 2912 2918 2093 
4 2918 2913 1276 1275 
4 1276 2913 2918 2912 
4 1275 1277 2918 1278 
4 2918 1277 1275 1268 
4 1965 1964 2914 1966 
4 2914 1964 1965 1962 
4 2914 1962 1963 1960 
4 2914 2915 1963 1965 
4 2935 2927 2931 2885 
4 2935 2938 2931 2936 
4 2927 2885 2341 2040 
4 2927 2936 2341 2935 
4 2341 2885 2927 2935 
4 2341 2933 2885 2344 
4 2885 2935 2341 2344 
4 2344 2937 2939 2935 
4 2939 2885 2344 2935 
4 2344 2885 2939 2933 
4 2939 2931 2935 2938 
4 2935 2931 2939 2885 
4 2935 2937 2939 2938 
4 2941 2939 2308 2937 
4 2941 2939 2938 2931 
4 2938 2939 2941 2937 
4 2308 2937 2939 2344 
4 2946 2928 2942 2927 
4 2946 2948 2942 2947 
4 2928 2927 2443 2159 
4 2928 2947 2443 2946 
4 2443 2927 2928 2946 
4 2444 2946 2927 2443 
4 2927 2159 2444 2443 
4 2927 2946 2341 2936 
4 2927 2040 2341 2444 
4 2941 2927 2936 2946 
4 2942 2948 2946 2941 
4 2942 2941 2946 2927 
4 2936 2931 2941 2938 
4 2941 2931 2936 2927 
4 2944 2928 2949 2951 
4 2949 2928 2944 2438 
4 2928 2438 2952 2118 
4 2928 2951 2952 2949 
4 2952 2951 2928 2953 
4 2928 2119 2952 2953 
4 2944 2950 2953 2951 
4 2953 2928 2944 2951 
4 2442 2947 2928 2440 
4 2928 2438 2442 2440 
4 2442 2159 2928 2443 
4 2928 2159 2442 2118 
4 2928 2438 2440 2954 
4 2942 2928 2947 2954 
4 2954 2957 2944 2956 
4 2438 2954 2441 2440 
4 2406 2954 2408 2409 
4 2409 2954 2408 2410 
4 2959 2958 2961 2960 
4 2961 2943 2959 2960 
4 2959 2943 2961 2397 
4 2961 2958 2124 2960 
4 2124 2943 2961 2960 
4 2943 2962 2124 2953 
4 2943 2960 2950 2964 
4 2950 2944 2943 2964 
4 2943 2944 2953 2119 
4 2943 2962 2953 2950 
4 2964 2963 2955 2960 
4 2955 2943 2964 2960 
4 2964 2943 2955 2944 
4 2955 2943 2959 2397 
4 2955 2963 2959 2960 
4 2959 2943 2955 2960 
4 2961 2965 2121 2967 
4 2961 2114 2121 2421 
4 2421 2965 2961 2423 
4 2961 2396 2421 2423 
4 2121 2124 2961 2967 
4 2961 2396 2423 2968 
4 2959 2968 2961 2958 
4 2952 2118 2438 2969 
4 2123 2952 2118 2124 
4 2124 2118 2119 2952 
4 2119 2953 2124 2952 
4 2944 2964 2950 2957 
4 2949 2957 2944 2950 
4 2949 2438 2944 2956 
4 2414 2968 2955 2971 
4 2955 2397 2959 2968 
4 2957 2963 2955 2964 
4 2955 2963 2957 2972 
4 2955 2944 2406 2957 
4 2413 2398 2955 2414 
4 2955 2398 2413 2391 
4 2413 2971 2955 2406 
4 2395 2968 2416 2422 
4 2396 2968 2422 2423 
4 2396 2395 2422 2968 
4 2416 2968 2395 2415 
4 2415 2395 2398 2968 
4 2415 2968 2398 2414 
4 2956 2438 2973 2970 
4 2441 2438 2973 2956 
4 2171 2969 2123 2173 
4 2171 2118 2123 2969 
4 2970 2438 2973 2969 
4 2978 2171 2168 2975 
4 2168 2977 2978 2975 
4 2978 2977 2168 2469 
4 2978 2977 2469 2974 
4 2975 2974 2978 2171 
4 2975 2977 2978 2974 
4 2168 2975 2171 2172 
4 2172 2975 2171 2173 
4 2978 2981 2169 2460 
4 2460 2982 2983 2981 
4 2983 2978 2460 2981 
4 2460 2978 2983 2979 
4 2983 2469 2981 2982 
4 2983 2978 2981 2469 
4 2973 2439 2433 2446 
4 2973 2438 2431 2439 
4 2433 2468 2973 2446 
4 2469 2985 2983 2974 
4 2986 2985 2983 2469 
4 2466 2468 2983 2984 
4 2983 2985 2466 2984 
4 2466 2985 2983 2986 
4 2983 2974 2984 2468 
4 2983 2985 2984 2974 
4 2464 2984 2468 2466 
4 2468 2984 2464 2465 
4 2459 2982 2983 2460 
4 2983 2982 2459 2987 
4 2459 2979 2983 2457 
4 2467 2468 2983 2466 
4 2983 2986 2467 2466 
4 2983 2457 2467 2987 
4 2488 2841 1618 2495 
4 2841 2990 2988 2844 
4 1731 1742 2511 2843 
4 2511 2854 2988 2993 
4 2988 2990 2511 2993 
4 2843 2511 2854 1742 
4 2843 2993 2854 2511 
4 2854 2838 2843 1742 
4 2843 2838 2854 2844 
4 2854 2993 2843 2844 
4 2844 2854 2988 2838 
4 2988 2854 2844 2993 
4 2844 2990 2988 2993 
4 2493 2488 2494 2991 
4 2488 2991 2495 2494 
4 3001 2995 2517 2996 
4 2511 2995 3001 2996 
4 2511 2988 3001 2992 
4 3001 2995 2511 2992 
4 3001 2988 2517 2992 
4 2517 2995 3001 2992 
4 2997 2999 2998 3000 
4 2998 2853 2997 3000 
4 2997 2853 2861 3000 
4 2861 2853 2997 2852 
4 2853 2852 2860 2487 
4 2853 3000 2860 2861 
4 2860 3000 2853 2998 
4 2853 2489 2860 2998 
4 2997 2854 3002 3004 
4 3002 2854 2997 2514 
4 2854 2514 2864 1739 
4 2854 3004 2864 3002 
4 2864 3004 2854 2863 
4 2854 2852 2864 2863 
4 2997 3003 2863 3004 
4 2863 2854 2997 3004 
4 2491 3005 2994 2493 
4 2994 2488 2492 2491 
4 2492 2488 2994 2489 
4 2516 2994 2997 3006 
4 2997 2994 3008 3006 
4 3008 2994 2997 2489 
4 2994 3006 2492 3008 
4 2492 3006 2994 3005 
4 3001 2514 2511 2512 
4 2512 3010 3001 3011 
4 3001 2514 2512 3011 
4 2997 3012 3011 3010 
4 3011 3001 2997 3010 
4 2997 3001 2516 3010 
4 2506 2487 2489 2860 
4 2489 2998 2506 2860 
4 2506 2998 2489 2505 
4 2487 2860 2506 2507 
4 2997 3013 2999 3003 
4 2861 3003 2997 2999 
4 2861 2852 2997 2863 
4 2998 3007 2997 3008 
4 2997 3007 2998 2999 
4 2514 3002 2518 2519 
4 2514 1739 2518 2864 
4 2518 3002 2514 2864 
4 1739 2864 1753 2518 
4 3002 3012 2997 3003 
4 3002 2514 2997 3011 
4 2997 3013 3003 3012 
4 2489 3008 2492 2505 
4 2512 3011 2514 2519 

CELL_TYPES 12215
10
10
10
10
10
10
10
10
10
10
10
10
10
10
10
10
10
10
10
10
10
10
10
10
10
10
10
10
10
10
10
10
10
10
10
10
10
10
10
10
10
10
10
10
10
10
10
10
10
10
10
10
10
10
10
10
10
10
10
10
10
10
10
10
10
10
10
10
10
10
10
10
10
10
10
10
10
10
10
10
10
10
10
10
10
10
10
10
10
10
10
10
10
10
10
10
10
10
10
10
10
10
10
10
10
10
10
10
10
10
10
10
10
10
10
10
10
10
10
10
10
10
10
10
10
10
10
10
10
10
10
10
10
10
10
10
10
10
10
10
10
10
10
10
10
10
10
10
10
10
10
10
10
10
10
10
10
10
10
10
10
10
10
10
10
10
10
10
10
10
10
10
10
10
10
10
10
10
10
10
10
10
10
10
10
10
10
10
10
10
10
10
10
10
10
10
10
10
10
10
10
10
10
10
10
10
10
10
10
10
10
10
10
10
10
10
10
10
10
10
10
10
10
10
10
10
10
10
10
10
10
10
10
10
10
10
10
10
10
10
10
10
10
10
10
10
10
10
10
10
10
10
10
10
10
10
10
10
10
10
10
10
10
10
10
10
10
10
10
10
10
10
10
10
10
10
10
10
10
10
10
10
10
10
10
10
10
10
10
10
10
10
10
10
10
10
10
10
10
10
10
10
10
10
10
10
10
10
10
10
10
10
10
10
10
10
10
10
10
10
10
10
10
10
10
10
10
10
10
10
10
10
10
10
10
10
10
10
10
10
10
10
10
10
10
10
10
10
10
10
10
10
10
10
10
10
10
10
10
10
10
10
10
10
10
10
10
10
10
10
10
10
10
10
10
10
10
10
10
10
10
10
10
10
10
10
10
10
10
10
10
10
10
10
10
10
10
10
10
10
10
10
10
10
10
10
10
10
10
10
10
10
10
10
10
10
10
10
10
10
10
10
10
10
10
10
10
10
10
10
10
10
10
10
10
10
10
10
10
10
10
10
10
10
10
10
10
10
10
10
10
10
10
10
10
10
10
10
10
10
10
10
10
10
10
10
10
10
10
10
10
10
10
10
10
10
10
10
10
10
10
10
10
10
10
10
10
10
10
10
10
10
10
10
10
10
10
10
10
10
10
10
10
10
10
10
10
10
10
10
10
10
10
10
10
10
10
10
10
10
10
10
10
10
10
10
10
10
10
10
10
10
10
10
10
10
10
10
10
10
10
10
10
10
10
10
10
10
10
10
10
10
10
10
10
10
10
10
10
10
10
10
10
10
10
10
10
10
10
10
10
10
10
10
10
10
10
10
10
10
10
10
10
10
10
10
10
10
10
10
10
10
10
10
10
10
10
10
10
10
10
10
10
10
10
10
10
10
10
10
10
10
10
10
10
10
10
10
10
10
10
10
10
10
10
10
10
10
10
10
10
10
10
10
10
10
10
10
10
10
10
10
10
10
10
10
10
10
10
10
10
10
10
10
10
10
10
10
10
10
10
10
10
10
10
10
10
10
10
10
10
10
10
10
10
10
10
10
10
10
10
10
10
10
10
10
10
10
10
10
10
10
10
10
10
10
10
10
10
10
10
10
10
10
10
10
10
10
10
10
10
10
10
10
10
10
10
10
10
10
10
10
10
10
10
10
10
10
10
10
10
10
10
10
10
10
10
10
10
10
10
10
10
10
10
10
10
10
10
10
10
10
10
10
10
10
10
10
10
10
10
10
10
10
10
10
10
10
10
10
10
10
10
10
10
10
10
10
10
10
10
10
10
10
10
10
10
10
10
10
10
10
10
10
10
10
10
10
10
10
10
10
10
10
10
10
10
10
10
10
10
10
10
10
10
10
10
10
10
10
10
10
10
10
10
10
10
10
10
10
10
10
10
10
10
10
10
10
10
10
10
10
10
10
10
10
10
10
10
10
10
10
10
10
10
10
10
10
10
10
10
10
10
10
10
10
10
10
10
10
10
10
10
10
10
10
10
10
10
10
10
10
10
10
10
10
10
10
10
10
10
10
10
10
10
10
10
10
10
10
10
10
10
10
10
10
10
10
10
10
10
10
10
10
10
10
10
10
10
10
10
10
10
10
10
10
10
10
10
10
10
10
10
10
10
10
10
10
10
10
10
10
10
10
10
10
10
10
10
10
10
10
10
10
10
10
10
10
10
10
10
10
10
10
10
10
10
10
10
10
10
10
10
10
10
10
10
10
10
10
10
10
10
10
10
10
10
10
10
10
10
10
10
10
10
10
10
10
10
10
10
10
10
10
10
10
10
10
10
10
10
10
10
10
10
10
10
10
10
10
10
10
10
10
10
10
10
10
10
10
10
10
10
10
10
10
10
10
10
10
10
10
10
10
10
10
10
10
10
10
10
10
10
10
10
10
10
10
10
10
10
10
10
10
10
10
10
10
10
10
10
10
10
10
10
10
10
10
10
10
10
10
10
10
10
10
10
10
10
10
10
10
10
10
10
10
10
10
10
10
10
10
10
10
10
10
10
10
10
10
10
10
10
10
10
10
10
10
10
10
10
10
10
10
10
10
10
10
10
10
10
10
10
10
10
10
10
10
10
10
10
10
10
10
10
10
10
10
10
10
10
10
10
10
10
10
10
10
10
10
10
10
10
10
10
10
10
10
10
10
10
10
10
10
10
10
10
10
10
10
10
10
10
10
10
10
10
10
10
10
10
10
10
10
10
10
10
10
10
10
10
10
10
10
10
10
10
10
10
10
10
10
10
10
10
10
10
10
10
10
10
10
10
10
10
10
10
10
10
10
10
10
10
10
10
10
10
10
10
10
10
10
10
10
10
10
10
10
10
10
10
10
10
10
10
10
10
10
10
10
10
10
10
10
10
10
10
10
10
10
10
10
10
10
10
10
10
10
10
10
10
10
10
10
10
10
10
10
10
10
10
10
10
10
10
10
10
10
10
10
10
10
10
10
10
10
10
10
10
10
10
10
10
10
10
10
10
10
10
10
10
10
10
10
10
10
10
10
10
10
10
10
10
10
10
10
10
10
10
10
10
10
10
10
10
10
10
10
10
10
10
10
10
10
10
10
10
10
10
10
10
10
10
10
10
10
10
10
10
10
10
10
10
10
10
10
10
10
10
10
10
10
10
10
10
10
10
10
10
10
10
10
10
10
10
10
10
10
10
10
10
10
10
10
10
10
10
10
10
10
10
10
10
10
10
10
10
10
10
10
10
10
10
10
10
10
10
10
10
10
10
10
10
10
10
10
10
10
10
10
10
10
10
10
10
10
10
10
10
10
10
10
10
10
10
10
10
10
10
10
10
10
10
10
10
10
10
10
10
10
10
10
10
10
10
10
10
10
10
10
10
10
10
10
10
10
10
10
10
10
10
10
10
10
10
10
10
10
10
10
10
10
10
10
10
10
10
10
10
10
10
10
10
10
10
10
10
10
10
10
10
10
10
10
10
10
10
10
10
10
10
10
10
10
10
10
10
10
10
10
10
10
10
10
10
10
10
10
10
10
10
10
10
10
10
10
10
10
10
10
10
10
10
10
10
10
10
10
10
10
10
10
10
10
10
10
10
10
10
10
10
10
10
10
10
10
10
10
10
10
10
10
10
10
10
10
10
10
10
10
10
10
10
10
10
10
10
10
10
10
10
10
10
10
10
10
10
10
10
10
10
10
10
10
10
10
10
10
10
10
10
10
10
10
10
10
10
10
10
10
10
10
10
10
10
10
10
10
10
10
10
10
10
10
10
10
10
10
10
10
10
10
10
10
10
10
10
10
10
10
10
10
10
10
10
10
10
10
10
10
10
10
10
10
10
10
10
10
10
10
10
10
10
10
10
10
10
10
10
10
10
10
10
10
10
10
10
10
10
10
10
10
10
10
10
10
10
10
10
10
10
10
10
10
10
10
10
10
10
10
10
10
10
10
10
10
10
10
10
10
10
10
10
10
10
10
10
10
10
10
10
10
10
10
10
10
10
10
10
10
10
10
10
10
10
10
10
10
10
10
10
10
10
10
10
10
10
10
10
10
10
10
10
10
10
10
10
10
10
10
10
10
10
10
10
10
10
10
10
10
10
10
10
10
10
10
10
10
10
10
10
10
10
10
10
10
10
10
10
10
10
10
10
10
10
10
10
10
10
10
10
10
10
10
10
10
10
10
10
10
10
10
10
10
10
10
10
10
10
10
10
10
10
10
10
10
10
10
10
10
10
10
10
10
10
10
10
10
10
10
10
10
10
10
10
10
10
10
10
10
10
10
10
10
10
10
10
10
10
10
10
10
10
10
10
10
10
10
10
10
10
10
10
10
10
10
10
10
10
10
10
10
10
10
10
10
10
10
10
10
10
10
10
10
10
10
10
10
10
10
10
10
10
10
10
10
10
10
10
10
10
10
10
10
10
10
10
10
10
10
10
10
10
10
10
10
10
10
10
10
10
10
10
10
10
10
10
10
10
10
10
10
10
10
10
10
10
10
10
10
10
10
10
10
10
10
10
10
10
10
10
10
10
10
10
10
10
10
10
10
10
10
10
10
10
10
10
10
10
10
10
10
10
10
10
10
10
10
10
10
10
10
10
10
10
10
10
10
10
10
10
10
10
10
10
10
10
10
10
10
10
10
10
10
10
10
10
10
10
10
10
10
10
10
10
10
10
10
10
10
10
10
10
10
10
10
10
10
10
10
10
10
10
10
10
10
10
10
10
10
10
10
10
10
10
10
10
10
10
10
10
10
10
10
10
10
10
10
10
10
10
10
10
10
10
10
10
10
10
10
10
10
10
10
10
10
10
10
10
10
10
10
10
10
10
10
10
10
10
10
10
10
10
10
10
10
10
10
10
10
10
10
10
10
10
10
10
10
10
10
10
10
10
10
10
10
10
10
10
10
10
10
10
10
10
10
10
10
10
10
10
10
10
10
10
10
10
10
10
10
10
10
10
10
10
10
10
10
10
10
10
10
10
10
10
10
10
10
10
10
10
10
10
10
10
10
10
10
10
10
10
10
10
10
10
10
10
10
10
10
10
10
10
10
10
10
10
10
10
10
10
10
10
10
10
10
10
10
10
10
10
10
10
10
10
10
10
10
10
10
10
10
10
10
10
10
10
10
10
10
10
10
10
10
10
10
10
10
10
10
10
10
10
10
10
10
10
10
10
10
10
10
10
10
10
10
10
10
10
10
10
10
10
10
10
10
10
10
10
10
10
10
10
10
10
10
10
10
10
10
10
10
10
10
10
10
10
10
10
10
10
10
10
10
10
10
10
10
10
10
10
10
10
10
10
10
10
10
10
10
10
10
10
10
10
10
10
10
10
10
10
10
10
10
10
10
10
10
10
10
10
10
10
10
10
10
10
10
10
10
10
10
10
10
10
10
10
10
10
10
10
10
10
10
10
10
10
10
10
10
10
10
10
10
10
10
10
10
10
10
10
10
10
10
10
10
10
10
10
10
10
10
10
10
10
10
10
10
10
10
10
10
10
10
10
10
10
10
10
10
10
10
10
10
10
10
10
10
10
10
10
10
10
10
10
10
10
10
10
10
10
10
10
10
10
10
10
10
10
10
10
10
10
10
10
10
10
10
10
10
10
10
10
10
10
10
10
10
10
10
10
10
10
10
10
10
10
10
10
10
10
10
10
10
10
10
10
10
10
10
10
10
10
10
10
10
10
10
10
10
10
10
10
10
10
10
10
10
10
10
10
10
10
10
10
10
10
10
10
10
10
10
10
10
10
10
10
10
10
10
10
10
10
10
10
10
10
10
10
10
10
10
10
10
10
10
10
10
10
10
10
10
10
10
10
10
10
10
10
10
10
10
10
10
10
10
10
10
10
10
10
10
10
10
10
10
10
10
10
10
10
10
10
10
10
10
10
10
10
10
10
10
10
10
10
10
10
10
10
10
10
10
10
10
10
10
10
10
10
10
10
10
10
10
10
10
10
10
10
10
10
10
10
10
10
10
10
10
10
10
10
10
10
10
10
10
10
10
10
10
10
10
10
10
10
10
10
10
10
10
10
10
10
10
10
10
10
10
10
10
10
10
10
10
10
10
10
10
10
10
10
10
10
10
10
10
10
10
10
10
10
10
10
10
10
10
10
10
10
10
10
10
10
10
10
10
10
10
10
10
10
10
10
10
10
10
10
10
10
10
10
10
10
10
10
10
10
10
10
10
10
10
10
10
10
10
10
10
10
10
10
10
10
10
10
10
10
10
10
10
10
10
10
10
10
10
10
10
10
10
10
10
10
10
10
10
10
10
10
10
10
10
10
10
10
10
10
10
10
10
10
10
10
10
10
10
10
10
10
10
10
10
10
10
10
10
10
10
10
10
10
10
10
10
10
10
10
10
10
10
10
10
10
10
10
10
10
10
10
10
10
10
10
10
10
10
10
10
10
10
10
10
10
10
10
10
10
10
10
10
10
10
10
10
10
10
10
10
10
10
10
10
10
10
10
10
10
10
10
10
10
10
10
10
10
10
10
10
10
10
10
10
10
10
10
10
10
10
10
10
10
10
10
10
10
10
10
10
10
10
10
10
10
10
10
10
10
10
10
10
10
10
10
10
10
10
10
10
10
10
10
10
10
10
10
10
10
10
10
10
10
10
10
10
10
10
10
10
10
10
10
10
10
10
10
10
10
10
10
10
10
10
10
10
10
10
10
10
10
10
10
10
10
10
10
10
10
10
10
10
10
10
10
10
10
10
10
10
10
10
10
10
10
10
10
10
10
10
10
10
10
10
10
10
10
10
10
10
10
10
10
10
10
10
10
10
10
10
10
10
10
10
10
10
10
10
10
10
10
10
10
10
10
10
10
10
10
10
10
10
10
10
10
10
10
10
10
10
10
10
10
10
10
10
10
10
10
10
10
10
10
10
10
10
10
10
10
10
10
10
10
10
10
10
10
10
10
10
10
10
10
10
10
10
10
10
10
10
10
10
10
10
10
10
10
10
10
10
10
10
10
10
10
10
10
10
10
10
10
10
10
10
10
10
10
10
10
10
10
10
10
10
10
10
10
10
10
10
10
10
10
10
10
10
10
10
10
10
10
10
10
10
10
10
10
10
10
10
10
10
10
10
10
10
10
10
10
10
10
10
10
10
10
10
10
10
10
10
10
10
10
10
10
10
10
10
10
10
10
10
10
10
10
10
10
10
10
10
10
10
10
10
10
10
10
10
10
10
10
10
10
10
10
10
10
10
10
10
10
10
10
10
10
10
10
10
10
10
10
10
10
10
10
10
10
10
10
10
10
10
10
10
10
10
10
10
10
10
10
10
10
10
10
10
10
10
10
10
10
10
10
10
10
10
10
10
10
10
10
10
10
10
10
10
10
10
10
10
10
10
10
10
10
10
10
10
10
10
10
10
10
10
10
10
10
10
10
10
10
10
10
10
10
10
10
10
10
10
10
10
10
10
10
10
10
10
10
10
10
10
10
10
10
10
10
10
10
10
10
10
10
10
10
10
10
10
10
10
10
10
10
10
10
10
10
10
10
10
10
10
10
10
10
10
10
10
10
10
10
10
10
10
10
10
10
10
10
10
10
10
10
10
10
10
10
10
10
10
10
10
10
10
10
10
10
10
10
10
10
10
10
10
10
10
10
10
10
10
10
10
10
10
10
10
10
10
10
10
10
10
10
10
10
10
10
10
10
10
10
10
10
10
10
10
10
10
10
10
10
10
10
10
10
10
10
10
10
10
10
10
10
10
10
10
10
10
10
10
10
10
10
10
10
10
10
10
10
10
10
10
10
10
10
10
10
10
10
10
10
10
10
10
10
10
10
10
10
10
10
10
10
10
10
10
10
10
10
10
10
10
10
10
10
10
10
10
10
10
10
10
10
10
10
10
10
10
10
10
10
10
10
10
10
10
10
10
10
10
10
10
10
10
10
10
10
10
10
10
10
10
10
10
10
10
10
10
10
10
10
10
10
10
10
10
10
10
10
10
10
10
10
10
10
10
10
10
10
10
10
10
10
10
10
10
10
10
10
10
10
10
10
10
10
10
10
10
10
10
10
10
10
10
10
10
10
10
10
10
10
10
10
10
10
10
10
10
10
10
10
10
10
10
10
10
10
10
10
10
10
10
10
10
10
10
10
10
10
10
10
10
10
10
10
10
10
10
10
10
10
10
10
10
10
10
10
10
10
10
10
10
10
10
10
10
10
10
10
10
10
10
10
10
10
10
10
10
10
10
10
10
10
10
10
10
10
10
10
10
10
10
10
10
10
10
10
10
10
10
10
10
10
10
10
10
10
10
10
10
10
10
10
10
10
10
10
10
10
10
10
10
10
10
10
10
10
10
10
10
10
10
10
10
10
10
10
10
10
10
10
10
10
10
10
10
10
10
10
10
10
10
10
10
10
10
10
10
10
10
10
10
10
10
10
10
10
10
10
10
10
10
10
10
10
10
10
10
10
10
10
10
10
10
10
10
10
10
10
10
10
10
10
10
10
10
10
10
10
10
10
10
10
10
10
10
10
10
10
10
10
10
10
10
10
10
10
10
10
10
10
10
10
10
10
10
10
10
10
10
10
10
10
10
10
10
10
10
10
10
10
10
10
10
10
10
10
10
10
10
10
10
10
10
10
10
10
10
10
10
10
10
10
10
10
10
10
10
10
10
10
10
10
10
10
10
10
10
10
10
10
10
10
10
10
10
10
10
10
10
10
10
10
10
10
10
10
10
10
10
10
10
10
10
10
10
10
10
10
10
10
10
10
10
10
10
10
10
10
10
10
10
10
10
10
10
10
10
10
10
10
10
10
10
10
10
10
10
10
10
10
10
10
10
10
10
10
10
10
10
10
10
10
10
10
10
10
10
10
10
10
10
10
10
10
10
10
10
10
10
10
10
10
10
10
10
10
10
10
10
10
10
10
10
10
10
10
10
10
10
10
10
10
10
10
10
10
10
10
10
10
10
10
10
10
10
10
10
10
10
10
10
10
10
10
10
10
10
10
10
10
10
10
10
10
10
10
10
10
10
10
10
10
10
10
10
10
10
10
10
10
10
10
10
10
10
10
10
10
10
10
10
10
10
10
10
10
10
10
10
10
10
10
10
10
10
10
10
10
10
10
10
10
10
10
10
10
10
10
10
10
10
10
10
10
10
10
10
10
10
10
10
10
10
10
10
10
10
10
10
10
10
10
10
10
10
10
10
10
10
10
10
10
10
10
10
10
10
10
10
10
10
10
10
10
10
10
10
10
10
10
10
10
10
10
10
10
10
10
10
10
10
10
10
10
10
10
10
10
10
10
10
10
10
10
10
10
10
10
10
10
10
10
10
10
10
10
10
10
10
10
10
10
10
10
10
10
10
10
10
10
10
10
10
10
10
10
10
10
10
10
10
10
10
10
10
10
10
10
10
10
10
10
10
10
10
10
10
10
10
10
10
10
10
10
10
10
10
10
10
10
10
10
10
10
10
10
10
10
10
10
10
10
10
10
10
10
10
10
10
10
10
10
10
10
10
10
10
10
10
10
10
10
10
10
10
10
10
10
10
10
10
10
10
10
10
10
10
10
10
10
10
10
10
10
10
10
10
10
10
10
10
10
10
10
10
10
10
10
10
10
10
10
10
10
10
10
10
10
10
10
10
10
10
10
10
10
10
10
10
10
10
10
10
10
10
10
10
10
10
10
10
10
10
10
10
10
10
10
10
10
10
10
10
10
10
10
10
10
10
10
10
10
10
10
10
10
10
10
10
10
10
10
10
10
10
10
10
10
10
10
10
10
10
10
10
10
10
10
10
10
10
10
10
10
10
10
10
10
10
10
10
10
10
10
10
10
10
10
10
10
10
10
10
10
10
10
10
10
10
10
10
10
10
10
10
10
10
10
10
10
10
10
10
10
10
10
10
10
10
10
10
10
10
10
10
10
10
10
10
10
10
10
10
10
10
10
10
10
10
10
10
10
10
10
10
10
10
10
10
10
10
10
10
10
10
10
10
10
10
10
10
10
10
10
10
10
10
10
10
10
10
10
10
10
10
10
10
10
10
10
10
10
10
10
10
10
10
10
10
10
10
10
10
10
10
10
10
10
10
10
10
10
10
10
10
10
10
10
10
10
10
10
10
10
10
10
10
10
10
10
10
10
10
10
10
10
10
10
10
10
10
10
10
10
10
10
10
10
10
10
10
10
10
10
10
10
10
10
10
10
10
10
10
10
10
10
10
10
10
10
10
10
10
10
10
10
10
10
10
10
10
10
10
10
10
10
10
10
10
10
10
10
10
10
10
10
10
10
10
10
10
10
10
10
10
10
10
10
10
10
10
10
10
10
10
10
10
10
10
10
10
10
10
10
10
10
10
10
10
10
10
10
10
10
10
10
10
10
10
10
10
10
10
10
10
10
10
10
10
10
10
10
10
10
10
10
10
10
10
10
10
10
10
10
10
10
10
10
10
10
10
10
10
10
10
10
10
10
10
10
10
10
10
10
10
10
10
10
10
10
10
10
10
10
10
10
10
10
10
10
10
10
10
10
10
10
10
10
10
10
10
10
10
10
10
10
10
10
10
10
10
10
10
10
10
10
10
10
10
10
10
10
10
10
10
10
10
10
10
10
10
10
10
10
10
10
10
10
10
10
10
10
10
10
10
10
10
10
10
10
10
10
10
10
10
10
10
10
10
10
10
10
10
10
10
10
10
10
10
10
10
10
10
10
10
10
10
10
10
10
10
10
10
10
10
10
10
10
10
10
10
10
10
10
10
10
10
10
10
10
10
10
10
10
10
10
10
10
10
10
10
10
10
10
10
10
10
10
10
10
10
10
10
10
10
10
10
10
10
10
10
10
10
10
10
10
10
10
10
10
10
10
10
10
10
10
10
10
10
10
10
10
10
10
10
10
10
10
10
10
10
10
10
10
10
10
10
10
10
10
10
10
10
10
10
10
10
10
10
10
10
10
10
10
10
10
10
10
10
10
10
10
10
10
10
10
10
10
10
10
10
10
10
10
10
10
10
10
10
10
10
10
10
10
10
10
10
10
10
10
10
10
10
10
10
10
10
10
10
10
10
10
10
10
10
10
10
10
10
10
10
10
10
10
10
10
10
10
10
10
10
10
10
10
10
10
10
10
10
10
10
10
10
10
10
10
10
10
10
10
10
10
10
10
10
10
10
10
10
10
10
10
10
10
10
10
10
10
10
10
10
10
10
10
10
10
10
10
10
10
10
10
10
10
10
10
10
10
10
10
10
10
10
10
10
10
10
10
10
10
10
10
10
10
10
10
10
10
10
10
10
10
10
10
10
10
10
10
10
10
10
10
10
10
10
10
10
10
10
10
10
10
10
10
10
10
10
10
10
10
10
10
10
10
10
10
10
10
10
10
10
10
10
10
10
10
10
10
10
10
10
10
10
10
10
10
10
10
10
10
10
10
10
10
10
10
10
10
10
10
10
10
10
10
10
10
10
10
10
10
10
10
10
10
10
10
10
10
10
10
10
10
10
10
10
10
10
10
10
10
10
10
10
10
10
10
10
10
10
10
10
10
10
10
10
10
10
10
10
10
10
10
10
10
10
10
10
10
10
10
10
10
10
10
10
10
10
10
10
10
10
10
10
10
10
10
10
10
10
10
10
10
10
10
10
10
10
10
10
10
10
10
10
10
10
10
10
10
10
10
10
10
10
10
10
10
10
10
10
10
10
10
10
10
10
10
10
10
10
10
10
10
10
10
10
10
10
10
10
10
10
10
10
10
10
10
10
10
10
10
10
10
10
10
10
10
10
10
10
10
10
10
10
10
10
10
10
10
10
10
10
10
10
10
10
10
10
10
10
10
10
10
10
10
10
10
10
10
10
10
10
10
10
10
10
10
10
10
10
10
10
10
10
10
10
10
10
10
10
10
10
10
10
10
10
10
10
10
10
10
10
10
10
10
10
10
10
10
10
10
10
10
10
10
10
10
10
10
10
10
10
10
10
10
10
10
10
10
10
10
10
10
10
10
10
10
10
10
10
10
10
10
10
10
10
10
10
10
10
10
10
10
10
10
10
10
10
10
10
10
10
10
10
10
10
10
10
10
10
10
10
10
10
10
10
10
10
10
10
10
10
10
10
10
10
10
10
10
10
10
10
10
10
10
10
10
10
10
10
10
10
10
10
10
10
10
10
10
10
10
10
10
10
10
10
10
10
10
10
10
10
10
10
10
10
10
10
10
10
10
10
10
10
10
10
10
10
10
10
10
10
10
10
10
10
10
10
10
10
10
10
10
10
10
10
10
10
10
10
10
10
10
10
10
10
10
10
10
10
10
10
10
10
10
10
10
10
10
10
10
10
10
10
10
10
10
10
10
10
10
10
10
10
10
10
10
10
10
10
10
10
10
10
10
10
10
10
10
10
10
10
10
10
10
10
10
10
10
10
10
10
10
10
10
10
10
10
10
10
10
10
10
10
10
10
10
10
10
10
10
10
10
10
10
10
10
10
10
10
10
10
10
10
10
10
10
10
10
10
10
10
10
10
10
10
10
10
10
10
10
10
10
10
10
10
10
10
10
10
10
10
10
10
10
10
10
10
10
10
10
10
10
10
10
10
10
10
10
10
10
10
10
10
10
10
10
10
10
10
10
10
10
10
10
10
10
10
10
10
10
10
10
10
10
10
10
10
10
10
10
10
10
10
10
10
10
10
10
10
10
10
10
10
10
10
10
10
10
10
10
10
10
10
10
10
10
10
10
10
10
10
10
10
10
10
10
10
10
10
10
10
10
10
10
10
10
10
10
10
10
10
10
10
10
10
10
10
10
10
10
10
10
10
10
10
10
10
10
10
10
10
10
10
10
10
10
10
10
10
10
10
10
10
10
10
10
10
10
10
10
10
10
10
10
10
10
10
10
10
10
10
10
10
10
10
10
10
10
10
10
10
10
10
10
10
10
10
10
10
10
10
10
10
10
10
10
10
10
10
10
10
10
10
10
10
10
10
10
10
10
10
10
10
10
10
10
10
10
10
10
10
10
10
10
10
10
10
10
10
10
10
10
10
10
10
10
10
10
10
10
10
10
10
10
10
10
10
10
10
10
10
10
10
10
10
10
10
10
10
10
10
10
10
10
10
10
10
10
10
10
10
10
10
10
10
10
10
10
10
10
10
10
10
10
10
10
10
10
10
10
10
10
10
10
10
10
10
10
10
10
10
10
10
10
10
10
10
10
10
10
10
10
10
10
10
10
10
10
10
10
10
10
10
10
10
10
10
10
10
10
10
10
10
10
10
10
10
10
10
10
10
10
10
10
10
10
10
10
10
10
10
10
10
10
10
10
10
10
10
10
10
10
10
10
10
10
10
10
10
10
10
10
10
10
10
10
10
10
10
10
10
10
10
10
10
10
10
10
10
10
10
10
10
10
10
10
10
10
10
10
10
10
10
10
10
10
10
10
10
10
10
10
10
10
10
10
10
10
10
10
10
10
10
10
10
10
10
10
10
10
10
10
10
10
10
10
10
10
10
10
10
10
10
10
10
10
10
10
10
10
10
10
10
10
10
10
10
10
10
10
10
10
10
10
10
10
10
10
10
10
10
10
10
10
10
10
10
10
10
10
10
10
10
10
10
10
10
10
10
10
10
10
10
10
10
10
10
10
10
10
10
10
10
10
10
10
10
10
10
10
10
10
10
10
10
10
10
10
10
10
10
10
10
10
10
10
10
10
10
10
10
10
10
10
10
10
10
10
10
10
10
10
10
10
10
10
10
10
10
10
10
10
10
10
10
10
10
10
10
10
10
10
10
10
10
10
10
10
10
10
10
10
10
10
10
10
10
10
10
10
10
10
10
10
10
10
10
10
10
10
10
10
10
10
10
10
10
10
10
10
10
10
10
10
10
10
10
10
10
10
10
10
10
10
10
10
10
10
10
10
10
10
10
10
10
10
10
10
10
10
10
10
10
10
10
10
10
10
10
10
10
10
10
10
10
10
10
10
10
10
10
10
10
10
10
10
10
10
10
10
10
10
10
10
10
10
10
10
10
10
10
10
10
10
10
10
10
10
10
10
10
10
10
10
10
10
10
10
10
10
10
10
10
10
10
10
10
10
10
10
10
10
10
10
10
10
10
10
10
10
10
10
10
10
10
10
10
10
10
10
10
10
10
10
10
10
10
10
10
10
10
10
10
10
10
10
10
10
10
10
10
10
10
10
10
10
10
10
10
10
10
10
10
10
10
10
10
10
10
10
10
10
10
10
10
10
10
10
10
10
10
10
10
10
10
10
10
10
10
10
10
10
10
10
10
10
10
10
10
10
10
10
10
10
10
10
10
10
10
10
10
10
10
10
10
10
10
10
10
10
10
10
10
10
10
10
10
10
10
10
10
10
10
10
10
10
10
10
10
10
10
10
10
10
10
10
10
10
10
10
10
10
10
10
10
10
10
10
10
10
10
10
10
10
10
10
10
10
10
10
10
10
10
10
10
10
10
10
10
10
10
10
10
10
10
10
10
10
10
10
10
10
10
10
10
10
10
10
10
10
10
10
10
10
10
10
10
10
10
10
10
10
10
10
10
10
10
10
10
10
10
10
10
10
10
10
10
10
10
10
10
10
10
10
10
10
10
10
10
10
10
10
10
10
10
10
10
10
10
10
10
10
10
10
10
10
10
10
10
10
10
10
10
10
10
10
10
10
10
10
10
10
10
10
10
10
10
10
10
10
10
10
10
10
10
10
10
10
10
10
10
10
10
10
10
10
10
10
10
10
10
10
10
10
10
10
10
10
10
10
10
10
10
10
10
10
10
10
10
10
10
10
10
10
10
10
10
10
10
10
10
10
10
10
10
10
10
10
10
10
10
10
10
10
10
10
10
10
10
10
10
10
10
10
10
10
10
10
10
10
10
10
10
10
10
10
10
10
10
10
10
10
10
10
10
10
10
10
10
10
10
10
10
10
10
10
10
10
10
10
10
10
10
10
10
10
10
10
10
10
10
10
10
10
10
10
10
10
10
10
10
10
10
10
10
10
10
10
10
10
10
10
10
10
10
10
10
10
10
10
10
10
10
10
10
10
10
10
10
10
10
10
10
10
10
10
10
10
10
10
10
10
10
10
10
10
10
10
10
10
10
10
10
10
10
10
10
10
10
10
10
10
10
10
10
10
10
10
10
10
10
10
10
10
10
10
10
10
10
10
10
10
10
10
10
10
10
10
10
10
10
10
10
10
10
10
10
10
10
10
10
10
10
10
10
10
10
10
10
10
10
10
10
10
10
10
10
10
10
10
10
10
10
10
10
10
10
10
10
10
10
10
10
10
10
10
10
10
10
10
10
10
10
10
10
10
10
10
10
10
10
10
10
10
10
10
10
10
10
10
10
10
10
10
10
10
10
10
10
10
10
10
10
10
10
10
10
10
10
10
10
10
10
10
10
10
10
10
10
10
10
10
10
10
10
10
10
10
10
10
10
10
10
10
10
10
10
10
10
10
10
10
10
10
10
10
10
10
10
10
10
10
10
10
10
10
10
10
10
10
10
10
10
10
10
10
10
10
10
10
10
10
10
10
10
10
10
10
10
10
10
10
10
10
10
10
10
10
10
10
10
10
10
10
10
10
10
10
10
10
10
10
10
10
10
10
10
10
10
10
10
10
10
10
10
10
10
10
10
10
10
10
10
10
10
10
10
10
10
10
10
10
10
10
10
10
10
10
10
10
10
10
10
10
10
10
10
10
10
10
10
10
10
10
10
10
10
10
10
10
10
10
10
10
10
10
10
10
10
10
10
10
10
10
10
10
10
10
10
10
10
10
10
10
10
10
10
10
10
10
10
10
10
10
10
10
10
10
10
10
10
10
10
10
10
10
10
10
10
10
10
10
10
10
10
10
10
10
10
10
10
10
10
10
10
10
10
10
10
10
10
10
10
10
10
10
10
10
10
10
10
10
10
10
10
10
10
10
10
10
10
10
10
10
10
10
10
10
10
10
10
10
10
10
10
10
10
10
10
10
10
10
10
10
10
10
10
10
10
10
10
10
10
10
10
10
10
10
10
10
10
10
10
10
10
10
10
10
10
10
10
10
10
10
10
10
10
10
10
10
10
10
10
10
10
10
10
10
10
10
10
10
10
10
10
10
10
10
10
10
10
10
10
10
10
10
10
10
10
10
10
10
10
10
10
10
10
10
10
10
10
10
10
10
10
10
10
10
10
10
10
10
10
10
10
10
10
10
10
10
10
10
10
10
10
10
10
10
10
10
10
10
10
10
10
10
10
10
10
10
10
10
10
10
10
10
10
10
10
10
10
10
10
10
10
10
10
10
10
10
10
10
10
10
10
10
10
10
10
10
10
10
10
10
10
10
10
10
10
10
10
10
10
10
10
10
10
10
10
10
10
10
10
10
10
10
10
10
10
10
10
10
10
10
10
10
10
10
10
10
10
10
10
10
10
10
10
10
10
10
10
10
10
10
10
10
10
10
10
10
10
10
10
10
10
10
10
10
10
10
10
10
10
10
10
10
10
10
10
10
10
10
10
10
10
10
10
10
10
10
10
10
10
10
10
10
10
10
10
10
10
10
10
10
10
10
10
10
10
10
10
10
10
10
10
10
10
10
10
10
10
10
10
10
10
10
10
10
10
10
10
10
10
10
10
10
10
10
10
10
10
10
10
10
10
10
10
10
10
10
10
10
10
10
10
10
10
10
10
10
10
10
10
10
10
10
10
10
10
10
10
10
10
10
10
10
10
10
10
10
10
10
10
10
10
10
10
10
10
10
10
10
10
10
10
10
10
10
10
10
10
10
10
10
10
10
10
10
10
10
10
10
10
10
10
10
10
10
10
10
10
10
10
10
10
10
10
10
10
10
10
10
10
10
10
10
10
10
10
10
10
10
10
10
10
10
10
10
10
10
10
10
10
10
10
10
10
10
10
10
10
10
10
10
10
10
10
10
10
10
10
10
10
10
10
10
10
10
10
10
10
10
10
10
10
10
10
10
10
10
10
10
10
10
10
10
10
10
10
10
10
10
10
10
10
10
10
10
10
10
10
10
10
10
10
10
10
10
10
10
10
10
10
10
10
10
10
10
10
10
10
10
10
10
10
10
10
10
10
10
10
10
10
10
10
10
10
10
10
10
10
10
10
10
10
10
10
10
10
10
10
10
10
10
10
10
10
10
10
10
10
10
10
10
10
10
10
10
10
10
10
10
10
10
10
10
10
10
10
10
10
10
10
10
10
10
10
10
10
10
10
10
10
10
10
10
10
10
10
10
10
10
10
10
10
10
10
10
10
10
10
10
10
10
10
10
10
10
10
10
10
10
10
10
10
10
10
10
10
10
10
10
10
10
10
10
10
10
10
10
10
10
10
10
10
10
10
10
10
10
10
10
10
10
10
10
10
10
10
10
10
10
10
10
10
10
10
10
10
10
10
10
10
10
10
10
10
10
10
10
10
10
10
10
10
10
10
10
10
10
10
10
10
10
10
10
10
10
10
10
10
10
10
10
10
10
10
10
10
10
10
10
10
10
10
10
10
10
10
10
10
10
10
10
10
10
10
10
10
10
10
10
10
10
10
10
10
10
10
10
10
10
10
10
10
10
10
10
10
10
10
10
10
10
10
10
10
10
10
10
10
10
10
10
10
10
10
10
10
10
10
10
10
10
10
10
10
10
10
10
10
10
10
10
10
10
10
10
10
10
10
10
10
10
10
10
10
10
10
10
10
10
10
10
10
10
10
10
10
10
10
10
10
10
10
10
10
10
10
10
10
10
10
10
10
10
10
10
10
10
10
10
10
10
10
10
10
10
10
10
10
10
10
10
10
10
10
10
10
10
10
10
10
10
10
10
10
10
10
10
10
10
10
10
10
10
10
10
10
10
10
10
10
10
10
10
10
10
10
10
10
10
10
10
10
10
10
10
10
10
10
10
10
10
10
10
10
10
10
10
10
10
10
10
10
10
10
10
10
10
10
10
10
10
10
10
10
10
10
10
10
10
10
10
10
10
10
10
10
10
10
10
10
10
10
10
10
10
10
10
10
10
10
10
10
10
10
10
10
10
10
10
10
10
10
10
10
10
10
10
10
10
10
10
10
10
10
10
10
10
10
10
10
10
10
10
10
10
10
10
10
10
10
10
10
10
10
10
10
10
10
10
10
10
10
10
10
10
10
10
10
10
10
10
10
10
10
10
10
10
10
10
10
10
10
10
10
10
10
10
10
10
10
10
10
10
10
10
10
10
10
10
10
10
10
10
10
10
10
10
10
10
10
10
10
10
10
10
10
10
10
10
10
10
10
10
10
10
10
10
10
10
10
10
10
10
10
10
10
10
10
10
10
10
10
10
10
10
10
10
10
10
10
10
10
10
10
10
10
10
10
10
10
10
10
10
10
10
10
10
10
10
10
10
10
10
10
10
10
10
10
10
10
10
10
10
10
10
10
10
10
10
10
10
10
10
10
10
10
10
10
10
10
10
10
10
10
10
10
10
10
10
10
10
10
10
10
10
10
10
10
10
10
10
10
10
10
10
10
10
10
10
10
10
10
10
10
10
10
10
10
10
10
10
10
10
10
10
10
10
10
10
10
10
10
10
10
10
10
10
10
10
10
10
10
10
10
10
10
10
10
10
10
10
10
10
10
10
10
10
10
10
10
10
10
10
10
10
10
10
10
10
10
10
10
10
10
10
10
10
10
10
10
10
10
10
10
10
10
10
10
10
10
10
10
10
10
10
10
10
10
10
10
10
10
10
10
10
10
10
10
10
10
10
10
10
10
10
10
10
10
10
10
10
10
10
10
10
10
10
10
10
10
10
10
10
10
10
10
10
10
10
10
10
10
10
10
10
10
10
10
10
10
10
10
10
10
10
10
10
10
10
10
10
10
10
10
10
10
10
10
10
10
10
10
10
10
10
10
10
10
10
10
10
10
10
10
10
10
10
10
10
10
10
10
10
10
10
10
10
10
10
10
10
10
10
10
10
10
10
10
10
10
10
10
10
10
10
10
10
10
10
10
10
10
10
10
10
10
10
10
10
10
10
10
10
10
10
10
10
10
10
10
10
10
10
10
10
10
10
10
10
10
10
10
10
10
10
10
10
10
10
10
10
10
10
10
10
10
10
10
10
10
10
10
10
10
10
10
10
10
10
10
10
10
10
10
10
10
10
10
10
10
10
10
10
10
10
10
10
10
10
10
10
10
10
10
10
10
10
10
10
10
10
10
10
10
10
10
10
10
10
10
10
10
10
10
10
10
10
10
10
10
10
10
10
10
10
10
10
10
10
10
10
10
10
10
10
10
10
10
10
10
10
10
10
10
10
10
10
10
10
10
10
10
10
10
10
10
10
10
10
10
10
10
10
10
10
10
10
10
10
10
10
10
10
10
10
10
10
10
10
10
10
10
10
10
10
10
10
10
10
10
10
10
10
10
10
10
10
10
10
10
10
10
10
10
10
10
10
10
10
10
10
10
10
10
10
10
10
10
10
10
10
10
10
10
10
10
10
10
10
10
10
10
10
10
10
10
10
10
10
10
10
10
10
10
10
10
10
10
10
10
10
10
10
10
10
10
10
10
10
10
10
10
10
10
10
10
10
10
10
10
10
10
10
10
10
10
10
10
10
10
10
10
10
10
10
10
10
10
10
10
10
10
10
10
10
10
10
10
10
10
10
10
10
10
10
10
10
10
10
10
10
10
10
10
10
10
10
10
10
10
10
10
10
10
10
10
10
10
10
10
10
10
10
10
10
10
10
10
10
10
10
10
10
10
10
10
10
10
10
10
10
10
10
10
10
10
10
10
10
10
10
10
10
10
10
10
10
10
10
10
10
10
10
10
10
10
10
10
10
10
10
10
10
10
10
10
10
10
10
10
10
10
10
10
10
10
10
10
10
10
10
10
10
10
10
10
10
10
10
10
10
10
10
10
10
10
10
10
10
10
10
10
10
10
10
10
10
10
10
10
10
10
10
10
10
10
10
10
10
10
10
10
10
10
10
10
10
10
10
10
10
10
10
10
10
10
10
10
10
10
10
10
10
10
10
10
10
10
10
10
10
10
10
10
10
10
10
10
10
10
10
10
10
10
10
10
10
10
10
10
10
10
10
10
10
10
10
10
10
10
10
10
10
10
10
10
10
10
10
10
10
10
10
10
10
10
10
10
10
10
10
10
10
10
10
10
10
10
10
10
10
10
10
10
10
10
10
10
10
10
10
10
10
10
10
10
10
10
10
10
10
10
10
10
10
10
10
10
10
10
10
10
10
10
10
10
10
10
10
10
10
10
10
10
10
10
10
10
10
10
10
10
10
10
10
10
10
10
10
10
10
10
10
10
10
10
10
10
10
10
10
10
10
10
10
10
10
10
10
10
10
10
10
10
10
10
10
10
10
10
10
10
10
10
10
10
10
10
10
10
10
10
10
10
10
10
10
10
10
10
10
10
10
10
10
10
10
10
10
10
10
10
10
10
10
10
10
10
10
10
10
10
10
10
10
10
10
10
10
10
10
10
10
10
10
10
10
10
10
10
10
10
10
10
10
10
10
10
10
10
10
10
10
10
10
10
10
10
10
10
10
10
10
10
10
10
10
10
10
10
10
10
10
10
10
10
10
10
10
10
10
10
10
10
10
10
10
10
10
10
10
10
10
10
10
10
10
10
10
10
10
10
10
10
10
10
10
10
10
10
10
10
10
10
10
10
10
10
10
10
10
10
10
10
10
10
10
10
10
10
10
10
10
10
10
10
10
10
10
10
10
10
10
10
10
10
10
10
10
10
10
10
10
10
10
10
10
10
10
10
10
10
10
10
10
10
10
10
10
10
10
10
10
10
10
10
10
10
10
10
10
10
10
10
10
10
10
10
10
10
10
10
10
10
10
10
10
10
10
10
10
10
10
10
10
10
10
10
10
10
10
10
10
10
10
10
10
10
10
10
10
10
10
10
10
10
10
10
10
10
10
10
10
10
10
10
10
10
10
10
10
10
10
10
10
10
10
10
10
10
10
10
10
10
10
10
10
10
10
10
10
10
10
10
10
10
10
10
10
10
10
10
10
10
10
10
10
10
10
10
10
10
10
10
10
10
10
10
10
10
10
10
10
10
10
10
10
10
10
10
10
10
10
10
10
10
10
10
10
10
10
10
10
10
10
10
10
10
10
10
10
10
10
10
10
10
10
10
10
10
10
10
10
10
10
10
10
10
10
10
10
10
10
10
10
10
10
10
10
10
10
10
10
10
10
10
10
10
10
10
10
10
10
10
10
10
10
10
10
10
10
10
10
10
10
10
10
10
10
10
10
10
10
10
10
10
10
10
10
10
10
10
10
10
10
10
10
10
10
10
10
10
10
10
10
10
10
10
10
10
10
10
10
10
10
10
10
10
10
10
10
10
10
10
10
10
10
10
10
10
10
10
10
10
10
10
10
10
10
10
10
10
10
10
10
10
10
10
10
10
10
10
10
10
10
10
10
10
10
10
10
10
10
10
10
10
10
10
10
10
10
10
10
10
10
10
10
10
10
10
10
10
10
10
10
10
10
10
10
10
10
10
10
10
10
10
10
10
10
10
10
10
10
10
10
10
10
10
10
10
10
10
10
10
10
10
10
10
10
10
10
10
10
10
10
10
10
10
10
10
10
10
10
10
10
10
10
10
10
10
10
10
10
10
10
10
10
10
10
10
10
10
10
10
10
10
10
10
10
10
10
10
10
10
10
10
10
10
10
10
10
10
10
10
10
10
10
10
10
10
10
10
10
10
10
10
10
10
10
10
10
10
10
10
10
10
10
10
10
10
10
10
10
10
10
10
10
10
10
10
10
10
10
10
10
10
10
10
10
10
10
10
10
10
10
10
10
10
10
10
10
10
10
10
10
10
10
10
10
10
10
10
10
10
10
10
10
10
10
10
10
10
10
10
10
10
10
10
10
10
10
10
10
10
10
10
10
10
10
10
10
10
10
10
10
10
10
10
10
10
10
10
10
10
10
10
10
10
10
10
10
10
10
10
10
10
10
10
10
10
10
10
10
10
10
10
10
10
10
10
10
10
10
10
10
10
10
10
10
10
10
10
10
10
10
10
10
10
10
10
10
10
10
10
10
10
10
10
10
10
10
10
10
10
10
10
10
10
10
10
10
10
10
10
10
10
10
10
10
10
10
10
10
10
10
10
10
10
10
10
10
10
10
10
10
10
10
10
10
10
10
10
10
10
10
10
10
10
10
10
10
10
10
10
10
10
10
10
10
10
10
10
10
10
10
10
10
10
10
10
10
10
10
10
10
10
10
10
10
10
10
10
10
10
10
10
10
10
10
10
10
10
10
10
10
10
10
10
10
10
10
10
10
10
10
10
10
10
10
10
10
10
10
10
10
10
10
10
10
10
10
10
10
10
10
10
10
10
10
10
10
10
10
10
10
10
10
10
10
10
10
10
10
10
10
10
10
10
10
10
10
10
10
10
10
10
10
10
10
10
10
10
10
10
10
10
10
10
10
10
10
10
10
10
10
10
10
10
10
10
10
10
10
10
10
10
10
10
10
10
10
10
10
10
10
10
10
10
10
10
10
10
10
10
10
10
10
10
10
10
10
10
10
10
10
10
10
10
10
10
10
10
10
10
10
10
10
10
10
10
10
10
10
10
10
10
10
10
10
10
10
10
10
10
10
10
10
10
10
10
10
10
10
10
10
10
10
10
10
10
10
10
10
10
10
10
10
10
10
10
10
10
10
10
10
10
10
10
10
10
10
10
10
10
10
10
10
10
10
10
10
10
10
10
10
10
10
10
10
10
10
10
10
10
10
10
10
10
10
10
10
10
10
10
10
10
10
10
10
10
10
10
10
10
10
10
10
10
10
10
10
10
10
10
10
10
10
10
10
10
10
10
10
10
10
10
10
10
10
10
10
10
10
10
10
10
10
10
10
10
10
10
10
10
10
10
10
10
10
10
10
10
10
10
10
10
10
10
10
10
10
10
10
10
10
10
10
10
10
10
10
10
10
10
10
10
10
10
10
10
10
10
10
10
10
10
10
10
10
10
10
10
10
10
10
10
10
10
10
10
10
10
10
10
10
10
10
10
10
10
10
10
10
10
10
10
10
10
10
10
10
10
10
10
10
10
10
10
10
10
10
10
10
10
10
10
10
10
10
10
10
10
10
10
10
10
10
10
10
10
10
10
10
10
10
10
10
10
10
10
10
10
10
10
10
10
10
10
10
10
10
10
10
10
10
10
10
10
10
10
10
10
10
10
10
10
10
10
10
10
10
10
10
10
10
10
10
10
10
10
10
10
10
10
10
10
10
10
10
10
10
10
10
10
10
10
10
10
10
10
10
10
10
10
10
10
10
10
10
10
10
10
10
10
10
10
10
10
10
10
10
10
10
10
10
10
10
10
10
10
10
10
10
10
10
10
10
10
10
10
10
10
10
10
10
10
10
10
10
10
10
10
10
10
10
10
10
10
10
10
10
10
10
10
10
10
10
10
10
10
10
10
10
10
10
10
10
10
10
10
10
10
10
10
10
10
10
10
10
10
10
10
10
10
10
10
10
10
10
10
10
10
10
10
10
10
10
10
10
10
10
10
10
10
10
10
10
10
10
10
10
10
10
10
10
10
10
10
10
10
10
10
10
10
10
10
10
10
10
10
10
10
10
10
10
10
10
10
10
10
10
10
10
10
10
10
10
10
10
10
10
10
10
10
10
10
10
10
10
10
10
10
10
10
10
10
10
10
10
10
10
10
10
10
10
10
10
10
10
10
10
10
10
10
10
10
10
10
10
10
10
10
10
10
10
10
10
10
10
10
10
10
10
10
10
10
10
10
10
10
10
10
10
10
10
10
10
10
10
10
10
10
10
10
10
10
10
10
10
10
10
10
10
10
10
10
10
10
10
10
10
10
10
10
10
10
10
10
10
10
10
10
10
10
10
10
10
10
10
10
10
10
10
10
10
10
10
10
10
10
10
10
10
10
10
10
10
10
10
10
10
10
10
10
10
10
10
10
10
10
10
10
10
10
10
10
10
10
10
10
10
10
10
10
10
10
10
10
10
10
10
10
10
10
10
10
10
10
10
10
10
10
10
10
10
10
10
10
10
10
10
10
10
10
10
10
10
10
10
10
10
10
10
10
10
10
10
10
10
10
10
10
10
10
10
10
10
10
10
10
10
10
10
10
10
10
10
10
10
10
10
10
10
10
10
10
10
10
10
10
10
10
10
10
10
10
10
10
10
10
10
10
10
10
10
10
10
10
10
10
10
10
10
10
10
10
10
10
10
10
10
10
10
10
10
10
10
10
10
10
10
10
10
10
10
10
10
10
10
10
10
10
10
10
10
10
10
10
10
10
10
10
10
10
10
10
10
10
10
10
10
10
10
10
10
10
10
10
10
10
10
10
10
10
10
10
10
10
10
10
10
10
10
10
10
10
10
10
10
10
10
10
10
10
10
10
10
10
10
10
10
10
10
10
10
10
10
10
10
10
10
10
10
10
10
10
10
10
10
10
10
10
10
10
10
10
10
10
10
10
10
10
10
10
10
10
10
10
10
10
10
10
10
10
10
10
10
10
10
10
10
10
10
10
10
10
10
10
10
10
10
10
10
10
10
10
10
10
10
10
10
10
10
10
10
10
10
10
10
10
10
10
10
10
10
10
10
10
10
10
10
10
10
10
10
10
10
10
10
10
10
10
10
10
10
10
10
10
10
10
10
10
10
10
10
10
10
10
10
10
10
10
10
10
10
10
10
10
10
10
10
10
10
10
10
10
10
10
10
10
10
10
10
10
10
10
10
10
10
10
10
10
10
10
10
10
10
10
10
10
10
10
10
10
10
10
10
10
10
10
10
10
10
10
10
10
10
10
10
10
10
10
10
10
10
10
10
10
10
10
10
10
10
10
10
10
10
10
10
10
10
10
10
10
10
10
10
10
10
10
10
10
10
10
10
10
10
10
10
10
10
10
10
10
10
10
10
10
10
10
10
10
10
10
10
10
10
10
10
10
10
10
10
10
10
10
10
10
10
10
10
10
10
10
10
10
10
10
10
10
10
10
10
10
10
10
10
10
10
10
10
10
10
10
10
10
10
10
10
10
10
10
10
10
10
10
10
10
10
10
10
10
10
10
10
10
10
10
10
10
10
10
10
10
10
10
10
10
10
10
10
10
10
10
10
10
10
10
10
10
10
10
10
10
10
10
10
10
10
10
10
10
10
10
10
10
10
10
10
10
10
10
10
10
10
10
10
10
10
10
10
10
10
10
10
10
10
10
10
10
10
10
10
10
10
10
10
10
10
10
10
10
10
10
10
10
10
10
10
10
10
10
10
10
10
10
10
10
10
10
10
10
10
10
10
10
10
10
10
10
10
10
10
10
10
10
10
10
10
10
10
10
10
10
10
10
10
10
10
10
10
10
10
10
10
10
10
10
10
10
10
10
10
10
10
10
10
10
10
10
10
10
10
10
10
10
10
10
10
10
10
10
10
10
10
10
10
10
10
10
10
10
10
10
10
10
10
10
10
10
10
10
10
10
10
10
10
10
10
10
10
10
10
10
10
10
10
10
10
10
10
10
10
10
10
10
10
10
10
10
10
10
10
10
10
10
10
10
10
10
10
10
10
10
10
10
10
10
10
10
10
10
10
10
10
10
10
10
10
10
10
10
10
10
10
10
10
10
10
10
10
10
10
10
10
10
10
10
10
10
10
10
10
10
10
10
10
10
10
10
10
10
10
10
10
10
10
10
10
10
10
10
10
10
10
10
10
10
10
10
10
10
10
10
10
10
10
10
10
10
10
10
10
10
10
10
10
10
10
10
10
10
10
10
10
10
10
10
10
10
10
10
10
10
10
10
10
10
10
10
10
10
10
10
10
10
10
10
10
10
10
10
10
10
10
10
10
10
10
10
10
10
10
10
10
10
10
10
10
10
10
10
10
10
10
10
10
10
10
10
10
10
10
10
10
10
10
10
10
10
10
10
10
10
10
10
10
10
10
10
10
10
10
10
10
10
10
10
10
10
10
10
10
10
10
10
10
10
10
10
10
10
10
10
10
10
10
10
10
10
10
10
10
10
10
10
10
10
10
10
10
10
10
10
10
10
10
10
10
10
10
10
10
10
10
10
10
10
10
10
10
10
10
10
10
10
10
10
10
10
10
10
10
10
10
10
10
10
10
10
10
10
10
10
10
10
10
10
10
10
10
10
10
10
10
10
10
10
10
10
10
10
10
10
10
10
10
10
10
10
10
10
10
10
10
10
10
10
10
10
10
10
10
10
10
10
10
10
10
10
10
10
10
10
10
10
10
10
10
10
10
10
10
10
10
10
10
10
10
10
10
10
10
10
10
10
10
10
10
10
10
10
10
10
10
10
10
10
10
10
10
10
10
10
10
10
10
10
10
10
10
10
10
10
10
10
10
10
10
10
10
10
10
10
10
10
10
10
10
10
10
10
10
10
10
10
10
10
10
10
10
10
10
10
10
10
10
10
10
10
10
10
10
10
10
10
10
10
10
10
10
10
10
10
10
10
10
10
10
10
10
10
10
10
10
10
10
10
10
10
10
10
10
10
10
10
10
10
10
10
10
10
10
10
10
10
10
10
10
10
10
10
10
10
10
10
10
10
10
10
10
10
10
10
10
10
10
10
10
10
10
10
10
10
10
10
10
10
10
10
10
10
10
10
10
10
10
10
10
10
10
10
10
10
10
10
10
10
10
10
10
10
10
10
10
10
10
10
10
10
10
10
10
10
10
10
10
10
10
10
10
10
10
10
10
10
10
10
10
10
10
10
10
10
10
10
10
10
10
10
10
10
10
10
10
10
10
10
10
10
10
10
10
10
10
10
10
10
10
10
10
10
10
10
10
10
10
10
10
10
10
10
10
10
10
10
10
10
10
10
10
10
10
10
10
10
10
10
10
10
10
10
10
10
10
10
10
10
10
10
10
10
10
10
10
10
10
10
10
10
10
10
10
10
10
10
10
10
10
10
10
10
10
10
10
10
10
10
10
10
10
10
10
10
10
10
10
10
10
10
10
10
10
10
10
10
10
10
10
10
10
10
10
10
10
10
10
10
10
10
10
10
10
10
10
10
10
10
10
10
10
10
10
10
10
10
10
10
10
10
10
10
10
10
10
10
10
10
10
10
10
10
10
10
10
10
10
10
10
10
10
10
10
10
10
10
10
10
10
10
10
10
10
10
10
10
10
10
10
10
10
10
10
10
10
10
10
10
10
10
10
10
10
10
10
10
10
10
10
10
10
10
10
10
10
10
10
10
10
10
10
10
10
10
10
10
10
10
10
10
10
10
10
10
10
10
10
10
10
10
10
10
10
10
10
10
10
10
10
10
10
10
10
10
10
10
10
10
10
10
10
10
10
10
10
10
10
10
10
10
10
10
10
10
10
10
10
10
10
10
10
10
10
10
10
10
10
10
10
10
10
10
10
10
10
10
10
10
10
10
10
10
10
10
10
10
10
10
10
10
10
10
10
10
10
10
10
10
10
10
10
10
10
10
10
10
10
10
10
10
10
10
10
10
10
10
10
10
10
10
10
10
10
10
10
10
10
10
10
10
10
10
10
10
10
10
10
10
10
10
10
10
10
10
10
10
10
10
10
10
10
10
10
10
10
10
10
10
10
10
10
10
10

CELL_DATA 12215
FIELD FieldData 1
labels 1 12215 int
1 1 1 1 1 1 1 1 1 
1 1 1 1 1 1 1 1 1 
1 1 1 1 1 1 1 1 1 
1 1 1 1 1 1 1 1 1 
1 1 1 1 1 1 1 1 1 
1 1 1 1 1 1 1 1 1 
1 1 1 1 1 1 1 1 1 
1 1 1 1 1 1 1 1 1 
1 1 1 1 1 1 1 1 1 
1 1 1 1 1 1 1 1 1 
1 1 1 1 1 1 1 1 1 
1 1 1 1 1 1 1 1 1 
1 1 1 1 1 1 1 1 1 
1 1 1 1 1 1 1 1 1 
1 1 1 1 1 1 1 1 1 
1 1 1 1 1 1 1 1 1 
1 1 1 1 1 1 1 1 1 
1 1 1 1 1 1 1 1 1 
1 1 1 1 1 1 1 1 1 
1 1 1 1 1 1 1 1 1 
1 1 1 1 1 1 1 1 1 
1 1 1 1 1 1 1 1 1 
1 1 1 1 1 1 1 1 1 
1 1 1 1 1 1 1 1 1 
1 1 1 1 1 1 1 1 1 
1 1 1 1 1 1 1 1 1 
1 1 1 1 1 1 1 1 1 
1 1 1 1 1 1 1 1 1 
1 1 1 1 1 1 1 1 1 
1 1 1 1 1 1 1 1 1 
1 1 1 1 1 1 1 1 1 
1 1 1 1 1 1 1 1 1 
1 1 1 1 1 1 1 1 1 
1 1 1 1 1 1 1 1 1 
1 1 1 1 1 1 1 1 1 
1 1 1 1 1 1 1 1 1 
1 1 1 1 1 1 1 1 1 
1 1 1 1 1 1 1 1 1 
1 1 1 1 1 1 1 1 1 
1 1 1 1 1 1 1 1 1 
1 1 1 1 1 1 1 1 1 
1 1 1 1 1 1 1 1 1 
1 1 1 1 1 1 1 1 1 
1 1 1 1 1 1 1 1 1 
1 1 1 1 1 1 1 1 1 
1 1 1 1 1 1 1 1 1 
1 1 1 1 1 1 1 1 1 
1 1 1 1 1 1 1 1 1 
1 1 1 1 1 1 1 1 1 
1 1 1 1 1 1 1 1 1 
1 1 1 1 1 1 1 1 1 
1 1 1 1 1 1 1 1 1 
1 1 1 1 1 1 1 1 1 
1 1 1 1 1 1 1 1 1 
1 1 1 1 1 1 1 1 1 
1 1 1 1 1 1 1 1 1 
1 1 1 1 1 1 1 1 1 
1 1 1 1 1 1 1 1 1 
1 1 1 1 1 1 1 1 1 
1 1 1 1 1 1 1 1 1 
1 1 1 1 1 1 1 1 1 
1 1 1 1 1 1 1 1 1 
1 1 1 1 1 1 1 1 1 
1 1 1 1 1 1 1 1 1 
1 1 1 1 1 1 1 1 1 
1 1 1 1 1 1 1 1 1 
1 1 1 1 1 1 1 1 1 
1 1 1 1 1 1 1 1 1 
1 1 1 1 1 1 1 1 1 
1 1 1 1 1 1 1 1 1 
1 1 1 1 1 1 1 1 1 
1 1 1 1 1 1 1 1 1 
1 1 1 1 1 1 1 1 1 
1 1 1 1 1 1 1 1 1 
1 1 1 1 1 1 1 1 1 
1 1 1 1 1 1 1 1 1 
1 1 1 1 1 1 1 1 1 
1 1 1 1 1 1 1 1 1 
1 1 1 1 1 1 1 1 1 
1 1 1 1 1 1 1 1 1 
1 1 1 1 1 1 1 1 1 
1 1 1 1 1 1 1 1 1 
1 1 1 1 1 1 1 1 1 
1 1 1 1 1 1 1 1 1 
1 1 1 1 1 1 1 1 1 
1 1 1 1 1 1 1 1 1 
1 1 1 1 1 1 1 1 1 
1 1 1 1 1 1 1 1 1 
1 1 1 1 1 1 1 1 1 
1 1 1 1 1 1 1 1 1 
1 1 1 1 1 1 1 1 1 
1 1 1 1 1 1 1 1 1 
1 1 1 1 1 1 1 1 1 
1 1 1 1 1 1 1 1 1 
1 1 1 1 1 1 1 1 1 
1 1 1 1 1 1 1 1 1 
1 1 1 1 1 1 1 1 1 
1 1 1 1 1 1 1 1 1 
1 1 1 1 1 1 1 1 1 
1 1 1 1 1 1 1 1 1 
1 1 1 1 1 1 1 1 1 
1 1 1 1 1 1 1 1 1 
1 1 1 1 1 1 1 1 1 
1 1 1 1 1 1 1 1 1 
1 1 1 1 1 1 1 1 1 
1 1 1 1 1 1 1 1 1 
1 1 1 1 1 1 1 1 1 
1 1 1 1 1 1 1 1 1 
1 1 1 1 1 1 1 1 1 
1 1 1 1 1 1 1 1 1 
1 1 1 1 1 1 1 1 1 
1 1 1 1 1 1 1 1 1 
1 1 1 1 1 1 1 1 1 
1 1 1 1 1 1 1 1 1 
1 1 1 1 1 1 1 1 1 
1 1 1 1 1 1 1 1 1 
1 1 1 1 1 1 1 1 1 
1 1 1 1 1 1 1 1 1 
1 1 1 1 1 1 1 1 1 
1 1 1 1 1 1 1 1 1 
1 1 1 1 1 1 1 1 1 
1 1 1 1 1 1 1 1 1 
1 1 1 1 1 1 1 1 1 
1 1 1 1 1 1 1 1 1 
1 1 1 1 1 1 1 1 1 
1 1 1 1 1 1 1 1 1 
1 1 1 1 1 1 1 1 1 
1 1 1 1 1 1 1 1 1 
1 1 1 1 1 1 1 1 1 
1 1 1 1 1 1 1 1 1 
1 1 1 1 1 1 1 1 1 
1 1 1 1 1 1 1 1 1 
1 1 1 1 1 1 1 1 1 
1 1 1 1 1 1 1 1 1 
1 1 1 1 1 1 1 1 1 
1 1 1 1 1 1 1 1 1 
1 1 1 1 1 1 1 1 1 
1 1 1 1 1 1 1 1 1 
1 1 1 1 1 1 1 1 1 
1 1 1 1 1 1 1 1 1 
1 1 1 1 1 1 1 1 1 
1 1 1 1 1 1 1 1 1 
1 1 1 1 1 1 1 1 1 
1 1 1 1 1 1 1 1 1 
1 1 1 1 1 1 1 1 1 
1 1 1 1 1 1 1 1 1 
1 1 1 1 1 1 1 1 1 
1 1 1 1 1 1 1 1 1 
1 1 1 1 1 1 1 1 1 
1 1 1 1 1 1 1 1 1 
1 1 1 1 1 1 1 1 1 
1 1 1 1 1 1 1 1 1 
1 1 1 1 1 1 1 1 1 
1 1 1 1 1 1 1 1 1 
1 1 1 1 1 1 1 1 1 
1 1 1 1 1 1 1 1 1 
1 1 1 1 1 1 1 1 1 
1 1 1 1 1 1 1 1 1 
1 1 1 1 1 1 1 1 1 
1 1 1 1 1 1 1 1 1 
1 1 1 1 1 1 1 1 1 
1 1 1 1 1 1 1 1 1 
1 1 1 1 1 1 1 1 1 
1 1 1 1 1 1 1 1 1 
1 1 1 1 1 1 1 1 1 
1 1 1 1 1 1 1 1 1 
1 1 1 1 1 1 1 1 1 
1 1 1 1 1 1 1 1 1 
1 1 1 1 1 1 1 1 1 
1 1 1 1 1 1 1 1 1 
1 1 1 1 1 1 1 1 1 
1 1 1 1 1 1 1 1 1 
1 1 1 1 1 1 1 1 1 
1 1 1 1 1 1 1 1 1 
1 1 1 1 1 1 1 1 1 
1 1 1 1 1 1 1 1 1 
1 1 1 1 1 1 1 1 1 
1 1 1 1 1 1 1 1 1 
1 1 1 1 1 1 1 1 1 
1 1 1 1 1 1 1 1 1 
1 1 1 1 1 1 1 1 1 
1 1 1 1 1 1 1 1 1 
1 1 1 1 1 1 1 1 1 
1 1 1 1 1 1 1 1 1 
1 1 1 1 1 1 1 1 1 
1 1 1 1 1 1 1 1 1 
1 1 1 1 1 1 1 1 1 
1 1 1 1 1 1 1 1 1 
1 1 1 1 1 1 1 1 1 
1 1 1 1 1 1 1 1 1 
1 1 1 1 1 1 1 1 1 
1 1 1 1 1 1 1 1 1 
1 1 1 1 1 1 1 1 1 
1 1 1 1 1 1 1 1 1 
1 1 1 1 1 1 1 1 1 
1 1 1 1 1 1 1 1 1 
1 1 1 1 1 1 1 1 1 
1 1 1 1 1 1 1 1 1 
1 1 1 1 1 1 1 1 1 
1 1 1 1 1 1 1 1 1 
1 1 1 1 1 1 1 1 1 
1 1 1 1 1 1 1 1 1 
1 1 1 1 1 1 1 1 1 
1 1 1 1 1 1 1 1 1 
1 1 1 1 1 1 1 1 1 
1 1 1 1 1 1 1 1 1 
1 1 1 1 1 1 1 1 1 
1 1 1 1 1 1 1 1 1 
1 1 1 1 1 1 1 1 1 
1 1 1 1 1 1 1 1 1 
1 1 1 1 1 1 1 1 1 
1 1 1 1 1 1 1 1 1 
1 1 1 1 1 1 1 1 1 
1 1 1 1 1 1 1 1 1 
1 1 1 1 1 1 1 1 1 
1 1 1 1 1 1 1 1 1 
1 1 1 1 1 1 1 1 1 
1 1 1 1 1 1 1 1 1 
1 1 1 1 1 1 1 1 1 
1 1 1 1 1 1 1 1 1 
1 1 1 1 1 1 1 1 1 
1 1 1 1 1 1 1 1 1 
1 1 1 1 1 1 1 1 1 
1 1 1 1 1 1 1 1 1 
1 1 1 1 1 1 1 1 1 
1 1 1 1 1 1 1 1 1 
1 1 1 1 1 1 1 1 1 
1 1 1 1 1 1 1 1 1 
1 1 1 1 1 1 1 1 1 
1 1 1 1 1 1 1 1 1 
1 1 1 1 1 1 1 1 1 
1 1 1 1 1 1 1 1 1 
1 1 1 1 1 1 1 1 1 
1 1 1 1 1 1 1 1 1 
1 1 1 1 1 1 1 1 1 
1 1 1 1 1 1 1 1 1 
1 1 1 1 1 1 1 1 1 
1 1 1 1 1 1 1 1 1 
1 1 1 1 1 1 1 1 1 
1 1 1 1 1 1 1 1 1 
1 1 1 1 1 1 1 1 1 
1 1 1 1 1 1 1 1 1 
1 1 1 1 1 1 1 1 1 
1 1 1 1 1 1 1 1 1 
1 1 1 1 1 1 1 1 1 
1 1 1 1 1 1 1 1 1 
1 1 1 1 1 1 1 1 1 
1 1 1 1 1 1 1 1 1 
1 1 1 1 1 1 1 1 1 
1 1 1 1 1 1 1 1 1 
1 1 1 1 1 1 1 1 1 
1 1 1 1 1 1 1 1 1 
1 1 1 1 1 1 1 1 1 
1 1 1 1 1 1 1 1 1 
1 1 1 1 1 1 1 1 1 
1 1 1 1 1 1 1 1 1 
1 1 1 1 1 1 1 1 1 
1 1 1 1 1 1 1 1 1 
1 1 1 1 1 1 1 1 1 
1 1 1 1 1 1 1 1 1 
1 1 1 1 1 1 1 1 1 
1 1 1 1 1 1 1 1 1 
1 1 1 1 1 1 1 1 1 
1 1 1 1 1 1 1 1 1 
1 1 1 1 1 1 1 1 1 
1 1 1 1 1 1 1 1 1 
1 1 1 1 1 1 1 1 1 
1 1 1 1 1 1 1 1 1 
1 1 1 1 1 1 1 1 1 
1 1 1 1 1 1 1 1 1 
1 1 1 1 1 1 1 1 1 
1 1 1 1 1 1 1 1 1 
1 1 1 1 1 1 1 1 1 
1 1 1 1 1 1 1 1 1 
1 1 1 1 1 1 1 1 1 
1 1 1 1 1 1 1 1 1 
1 1 1 1 1 1 1 1 1 
1 1 1 1 1 1 1 1 1 
1 1 1 1 1 1 1 1 1 
1 1 1 1 1 1 1 1 1 
1 1 1 1 1 1 1 1 1 
1 1 1 1 1 1 1 1 1 
1 1 1 1 1 1 1 1 1 
1 1 1 1 1 1 1 1 1 
1 1 1 1 1 1 1 1 1 
1 1 1 1 1 1 1 1 1 
1 1 1 1 1 1 1 1 1 
1 1 1 1 1 1 1 1 1 
1 1 1 1 1 1 1 1 1 
1 1 1 1 1 1 1 1 1 
1 1 1 1 1 1 1 1 1 
1 1 1 1 1 1 1 1 1 
1 1 1 1 1 1 1 1 1 
1 1 1 1 1 1 1 1 1 
1 1 1 1 1 1 1 1 1 
1 1 1 1 1 1 1 1 1 
1 1 1 1 1 1 1 1 1 
1 1 1 1 1 1 1 1 1 
1 1 1 1 1 1 1 1 1 
1 1 1 1 1 1 1 1 1 
1 1 1 1 1 1 1 1 1 
1 1 1 1 1 1 1 1 1 
1 1 1 1 1 1 1 1 1 
1 1 1 1 1 1 1 1 1 
1 1 1 1 1 1 1 1 1 
1 1 1 1 1 1 1 1 1 
1 1 1 1 1 1 1 1 1 
1 1 1 1 1 1 1 1 1 
1 1 1 1 1 1 1 1 1 
1 1 1 1 1 1 1 1 1 
1 1 1 1 1 1 1 1 1 
1 1 1 1 1 1 1 1 1 
1 1 1 1 1 1 1 1 1 
1 1 1 1 1 1 1 1 1 
1 1 1 1 1 1 1 1 1 
1 1 1 1 1 1 1 1 1 
1 1 1 1 1 1 1 1 1 
1 1 1 1 1 1 1 1 1 
1 1 1 1 1 1 1 1 1 
1 1 1 1 1 1 1 1 1 
1 1 1 1 1 1 1 1 1 
1 1 1 1 1 1 1 1 1 
1 1 1 1 1 1 1 1 1 
1 1 1 1 1 1 1 1 1 
1 1 1 1 1 1 1 1 1 
1 1 1 1 1 1 1 1 1 
1 1 1 1 1 1 1 1 1 
1 1 1 1 1 1 1 1 1 
1 1 1 1 1 1 1 1 1 
1 1 1 1 1 1 1 1 1 
1 1 1 1 1 1 1 1 1 
1 1 1 1 1 1 1 1 1 
1 1 1 1 1 1 1 1 1 
1 1 1 1 1 1 1 1 1 
1 1 1 1 1 1 1 1 1 
1 1 1 1 1 1 1 1 1 
1 1 1 1 1 1 1 1 1 
1 1 1 1 1 1 1 1 1 
1 1 1 1 1 1 1 1 1 
1 1 1 1 1 1 1 1 1 
1 1 1 1 1 1 1 1 1 
1 1 1 1 1 1 1 1 1 
1 1 1 1 1 1 1 1 1 
1 1 1 1 1 1 1 1 1 
1 1 1 1 1 1 1 1 1 
1 1 1 1 1 1 1 1 1 
1 1 1 1 1 1 1 1 1 
1 1 1 1 1 1 1 1 1 
1 1 1 1 1 1 1 1 1 
1 1 1 1 1 1 1 1 1 
1 1 1 1 1 1 1 1 1 
1 1 1 1 1 1 1 1 1 
1 1 1 1 1 1 1 1 1 
1 1 1 1 1 1 1 1 1 
1 1 1 1 1 1 1 1 1 
1 1 1 1 1 1 1 1 1 
1 1 1 1 1 1 1 1 1 
1 1 1 1 1 1 1 1 1 
1 1 1 1 1 1 1 1 1 
1 1 1 1 1 1 1 1 1 
1 1 1 1 1 1 1 1 1 
1 1 1 1 1 1 1 1 1 
1 1 1 1 1 1 1 1 1 
1 1 1 1 1 1 1 1 1 
1 1 1 1 1 1 1 1 1 
1 1 1 1 1 1 1 1 1 
1 1 1 1 1 1 1 1 1 
1 1 1 1 1 1 1 1 1 
1 1 1 1 1 1 1 1 1 
1 1 1 1 1 1 1 1 1 
1 1 1 1 1 1 1 1 1 
1 1 1 1 1 1 1 1 1 
1 1 1 1 1 1 1 1 1 
1 1 1 1 1 1 1 1 1 
1 1 1 1 1 1 1 1 1 
1 1 1 1 1 1 1 1 1 
1 1 1 1 1 1 1 1 1 
1 1 1 1 1 1 1 1 1 
1 1 1 1 1 1 1 1 1 
1 1 1 1 1 1 1 1 1 
1 1 1 1 1 1 1 1 1 
1 1 1 1 1 1 1 1 1 
1 1 1 1 1 1 1 1 1 
1 1 1 1 1 1 1 1 1 
1 1 1 1 1 1 1 1 1 
1 1 1 1 1 1 1 1 1 
1 1 1 1 1 1 1 1 1 
1 1 1 1 1 1 1 1 1 
1 1 1 1 1 1 1 1 1 
1 1 1 1 1 1 1 1 1 
1 1 1 1 1 1 1 1 1 
1 1 1 1 1 1 1 1 1 
1 1 1 1 1 1 1 1 1 
1 1 1 1 1 1 1 1 1 
1 1 1 1 1 1 1 1 1 
1 1 1 1 1 1 1 1 1 
1 1 1 1 1 1 1 1 1 
1 1 1 1 1 1 1 1 1 
1 1 1 1 1 1 1 1 1 
1 1 1 1 1 1 1 1 1 
1 1 1 1 1 1 1 1 1 
1 1 1 1 1 1 1 1 1 
1 1 1 1 1 1 1 1 1 
1 1 1 1 1 1 1 1 1 
1 1 1 1 1 1 1 1 1 
1 1 1 1 1 1 1 1 1 
1 1 1 1 1 1 1 1 1 
1 1 1 1 1 1 1 1 1 
1 1 1 1 1 1 1 1 1 
1 1 1 1 1 1 1 1 1 
1 1 1 1 1 1 1 1 1 
1 1 1 1 1 1 1 1 1 
1 1 1 1 1 1 1 1 1 
1 1 1 1 1 1 1 1 1 
1 1 1 1 1 1 1 1 1 
1 1 1 1 1 1 1 1 1 
1 1 1 1 1 1 1 1 1 
1 1 1 1 1 1 1 1 1 
1 1 1 1 1 1 1 1 1 
1 1 1 1 1 1 1 1 1 
1 1 1 1 1 1 1 1 1 
1 1 1 1 1 1 1 1 1 
1 1 1 1 1 1 1 1 1 
1 1 1 1 1 1 1 1 1 
1 1 1 1 1 1 1 1 1 
1 1 1 1 1 1 1 1 1 
1 1 1 1 1 1 1 1 1 
1 1 1 1 1 1 1 1 1 
1 1 1 1 1 1 1 1 1 
1 1 1 1 1 1 1 1 1 
1 1 1 1 1 1 1 1 1 
1 1 1 1 1 1 1 1 1 
1 1 1 1 1 1 1 1 1 
1 1 1 1 1 1 1 1 1 
1 1 1 1 1 1 1 1 1 
1 1 1 1 1 1 1 1 1 
1 1 1 1 1 1 1 1 1 
1 1 1 1 1 1 1 1 1 
1 1 1 1 1 1 1 1 1 
1 1 1 1 1 1 1 1 1 
1 1 1 1 1 1 1 1 1 
1 1 1 1 1 1 1 1 1 
1 1 1 1 1 1 1 1 1 
1 1 1 1 1 1 1 1 1 
1 1 1 1 1 1 1 1 1 
1 1 1 1 1 1 1 1 1 
1 1 1 1 1 1 1 1 1 
1 1 1 1 1 1 1 1 1 
1 1 1 1 1 1 1 1 1 
1 1 1 1 1 1 1 1 1 
1 1 1 1 1 1 1 1 1 
1 1 1 1 1 1 1 1 1 
1 1 1 1 1 1 1 1 1 
1 1 1 1 1 1 1 1 1 
1 1 1 1 1 1 1 1 1 
1 1 1 1 1 1 1 1 1 
1 1 1 1 1 1 1 1 1 
1 1 1 1 1 1 1 1 1 
1 1 1 1 1 1 1 1 1 
1 1 1 1 1 1 1 1 1 
1 1 1 1 1 1 1 1 1 
1 1 1 1 1 1 1 1 1 
1 1 1 1 1 1 1 1 1 
1 1 1 1 1 1 1 1 1 
1 1 1 1 1 1 1 1 1 
1 1 1 1 1 1 1 1 1 
1 1 1 1 1 1 1 1 1 
1 1 1 1 1 1 1 1 1 
1 1 1 1 1 1 1 1 1 
1 1 1 1 1 1 1 1 1 
1 1 1 1 1 1 1 1 1 
1 1 1 1 1 1 1 1 1 
1 1 1 1 1 1 1 1 1 
1 1 1 1 1 1 1 1 1 
1 1 1 1 1 1 1 1 1 
1 1 1 1 1 1 1 1 1 
1 1 1 1 1 1 1 1 1 
1 1 1 1 1 1 1 1 1 
1 1 1 1 1 1 1 1 1 
1 1 1 1 1 1 1 1 1 
1 1 1 1 1 1 1 1 1 
1 1 1 1 1 1 1 1 1 
1 1 1 1 1 1 1 1 1 
1 1 1 1 1 1 1 1 1 
1 1 1 1 1 1 1 1 1 
1 1 1 1 1 1 1 1 1 
1 1 1 1 1 1 1 1 1 
1 1 1 1 1 1 1 1 1 
1 1 1 1 1 1 1 1 1 
1 1 1 1 1 1 1 1 1 
1 1 1 1 1 1 1 1 1 
1 1 1 1 1 1 1 1 1 
1 1 1 1 1 1 1 1 1 
1 1 1 1 1 1 1 1 1 
1 1 1 1 1 1 1 1 1 
1 1 1 1 1 1 1 1 1 
1 1 1 1 1 1 1 1 1 
1 1 1 1 1 1 1 1 1 
1 1 1 1 1 1 1 1 1 
1 1 1 1 1 1 1 1 1 
1 1 1 1 1 1 1 1 1 
1 1 1 1 1 1 1 1 1 
1 1 1 1 1 1 1 1 1 
1 1 1 1 1 1 1 1 1 
1 1 1 1 1 1 1 1 1 
1 1 1 1 1 1 1 1 1 
1 1 1 1 1 1 1 1 1 
1 1 1 1 1 1 1 1 1 
1 1 1 1 1 1 1 1 1 
1 1 1 1 1 1 1 1 1 
1 1 1 1 1 1 1 1 1 
1 1 1 1 1 1 1 1 1 
1 1 1 1 1 1 1 1 1 
1 1 1 1 1 1 1 1 1 
1 1 1 1 1 1 1 1 1 
1 1 1 1 1 1 1 1 1 
1 1 1 1 1 1 1 1 1 
1 1 1 1 1 1 1 1 1 
1 1 1 1 1 1 1 1 1 
1 1 1 1 1 1 1 1 1 
1 1 1 1 1 1 1 1 1 
1 1 1 1 1 1 1 1 1 
1 1 1 1 1 1 1 1 1 
1 1 1 1 1 1 1 1 1 
1 1 1 1 1 1 1 1 1 
1 1 1 1 1 1 1 1 1 
1 1 1 1 1 1 1 1 1 
1 1 1 1 1 1 1 1 1 
1 1 1 1 1 1 1 1 1 
1 1 1 1 1 1 1 1 1 
1 1 1 1 1 1 1 1 1 
1 1 1 1 1 1 1 1 1 
1 1 1 1 1 1 1 1 1 
1 1 1 1 1 1 1 1 1 
1 1 1 1 1 1 1 1 1 
1 1 1 1 1 1 1 1 1 
1 1 1 1 1 1 1 1 1 
1 1 1 1 1 1 1 1 1 
1 1 1 1 1 1 1 1 1 
1 1 1 1 1 1 1 1 1 
1 1 1 1 1 1 1 1 1 
1 1 1 1 1 1 1 1 1 
1 1 1 1 1 1 1 1 1 
1 1 1 1 1 1 1 1 1 
1 1 1 1 1 1 1 1 1 
1 1 1 1 1 1 1 1 1 
1 1 1 1 1 1 1 1 1 
1 1 1 1 1 1 1 1 1 
1 1 1 1 1 1 1 1 1 
1 1 1 1 1 1 1 1 1 
1 1 1 1 1 1 1 1 1 
1 1 1 1 1 1 1 1 1 
1 1 1 1 1 1 1 1 1 
1 1 1 1 1 1 1 1 1 
1 1 1 1 1 1 1 1 1 
1 1 1 1 1 1 1 1 1 
1 1 1 1 1 1 1 1 1 
1 1 1 1 1 1 1 1 1 
1 1 1 1 1 1 1 1 1 
1 1 1 1 1 1 1 1 1 
1 1 1 1 1 1 1 1 1 
1 1 1 1 1 1 1 1 1 
1 1 1 1 1 1 1 1 1 
1 1 1 1 1 1 1 1 1 
1 1 1 1 1 1 1 1 1 
1 1 1 1 1 1 1 1 1 
1 1 1 1 1 1 1 1 1 
1 1 1 1 1 1 1 1 1 
1 1 1 1 1 1 1 1 1 
1 1 1 1 1 1 1 1 1 
1 1 1 1 1 1 1 1 1 
1 1 1 1 1 1 1 1 1 
1 1 1 1 1 1 1 1 1 
1 1 1 1 1 1 1 1 1 
1 1 1 1 1 1 1 1 1 
1 1 1 1 1 1 1 1 1 
1 1 1 1 1 1 1 1 1 
1 1 1 1 1 1 1 1 1 
1 1 1 1 1 1 1 1 1 
1 1 1 1 1 1 1 1 1 
1 1 1 1 1 1 1 1 1 
1 1 1 1 1 1 1 1 1 
1 1 1 1 1 1 1 1 1 
1 1 1 1 1 1 1 1 1 
1 1 1 1 1 1 1 1 1 
1 1 1 1 1 1 1 1 1 
1 1 1 1 1 1 1 1 1 
1 1 1 1 1 1 1 1 1 
1 1 1 1 1 1 1 1 1 
1 1 1 1 1 1 1 1 1 
1 1 1 1 1 1 1 1 1 
1 1 1 1 1 1 1 1 1 
1 1 1 1 1 1 1 1 1 
1 1 1 1 1 1 1 1 1 
1 1 1 1 1 1 1 1 1 
1 1 1 1 1 1 1 1 1 
1 1 1 1 1 1 1 1 1 
1 1 1 1 1 1 1 1 1 
1 1 1 1 1 1 1 1 1 
1 1 1 1 1 1 1 1 1 
1 1 1 1 1 1 1 1 1 
1 1 1 1 1 1 1 1 1 
1 1 1 1 1 1 1 1 1 
1 1 1 1 1 1 1 1 1 
1 1 1 1 1 1 1 1 1 
1 1 1 1 1 1 1 1 1 
1 1 1 1 1 1 1 1 1 
1 1 1 1 1 1 1 1 1 
1 1 1 1 1 1 1 1 1 
1 1 1 1 1 1 1 1 1 
1 1 1 1 1 1 1 1 1 
1 1 1 1 1 1 1 1 1 
1 1 1 1 1 1 1 1 1 
1 1 1 1 1 1 1 1 1 
1 1 1 1 1 1 1 1 1 
1 1 1 1 1 1 1 1 1 
1 1 1 1 1 1 1 1 1 
1 1 1 1 1 1 1 1 1 
1 1 1 1 1 1 1 1 1 
1 1 1 1 1 1 1 1 1 
1 1 1 1 1 1 1 1 1 
1 1 1 1 1 1 1 1 1 
1 1 1 1 1 1 1 1 1 
1 1 1 1 1 1 1 1 1 
1 1 1 1 1 1 1 1 1 
1 1 1 1 1 1 1 1 1 
1 1 1 1 1 1 1 1 1 
1 1 1 1 1 1 1 1 1 
1 1 1 1 1 1 1 1 1 
1 1 1 1 1 1 1 1 1 
1 1 1 1 1 1 1 1 1 
1 1 1 1 1 1 1 1 1 
1 1 1 1 1 1 1 1 1 
1 1 1 1 1 1 1 1 1 
1 1 1 1 1 1 1 1 1 
1 1 1 1 1 1 1 1 1 
1 1 1 1 1 1 1 1 1 
1 1 1 1 1 1 1 1 1 
1 1 1 1 1 1 1 1 1 
1 1 1 1 1 1 1 1 1 
1 1 1 1 1 1 1 1 1 
1 1 1 1 1 1 1 1 1 
1 1 1 1 1 1 1 1 1 
1 1 1 1 1 1 1 1 1 
1 1 1 1 1 1 1 1 1 
1 1 1 1 1 1 1 1 1 
1 1 1 1 1 1 1 1 1 
1 1 1 1 1 1 1 1 1 
1 1 1 1 1 1 1 1 1 
1 1 1 1 1 1 1 1 1 
1 1 1 1 1 1 1 1 1 
1 1 1 1 1 1 1 1 1 
1 1 1 1 1 1 1 1 1 
1 1 1 1 1 1 1 1 1 
1 1 1 1 1 1 1 1 1 
1 1 1 1 1 1 1 1 1 
1 1 1 1 1 1 1 1 1 
1 1 1 1 1 1 1 1 1 
1 1 1 1 1 1 1 1 1 
1 1 1 1 1 1 1 1 1 
1 1 1 1 1 1 1 1 1 
1 1 1 1 1 1 1 1 1 
1 1 1 1 1 1 1 1 1 
1 1 1 1 1 1 1 1 1 
1 1 1 1 1 1 1 1 1 
1 1 1 1 1 1 1 1 1 
1 1 1 1 1 1 1 1 1 
1 1 1 1 1 1 1 1 1 
1 1 1 1 1 1 1 1 1 
1 1 1 1 1 1 1 1 1 
1 1 1 1 1 1 1 1 1 
1 1 1 1 1 1 1 1 1 
1 1 1 1 1 1 1 1 1 
1 1 1 1 1 1 1 1 1 
1 1 1 1 1 1 1 1 1 
1 1 1 1 1 1 1 1 1 
1 1 1 1 1 1 1 1 1 
1 1 1 1 1 1 1 1 1 
1 1 1 1 1 1 1 1 1 
1 1 1 1 1 1 1 1 1 
1 1 1 1 1 1 1 1 1 
1 1 1 1 1 1 1 1 1 
1 1 1 1 1 1 1 1 1 
1 1 1 1 1 1 1 1 1 
1 1 1 1 1 1 1 1 1 
1 1 1 1 1 1 1 1 1 
1 1 1 1 1 1 1 1 1 
1 1 1 1 1 1 1 1 1 
1 1 1 1 1 1 1 1 1 
1 1 1 1 1 1 1 1 1 
1 1 1 1 1 1 1 1 1 
1 1 1 1 1 1 1 1 1 
1 1 1 1 1 1 1 1 1 
1 1 1 1 1 1 1 1 1 
1 1 1 1 1 1 1 1 1 
1 1 1 1 1 1 1 1 1 
1 1 1 1 1 1 1 1 1 
1 1 1 1 1 1 1 1 1 
1 1 1 1 1 1 1 1 1 
1 1 1 1 1 1 1 1 1 
1 1 1 1 1 1 1 1 1 
1 1 1 1 1 1 1 1 1 
1 1 1 1 1 1 1 1 1 
1 1 1 1 1 1 1 1 1 
1 1 1 1 1 1 1 1 1 
1 1 1 1 1 1 1 1 1 
1 1 1 1 1 1 1 1 1 
1 1 1 1 1 1 1 1 1 
1 1 1 1 1 1 1 1 1 
1 1 1 1 1 1 1 1 1 
1 1 1 1 1 1 1 1 1 
1 1 1 1 1 1 1 1 1 
1 1 1 1 1 1 1 1 1 
1 1 1 1 1 1 1 1 1 
1 1 1 1 1 1 1 1 1 
1 1 1 1 1 1 1 1 1 
1 1 1 1 1 1 1 1 1 
1 1 1 1 1 1 1 1 1 
1 1 1 1 1 1 1 1 1 
1 1 1 1 1 1 1 1 1 
1 1 1 1 1 1 1 1 1 
1 1 1 1 1 1 1 1 1 
1 1 1 1 1 1 1 1 1 
1 1 1 1 1 1 1 1 1 
1 1 1 1 1 1 1 1 1 
1 1 1 1 1 1 1 1 1 
1 1 1 1 1 1 1 1 1 
1 1 1 1 1 1 1 1 1 
1 1 1 1 1 1 1 1 1 
1 1 1 1 1 1 1 1 1 
1 1 1 1 1 1 1 1 1 
1 1 1 1 1 1 1 1 1 
1 1 1 1 1 1 1 1 1 
1 1 1 1 1 1 1 1 1 
1 1 1 1 1 1 1 1 1 
1 1 1 1 1 1 1 1 1 
1 1 1 1 1 1 1 1 1 
1 1 1 1 1 1 1 1 1 
1 1 1 1 1 1 1 1 1 
1 1 1 1 1 1 1 1 1 
1 1 1 1 1 1 1 1 1 
1 1 1 1 1 1 1 1 1 
1 1 1 1 1 1 1 1 1 
1 1 1 1 1 1 1 1 1 
1 1 1 1 1 1 1 1 1 
1 1 1 1 1 1 1 1 1 
1 1 1 1 1 1 1 1 1 
1 1 1 1 1 1 1 1 1 
1 1 1 1 1 1 1 1 1 
1 1 1 1 1 1 1 1 1 
1 1 1 1 1 1 1 1 1 
1 1 1 1 1 1 1 1 1 
1 1 1 1 1 1 1 1 1 
1 1 1 1 1 1 1 1 1 
1 1 1 1 1 1 1 1 1 
1 1 1 1 1 1 1 1 1 
1 1 1 1 1 1 1 1 1 
1 1 1 1 1 1 1 1 1 
1 1 1 1 1 1 1 1 1 
1 1 1 1 1 1 1 1 1 
1 1 1 1 1 1 1 1 1 
1 1 1 1 1 1 1 1 1 
1 1 1 1 1 1 1 1 1 
1 1 1 1 1 1 1 1 1 
1 1 1 1 1 1 1 1 1 
1 1 1 1 1 1 1 1 1 
1 1 1 1 1 1 1 1 1 
1 1 1 1 1 1 1 1 1 
1 1 1 1 1 1 1 1 1 
1 1 1 1 1 1 1 1 1 
1 1 1 1 1 1 1 1 1 
1 1 1 1 1 1 1 1 1 
1 1 1 1 1 1 1 1 1 
1 1 1 1 1 1 1 1 1 
1 1 1 1 1 1 1 1 1 
1 1 1 1 1 1 1 1 1 
1 1 1 1 1 1 1 1 1 
1 1 1 1 1 1 1 1 1 
1 1 1 1 1 1 1 1 1 
1 1 1 1 1 1 1 1 1 
1 1 1 1 1 1 1 1 1 
1 1 1 1 1 1 1 1 1 
1 1 1 1 1 1 1 1 1 
1 1 1 1 1 1 1 1 1 
1 1 1 1 1 1 1 1 1 
1 1 1 1 1 1 1 1 1 
1 1 1 1 1 1 1 1 1 
1 1 1 1 1 1 1 1 1 
1 1 1 1 1 1 1 1 1 
1 1 1 1 1 1 1 1 1 
1 1 1 1 1 1 1 1 1 
1 1 1 1 1 1 1 1 1 
1 1 1 1 1 1 1 1 1 
1 1 1 1 1 1 1 1 1 
1 1 1 1 1 1 1 1 1 
1 1 1 1 1 1 1 1 1 
1 1 1 1 1 1 1 1 1 
1 1 1 1 1 1 1 1 1 
1 1 1 1 1 1 1 1 1 
1 1 1 1 1 1 1 1 1 
1 1 1 1 1 1 1 1 1 
1 1 1 1 1 1 1 1 1 
1 1 1 1 1 1 1 1 1 
1 1 1 1 1 1 1 1 1 
1 1 1 1 1 1 1 1 1 
1 1 1 1 1 1 1 1 1 
1 1 1 1 1 1 1 1 1 
1 1 1 1 1 1 1 1 1 
1 1 1 1 1 1 1 1 1 
1 1 1 1 1 1 1 1 1 
1 1 1 1 1 1 1 1 1 
1 1 1 1 1 1 1 1 1 
1 1 1 1 1 1 1 1 1 
1 1 1 1 1 1 1 1 1 
1 1 1 1 1 1 1 1 1 
1 1 1 1 1 1 1 1 1 
1 1 1 1 1 1 1 1 1 
1 1 1 1 1 1 1 1 1 
1 1 1 1 1 1 1 1 1 
1 1 1 1 1 1 1 1 1 
1 1 1 1 1 1 1 1 1 
1 1 1 1 1 1 1 1 1 
1 1 1 1 1 1 1 1 1 
1 1 1 1 1 1 1 1 1 
1 1 1 1 1 1 1 1 1 
1 1 1 1 1 1 1 1 1 
1 1 1 1 1 1 1 1 1 
1 1 1 1 1 1 1 1 1 
1 1 1 1 1 1 1 1 1 
1 1 1 1 1 1 1 1 1 
1 1 1 1 1 1 1 1 1 
1 1 1 1 1 1 1 1 1 
1 1 1 1 1 1 1 1 1 
1 1 1 1 1 1 1 1 1 
1 1 1 1 1 1 1 1 1 
1 1 1 1 1 1 1 1 1 
1 1 1 1 1 1 1 1 1 
1 1 1 1 1 1 1 1 1 
1 1 1 1 1 1 1 1 1 
1 1 1 1 1 1 1 1 1 
1 1 1 1 1 1 1 1 1 
1 1 1 1 1 1 1 1 1 
1 1 1 1 1 1 1 1 1 
1 1 1 1 1 1 1 1 1 
1 1 1 1 1 1 1 1 1 
1 1 1 1 1 1 1 1 1 
1 1 1 1 1 1 1 1 1 
1 1 1 1 1 1 1 1 1 
1 1 1 1 1 1 1 1 1 
1 1 1 1 1 1 1 1 1 
1 1 1 1 1 1 1 1 1 
1 1 1 1 1 1 1 1 1 
1 1 1 1 1 1 1 1 1 
1 1 1 1 1 1 1 1 1 
1 1 1 1 1 1 1 1 1 
1 1 1 1 1 1 1 1 1 
1 1 1 1 1 1 1 1 1 
1 1 1 1 1 1 1 1 1 
1 1 1 1 1 1 1 1 1 
1 1 1 1 1 1 1 1 1 
1 1 1 1 1 1 1 1 1 
1 1 1 1 1 1 1 1 1 
1 1 1 1 1 1 1 1 1 
1 1 1 1 1 1 1 1 1 
1 1 1 1 1 1 1 1 1 
1 1 1 1 1 1 1 1 1 
1 1 1 1 1 1 1 1 1 
1 1 1 1 1 1 1 1 1 
1 1 1 1 1 1 1 1 1 
1 1 1 1 1 1 1 1 1 
1 1 1 1 1 1 1 1 1 
1 1 1 1 1 1 1 1 1 
1 1 1 1 1 1 1 1 1 
1 1 1 1 1 1 1 1 1 
1 1 1 1 1 1 1 1 1 
1 1 1 1 1 1 1 1 1 
1 1 1 1 1 1 1 1 1 
1 1 1 1 1 1 1 1 1 
1 1 1 1 1 1 1 1 1 
1 1 1 1 1 1 1 1 1 
1 1 1 1 1 1 1 1 1 
1 1 1 1 1 1 1 1 1 
1 1 1 1 1 1 1 1 1 
1 1 1 1 1 1 1 1 1 
1 1 1 1 1 1 1 1 1 
1 1 1 1 1 1 1 1 1 
1 1 1 1 1 1 1 1 1 
1 1 1 1 1 1 1 1 1 
1 1 1 1 1 1 1 1 1 
1 1 1 1 1 1 1 1 1 
1 1 1 1 1 1 1 1 1 
1 1 1 1 1 1 1 1 1 
1 1 1 1 1 1 1 1 1 
1 1 1 1 1 1 1 1 1 
1 1 1 1 1 1 1 1 1 
1 1 1 1 1 1 1 1 1 
1 1 1 1 1 1 1 1 1 
1 1 1 1 1 1 1 1 1 
1 1 1 1 1 1 1 1 1 
1 1 1 1 1 1 1 1 1 
1 1 1 1 1 1 1 1 1 
1 1 1 1 1 1 1 1 1 
1 1 1 1 1 1 1 1 1 
1 1 1 1 1 1 1 1 1 
1 1 1 1 1 1 1 1 1 
1 1 1 1 1 1 1 1 1 
1 1 1 1 1 1 1 1 1 
1 1 1 1 1 1 1 1 1 
1 1 1 1 1 1 1 1 1 
1 1 1 1 1 1 1 1 1 
1 1 1 1 1 1 1 1 1 
1 1 1 1 1 1 1 1 1 
1 1 1 1 1 1 1 1 1 
1 1 1 1 1 1 1 1 1 
1 1 1 1 1 1 1 1 1 
1 1 1 1 1 1 1 1 1 
1 1 1 1 1 1 1 1 1 
1 1 1 1 1 1 1 1 1 
1 1 1 1 1 1 1 1 1 
1 1 1 1 1 1 1 1 1 
1 1 1 1 1 1 1 1 1 
1 1 1 1 1 1 1 1 1 
1 1 1 1 1 1 1 1 1 
1 1 1 1 1 1 1 1 1 
1 1 1 1 1 1 1 1 1 
1 1 1 1 1 1 1 1 1 
1 1 1 1 1 1 1 1 1 
1 1 1 1 1 1 1 1 1 
1 1 1 1 1 1 1 1 1 
1 1 1 1 1 1 1 1 1 
1 1 1 1 1 1 1 1 1 
1 1 1 1 1 1 1 1 1 
1 1 1 1 1 1 1 1 1 
1 1 1 1 1 1 1 1 1 
1 1 1 1 1 1 1 1 1 
1 1 1 1 1 1 1 1 1 
1 1 1 1 1 1 1 1 1 
1 1 1 1 1 1 1 1 1 
1 1 1 1 1 1 1 1 1 
1 1 1 1 1 1 1 1 1 
1 1 1 1 1 1 1 1 1 
1 1 1 1 1 1 1 1 1 
1 1 1 1 1 1 1 1 1 
1 1 1 1 1 1 1 1 1 
1 1 1 1 1 1 1 1 1 
1 1 1 1 1 1 1 1 1 
1 1 1 1 1 1 1 1 1 
1 1 1 1 1 1 1 1 1 
1 1 1 1 1 1 1 1 1 
1 1 1 1 1 1 1 1 1 
1 1 1 1 1 1 1 1 1 
1 1 1 1 1 1 1 1 1 
1 1 1 1 1 1 1 1 1 
1 1 1 1 1 1 1 1 1 
1 1 1 1 1 1 1 1 1 
1 1 1 1 1 1 1 1 1 
1 1 1 1 1 1 1 1 1 
1 1 1 1 1 1 1 1 1 
1 1 1 1 1 1 1 1 1 
1 1 1 1 1 1 1 1 1 
1 1 1 1 1 1 1 1 1 
1 1 1 1 1 1 1 1 1 
1 1 1 1 1 1 1 1 1 
1 1 1 1 1 1 1 1 1 
1 1 1 1 1 1 1 1 1 
1 1 1 1 1 1 1 1 1 
1 1 1 1 1 1 1 1 1 
1 1 1 1 1 1 1 1 1 
1 1 1 1 1 1 1 1 1 
1 1 1 1 1 1 1 1 1 
1 1 1 1 1 1 1 1 1 
1 1 1 1 1 1 1 1 1 
1 1 1 1 1 1 1 1 1 
1 1 1 1 1 1 1 1 1 
1 1 1 1 1 1 1 1 1 
1 1 1 1 1 1 1 1 1 
1 1 1 1 1 1 1 1 1 
1 1 1 1 1 1 1 1 1 
1 1 1 1 1 1 1 1 1 
1 1 1 1 1 1 1 1 1 
1 1 1 1 1 1 1 1 1 
1 1 1 1 1 1 1 1 1 
1 1 1 1 1 1 1 1 1 
1 1 1 1 1 1 1 1 1 
1 1 1 1 1 1 1 1 1 
1 1 1 1 1 1 1 1 1 
1 1 1 1 1 1 1 1 1 
1 1 1 1 1 1 1 1 1 
1 1 1 1 1 1 1 1 1 
1 1 1 1 1 1 1 1 1 
1 1 1 1 1 1 1 1 1 
1 1 1 1 1 1 1 1 1 
1 1 1 1 1 1 1 1 1 
1 1 1 1 1 1 1 1 1 
1 1 1 1 1 1 1 1 1 
1 1 1 1 1 1 1 1 1 
1 1 1 1 1 1 1 1 1 
1 1 1 1 1 1 1 1 1 
1 1 1 1 1 1 1 1 1 
1 1 1 1 1 1 1 1 1 
1 1 1 1 1 1 1 1 1 
1 1 1 1 1 1 1 1 1 
1 1 1 1 1 1 1 1 1 
1 1 1 1 1 1 1 1 1 
1 1 1 1 1 1 1 1 1 
1 1 1 1 1 1 1 1 1 
1 1 1 1 1 1 1 1 1 
1 1 1 1 1 1 1 1 1 
1 1 1 1 1 1 1 1 1 
1 1 1 1 1 1 1 1 1 
1 1 1 1 1 1 1 1 1 
1 1 1 1 1 1 1 1 1 
1 1 1 1 1 1 1 1 1 
1 1 1 1 1 1 1 1 1 
1 1 1 1 1 1 1 1 1 
1 1 1 1 1 1 1 1 1 
1 1 1 1 1 1 1 1 1 
1 1 1 1 1 1 1 1 1 
1 1 1 1 1 1 1 1 1 
1 1 1 1 1 1 1 1 1 
1 1 1 1 1 1 1 1 1 
1 1 1 1 1 1 1 1 1 
1 1 1 1 1 1 1 1 1 
1 1 1 1 1 1 1 1 1 
1 1 1 1 1 1 1 1 1 
1 1 1 1 1 1 1 1 1 
1 1 1 1 1 1 1 1 1 
1 1 1 1 1 1 1 1 1 
1 1 1 1 1 1 1 1 1 
1 1 1 1 1 1 1 1 1 
1 1 1 1 1 1 1 1 1 
1 1 1 1 1 1 1 1 1 
1 1 1 1 1 1 1 1 1 
1 1 1 1 1 1 1 1 1 
1 1 1 1 1 1 1 1 1 
1 1 1 1 1 1 1 1 1 
1 1 1 1 1 1 1 1 1 
1 1 1 1 1 1 1 1 1 
1 1 1 1 1 1 1 1 1 
1 1 1 1 1 1 1 1 1 
1 1 1 1 1 1 1 1 1 
1 1 1 1 1 1 1 1 1 
1 1 1 1 1 1 1 1 1 
1 1 1 1 1 1 1 1 1 
1 1 1 1 1 1 1 1 1 
1 1 1 1 1 1 1 1 1 
1 1 1 1 1 1 1 1 1 
1 1 1 1 1 1 1 1 1 
1 1 1 1 1 1 1 1 1 
1 1 1 1 1 1 1 1 1 
1 1 1 1 1 1 1 1 1 
1 1 1 1 1 1 1 1 1 
1 1 1 1 1 1 1 1 1 
1 1 1 1 1 1 1 1 1 
1 1 1 1 1 1 1 1 1 
1 1 1 1 1 1 1 1 1 
1 1 1 1 1 1 1 1 1 
1 1 1 1 1 1 1 1 1 
1 1 1 1 1 1 1 1 1 
1 1 1 1 1 1 1 1 1 
1 1 1 1 1 1 1 1 1 
1 1 1 1 1 1 1 1 1 
1 1 1 1 1 1 1 1 1 
1 1 1 1 1 1 1 1 1 
1 1 1 1 1 1 1 1 1 
1 1 1 1 1 1 1 1 1 
1 1 1 1 1 1 1 1 1 
1 1 1 1 1 1 1 1 1 
1 1 1 1 1 1 1 1 1 
1 1 1 1 1 1 1 1 1 
1 1 1 1 1 1 1 1 1 
1 1 1 1 1 1 1 1 1 
1 1 1 1 1 1 1 1 1 
1 1 1 1 1 1 1 1 1 
1 1 1 1 1 1 1 1 1 
1 1 1 1 1 1 1 1 1 
1 1 1 1 1 1 1 1 1 
1 1 1 1 1 1 1 1 1 
1 1 1 1 1 1 1 1 1 
1 1 1 1 1 1 1 1 1 
1 1 1 1 1 1 1 1 1 
1 1 1 1 1 1 1 1 1 
1 1 1 1 1 1 1 1 1 
1 1 1 1 1 1 1 1 1 
1 1 1 1 1 1 1 1 1 
1 1 1 1 1 1 1 1 1 
1 1 1 1 1 1 1 1 1 
1 1 1 1 1 1 1 1 1 
1 1 1 1 1 1 1 1 1 
1 1 1 1 1 1 1 1 1 
1 1 1 1 1 1 1 1 1 
1 1 1 1 1 1 1 1 1 
1 1 1 1 1 1 1 1 1 
1 1 1 1 1 1 1 1 1 
1 1 1 1 1 1 1 1 1 
1 1 1 1 1 1 1 1 1 
1 1 1 1 1 1 1 1 1 
1 1 1 1 1 1 1 1 1 
1 1 1 1 1 1 1 1 1 
1 1 1 1 1 1 1 1 1 
1 1 1 1 1 1 1 1 1 
1 1 1 1 1 1 1 1 1 
1 1 1 1 1 1 1 1 1 
1 1 1 1 1 1 1 1 1 
1 1 1 1 1 1 1 1 1 
1 1 1 1 1 1 1 1 1 
1 1 1 1 1 1 1 1 1 
1 1 1 1 1 1 1 1 1 
1 1 1 1 1 1 1 1 1 
1 1 1 1 1 1 1 1 1 
1 1 1 1 1 1 1 1 1 
1 1 1 1 1 1 1 1 1 
1 1 1 1 1 1 1 1 1 
1 1 1 1 1 1 1 1 1 
1 1 1 1 1 1 1 1 1 
1 1 1 1 1 1 1 1 1 
1 1 1 1 1 1 1 1 1 
1 1 1 1 1 1 1 1 1 
1 1 1 1 1 1 1 1 1 
1 1 1 1 1 1 1 1 1 
1 1 1 1 1 1 1 1 1 
1 1 1 1 1 1 1 1 1 
1 1 1 1 1 1 1 1 1 
1 1 1 1 1 1 1 1 1 
1 1 1 1 1 1 1 1 1 
1 1 1 1 1 1 1 1 1 
1 1 1 1 1 1 1 1 1 
1 1 1 1 1 1 1 1 1 
1 1 1 1 1 1 1 1 1 
1 1 1 1 1 1 1 1 1 
1 1 1 1 1 1 1 1 1 
1 1 1 1 1 1 1 1 1 
1 1 1 1 1 1 1 1 1 
1 1 1 1 1 1 1 1 1 
1 1 1 1 1 1 1 1 1 
1 1 1 1 1 1 1 1 1 
1 1 1 1 1 1 1 1 1 
1 1 1 1 1 1 1 1 1 
1 1 1 1 1 1 1 1 1 
1 1 1 1 1 1 1 1 1 
1 1 1 1 1 1 1 1 1 
1 1 1 1 1 1 1 1 1 
1 1 1 1 1 1 1 1 1 
1 1 1 1 1 1 1 1 1 
1 1 1 1 1 1 1 1 1 
1 1 1 1 1 1 1 1 1 
1 1 1 1 1 1 1 1 1 
1 1 1 1 1 1 1 1 1 
1 1 1 1 1 1 1 1 1 
1 1 1 1 1 1 1 1 1 
1 1 1 1 1 1 1 1 1 
1 1 1 1 1 1 1 1 1 
1 1 1 1 1 1 1 1 1 
1 1 1 1 1 1 1 1 1 
1 1 1 1 1 1 1 1 1 
1 1 1 1 1 1 1 1 1 
1 1 1 1 1 1 1 1 1 
1 1 1 1 1 1 1 1 1 
1 1 1 1 1 1 1 1 1 
1 1 1 1 1 1 1 1 1 
1 1 1 1 1 1 1 1 1 
1 1 1 1 1 1 1 1 1 
1 1 1 1 1 1 1 1 1 
1 1 1 1 1 1 1 1 1 
1 1 1 1 1 1 1 1 1 
1 1 1 1 1 1 1 1 1 
1 1 1 1 1 1 1 1 1 
1 1 1 1 1 1 1 1 1 
1 1 1 1 1 1 1 1 1 
1 1 1 1 1 1 1 1 1 
1 1 1 1 1 1 1 1 1 
1 1 1 1 1 1 1 1 1 
1 1 1 1 1 1 1 1 1 
1 1 1 1 1 1 1 1 1 
1 1 1 1 1 1 1 1 1 
1 1 1 1 1 1 1 1 1 
1 1 1 1 1 1 1 1 1 
1 1 1 1 1 1 1 1 1 
1 1 1 1 1 1 1 1 1 
1 1 1 1 1 1 1 1 1 
1 1 1 1 1 1 1 1 1 
1 1 1 1 1 1 1 1 1 
1 1 1 1 1 1 1 1 1 
1 1 1 1 1 1 1 1 1 
1 1 1 1 1 1 1 1 1 
1 1 1 1 1 1 1 1 1 
1 1 1 1 1 1 1 1 1 
1 1 1 1 1 1 1 1 1 
1 1 1 1 1 1 1 1 1 
1 1 1 1 1 1 1 1 1 
1 1 1 1 1 1 1 1 1 
1 1 1 1 1 1 1 1 1 
1 1 1 1 1 1 1 1 1 
1 1 1 1 1 1 1 1 1 
1 1 1 1 1 1 1 1 1 
1 1 1 1 1 1 1 1 1 
1 1 1 1 1 1 1 1 1 
1 1 1 1 1 1 1 1 1 
1 1 1 1 1 1 1 1 1 
1 1 1 1 1 1 1 1 1 
1 1 1 1 1 1 1 1 1 
1 1 1 1 1 1 1 1 1 
1 1 1 1 1 1 1 1 1 
1 1 1 1 1 1 1 1 1 
1 1 1 1 1 1 1 1 1 
1 1 1 1 1 1 1 1 1 
1 1 1 1 1 1 1 1 1 
1 1 1 1 1 1 1 1 1 
1 1 1 1 1 1 1 1 1 
1 1 1 1 1 1 1 1 1 
1 1 1 1 1 1 1 1 1 
1 1 1 1 1 1 1 1 1 
1 1 1 1 1 1 1 1 1 
1 1 1 1 1 1 1 1 1 
1 1 1 1 1 1 1 1 1 
1 1 1 1 1 1 1 1 1 
1 1 1 1 1 1 1 1 1 
1 1 1 1 1 1 1 1 1 
1 1 1 1 1 1 1 1 1 
1 1 1 1 1 1 1 1 1 
1 1 1 1 1 1 1 1 1 
1 1 1 1 1 1 1 1 1 
1 1 1 1 1 1 1 1 1 
1 1 1 1 1 1 1 1 1 
1 1 1 1 1 1 1 1 1 
1 1 1 1 1 1 1 1 1 
1 1 1 1 1 1 1 1 1 
1 1 1 1 1 1 1 1 1 
1 1 1 1 1 1 1 1 1 
1 1 1 1 1 1 1 1 1 
1 1 1 1 1 1 1 1 1 
1 1 1 1 1 1 1 1 1 
1 1 1 1 1 1 1 1 1 
1 1 1 1 1 1 1 1 1 
1 1 1 1 1 1 1 1 1 
1 1 1 1 1 1 1 1 1 
1 1 1 1 1 1 1 1 1 
1 1 1 1 1 1 1 1 1 
1 1 1 1 1 1 1 1 1 
1 1 1 1 1 1 1 1 1 
1 1 1 1 1 1 1 1 1 
1 1 1 1 1 1 1 1 1 
1 1 1 1 1 1 1 1 1 
1 1 1 1 1 1 1 1 1 
1 1 1 1 1 1 1 1 1 
1 1 1 1 1 1 1 1 1 
1 1 1 1 1 1 1 1 1 
1 1 1 1 1 1 1 1 1 
1 1 1 1 1 1 1 1 1 
1 1 1 1 1 1 1 1 1 
1 1 1 1 1 1 1 1 1 
1 1 1 1 1 1 1 1 1 
1 1 1 1 1 1 1 1 1 
1 1 1 1 1 1 1 1 1 
1 1 1 1 1 1 1 1 1 
1 1 1 1 1 1 1 1 1 
1 1 1 1 1 1 1 1 1 
1 1 1 1 1 1 1 1 1 
1 1 1 1 1 1 1 1 1 
1 1 1 1 1 1 1 1 1 
1 1 1 1 1 1 1 1 1 
1 1 1 1 1 1 1 1 1 
1 1 1 1 1 1 1 1 1 
1 1 1 1 1 1 1 1 1 
1 1 1 1 1 1 1 1 1 
1 1 1 1 1 1 1 1 1 
1 1 1 1 1 1 1 1 1 
1 1 1 1 1 1 1 1 1 
1 1 1 1 1 1 1 1 1 
1 1 1 1 1 1 1 1 1 
1 1 1 1 1 1 1 1 1 
1 1 1 1 1 1 1 1 1 
1 1 1 1 1 1 1 1 1 
1 1 1 1 1 1 1 1 1 
1 1 1 1 1 1 1 1 1 
1 1 1 1 1 1 1 1 1 
1 1 1 1 1 1 1 1 1 
1 1 1 1 1 1 1 1 1 
1 1 1 1 1 1 1 1 1 
1 1 1 1 1 1 1 1 1 
1 1 1 1 1 1 1 1 1 
1 1 1 1 1 1 1 1 1 
1 1 1 1 1 1 1 1 1 
1 1 1 1 1 1 1 1 1 
1 1 1 1 1 1 1 1 1 
1 1 1 1 1 1 1 1 1 
1 1 1 1 1 1 1 1 1 
1 1 1 1 1 1 1 1 1 
1 1 1 1 1 1 1 1 1 
1 1 1 1 1 1 1 1 1 
1 1 1 1 1 1 1 1 1 
1 1 1 1 1 1 1 1 1 
1 1 1 1 1 1 1 1 1 
1 1 1 1 1 1 1 1 1 
1 1 1 1 1 1 1 1 1 
1 1 1 1 1 1 1 1 1 
1 1 1 1 1 1 1 1 1 
1 1 1 1 1 1 1 1 1 
1 1 1 1 1 1 1 1 1 
1 1 1 1 1 1 1 1 1 
1 1 1 1 1 1 1 1 1 
1 1 1 1 1 1 1 1 1 
1 1 1 1 1 1 1 1 1 
1 1 1 1 1 1 1 1 1 
1 1 1 1 1 1 1 1 1 
1 1 1 1 1 1 1 1 1 
1 1 1 1 1 1 1 1 1 
1 1 1 1 1 1 1 1 1 
1 1 1 1 1 1 1 1 1 
1 1 1 1 1 1 1 1 1 
1 1 1 1 1 1 1 1 1 
1 1 1 1 1 1 1 1 1 
1 1 1 1 1 1 1 1 1 
1 1 1 1 1 1 1 1 1 
1 1 1 1 1 1 1 1 1 
1 1 1 1 1 1 1 1 1 
1 1 1 1 1 1 1 1 1 
1 1 1 1 1 1 1 1 1 
1 1 1 1 1 1 1 1 1 
1 1 1 1 1 1 1 1 1 
1 1 1 1 1 1 1 1 1 
1 1 1 1 1 1 1 1 1 
1 1 1 1 1 1 1 1 1 
1 1 1 1 1 1 1 1 1 
1 1 1 1 1 1 1 1 1 
1 1 1 1 1 1 1 1 1 
1 1 1 1 1 1 1 1 1 
1 1 1 1 1 1 1 1 1 
1 1 1 1 1 1 1 1 1 
1 1 1 1 1 1 1 1 1 
1 1 1 1 1 1 1 1 1 
1 1 1 1 1 1 1 1 1 
1 1 1 1 1 1 1 1 1 
1 1 1 1 1 1 1 1 1 
1 1 1 1 1 1 1 1 1 
1 1 1 1 1 1 1 1 1 
1 1 1 1 1 1 1 1 1 
1 1 1 1 1 1 1 1 1 
1 1 1 1 1 1 1 1 1 
1 1 1 1 1 1 1 1 1 
1 1 1 1 1 1 1 1 1 
1 1 1 1 1 1 1 1 1 
1 1 1 1 1 1 1 1 1 
1 1 1 1 1 1 1 1 1 
1 1 1 1 1 1 1 1 1 
1 1 1 1 1 1 1 1 1 
1 1 1 1 1 1 1 1 1 
1 1 1 1 1 1 1 1 1 
1 1 1 1 1 1 1 1 1 
1 1 1 1 1 1 1 1 1 
1 1 1 1 1 1 1 1 1 
1 1 1 1 1 1 1 1 1 
1 1 1 1 1 1 1 1 1 
1 1 1 1 1 1 1 1 1 
1 1 1 1 1 1 1 1 1 
1 1 1 1 1 1 1 1 1 
1 1 1 1 1 1 1 1 1 
1 1 
METADATA
INFORMATION 0

