####
#
# OBJ File Generated by Meshlab
#
####
# Object blood vessel_final.obj
#
# Vertices: 2492
# Faces: 5000
#
####
vn 0.2145060 -0.1107099 0.9704280
v -111.5236816 109.2264175 1536.8339844
vn -0.6746656 0.6282817 0.3874125
v -111.2964401 109.0836716 1537.2587891
vn -0.8350589 0.2569331 -0.4864793
v -111.1212997 109.1294556 1537.9685059
vn 0.1043376 -0.3465874 -0.9321969
v -113.4534607 99.3630447 1543.8195801
vn -0.3159061 0.1353770 -0.9390827
v -114.0312653 101.1583786 1543.2280273
vn -0.5208009 -0.8155096 -0.2524097
v -111.6328354 109.1864090 1538.1862793
vn -0.1155955 -0.9932617 0.0082968
v -111.3913040 109.2359467 1537.7969971
vn -0.8496549 -0.3442501 -0.3994727
v -113.8911285 100.2950439 1543.6356201
vn 0.8475364 0.0204478 -0.5303431
v -113.3694839 99.8420944 1543.8564453
vn 0.9683964 0.0764287 -0.2374178
v -112.8088608 102.7023087 1545.8605957
vn -0.3296147 0.4298207 -0.8406000
v -114.0463638 101.3582535 1543.3530273
vn -0.7784320 -0.5665562 -0.2702920
v -114.0849762 110.7902756 1543.0385742
vn -0.4919542 -0.8624070 -0.1193117
v -118.6156921 114.1252594 1544.3703613
vn 0.5580679 0.8297905 -0.0028416
v -115.4041748 111.5409775 1545.2163086
vn -0.3895974 -0.2688784 0.8808622
v -118.6116791 114.1120911 1544.3299561
vn 0.7847371 -0.5259211 0.3280164
v -118.7982407 114.2200317 1544.3020020
vn 0.9779686 -0.1598137 -0.1343022
v -112.6051483 105.7729721 1547.7387695
vn 0.0063139 -0.8725635 -0.4884599
v -113.0777054 107.8967667 1545.0275879
vn 0.9207868 0.3479424 -0.1763174
v -111.2866135 109.2476425 1539.2233887
vn 0.7044393 0.7081454 0.0479093
v -112.6150970 109.7805786 1545.0471191
vn -0.4881784 -0.6668054 -0.5630740
v -116.2255478 112.0920944 1545.0961914
vn -0.9421071 -0.3352433 0.0067962
v -114.1809616 100.2904968 1546.1204834
vn -0.6948321 0.7101047 -0.1138407
v -113.0887527 97.8129044 1544.4638672
vn 0.3953152 0.7898823 0.4688410
v -113.0947342 97.8128586 1544.4599609
vn 0.9847206 -0.1349600 0.1100509
v -113.0168457 100.5970230 1545.7752686
vn 0.7551175 -0.4150893 0.5074431
v -114.1227341 102.4545364 1549.7008057
vn -0.9517181 -0.1310064 -0.2776149
v -114.8293076 105.7593002 1548.2869873
vn -0.2486573 0.1441591 -0.9578036
v -113.7248917 105.2935562 1546.7420654
vn -0.7225190 -0.4651897 -0.5114341
v -114.1666107 108.3952332 1545.4002686
vn -0.8867491 -0.4300485 -0.1695123
v -116.1282730 111.3619232 1546.2783203
vn -0.6254005 0.5644770 0.5387391
v -116.2417526 112.0812683 1546.7817383
vn 0.3997288 0.9143845 0.0641719
v -116.0524979 112.0262680 1546.8144531
vn -0.4103197 -0.3690209 0.8339432
v -114.9667206 103.3336563 1551.3885498
vn -0.9819314 0.0364822 -0.1856872
v -114.4157104 102.0150681 1545.5684814
vn 0.9228144 -0.3736385 -0.0938504
v -112.1044998 108.1982651 1545.7583008
vn -0.4707115 -0.8417956 0.2642175
v -110.5385208 144.7344360 1550.7473145
vn -0.6025624 -0.6775031 0.4217915
v -115.0370941 103.0698090 1551.0189209
vn 0.9214705 -0.2414413 0.3042995
v -112.9308701 105.7283173 1549.7703857
vn -0.8535777 -0.5046551 0.1293389
v -115.2760925 106.1201096 1551.9893799
vn -0.7495252 -0.5041988 -0.4289472
v -111.8616257 141.9064026 1551.9698486
vn -0.7684621 0.0435327 -0.6384129
v -111.5828781 142.9929199 1551.4976807
vn -0.2508628 -0.4067907 -0.8784015
v -118.1995468 106.6288681 1555.6602783
vn 0.9890086 -0.1354906 0.0591977
v -112.8462906 108.5127869 1551.8282471
vn -0.9410484 -0.2286473 -0.2492960
v -116.1924515 107.7465897 1552.9788818
vn -0.8296703 0.5426428 0.1310956
v -115.4230576 111.1850662 1551.1938477
vn -0.5475863 -0.6666348 -0.5057147
v -111.6283417 140.5475769 1553.2886963
vn 0.6908010 -0.4979721 -0.5242307
v -111.2443237 142.3195496 1552.2521973
vn 0.9965922 0.0147558 -0.0811563
v -110.6283493 144.6051941 1550.7976074
vn 0.2565633 0.0858243 0.9627095
v -110.5998993 144.6393738 1550.7510986
vn -0.4399447 0.5548481 -0.7061107
v -121.0380554 102.7401123 1556.1945801
vn 0.0399304 -0.9506269 -0.3077568
v -114.6832428 105.4996567 1556.0806885
vn 0.5484211 -0.7675536 0.3318070
v -114.2810440 106.0330811 1552.4116211
vn 0.9641304 -0.2118521 -0.1599104
v -111.9334717 110.1562195 1557.4355469
vn -0.8723173 0.4677079 -0.1425198
v -116.3953781 110.3628998 1555.4442139
vn 0.8951218 0.4278276 -0.1253823
v -113.1258392 111.2322617 1552.9694824
vn 0.2370653 0.9362462 -0.2593127
v -113.5747070 111.9627151 1554.5168457
vn -0.6557285 0.7204804 -0.2256726
v -114.5166931 113.5547791 1560.2536621
vn 0.8534133 -0.1672648 -0.4936681
v -110.1538391 136.0583191 1557.3291016
vn 0.8950720 -0.1683047 -0.4129403
v -111.1677551 139.1610107 1554.8131104
vn 0.9657651 0.0381095 -0.2566037
v -110.7174149 139.1261597 1555.5393066
vn -0.5408301 0.4754098 0.6938937
v -111.5387039 141.6369171 1554.0073242
vn 0.9465256 0.3155341 0.0672877
v -110.9825134 140.1113892 1555.1254883
vn -0.6259997 0.5750876 0.5266865
v -111.6129379 142.5909576 1553.0957031
vn 0.0703542 -0.3435943 -0.9364793
v -113.6768570 98.6794434 1560.4824219
vn 0.6547221 0.0912455 -0.7503421
v -121.2906799 102.4349289 1556.1668701
vn 0.5487766 0.6600356 0.5130277
v -121.3324356 102.3566360 1556.1116943
vn -0.1410868 -0.9899906 0.0036242
v -109.2082520 105.2677765 1558.5228271
vn 0.3039044 0.5621264 -0.7691918
v -108.6963730 105.5933228 1558.9266357
vn -0.8750039 0.4794871 0.0667857
v -118.8555298 106.9746857 1556.6644287
vn -0.8928275 0.3237050 0.3131681
v -116.9769669 109.0967789 1558.1489258
vn 0.0985776 -0.2016579 -0.9744827
v -113.5059814 84.5759048 1562.0477295
vn -0.3301785 -0.4038763 -0.8531507
v -114.3158264 102.7781372 1559.1942139
vn 0.9331943 -0.2954963 -0.2045247
v -113.8319626 105.5334702 1558.5880127
vn 0.9565563 -0.2802532 0.0803637
v -113.3097992 106.5580215 1560.5301514
vn -0.6888530 -0.1967333 -0.6976945
v -109.3021011 105.2930679 1558.4193115
vn 0.5249868 0.1948532 -0.8285053
v -106.9004974 106.5249405 1560.1663818
vn -0.3417704 0.9178119 -0.2020259
v -107.0902176 106.6125107 1560.4208984
vn 0.4493570 0.7101492 -0.5420023
v -111.4997482 114.2056427 1561.7331543
vn -0.3212067 0.6961209 0.6420609
v -105.8830338 124.2928772 1560.4699707
vn -0.3492089 -0.4579502 -0.8175174
v -108.7039185 128.1213074 1562.3647461
vn -0.3294171 -0.5605175 -0.7598056
v -109.8268890 133.1517334 1559.1337891
vn 0.5353311 -0.3492218 -0.7690675
v -109.3060303 131.5833435 1560.1260986
vn -0.8933715 -0.3440368 -0.2890089
v -110.1054459 132.8152161 1559.7753906
vn 0.9714795 0.2341335 0.0375379
v -109.6460953 135.1999817 1559.3642578
vn -0.9449092 0.1080912 0.3089706
v -110.1763992 133.4319611 1560.8027344
vn -0.9527400 0.0704310 0.2955096
v -110.7782593 137.6814728 1556.0594482
vn 0.5387077 0.6733578 0.5063432
v -110.0336456 136.5976562 1558.6313477
vn -0.9389188 -0.3329366 -0.0870907
v -110.5238495 138.8748169 1556.2366943
vn 0.3357401 0.7969262 -0.5021825
v -113.4302521 83.0025406 1562.6217041
vn 0.0032472 -0.1445959 0.9894855
v -113.4566269 83.8308868 1562.1491699
vn -0.6814269 -0.0084302 -0.7318377
v -113.9718018 89.7108307 1561.9299316
vn -0.9965580 -0.0050175 0.0827469
v -114.1009750 89.5585709 1562.4425049
vn -0.3015703 -0.2510841 -0.9197892
v -113.8134537 87.8498459 1561.9705811
vn -0.1416862 -0.2094926 -0.9674906
v -113.3855286 95.4613342 1561.6806641
vn 0.9504780 -0.0396658 -0.3082502
v -113.1330719 96.3604584 1561.7769775
vn -0.9858931 0.0345310 -0.1637759
v -113.5625153 94.8418198 1562.2113037
vn -0.9259846 -0.3713955 0.0679547
v -114.8828278 103.6244431 1559.6867676
vn -0.2466073 -0.8477153 0.4696422
v -117.9802780 105.9013443 1557.2993164
vn 0.4825459 0.5985641 -0.6394297
v -103.7337265 108.1544952 1563.0123291
vn 0.9200695 -0.3729255 -0.1199943
v -110.3482666 112.3714828 1562.7185059
vn 0.8768704 0.2173897 -0.4287658
v -110.6240463 113.0716324 1561.8192139
vn -0.3583547 -0.6700558 0.6500825
v -105.9540787 124.5024567 1560.5471191
vn -0.6180913 -0.0284721 -0.7855905
v -107.5202332 126.1980286 1561.7769775
vn 0.8085148 0.4374656 -0.3936086
v -108.1936035 127.7992096 1562.7048340
vn -0.2691629 0.6308646 0.7277096
v -110.0129089 135.2525330 1559.9669189
vn -0.4935687 0.8300011 0.2597848
v -113.3390808 83.0026398 1562.5316162
vn 0.9939569 -0.0793821 -0.0758175
v -113.5622711 88.1847763 1562.5555420
vn 0.9954411 -0.0818892 -0.0488996
v -112.9269638 92.1277237 1562.6314697
vn 0.6581476 -0.0790737 0.7487251
v -113.0859604 92.2062073 1562.9588623
vn 0.9780862 0.0849716 0.1900718
v -113.2665863 98.2179642 1562.8438721
vn -0.8134925 -0.1153447 0.5700225
v -115.6383591 108.1917648 1560.6640625
vn -0.3547230 -0.3013130 0.8850888
v -106.7218475 106.6142349 1560.2978516
vn 0.3505993 -0.9357436 -0.0382635
v -104.0056686 108.0287094 1564.4368896
vn 0.2271946 -0.9715069 -0.0675052
v -102.9731445 107.9495010 1564.5660400
vn -0.7625207 0.0456181 0.6453534
v -113.9354324 103.1852875 1561.9885254
vn 0.7315623 -0.4084660 -0.5458683
v -103.7724991 107.9915390 1563.0000000
vn 0.2534256 0.0124317 0.9672750
v -113.9308777 105.6381912 1561.6656494
vn 0.4688658 -0.5963785 0.6515348
v -112.6565170 109.5381088 1562.7249756
vn -0.3411313 0.9397632 -0.0217876
v -104.1487961 108.2228394 1563.4155273
vn -0.9555946 0.2816565 0.0866525
v -115.2961121 112.6128998 1561.3654785
vn -0.8011380 0.4818316 -0.3549876
v -114.5916901 115.5112457 1564.9046631
vn -0.2153881 0.8623409 -0.4582316
v -113.4922791 115.0988617 1562.7783203
vn -0.9330245 -0.2815315 -0.2240652
v -109.3013153 127.5371094 1563.8575439
vn 0.7542906 0.5441437 0.3673601
v -108.8611603 129.6049500 1563.5518799
vn 0.4779027 0.5546849 0.6811267
v -109.5291824 133.5164032 1561.2731934
vn 0.6491517 0.1507246 -0.7455764
v -113.4414978 83.8214111 1562.6982422
vn 0.3982821 -0.2996003 -0.8669550
v -113.7710800 87.6410370 1563.3673096
vn -0.1517705 0.2576727 -0.9542382
v -113.7098999 87.0908890 1563.3571777
vn -0.6025019 0.0363731 0.7972882
v -113.8076248 90.6181488 1562.9472656
vn -0.3695383 -0.0276501 -0.9288040
v -113.5260468 97.2396698 1563.7832031
vn -0.1891960 0.0334067 0.9813709
v -113.5366440 97.4880524 1563.7829590
vn 0.4016297 0.2482936 0.8815010
v -113.6280670 102.1883469 1562.3428955
vn -0.3605801 -0.4579123 0.8125874
v -113.9983292 109.7003098 1563.0452881
vn -0.2991077 -0.6966397 0.6520949
v -112.4945602 112.1254807 1565.4876709
vn 0.2256412 0.9141696 -0.3367194
v -100.9729156 108.9679413 1566.7703857
vn -0.8604354 -0.3514752 0.3689393
v -114.3676910 113.4386063 1564.6440430
vn 0.7653034 -0.6381065 -0.0844445
v -108.8373032 113.8878708 1566.0410156
vn 0.7080135 0.1155001 -0.6966897
v -107.9726944 117.5039520 1567.3094482
vn 0.4578581 -0.6267381 -0.6305279
v -106.8836212 122.3633347 1566.6461182
vn 0.9950641 -0.0773358 -0.0621820
v -105.9207230 124.4457397 1561.2563477
vn -0.9627370 0.2674970 0.0397846
v -108.7288284 123.1196442 1567.9008789
vn 0.9972850 0.0163278 -0.0718054
v -106.1942825 123.7466507 1566.5622559
vn 0.9036099 0.4256088 0.0484390
v -106.3543777 125.5609283 1563.9819336
vn -0.8854484 0.1867245 0.4255763
v -109.3337936 127.9709167 1565.0549316
vn -0.3222244 0.5235965 0.7886813
v -109.6004028 130.2604523 1563.4044189
vn 0.5756562 0.7740492 0.2635677
v -106.6357040 124.3696365 1568.3260498
vn -0.8204987 0.4551867 0.3458136
v -96.0155563 147.4805145 1566.2635498
vn -0.7750279 -0.2289764 -0.5889835
v -96.8042755 145.2736511 1567.5328369
vn -0.9588097 0.2408837 -0.1505293
v -96.7126236 147.1816406 1567.0551758
vn -0.6457812 0.7289863 0.2270368
v -105.5020828 107.5297546 1562.5126953
vn -0.5480861 -0.2424487 -0.8005125
v -118.9410782 116.6665192 1567.7253418
vn -0.5611385 -0.7966835 0.2245418
v -118.9566116 116.7283554 1568.6217041
vn -0.7421115 0.6443946 0.1844615
v -119.4792099 117.2191162 1568.4412842
vn -0.7472603 0.0594508 -0.6618668
v -115.5062485 116.2009583 1567.0297852
vn -0.0806633 0.6364527 0.7670863
v -118.7334137 116.6133423 1567.6553955
vn -0.3219912 0.9136813 -0.2480082
v -114.5222015 117.0701752 1567.8217773
vn 0.4738032 0.8802842 -0.0247049
v -119.3444595 117.1136856 1568.3671875
vn -0.6932421 -0.2012700 -0.6920303
v -108.3310699 122.2590790 1566.9573975
vn -0.1438020 0.5207672 -0.8415002
v -109.5606613 119.0875015 1567.2266846
vn 0.7927526 -0.1966839 -0.5769392
v -105.8102112 120.6311874 1568.5450439
vn 0.0040499 -0.6590934 -0.7520503
v -96.6984100 143.4351196 1568.3568115
vn 0.3431709 0.1864169 -0.9205881
v -95.9461670 148.1961517 1565.9083252
vn -0.0598249 0.9789228 -0.1952720
v -96.1240005 148.6851196 1566.1840820
vn 0.1563701 -0.5821154 -0.7979286
v -96.2094803 148.3970032 1566.4544678
vn -0.8171155 0.2337021 0.5269777
v -102.1776886 108.4156799 1567.0867920
vn 0.4532199 0.7999216 -0.3933409
v -98.4008636 109.2399597 1569.7303467
vn -0.6264359 -0.4920591 0.6045296
v -110.1608658 116.6297913 1572.2917480
vn -0.4028185 -0.7943836 0.4546339
v -114.5105972 115.5171280 1568.5184326
vn -0.2021010 -0.7484682 0.6316254
v -118.3803864 116.5903015 1568.9051514
vn -0.3477816 -0.5609335 0.7512666
v -118.6806488 116.6132278 1568.8826904
vn -0.3575508 0.7124239 0.6038291
v -114.5255356 116.8401413 1569.3352051
vn -0.3896357 0.7371661 0.5520600
v -107.6591873 124.3602905 1568.6166992
vn -0.9298626 -0.2339709 -0.2839246
v -97.5704880 139.3397064 1573.3637695
vn -0.8683348 -0.3201140 -0.3788425
v -97.1224213 141.9380341 1570.2590332
vn 0.3557879 -0.4258341 -0.8319137
v -96.5671463 144.0100861 1568.0258789
vn -0.5013233 0.5488591 0.6689011
v -96.7434845 146.4998322 1567.8007812
vn 0.0164697 -0.9908767 -0.1337613
v -97.3895950 108.1898727 1572.2221680
vn 0.6084519 -0.5478163 -0.5741808
v -97.7157059 109.0148087 1570.5222168
vn -0.4985003 0.8071879 0.3161410
v -100.2766037 109.0178680 1569.2965088
vn 0.2713830 -0.8934351 0.3579456
v -109.7972183 113.7225876 1567.4647217
vn 0.5063468 -0.8387532 -0.2002653
v -102.0979156 117.8171844 1577.3437500
vn -0.7347937 0.6780643 0.0175232
v -110.8689346 119.6797714 1569.5471191
vn -0.6658510 0.6594120 0.3490248
v -108.2995529 122.4027481 1571.2150879
vn 0.8771898 0.3992484 -0.2667185
v -104.9493256 122.4466934 1571.1781006
vn 0.1168180 -0.7084306 -0.6960458
v -96.9966431 139.9605103 1572.1547852
vn -0.9108316 0.3388220 0.2357660
v -97.0981445 143.1892090 1570.4847412
vn -0.0230723 0.7992437 0.6005641
v -96.8464203 143.3265228 1570.6160889
vn -0.5852475 -0.6675465 0.4602904
v -98.2004395 108.3658524 1572.1348877
vn 0.5906429 0.6029447 -0.5362822
v -95.2145691 108.7918549 1573.0035400
vn 0.3960909 -0.9150574 0.0760403
v -106.9838104 115.7675552 1571.7130127
vn 0.8399178 -0.4316441 -0.3289705
v -106.9797897 116.1605377 1569.3562012
vn -0.4278832 -0.3010927 0.8522084
v -114.1635132 116.4136581 1569.6281738
vn 0.8220280 -0.2494333 -0.5119111
v -103.4377975 118.9929199 1573.3093262
vn -0.7397757 0.3514782 0.5737551
v -110.8513489 118.3207474 1571.5987549
vn 0.4589169 -0.1838511 -0.8692492
v -96.1222229 119.9574738 1573.8680420
vn 0.6945360 -0.3311114 -0.6387371
v -94.7833786 135.6847382 1577.0495605
vn 0.9304579 0.2159196 -0.2960184
v -95.2168198 137.8484802 1576.5216064
vn 0.9342129 0.2838818 0.2160034
v -96.6087799 143.7463226 1569.6331787
vn 0.3409569 -0.8448845 -0.4122119
v -95.3633652 108.1290970 1573.1853027
vn -0.1257032 0.9822050 0.1395420
v -96.3837128 109.1178741 1573.8057861
vn -0.7133199 0.4232376 0.5586097
v -98.3183670 108.8672409 1572.1545410
vn 0.3110014 0.9411231 -0.1325349
v -91.9078369 108.6900024 1579.0245361
vn -0.2463159 -0.9045371 0.3480534
v -107.9501648 116.2927170 1574.2718506
vn 0.8881965 0.0657256 0.4547385
v -96.3388443 120.0542297 1574.3176270
vn 0.9999391 -0.0088686 0.0065781
v -96.6818085 120.1235352 1575.7366943
vn -0.1160679 -0.9834161 0.1393589
v -97.1040192 120.3758469 1575.8275146
vn 0.7269755 -0.2167642 0.6515520
v -96.5547562 120.1241455 1574.5852051
vn 0.0278507 0.9982074 0.0529748
v -104.9681549 122.8136139 1573.9436035
vn -0.4215676 -0.6842607 -0.5950363
v -97.0816269 138.1461792 1574.0095215
vn 0.3759867 -0.6126652 -0.6951801
v -94.8942795 133.8844604 1578.4906006
vn -0.9577214 -0.2781945 -0.0733321
v -97.2223053 134.7889252 1579.2034912
vn -0.9115499 0.3350682 0.2383402
v -97.5131760 139.5454865 1574.9488525
vn 0.2486898 -0.1176359 0.9614131
v -124.6816254 69.0518341 1579.4512939
vn -0.3554037 -0.9080376 0.2217116
v -94.1437531 108.0662994 1576.7858887
vn 0.3474607 -0.8530722 -0.3892798
v -91.2634430 107.6390152 1579.0751953
vn 0.7898886 -0.0921599 -0.6062859
v -94.2316208 108.4718475 1573.9876709
vn 0.3567495 -0.5021549 -0.7877628
v -99.1373062 120.3020782 1577.0699463
vn 0.9505484 0.1020546 0.2933303
v -97.4150162 120.4655304 1576.9833984
vn 0.8461671 -0.4245886 0.3220648
v -96.8240280 120.1150436 1576.6325684
vn 0.4051224 0.8926498 -0.1976162
v -97.8848495 120.6837997 1577.3276367
vn -0.6588039 0.7014993 0.2718018
v -105.3820877 121.9838638 1578.2023926
vn 0.7125985 0.6988590 0.0616406
v -95.6979218 139.0207367 1576.4504395
vn -0.1093051 -0.5113046 0.8524201
v -93.2307892 95.2158432 1580.3375244
vn 0.4661043 0.0961475 -0.8794899
v -93.2083969 95.1148071 1580.2889404
vn -0.7833397 -0.0437173 0.6200545
v -93.5228424 108.4649353 1578.3818359
vn 0.6890699 0.2519231 -0.6794981
v -90.3050385 107.8090973 1580.1135254
vn 0.5077447 0.8173214 -0.2723619
v -93.5513077 108.8731384 1575.4801025
vn -0.4513351 0.7184752 0.5292355
v -92.5152054 108.7030334 1579.2888184
vn -0.0084567 -0.9981611 0.0600240
v -101.9443436 117.8383865 1581.3919678
vn -0.6890664 -0.4843909 0.5390297
v -107.1377411 117.6788254 1577.7738037
vn 0.3906270 -0.8971274 -0.2063325
v -99.6549377 118.3874893 1580.2905273
vn 0.9924058 -0.1159625 0.0410304
v -97.6973419 120.3456955 1577.7814941
vn 0.5337201 0.6698508 -0.5161811
v -101.3332672 121.3473587 1576.2069092
vn -0.8489531 0.2093221 0.4852452
v -106.5724945 119.5028839 1578.7321777
vn 0.1423932 0.9812661 -0.1297726
v -102.5202026 122.7811813 1579.0673828
vn -0.0860229 -0.6898792 -0.7187953
v -95.1471176 130.9607391 1581.4477539
vn -0.7811279 -0.5335158 -0.3243456
v -96.4561920 132.5756378 1580.6479492
vn -0.9623656 0.1865459 0.1976185
v -97.3289642 136.9358521 1579.1981201
vn -0.3243666 0.8478839 0.4193796
v -96.7945023 139.4039612 1576.2482910
vn -0.5876589 -0.7885099 0.1814090
v -124.0811768 68.9543762 1580.2009277
vn 0.6935356 -0.2275667 0.6835362
v -125.4620056 69.2633972 1579.4860840
vn -0.6499195 0.3007818 0.6979507
v -124.3665924 68.9409561 1579.5612793
vn -0.7745526 -0.6316074 -0.0337716
v -93.8369446 96.1781693 1581.8193359
vn -0.8074039 0.1101699 -0.5796220
v -93.7514496 96.4367752 1581.3702393
vn -0.0573894 0.3407906 -0.9383860
v -94.5141449 99.5975952 1583.1148682
vn -0.1695933 -0.9803331 0.1009211
v -89.7268753 106.8338242 1581.2280273
vn -0.3812047 -0.7797785 0.4966170
v -87.2957840 107.0297394 1583.3699951
vn 0.3846252 -0.8501066 -0.3596976
v -87.0042877 106.9572220 1583.2141113
vn -0.6270711 -0.6474696 0.4330879
v -90.4922485 107.2414780 1580.7955322
vn 0.5211527 0.7850871 -0.3347210
v -97.7351837 121.9152298 1581.8439941
vn -0.9779173 -0.0573695 0.2009640
v -96.4121552 132.2203979 1582.3489990
vn 0.7827451 0.1667246 -0.5995941
v -92.3344574 135.2987061 1580.7034912
vn -0.5325654 0.6102844 0.5864530
v -95.2052155 138.9589539 1582.7657471
vn -0.3352365 0.9317650 0.1393938
v -95.3692932 139.4336700 1581.1978760
vn 0.4880427 0.8682227 -0.0894636
v -94.1941452 139.1576691 1581.7882080
vn -0.2132562 -0.9759858 -0.0444252
v -124.6441727 69.0179138 1580.2855225
vn 0.8362738 0.3389244 -0.4310179
v -125.1115646 69.0878830 1580.4283447
vn 0.3192599 0.9401505 -0.1191225
v -122.7583466 69.2086258 1583.5740967
vn -0.9585705 -0.1906809 -0.2116208
v -94.5366592 97.1084061 1582.9050293
vn -0.9446599 -0.0981106 -0.3130365
v -95.5905304 101.6973572 1584.4045410
vn 0.9101819 0.2902227 -0.2955332
v -94.2695923 99.7730408 1583.4645996
vn 0.5330379 0.5553459 -0.6383271
v -95.2290955 103.7962570 1584.3077393
vn -0.3264618 0.3240687 -0.8879201
v -95.3169098 103.6039124 1584.1826172
vn 0.3828636 0.8387388 -0.3872115
v -85.6566925 108.4116592 1584.5384521
vn -0.5064965 0.8396249 0.1961920
v -103.0291595 122.6879272 1581.8990479
vn 0.2701494 -0.6067216 -0.7476016
v -93.7956390 128.5249023 1583.6860352
vn 0.4934519 -0.5470903 -0.6761638
v -92.7525864 130.1092682 1583.0567627
vn -0.1555016 -0.8901106 -0.4283953
v -85.2873535 128.9821777 1586.0266113
vn 0.3973066 -0.3244159 -0.8584299
v -88.0177994 131.9471436 1584.5273438
vn 0.7137983 -0.0319576 -0.6996219
v -90.0990067 133.9928284 1582.9951172
vn 0.4303732 -0.5392793 -0.7238486
v -89.9207001 131.6238556 1583.8248291
vn 0.8295236 0.4364157 -0.3484710
v -89.8447495 135.0531006 1583.5794678
vn -0.8800433 0.1211612 0.4591774
v -96.7617416 135.9471436 1581.3593750
vn 0.7317514 0.6691699 -0.1294280
v -91.3195648 136.6285095 1583.4636230
vn 0.4323137 0.1435640 -0.8902215
v -107.5656204 42.6531677 1587.3459473
vn -0.1667317 0.4162833 -0.8938170
v -107.9809494 42.8048744 1587.3265381
vn 0.7892649 0.1266344 0.6008534
v -108.5828934 42.8099442 1587.4368896
vn 0.1185187 -0.9466174 -0.2997812
v -121.7363434 67.6916504 1587.1872559
vn -0.7978906 -0.5679414 0.2020225
v -122.8346100 68.4107513 1585.6229248
vn 0.7349949 0.6413811 -0.2200293
v -121.6298141 68.9024887 1585.5671387
vn -0.6434093 0.7425479 0.1861376
v -122.5490570 68.7850723 1586.8505859
vn -0.1378170 -0.7783972 0.6124576
v -94.3534241 96.5833893 1583.1733398
vn 0.4750321 -0.7392977 0.4772667
v -93.7142944 96.1630402 1581.9500732
vn 0.9102531 -0.0634856 0.4091564
v -94.0238037 98.3980026 1583.4458008
vn 0.6313024 -0.5281211 -0.5679309
v -84.1446152 107.5695343 1585.5312500
vn 0.6813807 0.5875628 -0.4364520
v -82.4656143 108.1696091 1587.1706543
vn -0.5984514 -0.6719440 0.4362880
v -104.1727295 118.5290985 1581.9749756
vn 0.7971288 -0.0349535 -0.6027969
v -95.8974075 121.5566788 1585.5167236
vn -0.6182680 0.7608085 0.1972694
v -100.3774567 123.2649918 1586.5166016
vn -0.2826445 0.9379223 -0.2010322
v -98.9044952 123.9705200 1585.7332764
vn -0.9378923 -0.0893313 -0.3352283
v -95.5901108 126.8024826 1586.1873779
vn 0.4621028 -0.2620889 -0.8472133
v -85.1252365 129.1142578 1585.9531250
vn 0.4055488 -0.4819048 -0.7767226
v -82.4491882 128.4496307 1588.3504639
vn 0.8747730 -0.4595128 -0.1536890
v -91.5399933 129.5204315 1585.5072021
vn 0.0323584 -0.9991127 -0.0269595
v -89.2999496 130.9101410 1585.6591797
vn 0.6035393 0.7934754 0.0783394
v -88.7300415 133.8103027 1585.5662842
vn -0.6544106 0.3821994 0.6524342
v -95.3279419 131.4699860 1584.7834473
vn -0.4575500 0.4064531 0.7908501
v -121.6176529 136.7818909 1588.7203369
vn 0.3685562 0.9148877 0.1647635
v -93.4493484 138.9532776 1583.1104736
vn -0.1088717 0.6392806 0.7612275
v -93.7787857 138.6819763 1583.6505127
vn 0.2341196 -0.9199398 -0.3144818
v -107.2851410 41.7110481 1588.1013184
vn 0.3378380 0.9065198 -0.2531548
v -107.2777100 42.7841949 1588.2679443
vn -0.0463448 -0.4453501 0.8941563
v -94.6401138 98.3948517 1584.1271973
vn 0.9757266 0.0750949 0.2057144
v -94.8741379 102.6377563 1585.2156982
vn -0.9069965 -0.3556807 0.2254962
v -96.5256882 104.8485794 1587.4057617
vn 0.0715351 -0.9835833 -0.1656702
v -82.8985901 107.7060928 1587.8856201
vn -0.7321286 0.3747803 -0.5687947
v -96.1412125 106.4975586 1586.7531738
vn -0.0693084 0.5387451 -0.8396130
v -95.9972458 108.3715744 1588.1253662
vn -0.3054145 0.8661414 0.3956273
v -87.3049240 108.5196075 1583.8902588
vn -0.1328787 -0.9355003 -0.3273874
v -97.9631882 117.2869186 1588.0238037
vn 0.6253564 -0.6429960 -0.4421376
v -96.8424835 118.6533356 1585.9826660
vn -0.8320804 0.3243034 0.4499662
v -103.1525497 121.1574783 1584.1132812
vn 0.5334074 -0.3167466 -0.7843138
v -93.1765671 124.0389023 1587.0482178
vn 0.7120180 -0.3788321 -0.5911995
v -92.2655334 126.9990234 1586.0578613
vn -0.0791838 -0.4351158 -0.8968858
v -94.7127457 125.3524475 1586.3804932
vn 0.9378929 0.0455113 -0.3439270
v -90.4624481 126.6246719 1589.2287598
vn 0.1957275 -0.6609956 -0.7244140
v -79.1096954 126.8350754 1591.4235840
vn -0.8200042 0.5087346 0.2622638
v -95.3718033 127.4569168 1587.9500732
vn 0.6605487 0.4396060 -0.6086231
v -86.2435684 131.3609772 1585.8411865
vn 0.6687046 0.1827059 -0.7207306
v -80.5781326 128.5097961 1589.7656250
vn 0.6131598 0.7796403 -0.1272646
v -84.8248215 131.0615540 1587.3814697
vn -0.3893047 0.7368718 0.5526860
v -93.9160614 129.0847321 1587.8505859
vn 0.2146738 0.5626305 0.7983496
v -92.3208237 130.0924835 1586.7792969
vn -0.2972973 -0.1110521 0.9483047
v -90.2240982 132.0891266 1586.9520264
vn 0.3615869 0.8661181 0.3451005
v -87.1389236 132.6216125 1587.4195557
vn 0.3728558 0.6925415 0.6175476
v -91.3063278 136.1181183 1584.7597656
vn -0.2701041 0.3805836 0.8844207
v -92.3691483 135.8251343 1585.0062256
vn 0.0468277 0.1420287 0.9887543
v -121.7022934 136.9361877 1588.6441650
vn 0.3543339 -0.8152188 0.4581112
v -121.7303162 137.0025787 1588.6452637
vn 0.8723755 0.1908163 0.4500557
v -92.5620804 154.4034424 1591.0839844
vn -0.2081538 0.0553072 -0.9765311
v -108.5735016 42.8425026 1587.5499268
vn 0.9712179 -0.0353299 -0.2355581
v -106.0501251 43.0404129 1591.2342529
vn 0.3161250 -0.8900546 -0.3284324
v -118.7763062 65.9122696 1595.4121094
vn 0.8318930 -0.4209051 -0.3616531
v -121.2745056 68.2130508 1586.5439453
vn -0.7019449 -0.4611716 0.5427652
v -95.6344376 102.1402740 1585.3659668
vn 0.4819634 -0.4701107 0.7393966
v -95.2161255 102.9112320 1585.8831787
vn -0.6526589 0.0305992 0.7570338
v -86.9212952 108.1709518 1584.4375000
vn 0.1792216 0.9385676 -0.2949077
v -78.8769226 107.5073242 1591.8143311
vn 0.9822669 0.1621081 -0.0941952
v -95.8159866 107.6222763 1587.8991699
vn -0.1243827 0.9522777 0.2787403
v -82.4281616 108.1600189 1587.2376709
vn 0.8828639 -0.2176758 -0.4161353
v -94.1918640 113.3922577 1591.4954834
vn -0.8509941 -0.2294602 0.4723951
v -101.5451431 119.5401306 1586.8782959
vn 0.6466022 -0.3933553 -0.6535880
v -94.7439499 119.1449966 1587.5499268
vn -0.1897485 0.7077047 -0.6805509
v -96.6995926 124.8677826 1586.2645264
vn 0.5726906 0.8145180 -0.0926602
v -80.1079330 128.4100494 1590.2286377
vn -0.4611514 0.0526139 0.8857602
v -87.1529083 131.4723969 1588.9864502
vn 0.5286806 -0.3291008 -0.7824253
v -120.8582687 135.1412201 1589.9289551
vn 0.2879779 0.7061943 0.6468062
v -84.2424698 130.0455933 1589.3345947
vn -0.0005913 0.6203226 0.7843465
v -89.8304901 133.6972046 1586.4270020
vn -0.5219479 0.8184459 0.2402432
v -121.5843353 136.5742035 1589.5454102
vn -0.7553688 -0.2461121 -0.6073276
v -92.7024689 153.1929169 1591.8139648
vn -0.8712925 -0.2186903 0.4393449
v -91.9408875 156.1592102 1590.2050781
vn 0.5275688 -0.8476379 -0.0564017
v -107.1360168 41.7704391 1588.4753418
vn -0.8044475 -0.5886810 0.0794918
v -121.9761276 66.6999054 1593.2790527
vn 0.9503771 0.0093166 -0.3109607
v -119.6933746 67.3148346 1591.4960938
vn -0.3480814 -0.2940641 -0.8901492
v -125.6195679 102.7219391 1592.6972656
vn -0.8909346 0.3741570 -0.2573756
v -126.3527679 103.2902451 1593.5340576
vn -0.2003402 -0.6593735 0.7246313
v -96.0880432 108.4608841 1590.7116699
vn -0.7156642 -0.4747115 0.5123219
v -96.5714035 106.0301208 1588.4892578
vn -0.7639264 -0.6275549 0.1503040
v -96.1895599 113.6709595 1594.9141846
vn -0.3291269 0.8407395 0.4299217
v -81.8870010 107.4558640 1588.9810791
vn -0.9931749 -0.0890150 0.0753662
v -96.7176285 109.0979233 1590.4272461
vn -0.7914416 0.3073241 -0.5283675
v -96.3947983 110.0121384 1589.7993164
vn 0.1829824 0.3383024 -0.9230758
v -95.0965042 111.9418030 1590.2027588
vn 0.2643667 -0.5109207 -0.8179672
v -94.9815445 115.4664307 1590.4101562
vn -0.5992524 -0.7995980 0.0392383
v -99.1808548 117.6640930 1588.9466553
vn 0.1759157 -0.1094459 -0.9783022
v -70.9878159 117.1934814 1594.2783203
vn 0.5698565 0.0348124 -0.8210065
v -81.5934448 119.9807739 1592.4964600
vn 0.8234912 -0.5553460 0.1159884
v -82.0746689 119.8100281 1593.7497559
vn 0.7737103 0.3903050 0.4990336
v -81.8760834 120.0005646 1592.8298340
vn 0.7428159 -0.1407461 -0.6545344
v -88.8518677 122.5445709 1592.6638184
vn -0.4530549 -0.8797299 -0.1442799
v -79.0378952 126.3430328 1592.2246094
vn -0.6203989 0.7486602 0.2336946
v -96.7047043 125.3687439 1590.6236572
vn -0.3758841 -0.9150109 0.1465140
v -84.0142746 128.7306213 1587.7526855
vn 0.2494683 0.0983371 -0.9633771
v -71.0922928 124.5635910 1593.7113037
vn -0.6340867 -0.5148169 0.5769727
v -83.7605972 129.3336334 1589.5454102
vn 0.4355780 0.8609312 -0.2628104
v -76.4558640 126.2320328 1593.0106201
vn 0.5360600 0.8382735 0.0996856
v -89.5292511 125.6852646 1594.0864258
vn -0.9379355 -0.3143378 -0.1465226
v -119.2445526 131.0329285 1593.4577637
vn 0.3888104 -0.9193250 -0.0605651
v -120.4659653 134.1709595 1590.7625732
vn -0.2273684 0.0822791 0.9703267
v -86.4034042 131.1512146 1589.5062256
vn -0.9854673 -0.1531297 -0.0735232
v -92.7145157 152.2628937 1593.1921387
vn 0.1402399 -0.8456431 0.5149957
v -92.0196686 156.2652130 1590.1584473
vn -0.3584162 0.8774350 0.3188193
v -68.3019257 157.6212921 1594.2894287
vn -0.2664104 -0.8686066 0.4177895
v -105.9139633 43.1656609 1594.2479248
vn 0.6945263 0.7048820 -0.1441344
v -105.0674362 44.3740807 1595.5605469
vn -0.3670107 -0.9156189 -0.1641499
v -121.8270340 66.7305222 1590.7337646
vn -0.7092716 0.3735149 -0.5978465
v -125.5380402 102.7048569 1592.7408447
vn 0.5557650 -0.3883552 -0.7350547
v -123.3362122 102.2771378 1594.5295410
vn 0.3258902 -0.8404543 -0.4329345
v -81.0138779 107.5894318 1589.5131836
vn 0.5477547 -0.4795133 -0.6855887
v -77.6577148 107.0908051 1593.0543213
vn -0.5762726 0.6744627 0.4615301
v -79.5092010 106.2557831 1592.9116211
vn -0.1206403 -0.2227204 -0.9673890
v -112.7262344 106.8933258 1596.6889648
vn 0.4630847 -0.1724992 -0.8693656
v -73.8293304 109.6684952 1594.2283936
vn 0.0537242 0.4269070 -0.9026982
v -75.8791656 108.8169098 1593.6091309
vn -0.3660959 0.2119079 -0.9061285
v -72.4413147 113.0808487 1594.7878418
vn -0.7457555 0.6422397 -0.1771355
v -76.4399338 110.0114670 1595.8341064
vn -0.8590682 -0.4157643 -0.2985663
v -96.6729507 114.8003845 1591.8442383
vn 0.5257320 -0.2297733 -0.8190300
v -70.7577667 114.2832794 1594.8702393
vn 0.6890858 -0.4943273 -0.5299069
v -91.9146957 116.2489471 1592.6380615
vn -0.8924218 0.3352802 0.3019445
v -99.0797958 121.8824997 1591.5579834
vn -0.0094377 -0.3650496 -0.9309403
v -74.5617523 123.8156586 1593.3851318
vn 0.0431658 -0.2606133 -0.9644778
v -114.8309631 122.4186859 1596.6003418
vn -0.8887125 -0.4038617 -0.2169929
v -74.3364258 122.1560059 1594.5205078
vn 0.6743485 -0.0528353 -0.7365205
v -69.0061722 122.7672043 1594.5739746
vn 0.9432928 -0.0243285 -0.3310693
v -68.2697601 126.3015213 1595.6206055
vn 0.2825155 0.2151571 -0.9348221
v -74.7777557 125.2972870 1593.0329590
vn -0.6404485 -0.2484397 0.7267073
v -78.6842041 126.2989349 1593.1843262
vn -0.8455448 -0.3525111 -0.4009862
v -118.9687729 128.1453400 1595.0633545
vn -0.2394840 -0.4052818 -0.8822665
v -117.9363632 126.7635498 1595.2308350
vn -0.0316797 0.5650477 -0.8244499
v -71.2151794 126.7929611 1594.6092529
vn -0.4695619 0.2655981 0.8420032
v -80.7236328 127.5471649 1591.7471924
vn -0.4434338 0.6302375 0.6373125
v -75.2384644 125.5049362 1594.9283447
vn 0.5163935 0.2427174 -0.8212345
v -68.8088760 126.7385788 1595.0161133
vn -0.9345835 -0.3554653 0.0140783
v -119.5730515 132.3047943 1593.5618896
vn 0.9518245 0.2609853 -0.1609868
v -119.6894226 132.2580261 1592.6900635
vn -0.9035323 -0.0080555 0.4284444
v -120.9066315 135.1369629 1590.9114990
vn 0.4496333 -0.3803328 -0.8081936
v -90.7602844 149.2388000 1594.8729248
vn 0.8959180 0.4217145 -0.1395990
v -90.1473541 149.8479462 1595.7749023
vn 0.8316461 0.4902391 0.2608266
v -91.8810577 153.0728607 1592.7821045
vn -0.4851453 -0.5055156 -0.7135040
v -72.2751846 153.8039703 1597.1765137
vn -0.8178980 0.3300992 0.4712510
v -92.4412994 151.4646606 1595.1381836
vn 0.5523136 -0.6560878 -0.5142943
v -71.8965073 154.7821960 1596.5672607
vn 0.6628758 0.5036792 -0.5539884
v -68.0674667 157.8087311 1594.1395264
vn 0.0382912 -0.9006323 -0.4328918
v -71.6498718 157.3254700 1594.4320068
vn 0.6523398 -0.4088391 0.6382034
v -72.6640625 157.2388611 1594.4266357
vn 0.3292777 0.9136782 -0.2382612
v -116.2621918 67.3395844 1599.1883545
vn -0.9431053 0.0151566 0.3321486
v -121.8132629 67.1419449 1594.6533203
vn 0.3140309 0.9468991 -0.0690407
v -119.4535904 67.8377838 1593.9410400
vn 0.0567423 0.8603360 0.5065593
v -124.9091339 93.4171143 1596.2452393
vn 0.2761976 0.6443075 -0.7131498
v -124.9205322 94.0110550 1596.6411133
vn 0.8825867 -0.2953423 -0.3658057
v -124.7138977 96.8012466 1597.2272949
vn -0.8042290 -0.3719223 -0.4635617
v -124.1915894 100.1825638 1596.6103516
vn 0.3901916 -0.5653272 -0.7267433
v -123.3176651 99.8507919 1596.6248779
vn -0.9214966 -0.0512390 0.3849916
v -126.2795792 103.2156143 1593.6768799
vn -0.8379502 0.3603533 0.4098598
v -124.1258392 100.7982788 1597.2878418
vn 0.4157342 -0.4755283 -0.7752664
v -119.4123688 103.5988617 1597.0590820
vn -0.5808056 -0.7940599 -0.1792592
v -78.2622452 105.0428696 1595.9880371
vn 0.1928359 0.2567575 -0.9470428
v -119.8142853 104.1613693 1596.8724365
vn -0.2066178 0.9159943 -0.3438947
v -120.9402313 104.1759720 1596.7977295
vn 0.0196644 -0.1197839 -0.9926053
v -111.3219299 107.2944565 1596.0682373
vn 0.5382714 -0.3488503 -0.7671815
v -72.6891479 106.5616150 1596.5152588
vn 0.4071930 0.3128950 -0.8580738
v -110.9911499 107.5944290 1596.2838135
vn -0.7355457 0.6194977 0.2742174
v -79.3820114 107.2534332 1592.5433350
vn 0.1140960 -0.7472021 0.6547299
v -95.4184647 112.0245132 1593.8040771
vn 0.7357462 -0.6762348 0.0372024
v -93.9971237 113.2163086 1593.7955322
vn -0.4681303 -0.1686251 -0.8674213
v -72.7697372 117.9828339 1594.5500488
vn -0.9469349 -0.3193694 -0.0362974
v -98.6693573 117.9754944 1593.7181396
vn -0.1586930 -0.2551734 -0.9537836
v -102.2517014 116.1335831 1598.0361328
vn -0.6377176 -0.5317263 -0.5573003
v -99.0574799 116.0374832 1596.7835693
vn 0.8609750 -0.1694446 -0.4795943
v -69.0630646 118.1121292 1595.4750977
vn 0.5250674 -0.6707454 -0.5238367
v -88.3143082 117.2598343 1595.6665039
vn -0.2932637 -0.4150977 -0.8612145
v -117.8980789 119.2039261 1598.3922119
vn 0.9948007 -0.0824426 -0.0597886
v -68.5560226 121.1296082 1595.8873291
vn 0.7339882 0.5664212 -0.3747379
v -81.7134171 121.8168869 1600.1849365
vn -0.0165670 -0.2764428 -0.9608876
v -84.6749573 120.1595764 1595.4155273
vn 0.4261892 0.7563956 -0.4962141
v -84.2483368 121.8361282 1596.3873291
vn -0.6812738 -0.1591079 0.7145283
v -76.4554977 124.9245377 1594.5151367
vn 0.4198972 0.0500843 -0.9061887
v -115.5343094 123.8375320 1596.1295166
vn -0.3009422 0.9087517 0.2891441
v -93.0420685 125.4805374 1595.5661621
vn 0.7024897 0.5879685 -0.4010005
v -87.5043488 124.1204147 1595.1813965
vn 0.8150964 0.1449343 -0.5609028
v -117.9975967 127.6777649 1595.1015625
vn -0.4883415 0.8510830 -0.1928219
v -72.1551208 126.9812317 1595.4147949
vn 0.8327518 0.5378574 0.1312789
v -117.8494415 128.5080566 1596.2761230
vn 0.6757075 0.6516566 0.3446204
v -119.1128311 131.5351868 1594.4768066
vn 0.5912705 0.6877688 0.4211570
v -120.1282425 133.7119598 1592.3520508
vn -0.7360066 0.4434748 -0.5114923
v -68.9736938 132.6495972 1598.0721436
vn 0.2216505 0.2223890 -0.9494284
v -68.1409378 132.6063080 1597.7907715
vn 0.1697684 0.1361339 -0.9760360
v -67.8260727 139.0484772 1598.4254150
vn 0.1593795 0.8001261 0.5782702
v -68.4090729 157.5906525 1594.4429932
vn -0.5224770 -0.7591500 0.3882126
v -106.5450363 42.6598358 1592.2393799
vn -0.6481139 -0.6718116 0.3586330
v -104.7843475 44.7921944 1597.6656494
vn -0.0736474 -0.9904206 -0.1168031
v -118.0190430 65.2848587 1598.4475098
vn 0.4258729 -0.7486641 -0.5080692
v -116.4093704 65.8267746 1597.5924072
vn 0.8000738 -0.0415795 -0.5984590
v -117.1814499 66.4709244 1596.6000977
vn -0.6411899 0.6576159 0.3954959
v -120.7835770 67.6041031 1596.3906250
vn 0.0958874 -0.9069014 -0.4102871
v -124.8811340 93.7487793 1596.3907471
vn -0.7911423 0.1825025 -0.5837694
v -125.0500946 95.4938736 1597.3001709
vn 0.0973542 -0.2551759 -0.9619810
v -66.3376846 97.3396149 1600.2487793
vn -0.2129599 -0.6085322 -0.7644192
v -73.5547104 98.3937225 1600.8260498
vn 0.1546862 -0.3435560 -0.9263053
v -71.5304184 101.0006485 1599.1058350
vn 0.1206302 -0.6910901 -0.7126310
v -76.2728271 104.6310730 1596.6040039
vn 0.2610060 -0.7532657 -0.6037108
v -107.5939865 104.6718903 1599.5390625
vn -0.5634581 0.5972261 0.5708205
v -123.5688477 102.8484116 1596.3607178
vn 0.2865454 -0.9410179 -0.1799366
v -113.1811295 105.7037582 1597.8022461
vn 0.8899787 0.3017098 -0.3419197
v -109.5236893 107.4346085 1598.1259766
vn 0.8960907 -0.3225476 -0.3049339
v -70.0113373 111.9154587 1596.9772949
vn -0.6522142 0.7057281 -0.2767029
v -115.5815201 108.2805481 1598.9482422
vn -0.3458061 0.4804660 -0.8059595
v -112.8263092 109.3373337 1597.8054199
vn 0.2036313 0.1471447 -0.9679270
v -110.3653412 111.8389435 1598.5446777
vn -0.6642606 0.2261611 -0.7124668
v -109.9991531 114.8693237 1599.4230957
vn -0.1057524 -0.1810250 -0.9777763
v -107.1727982 115.1419449 1598.2456055
vn 0.4866893 -0.8575950 -0.1663265
v -91.1363373 114.8690796 1596.7624512
vn -0.0038143 0.0089584 -0.9999526
v -108.3087387 119.1167908 1597.8088379
vn 0.3330963 -0.8867914 -0.3203871
v -84.4500504 118.3086472 1597.8015137
vn 0.0202713 -0.9215431 -0.3877466
v -113.9042282 119.4715729 1598.6301270
vn 0.9733029 -0.0612284 0.2212071
v -68.9112625 117.5362549 1597.2532959
vn 0.1521519 -0.0343619 -0.9877596
v -111.9247284 120.7683716 1597.4604492
vn -0.5033431 0.5109144 -0.6968588
v -100.4696426 119.7409286 1597.9044189
vn 0.1496648 0.6542178 -0.7413498
v -106.2827148 118.9046936 1598.2369385
vn -0.9086785 0.3852645 -0.1608560
v -99.2707291 120.4319687 1596.4091797
vn -0.6056757 -0.0927758 0.7902845
v -116.4878769 122.9132080 1598.8269043
vn -0.4884579 0.8608278 0.1427741
v -96.2327957 123.1602020 1600.2520752
vn -0.8925200 -0.0740352 0.4448896
v -74.3491135 122.5176392 1596.5566406
vn 0.5645581 0.6988826 -0.4391324
v -112.2873077 121.7025833 1597.9128418
vn -0.6504508 0.7232183 0.2320974
v -97.0956955 123.5343704 1594.0646973
vn 0.8640181 -0.1402930 0.4835190
v -68.7360306 124.8867188 1597.4290771
vn 0.7523397 0.6580213 -0.0315132
v -114.8371735 124.3509216 1597.8232422
vn -0.0001595 0.6043999 0.7966811
v -118.3894577 128.9009857 1596.4493408
vn -0.8997039 0.1660039 0.4037025
v -118.8331680 127.5470047 1596.7188721
vn 0.9391401 -0.0571882 -0.3387409
v -67.3555832 131.0095062 1598.2740479
vn 0.1892235 0.6533703 0.7330087
v -118.9583664 130.9512329 1595.0585938
vn 0.7580716 0.0558808 -0.6497729
v -66.3791351 137.3340302 1599.0109863
vn -0.8966618 -0.2546615 -0.3621397
v -68.8084106 138.6912689 1599.2268066
vn 0.2239049 0.3893952 -0.8934417
v -69.3616104 141.6856384 1598.2384033
vn 0.4859541 -0.3593751 -0.7966795
v -88.8508148 146.5157318 1596.7150879
vn -0.2376847 0.6506642 -0.7212088
v -70.8859329 142.5800171 1598.3283691
vn 0.7890840 -0.2528747 -0.5598223
v -87.7624435 145.0907593 1598.8126221
vn -0.5533694 -0.6709738 -0.4935347
v -90.1509933 146.9720764 1596.6324463
vn -0.8946920 -0.4464805 -0.0134700
v -91.3485031 148.7775726 1596.1165771
vn -0.0986993 -0.7041546 -0.7031536
v -72.1061172 150.1881561 1599.8558350
vn 0.3153499 -0.5692067 -0.7593143
v -71.8889694 151.3228607 1598.7503662
vn 0.5848763 0.6958503 0.4167881
v -89.8162155 148.9431763 1597.0025635
vn -0.3707300 0.4946354 0.7860630
v -92.1322021 151.2097931 1595.5755615
vn 0.0752335 -0.7092791 -0.7009017
v -72.4848709 156.7696838 1595.1195068
vn 0.9198878 -0.3665570 0.1394364
v -71.7243958 154.6975250 1597.5623779
vn 0.6143041 -0.7637289 0.1983654
v -104.7524261 44.5710564 1597.2510986
vn -0.7565225 0.6526821 -0.0409855
v -105.0717163 44.3666725 1596.2541504
vn 0.0242682 0.3009917 -0.9533179
v -42.9138069 91.2168961 1602.8682861
vn -0.3958100 0.1275162 -0.9094362
v -126.1689911 97.2004623 1599.4272461
vn -0.1461927 -0.6231807 -0.7682926
v -65.7461777 94.6191864 1601.7523193
vn 0.8550658 -0.3778977 0.3550435
v -124.8791428 96.3594131 1598.0179443
vn -0.6452777 -0.2370785 -0.7262303
v -78.0323257 100.7617340 1601.6072998
vn 0.4422735 0.1193384 -0.8889053
v -64.9802780 97.6078033 1600.6263428
vn 0.6390598 -0.7411914 -0.2055187
v -120.0757751 102.3442001 1598.0872803
vn -0.2082446 -0.9566351 0.2036751
v -107.5314407 104.5006714 1600.0008545
vn 0.4695846 -0.8802987 0.0675616
v -115.7472305 104.3354492 1598.6014404
vn 0.0877727 -0.7063493 0.7024007
v -114.0855331 106.8899231 1600.5527344
vn 0.7472162 0.6477127 -0.1487824
v -68.9844131 103.8554993 1602.2695312
vn -0.0561604 -0.9808573 -0.1864543
v -110.2411499 105.5276718 1598.4383545
vn 0.6277040 -0.0908189 -0.7731363
v -107.9297333 105.3758392 1598.9678955
vn 0.6632103 0.0869554 -0.7433646
v -70.0676880 102.9028244 1599.6348877
vn 0.7903689 -0.2558670 0.5566409
v -109.7983780 107.8238831 1599.8005371
vn 0.9523648 -0.1276995 -0.2769371
v -70.9003220 108.5280228 1597.9511719
vn -0.6870303 0.5289068 0.4982440
v -117.2301636 106.5459290 1598.9219971
vn 0.7215237 -0.4207157 -0.5499108
v -109.0977936 110.8859711 1599.6081543
vn -0.1116274 -0.9909547 -0.0744855
v -96.6383667 113.7697678 1599.5631104
vn 0.6509881 0.0476477 0.7575911
v -70.3963547 113.9521790 1599.3120117
vn -0.9640267 0.2422723 -0.1093470
v -74.1301727 114.2984238 1597.5156250
vn 0.9757577 -0.1680977 0.1401429
v -69.5147781 113.5088959 1597.6944580
vn 0.1879445 0.5610390 -0.8061713
v -118.3459473 118.9470139 1598.6077881
vn -0.7986993 -0.5045013 -0.3279602
v -110.6409378 117.9977951 1599.2601318
vn -0.3731291 -0.6190022 0.6910940
v -117.7478409 119.0118484 1598.7257080
vn -0.3975203 -0.4571375 0.7956148
v -112.0813141 119.6354218 1599.6994629
vn 0.6918997 0.0023748 0.7219898
v -69.9062195 117.7687073 1598.9213867
vn -0.2329108 0.5226671 0.8201047
v -117.9464874 119.1062241 1598.4296875
vn -0.4507791 0.8835548 -0.1270012
v -98.8963013 121.3472824 1599.5693359
vn -0.8536890 -0.3250920 -0.4068542
v -116.7569199 123.0552902 1597.5076904
vn 0.1743884 0.1880327 0.9665570
v -71.1962814 119.9399796 1599.5870361
vn -0.9566042 -0.2911491 -0.0118636
v -118.8948212 126.8033905 1596.5784912
vn -0.5477396 0.2571077 0.7961639
v -73.5054245 124.1050034 1597.3143311
vn -0.4820722 0.0117185 0.8760531
v -117.6636124 125.5340271 1599.3380127
vn 0.2501838 0.4383878 0.8632638
v -114.5950317 123.3868256 1599.1425781
vn 0.1264056 -0.1083440 0.9860442
v -69.4866486 125.4441605 1598.0927734
vn 0.7882845 -0.3603545 0.4987506
v -67.4741211 130.5094604 1599.6953125
vn -0.6296864 0.1313822 0.7656591
v -70.8741379 127.2668610 1597.6917725
vn 0.1583403 0.4941085 0.8548597
v -117.6194992 125.5663986 1599.3209229
vn 0.9845827 -0.1741036 0.0168750
v -66.1685867 135.5032043 1599.8287354
vn 0.9749597 -0.2208176 0.0263287
v -65.8049316 138.4857330 1600.7899170
vn -0.0653279 -0.7575004 0.6495579
v -71.2934265 142.8465729 1598.5905762
vn -0.2433436 -0.7624246 -0.5995770
v -88.9975510 144.3637238 1598.5906982
vn -0.1523986 -0.7685407 -0.6213855
v -87.4129562 141.3939667 1602.4678955
vn 0.8122613 0.2723190 -0.5158235
v -64.4238663 142.7425995 1602.6909180
vn 0.6370274 0.3686793 -0.6769577
v -65.6845169 141.6106720 1600.9165039
vn 0.0376755 0.9798106 -0.1963463
v -67.1494675 141.9316406 1600.4962158
vn 0.9473916 -0.2542620 -0.1944221
v -71.5867538 142.8610687 1598.7794189
vn 0.8279729 -0.4412222 -0.3460981
v -71.9123001 147.2389221 1603.5856934
vn -0.9967384 0.0714894 -0.0374403
v -72.6677933 152.8903656 1598.8068848
vn -0.0147050 0.7120901 0.7019342
v -72.1194916 154.4815216 1598.1210938
vn -0.7470308 0.6601441 0.0784525
v -80.7024841 41.8089333 1602.4399414
vn -0.3419840 0.3473074 0.8731692
v -79.0018997 43.9225769 1601.6468506
vn 0.2319784 -0.2525296 -0.9393694
v -79.1383438 43.6976395 1601.6710205
vn 0.4718318 0.1052608 -0.8753827
v -78.4745483 45.6267891 1602.1422119
vn 0.9526574 0.0276368 -0.3027873
v -77.5418701 48.6407204 1603.6702881
vn -0.9605567 -0.2242739 0.1644143
v -104.1818161 46.9505272 1602.8526611
vn 0.6570403 0.4601643 -0.5971155
v -77.6043930 49.6601295 1603.8309326
vn 0.3512551 0.8528616 -0.3863249
v -104.1544952 46.0847054 1600.6214600
vn 0.1617086 -0.2957225 -0.9414874
v -77.8792114 48.2787209 1603.0622559
vn -0.6657646 -0.6913409 0.2807228
v -118.0409927 65.3160858 1600.7324219
vn 0.3143495 0.9156259 -0.2506264
v -112.6594009 67.3828812 1602.9676514
vn -0.3723390 0.9122899 0.1705608
v -121.2752609 67.9799194 1593.8996582
vn -0.1090698 -0.2818166 -0.9532487
v -48.5251160 89.9310074 1603.2728271
vn 0.1746084 0.0415617 -0.9837604
v -40.1061783 90.2799225 1602.9650879
vn 0.4724011 -0.4414144 -0.7628831
v -37.2255478 87.9095230 1604.4602051
vn 0.0563103 0.3257891 -0.9437641
v -45.6881256 91.9186707 1603.1601562
vn 0.1245610 -0.3734837 -0.9192359
v -63.0494614 93.8455887 1602.2431641
vn 0.2528321 0.5267248 -0.8115646
v -54.4654770 94.5741348 1603.6678467
vn 0.8382670 0.5396013 -0.0783507
v -126.8450775 96.6999435 1599.4544678
vn 0.3320494 0.2738109 -0.9026465
v -61.4433327 96.7701645 1602.4130859
vn 0.4001534 -0.4666929 0.7887173
v -125.2294159 97.4011307 1599.1599121
vn -0.2556432 -0.6207005 -0.7412000
v -76.4722061 97.0621414 1602.7468262
vn -0.4100259 -0.3953990 -0.8219114
v -82.1356735 97.1833420 1605.2131348
vn -0.2742178 0.2390589 0.9314803
v -124.0854111 98.8756485 1599.3325195
vn -0.6211306 -0.5990340 -0.5053267
v -77.1164474 102.4543839 1599.0172119
vn 0.0123909 -0.0839280 0.9963948
v -121.4863358 101.4037933 1599.5975342
vn 0.3393325 -0.4344963 0.8343060
v -120.1032562 102.4983063 1599.5964355
vn -0.5163001 0.4725948 0.7142047
v -121.8440247 101.9223480 1599.2301025
vn 0.3038919 -0.6884382 0.6585611
v -116.5943985 104.1610565 1599.2044678
vn 0.5968239 -0.3649071 -0.7145937
v -104.1714401 105.0167236 1602.3074951
vn -0.2313510 0.0422038 0.9719545
v -117.4287872 105.0761108 1599.5351562
vn 0.1939004 0.9778906 -0.0783124
v -107.0232773 105.3032379 1599.9305420
vn -0.5096218 -0.2437690 0.8251439
v -115.3498993 107.7981110 1600.9195557
vn 0.0853503 -0.6754143 0.7324827
v -110.9775543 106.8627472 1599.7838135
vn -0.8456241 0.4384811 0.3043915
v -77.3318329 108.0102158 1597.8635254
vn -0.9767973 0.0332106 0.2115753
v -113.4508820 110.7692261 1602.9140625
vn 0.7743729 0.3342071 0.5372636
v -71.5568924 108.9221420 1601.2833252
vn 0.1616302 -0.9840607 -0.0741641
v -100.2629776 113.6000366 1601.5920410
vn 0.4086998 -0.8934488 -0.1863165
v -105.6548233 111.9361649 1602.0482178
vn -0.5394374 0.5898623 0.6008909
v -75.0767288 107.3200073 1602.1861572
vn -0.8179953 0.5532532 -0.1574631
v -113.1990051 111.8822250 1600.6346436
vn 0.1597987 -0.9830659 0.0896987
v -94.2708969 113.7976913 1598.0440674
vn -0.7257794 0.2404671 0.6445307
v -73.6550827 114.4006195 1598.9128418
vn -0.0102410 0.2685462 0.9632124
v -71.9955978 113.5469360 1599.8709717
vn -0.0708244 0.1779872 0.9814808
v -113.0112305 121.0436783 1599.7060547
vn -0.5078286 0.4233790 0.7502403
v -109.9219742 119.0875778 1600.8170166
vn 0.9270627 -0.1639743 -0.3371458
v -81.0935287 120.5832520 1601.0600586
vn 0.1008565 0.9690340 0.2253909
v -108.2661057 120.1181488 1600.0642090
vn -0.3631610 0.1536152 0.9189758
v -72.0791702 119.3501816 1599.6232910
vn 0.3776097 0.7737465 0.5086524
v -112.1870651 121.6875534 1599.2143555
vn 0.0136090 0.9804674 0.1962103
v -90.5181274 125.5475006 1596.1010742
vn 0.5258110 -0.4144365 0.7428091
v -66.5772095 138.1336670 1601.9287109
vn -0.8772045 -0.0674174 0.4753601
v -68.4062653 133.8048096 1600.2103271
vn -0.8202880 -0.0878738 0.5651600
v -68.4128342 138.3428192 1601.5307617
vn -0.7399585 -0.5873501 -0.3278435
v -88.6878433 142.1310272 1602.8288574
vn -0.5991681 0.5946057 0.5361358
v -71.0163422 142.7280426 1599.1326904
vn 0.9436940 0.1624387 -0.2881933
v -85.9243774 142.6633911 1602.8508301
vn 0.8999717 0.3474020 -0.2633682
v -88.7172012 147.3469391 1597.1448975
vn -0.1015317 0.8074263 0.5811661
v -87.9551926 145.4845581 1601.2255859
vn -0.8041689 -0.4127194 -0.4277559
v -73.2611008 147.9277802 1603.2806396
vn -0.4146630 0.4946752 0.7637743
v -89.7547684 147.6041718 1598.5423584
vn 0.8224545 0.4095007 0.3948138
v -71.8461456 151.0512848 1601.1203613
vn 0.6079680 0.6152497 -0.5018395
v -81.4797058 40.9934883 1602.1510010
vn 0.7550808 -0.6511557 0.0764804
v -81.0943069 41.4648552 1602.5012207
vn -0.8722114 -0.1519111 0.4649411
v -81.1319199 41.4524689 1602.7951660
vn -0.3601762 -0.8954707 0.2615442
v -103.1597290 47.0060844 1604.6485596
vn 0.6077135 0.5333913 -0.5883690
v -103.6306381 47.6908302 1603.8125000
vn -0.9584162 -0.0557877 -0.2798680
v -78.3159180 52.2970963 1605.6907959
vn 0.5859779 -0.5892189 -0.5562832
v -112.9425507 65.9737854 1600.2523193
vn -0.8516867 0.0268655 0.5233624
v -119.5734177 66.5887070 1598.8234863
vn 0.6892175 0.3544286 -0.6319490
v -112.9318237 66.1185379 1600.2395020
vn -0.5943663 0.5605996 0.5765907
v -115.6665878 67.0313263 1603.1564941
vn -0.2202737 0.9516374 0.2141626
v -115.8469849 67.4688263 1602.1441650
vn 0.2769332 -0.6399625 -0.7167678
v -39.3560257 86.4193573 1604.6186523
vn -0.0413585 -0.4445986 -0.8947746
v -43.4208870 87.9068146 1603.4294434
vn -0.1678015 -0.5896160 -0.7900605
v -53.5387077 89.0925140 1604.8867188
vn -0.0990608 -0.6531720 -0.7507020
v -62.1940575 91.9794922 1603.4221191
vn -0.3365556 -0.8471563 -0.4111649
v -65.8962326 92.0600357 1604.9703369
vn 0.0558093 -0.0542023 -0.9969692
v -54.7915916 93.4098892 1603.3342285
vn 0.4135800 0.3842659 -0.8254038
v -37.4326591 91.1515274 1603.7672119
vn 0.4639175 0.7915045 -0.3978708
v -37.3926201 91.5344009 1604.2163086
vn -0.2510179 -0.8739496 -0.4161756
v -72.1623688 94.6317368 1604.8269043
vn 0.2192477 0.8539833 -0.4718506
v -42.2130318 92.9249802 1604.7508545
vn 0.3686145 0.6594416 -0.6551795
v -58.6209526 97.3309937 1603.7873535
vn -0.4629776 0.0011676 -0.8863692
v -85.3531189 99.3432693 1606.2086182
vn 0.5210434 0.6930959 -0.4981284
v -62.4806709 100.1420746 1604.4915771
vn -0.9010637 0.3200648 -0.2926481
v -78.0058060 102.9689865 1602.1342773
vn 0.1423058 -0.9819342 -0.1247166
v -104.3820496 104.9214630 1602.2729492
vn -0.5150349 -0.3891131 0.7637605
v -104.8965607 105.0569916 1602.3853760
vn -0.4384682 0.8982500 -0.0298753
v -78.4569550 103.3103104 1604.4870605
vn -0.7608003 0.5759227 0.2991588
v -77.1014709 104.9549713 1602.4981689
vn -0.1471555 0.6479195 0.7473591
v -108.6161880 105.4649429 1599.4875488
vn 0.5392518 0.4673808 -0.7005446
v -98.9255829 105.0485382 1606.6333008
vn -0.0097035 0.9974644 -0.0705024
v -99.3199310 105.0450745 1606.4010010
vn 0.0129765 0.6313633 0.7753786
v -72.8200989 107.6776428 1602.7935791
vn 0.4848601 -0.8407503 0.2409352
v -109.8196182 109.4626312 1602.0257568
vn -0.2975181 -0.7736244 0.5594536
v -112.6909485 109.4240417 1603.1689453
vn 0.3357921 -0.9271979 -0.1659753
v -88.2982330 115.4851379 1601.2772217
vn 0.5992807 -0.7381951 -0.3097267
v -82.0855560 118.4098969 1602.0527344
vn -0.0935019 0.9928778 -0.0738320
v -105.3210754 120.0617905 1600.7222900
vn 0.6937389 0.4682198 -0.5472628
v -79.9125977 122.8201675 1603.3085938
vn 0.4564758 0.7813377 -0.4256070
v -79.3352127 124.0229187 1605.9696045
vn -0.4115176 0.8747676 0.2558025
v -91.6441269 123.9494324 1605.0399170
vn 0.0710174 -0.2818881 0.9568154
v -67.6977997 131.7207489 1600.4001465
vn -0.2973442 -0.2627549 0.9179032
v -67.7957230 135.6342163 1601.6193848
vn -0.3717244 -0.1644490 0.9136616
v -67.6433945 138.4174500 1602.1893311
vn 0.5937750 -0.4723160 -0.6514207
v -85.4759598 139.7328339 1604.6862793
vn 0.8771055 -0.4568252 0.1483131
v -64.4173050 142.5122833 1603.6942139
vn -0.5298885 0.4643620 0.7096381
v -68.4097137 141.2839661 1601.1053467
vn 0.7651886 0.6294984 0.1349753
v -85.7777786 142.5113678 1604.4140625
vn -0.8852025 0.1357714 0.4449525
v -89.4005661 145.6245728 1599.3021240
vn -0.3023413 0.8449326 0.4412242
v -87.6758118 142.4757690 1605.6688232
vn -0.3044154 -0.7002097 -0.6457846
v -72.4207306 145.4118958 1605.1730957
vn 0.9376401 -0.2725895 -0.2156989
v -71.5676804 149.8529053 1600.8461914
vn -0.2063332 0.7457780 0.6334365
v -72.4050064 152.4040527 1600.2218018
vn -0.9661646 0.2572440 -0.0187509
v -78.3137207 46.6939011 1603.7642822
vn 0.8682986 -0.4387336 -0.2314530
v -103.1004181 47.0011520 1604.4453125
vn -0.9405334 0.3239801 -0.1021463
v -103.9667511 47.8633003 1603.9027100
vn -0.9330441 0.3591945 0.0202008
v -103.0421295 49.9516220 1606.7254639
vn 0.7615836 0.0806079 -0.6430341
v -100.6435165 52.3928032 1607.5501709
vn -0.7297679 0.1561403 -0.6656269
v -78.9790802 54.3797913 1607.0609131
vn 0.2852183 0.9423931 0.1747737
v -87.7962036 61.0042267 1606.9893799
vn -0.2888163 -0.8827108 0.3706843
v -115.9320374 64.7816391 1603.1568604
vn -0.6499131 -0.5959594 0.4716412
v -116.8646545 64.9272614 1602.5164795
vn 0.6141427 -0.5623197 -0.5537376
v -109.3776321 65.5864182 1605.8221436
vn 0.6466174 0.3955891 -0.6522233
v -109.4130402 66.3390656 1605.7506104
vn 0.0975855 0.9531544 -0.2863109
v -109.9717712 67.5099640 1607.0144043
vn -0.2887408 -0.6693527 -0.6845407
v -48.1118431 85.7413406 1605.9566650
vn 0.3895107 -0.7679729 -0.5084280
v -41.5858383 82.9201889 1607.4664307
vn -0.3827527 -0.8421716 -0.3797992
v -51.3032913 86.5407791 1607.2624512
vn 0.6624255 -0.6359635 -0.3959077
v -34.8513832 88.0740967 1606.5963135
vn -0.2584748 -0.8477979 -0.4630654
v -62.4731598 90.7932816 1605.0008545
vn -0.3968285 -0.9136937 0.0876987
v -66.1534500 91.6019821 1607.8652344
vn -0.2440960 -0.8333364 -0.4959512
v -79.9951096 95.4799957 1605.7927246
vn -0.4581782 -0.5492620 -0.6988448
v -85.2707443 96.9588852 1606.8881836
vn -0.5145443 0.4104771 -0.7528298
v -81.9498901 101.6733704 1605.1590576
vn 0.4286551 0.8894263 -0.1586688
v -61.9013672 100.7170639 1606.7781982
vn 0.4223990 -0.6750365 -0.6049008
v -100.6405334 104.8529663 1605.3070068
vn 0.4150808 0.7771942 0.4729452
v -70.5578232 104.7532349 1604.8201904
vn -0.6249720 -0.0618361 0.7781943
v -101.3425446 104.8655624 1605.0673828
vn 0.0689857 -0.9827964 0.1713253
v -92.2333755 114.5554962 1604.8574219
vn 0.1890079 -0.9806589 -0.0508344
v -84.5448303 115.2791367 1607.1392822
vn 0.1157753 -0.8449304 0.5221961
v -99.8295059 114.6219635 1604.5026855
vn -0.2618949 0.8217858 0.5060427
v -104.1042404 119.6106339 1602.9730225
vn 0.3877596 0.7563003 0.5269272
v -63.7412529 122.2199173 1606.6933594
vn 0.7954557 -0.2189687 -0.5650691
v -77.4707947 120.5883484 1607.0915527
vn -0.6622207 0.1187934 0.7398324
v -63.5846329 122.3405991 1606.6529541
vn 0.7140006 0.3064383 -0.6295226
v -76.5629196 123.0195618 1608.4227295
vn -0.8377371 0.5449664 0.0347577
v -64.3780365 143.5589294 1604.9333496
vn 0.9459969 -0.3151533 0.0759497
v -62.5879059 146.3282471 1608.7464600
vn -0.7083406 0.6978477 -0.1061237
v -63.9874916 143.5792542 1603.8018799
vn 0.7513337 0.3959083 -0.5279719
v -62.7260246 146.0085144 1606.9177246
vn -0.9677656 0.2315680 0.0990252
v -73.5926208 148.6998596 1604.0520020
vn -0.4557189 0.6205294 0.6381721
v -73.2729645 148.3359833 1605.2271729
vn 0.8982672 -0.4262243 -0.1069995
v -78.5918808 44.5697174 1604.6452637
vn 0.9729270 -0.1579050 0.1687576
v -78.1119385 44.4991798 1607.6922607
vn -0.0726208 0.9728593 -0.2197066
v -99.4501266 44.2683525 1608.6346436
vn -0.8633653 0.0098512 0.5044833
v -79.4086914 43.3283195 1605.4929199
vn 0.8801855 0.0287111 -0.4737607
v -101.2523346 47.8245430 1607.7309570
vn -0.8745347 0.3633543 0.3211895
v -78.6812515 44.6705742 1606.2882080
vn 0.1036675 -0.2871635 0.9522553
v -78.1422958 44.4406776 1607.7874756
vn 0.7128024 0.1961873 0.6733672
v -77.7332687 47.7362213 1604.7438965
vn -0.7933722 -0.1745592 0.5831722
v -78.0533524 48.0892334 1604.6992188
vn 0.9250811 -0.0050655 0.3797358
v -79.2792892 53.7794228 1607.8610840
vn 0.9422731 0.0434367 0.3320163
v -77.8972778 50.3669128 1605.3303223
vn 0.9665859 0.0773040 0.2444094
v -78.8204803 54.2840729 1607.2202148
vn 0.6410509 0.3828204 -0.6652085
v -100.0382614 53.9415245 1608.4803467
vn 0.5256741 0.4137379 -0.7432951
v -78.9022598 54.5585632 1607.1113281
vn -0.8041084 -0.1706042 -0.5694770
v -80.1610641 57.5983047 1608.6364746
vn 0.8857219 0.3850169 -0.2593429
v -79.2991180 57.9162064 1608.8210449
vn 0.2443050 0.4254669 -0.8713742
v -79.9243927 58.3400078 1608.6804199
vn 0.3900199 -0.5768126 -0.7177547
v -85.3932648 61.5025024 1608.5332031
vn -0.3251191 -0.4352602 -0.8395512
v -83.0109711 60.6310959 1609.2036133
vn 0.4777036 0.4801860 -0.7356771
v -81.9694061 61.3026543 1609.6116943
vn -0.2973123 -0.8776583 0.3759272
v -110.9475327 65.3010712 1607.2055664
vn 0.3131023 -0.8318791 -0.4581965
v -42.9853897 81.6130142 1608.7110596
vn 0.8519690 0.3213957 -0.4133446
v -34.2212563 88.8866959 1606.8347168
vn 0.9963819 0.0225194 0.0819514
v -34.0972633 88.7535477 1607.0146484
vn -0.2722082 -0.9311284 -0.2426986
v -86.3134689 95.9800339 1609.2043457
vn 0.4894339 0.8473871 0.2058871
v -37.6261139 91.7263641 1607.0175781
vn 0.3415010 0.9177493 -0.2027642
v -51.1093178 96.1819077 1608.1884766
vn -0.4723569 -0.1794696 -0.8629425
v -89.0116577 99.9167023 1608.4790039
vn -0.2928051 -0.5290681 -0.7964622
v -95.2730408 102.0916519 1610.1145020
vn 0.2957690 0.9151341 0.2739534
v -67.3066483 102.7557907 1606.2392578
vn -0.3122676 0.5827852 -0.7502335
v -87.1374969 101.6767273 1607.9791260
vn -0.1136487 -0.9935137 -0.0038146
v -101.1228333 104.8146133 1605.1990967
vn -0.1321846 0.8187117 0.5587829
v -74.4780884 104.5739746 1606.0129395
vn -0.2585036 -0.9657407 -0.0228206
v -112.7752914 110.3184357 1606.9735107
vn 0.4485761 -0.8440176 0.2939621
v -108.1696396 110.9220276 1605.8214111
vn 0.3937114 -0.8629722 0.3166550
v -104.9463348 112.2814331 1604.3784180
vn 0.4314493 -0.3955443 0.8107997
v -105.9744720 113.1612625 1606.0583496
vn -0.8337714 -0.1022919 -0.5425511
v -114.1048050 111.5236206 1607.9178467
vn -0.8128175 0.5685131 -0.1269674
v -113.1378326 113.1328812 1606.9122314
vn 0.1302932 0.3986335 0.9078078
v -106.7993317 115.0296326 1606.4017334
vn 0.0313284 0.0023353 0.9995064
v -103.6502914 115.7475967 1606.3162842
vn -0.1400932 -0.4638728 0.8747548
v -98.7874146 116.0828476 1606.1462402
vn -0.8248851 0.5356145 0.1807810
v -110.3784027 116.2748795 1602.3435059
vn -0.2445580 0.7425601 0.6235350
v -107.8255463 116.2907410 1605.1678467
vn 0.7132593 -0.5211664 -0.4686648
v -79.2522125 118.9994965 1605.5040283
vn -0.3372267 0.8783667 0.3387480
v -99.1145630 120.9503174 1603.3395996
vn -0.5938050 0.6840296 0.4236734
v -90.4352417 123.5734711 1607.9976807
vn -0.1353733 0.8227565 -0.5520379
v -63.8300362 123.0704269 1607.3522949
vn 0.4053785 0.8800411 -0.2473783
v -86.1430817 124.9961319 1600.3857422
vn -0.3999937 -0.8060939 -0.4361396
v -86.5491943 137.2894592 1607.6179199
vn 0.5984138 -0.3824118 -0.7040328
v -83.8118439 136.8765869 1608.0778809
vn -0.5989661 -0.7837179 -0.1643958
v -89.3181152 138.7109528 1609.1397705
vn 0.9307482 0.2646768 -0.2522974
v -83.8001175 138.9737549 1608.0979004
vn -0.9620729 0.2726049 -0.0101141
v -89.0233231 141.4820862 1605.1518555
vn 0.3761390 0.2752254 -0.8847432
v -92.8322983 141.7566986 1608.5004883
vn 0.2160442 -0.6625067 -0.7172237
v -71.2670288 142.6813660 1607.9881592
vn -0.4839652 0.6960946 -0.5303111
v -91.0094681 141.1511993 1608.4361572
vn -0.2156419 -0.0666548 -0.9741949
v -96.0638733 142.0736084 1607.2786865
vn -0.1298613 -0.5490151 0.8256624
v -64.5335236 143.1266327 1604.7764893
vn -0.2833628 0.4998032 0.8184756
v -95.9407730 142.0325775 1607.2761230
vn -0.5724776 -0.2062445 -0.7935569
v -97.6699371 143.2039185 1609.3122559
vn 0.2235039 0.9098030 -0.3497207
v -96.3219833 143.0024872 1609.1032715
vn -0.9937125 0.0843561 0.0736167
v -63.5334435 145.3662415 1607.1169434
vn 0.5354890 0.3289359 0.7778514
v -100.0589676 144.7598419 1610.0672607
vn -0.8218222 0.2426396 0.5154943
v -72.8912277 144.6256714 1608.2308350
vn 0.9242135 0.3298141 0.1924890
v -71.8455658 146.5397949 1605.7603760
vn -0.5286176 -0.1562195 0.8343614
v -63.0558777 147.2758026 1608.9035645
vn 0.1466638 0.7390335 0.6575099
v -72.4312439 146.3625183 1607.0605469
vn -0.9485018 0.3078891 0.0744901
v -99.2984543 44.4542999 1608.5666504
vn -0.6802023 -0.7014229 -0.2129102
v -101.0005722 47.1198349 1607.9899902
vn -0.8317522 -0.3875254 0.3975076
v -103.2687531 47.7920303 1605.8353271
vn 0.1741932 -0.5478003 0.8182735
v -100.6435318 47.5483322 1609.0191650
vn -0.9523848 0.1723952 0.2514817
v -102.4258347 50.8597107 1608.9666748
vn 0.9600691 -0.2773485 -0.0366763
v -98.8460693 54.1556244 1611.4329834
vn 0.2294341 0.1136231 -0.9666694
v -79.3817596 54.1798019 1608.1651611
vn -0.1938783 -0.7019107 0.6853705
v -80.0709915 57.5310326 1609.5903320
vn -0.7649321 0.5585296 -0.3208172
v -100.4950485 54.3139458 1609.5091553
vn 0.6108816 -0.1694989 0.7733653
v -87.8638840 61.1421585 1606.8927002
vn 0.1878761 -0.9802384 -0.0619290
v -109.9460068 65.1081467 1606.3923340
vn 0.1112613 0.0151371 -0.9936759
v -87.6809540 61.3006821 1607.2941895
vn -0.8465987 0.4267292 -0.3180771
v -86.3822632 64.1073380 1609.6276855
vn 0.3404268 0.4554306 -0.8226132
v -84.8220367 63.6583099 1609.1787109
vn 0.5440890 -0.3109453 -0.7792819
v -103.6185760 67.1326752 1609.7105713
vn -0.7603223 -0.2004462 0.6178441
v -111.9366837 66.4657288 1607.3072510
vn -0.5250953 0.8489971 0.0589819
v -111.2371140 67.3039398 1607.9272461
vn 0.1497286 0.6751136 -0.7223594
v -103.2085342 67.8650513 1610.0965576
vn -0.0851960 0.9963616 0.0022904
v -110.2712784 68.3190079 1612.2231445
vn -0.4874770 -0.6154959 -0.6192988
v -47.4811134 80.8055801 1611.0841064
vn -0.1242918 -0.6985495 -0.7046844
v -44.5374260 82.2493973 1607.8240967
vn -0.3504537 -0.9363044 -0.0227235
v -58.1859589 88.5104218 1608.4158936
vn -0.3487116 -0.9364265 -0.0388034
v -62.8361969 90.1667938 1607.3869629
vn 0.7483543 -0.4654204 0.4725990
v -34.8437614 88.0801239 1607.7153320
vn -0.1212864 -0.9925559 -0.0110645
v -79.5652695 94.9559784 1607.4149170
vn 0.0170751 -0.8153602 0.5787022
v -78.4443207 95.6435699 1609.7633057
vn -0.2327103 -0.9568046 0.1742724
v -73.1604156 94.3930054 1608.2517090
vn 0.3330778 0.9428819 -0.0057420
v -42.9208069 93.7778778 1607.0416260
vn 0.2624928 0.9460365 0.1900333
v -58.7547913 99.4836578 1611.2152100
vn -0.1109957 -0.8580517 -0.5014253
v -97.3041153 103.8013458 1608.9942627
vn -0.7603629 -0.5343451 0.3692203
v -98.9740448 104.6993027 1608.6243896
vn 0.0712158 0.6934959 0.7169322
v -76.2748413 101.1249542 1610.4938965
vn 0.1050395 0.5986350 -0.7941051
v -91.9868851 102.9296036 1609.8723145
vn -0.0955507 0.9339659 0.3443514
v -77.4827118 103.2316437 1607.3980713
vn -0.0519594 0.9803710 -0.1901920
v -86.6965485 102.4108200 1609.1657715
vn 0.4824216 0.0802948 -0.8722512
v -96.0832214 104.1772232 1609.2160645
vn 0.3110246 -0.9223864 0.2290568
v -111.8331070 110.4875336 1608.7377930
vn 0.4612738 -0.6849526 0.5639738
v -110.0906067 110.8051987 1608.4179688
vn -0.3164203 0.9012734 0.2959467
v -113.0302963 113.2729187 1608.4783936
vn 0.2964390 0.6534820 0.6964806
v -112.7325363 112.4143524 1609.7517090
vn -0.2893802 -0.6380943 0.7135088
v -89.7396851 116.6302109 1608.6068115
vn 0.4246048 -0.8688174 -0.2546900
v -80.9407730 116.3727798 1608.5050049
vn -0.2520427 0.3423677 0.9051292
v -100.5237122 118.0589371 1606.0313721
vn -0.3508205 -0.0217659 0.9361898
v -93.2837143 118.9140244 1608.4426270
vn -0.6709319 -0.0416981 0.7403456
v -90.4494095 120.1503143 1610.0644531
vn -0.9367217 0.2489662 -0.2461063
v -63.7485237 122.2492523 1606.8255615
vn 0.5474241 -0.8250285 -0.1401962
v -64.1885147 122.3511581 1615.1372070
vn -0.3845914 0.5233057 0.7604214
v -96.4665298 119.5853348 1607.0172119
vn 0.0828859 -0.9135123 -0.3982779
v -63.7052307 122.7680969 1606.9522705
vn -0.2469797 0.9393367 -0.2380077
v -64.1008987 123.2207184 1608.4179688
vn 0.0995425 0.9837487 -0.1494313
v -83.7574081 125.3011017 1606.2575684
vn 0.4084044 0.6933792 -0.5936591
v -76.7146912 125.4052811 1610.3299561
vn 0.2819317 -0.2660464 -0.9218101
v -79.9890900 132.5278778 1612.2524414
vn -0.3562387 -0.7615448 -0.5414274
v -83.1084976 133.8981628 1611.2264404
vn -0.6299604 -0.6862639 -0.3635819
v -72.2536163 142.7791901 1608.3179932
vn -0.9451780 -0.3068319 -0.1117707
v -73.2809906 144.8411713 1606.9775391
vn -0.0537078 -0.5415075 -0.8389786
v -48.7888947 141.0337982 1612.3469238
vn 0.8422084 -0.1654548 -0.5131372
v -48.2431259 141.2882996 1612.5903320
vn 0.7645554 -0.3313846 -0.5528466
v -70.7067337 142.4616394 1608.5925293
vn -0.4706244 0.8743407 0.1184951
v -49.5719223 145.0268555 1609.2830811
vn 0.8352372 0.0996752 0.5407807
v -49.6069069 145.0733643 1609.2447510
vn -0.1354462 -0.6236683 0.7698651
v -99.7650528 144.6393585 1609.9550781
vn 0.2197216 0.8780288 0.4251917
v -89.4349899 140.7292786 1609.9593506
vn -0.1405829 -0.6265819 0.7665713
v -49.5839462 145.1019440 1609.2260742
vn 0.1667154 0.7963142 0.5814549
v -70.8438110 143.6229095 1610.5533447
vn 0.6682503 -0.6244262 0.4043927
v -102.5554047 146.2258606 1611.3223877
vn -0.7965286 -0.5759463 0.1839243
v -63.3248863 148.5774841 1611.6054688
vn 0.3790060 -0.8054413 0.4556521
v -100.5609131 46.5160027 1608.4836426
vn 0.9584712 -0.2327988 0.1647351
v -100.6160736 49.3222466 1609.5784912
vn -0.9387518 0.3326712 0.0898614
v -100.4642181 54.9875221 1611.5802002
vn 0.8499627 0.0161313 0.5265960
v -79.4137421 57.8681679 1609.2779541
vn 0.8244212 0.5472901 -0.1442330
v -80.3479767 59.6967506 1609.6977539
vn -0.4984305 -0.7521998 0.4310018
v -84.1119690 61.4904442 1610.7014160
vn -0.7808816 -0.3934425 0.4852081
v -86.6134872 62.2795677 1609.3890381
vn 0.8267546 0.0612637 -0.5592169
v -98.0110168 59.4004402 1612.1577148
vn -0.2163557 0.5815509 -0.7842122
v -98.1772537 59.0182152 1611.8858643
vn -0.9774173 -0.1952680 0.0807832
v -86.7668457 64.2000885 1611.4694824
vn -0.2193688 -0.8325095 0.5087290
v -108.9105301 66.4435120 1611.2962646
vn 0.3517629 -0.8920934 -0.2836060
v -104.6384277 66.2479324 1609.8649902
vn -0.0265618 -0.9503259 0.3101212
v -105.2806244 66.1853256 1611.3332520
vn 0.9124842 0.2870016 -0.2915521
v -83.8593597 68.2420959 1614.0318604
vn 0.5877946 0.5085344 -0.6291982
v -84.4464874 67.1700363 1612.1824951
vn -0.6048033 0.6152435 -0.5056564
v -110.8285675 68.1789246 1612.1395264
vn 0.4081245 0.1013654 -0.9072813
v -98.3339996 69.3748856 1611.8557129
vn 0.2861135 0.1839963 -0.9403640
v -93.6953888 70.6312943 1614.2520752
vn -0.0804299 0.9924177 -0.0929418
v -104.1384125 68.5492172 1611.7695312
vn 0.0282713 0.7562205 -0.6537058
v -98.9588318 69.5935669 1611.7861328
vn 0.7004238 -0.7132210 0.0268759
v -38.8864174 85.0552521 1608.3843994
vn -0.5557525 -0.7884758 0.2635246
v -51.5566673 86.0796509 1610.3115234
vn -0.3595595 -0.8337539 0.4190125
v -57.8920097 88.8828506 1610.8430176
vn 0.6875248 -0.0848158 0.7211907
v -38.3957977 87.5845947 1610.8234863
vn -0.3858187 -0.8035729 0.4532268
v -62.1859245 90.6498184 1610.2027588
vn -0.3018825 -0.7480488 0.5910076
v -68.4942474 93.4309616 1609.7186279
vn -0.1685072 -0.5750940 0.8005450
v -76.0005875 96.4744797 1610.7883301
vn -0.2913429 -0.8530018 -0.4330210
v -90.0556488 96.4394073 1611.8007812
vn 0.3316350 -0.5516070 0.7653418
v -83.5576630 97.9814148 1614.1215820
vn 0.3934014 0.8980138 -0.1969941
v -55.8055725 98.4014816 1608.3688965
vn -0.9423906 -0.3328001 -0.0338233
v -97.9010086 103.2275009 1611.8677979
vn -0.8599720 0.4888439 0.1465602
v -97.8994522 105.6341019 1610.6676025
vn 0.0678226 -0.8044618 -0.5901198
v -123.1773911 106.4999466 1615.7746582
vn -0.6446770 0.3360835 -0.6866145
v -121.2720490 107.6084518 1614.6259766
vn 0.6363585 -0.1676681 0.7529510
v -111.8932800 111.1860352 1609.6945801
vn -0.3062412 0.9440635 0.1223130
v -116.2277679 111.6816101 1611.6346436
vn -0.0937414 -0.9338231 0.3452347
v -86.8055573 115.4507599 1607.7841797
vn 0.0685134 -0.9936110 0.0896827
v -80.6840057 116.0283508 1612.0192871
vn 0.1722867 -0.9132453 -0.3691888
v -65.6202621 121.9222107 1615.4196777
vn 0.9993544 0.0354817 -0.0056440
v -63.8548851 122.9635620 1614.4814453
vn 0.4315149 0.8065163 -0.4041365
v -65.7383194 123.9883499 1616.0189209
vn -0.0016948 0.8514163 -0.5244877
v -77.8748703 127.2024612 1612.3421631
vn -0.3762072 -0.7824799 -0.4961789
v -100.6633301 127.9915085 1613.1723633
vn -0.6933658 0.5238634 -0.4947840
v -88.5730209 125.2291718 1613.3347168
vn 0.8940675 0.4160370 0.1660016
v -100.5609283 129.4177704 1611.4807129
vn -0.2829215 0.9576054 0.0542895
v -101.0231018 129.2933960 1612.7280273
vn 0.6456522 0.2749646 -0.7124097
v -76.4992752 131.6150360 1613.9891357
vn 0.4730205 0.8611508 0.1862012
v -77.9321442 133.9120178 1615.0725098
vn 0.2718993 -0.6937888 -0.6668793
v -70.3272934 139.6762238 1611.9912109
vn -0.6301371 -0.5919614 0.5025026
v -87.1810226 137.8261719 1611.1622314
vn -0.4958097 -0.6609282 -0.5633354
v -48.5516853 138.8243561 1613.7662354
vn 0.8379921 0.3618475 -0.4084551
v -82.2020187 136.4678802 1610.3680420
vn -0.4854317 -0.8731062 -0.0451837
v -91.9348907 140.4346924 1610.1135254
vn 0.4665546 0.8398656 0.2774035
v -81.3455353 136.1546021 1613.0266113
vn -0.5385274 -0.8396835 0.0701423
v -96.6972733 142.3470917 1608.8802490
vn 0.6799858 0.7063261 0.1967815
v -83.7363129 138.9222412 1609.7618408
vn 0.2330867 0.7647420 0.6006998
v -84.7869186 138.7161407 1611.3137207
vn 0.3388493 0.8459100 0.4118465
v -86.1178894 141.8367310 1606.7456055
vn 0.8640113 0.5034721 0.0006233
v -70.3220215 143.2240906 1610.2677002
vn -0.4888949 -0.8556406 0.1698850
v -98.5241165 143.7576141 1610.1333008
vn 0.0999524 0.5200726 0.8482535
v -88.7545547 139.7891388 1610.8748779
vn -0.9525911 0.3040576 -0.0109221
v -62.5529137 147.3597412 1611.4672852
vn -0.0726630 -0.0842071 0.9937954
v -96.6483688 143.0760345 1610.4124756
vn 0.9617584 0.2333840 -0.1433621
v -48.5487213 143.3836670 1611.7863770
vn -0.6132997 0.4227318 0.6672041
v -71.2317581 142.7137451 1611.1677246
vn -0.3236368 -0.3220176 -0.8896988
v -104.1143646 146.7543945 1611.6188965
vn -0.0009167 -0.7773222 0.6291021
v -63.5231056 144.5755768 1606.5419922
vn 0.9538941 0.2820633 -0.1025982
v -62.5642281 146.8807983 1609.7299805
vn 0.4376448 0.8561201 0.2748190
v -102.8353500 146.2832947 1611.6391602
vn 0.4335614 0.9000371 -0.0442463
v -99.0704727 144.2653961 1610.4294434
vn -0.3906903 0.4056390 -0.8263281
v -62.5856590 147.4395294 1611.7016602
vn 0.5367039 0.8267909 0.1684217
v -107.6199112 148.1450500 1612.4366455
vn -0.3370928 -0.3415861 0.8773183
v -101.1558075 51.5072441 1611.6383057
vn 0.9124823 -0.3763998 0.1603098
v -98.4896927 55.9574585 1612.9506836
vn -0.7182717 -0.2649460 0.6433423
v -101.4990234 50.8496094 1611.0397949
vn 0.1115095 -0.5154185 0.8496525
v -80.6800461 58.8693504 1610.8900146
vn 0.8662983 -0.4075450 -0.2888501
v -96.2704697 62.4152718 1615.7680664
vn 0.7788742 0.2053924 0.5925952
v -80.8869629 60.0077477 1611.0363770
vn -0.0620583 -0.5149481 0.8549721
v -82.9086761 62.0057220 1612.3522949
vn -0.9131854 0.3957923 -0.0971645
v -98.9827118 58.4939194 1613.1685791
vn -0.9773838 -0.0246446 -0.2100323
v -97.4960022 63.2991982 1615.2827148
vn 0.2805960 -0.2388256 -0.9296388
v -96.5451584 63.7507973 1614.9202881
vn 0.9270670 0.3724145 0.0430612
v -82.8719635 63.8271599 1611.6284180
vn -0.6309457 -0.6999300 0.3346725
v -110.6206894 67.7838821 1611.8985596
vn 0.3221003 -0.4582689 -0.8283967
v -97.4490204 67.5662842 1613.1297607
vn 0.6561897 -0.0046220 0.7545818
v -113.2798767 68.8499603 1614.6541748
vn 0.0254167 0.6119565 -0.7904829
v -85.5321808 65.3707886 1610.2573242
vn -0.7827552 0.0961367 0.6148594
v -113.4124832 68.8673630 1614.7481689
vn -0.0354707 0.7497222 -0.6608015
v -93.7664413 71.2937088 1614.6279297
vn -0.5610403 -0.1229665 -0.8186044
v -87.8874969 69.3025742 1614.7911377
vn -0.4887603 0.5112609 -0.7069129
v -86.6491928 69.3976746 1613.6292725
vn 0.7591836 -0.6210364 -0.1948181
v -43.7477493 79.3739166 1614.3465576
vn 0.7570907 -0.6528317 0.0249863
v -41.3208237 82.4442139 1610.4230957
vn -0.8616159 -0.5061378 0.0379825
v -49.6643829 83.9479446 1610.8609619
vn 0.8126085 -0.2102124 0.5435790
v -41.4355888 83.7344742 1612.7458496
vn -0.3605324 -0.3243885 0.8745219
v -49.9342003 88.1178436 1613.3786621
vn -0.2671635 -0.5508744 0.7906713
v -58.1977196 90.8244553 1613.0529785
vn 0.4578568 0.6877849 0.5633109
v -38.5050850 91.3837814 1608.5000000
vn 0.0920999 -0.9328262 0.3483575
v -85.6124268 96.2937851 1612.1711426
vn -0.5007955 -0.4728778 -0.7249762
v -94.9969101 96.3887787 1614.4039307
vn 0.1113403 -0.8419522 -0.5279393
v -94.0297546 95.1154556 1615.2067871
vn -0.1652392 -0.3694606 0.9144369
v -71.3458328 97.1176300 1612.1190186
vn 0.4274413 0.8128731 0.3956403
v -49.8955307 95.3927460 1611.5703125
vn 0.4413852 0.8351460 0.3281925
v -53.4379539 97.3777237 1611.8977051
vn 0.1622692 0.6780536 0.7168767
v -57.6897545 98.6072922 1613.1782227
vn 0.0324720 0.7688385 0.6386180
v -69.4671936 100.9546814 1610.3334961
vn 0.3843518 0.0996267 0.9177954
v -80.6514435 98.9875488 1612.7164307
vn 0.0577819 0.0888340 0.9943690
v -76.8938217 99.2772598 1611.7064209
vn -0.1090890 0.2833920 0.9527794
v -71.0308762 98.4068298 1612.2586670
vn 0.0390459 0.8271188 0.5606692
v -64.5498886 100.2318726 1611.3548584
vn -0.0643279 -0.8782974 -0.4737675
v -116.2598572 109.3495026 1611.0981445
vn -0.7266226 0.5603470 -0.3975311
v -97.7520523 106.8563385 1613.9263916
vn -0.6507362 0.6445560 -0.4013601
v -119.1250610 109.9482651 1613.7813721
vn 0.6140537 -0.6403744 -0.4613661
v -75.9324112 118.4041977 1611.3754883
vn -0.4983233 -0.6247762 0.6011062
v -85.9520645 118.0975266 1612.6906738
vn 0.6531448 -0.0510523 -0.7555102
v -72.5369415 122.3799973 1612.4428711
vn -0.7811554 -0.3371753 0.5254608
v -87.9706268 121.0344772 1613.3029785
vn -0.7469267 -0.0970522 -0.6577852
v -66.0169296 122.7615356 1614.0666504
vn -0.7635444 0.6444669 0.0407712
v -88.3621674 124.4652328 1611.2950439
vn 0.8487878 0.4372514 -0.2972717
v -64.1123810 123.3509979 1617.3804932
vn -0.1302902 -0.8464131 -0.5163424
v -92.3799973 126.5581284 1613.9301758
vn -0.2417448 0.9675674 -0.0732993
v -85.6413040 125.3494720 1610.4779053
vn 0.1548041 0.8049475 -0.5727960
v -91.3655167 126.4827881 1613.9293213
vn 0.4983500 0.5113331 -0.7001327
v -73.1034775 127.3581467 1614.6325684
vn 0.2565233 0.3716509 -0.8922284
v -100.5347519 129.5204010 1611.2709961
vn 0.7047000 0.0991487 0.7025436
v -97.5763397 127.3482971 1613.3387451
vn 0.2671106 0.2140011 -0.9396039
v -76.2305450 128.6225128 1613.5987549
vn 0.2538770 0.9596501 0.1209055
v -97.1418381 127.5419235 1615.0399170
vn -0.9979363 0.0353241 0.0536230
v -79.5517426 128.5864105 1616.3800049
vn -0.6784540 -0.7312849 0.0701606
v -85.0432358 135.6957245 1610.6180420
vn 0.7150171 0.5735788 -0.3996975
v -77.2511673 133.2290802 1613.9382324
vn -0.5550578 -0.6210189 -0.5533955
v -68.5533829 134.6730804 1616.4727783
vn 0.5248089 -0.3707425 -0.7662412
v -68.3267746 135.4801331 1615.8723145
vn 0.4641781 -0.5223622 -0.7153156
v -48.2870102 138.9965820 1613.5874023
vn -0.9074300 -0.3226321 -0.2692200
v -49.0288048 141.4708252 1612.2390137
vn -0.2748053 -0.4071868 0.8710229
v -92.4138260 140.9603882 1610.7225342
vn -0.9576386 -0.2793194 -0.0700646
v -48.8473511 138.4201050 1615.4230957
vn -0.4493202 -0.2314319 -0.8628735
v -102.1336136 145.9464722 1611.5992432
vn -0.3794464 0.3623110 -0.8513232
v -106.4471664 147.6012268 1612.6557617
vn 0.4113588 0.8875495 -0.2074606
v -101.9879913 145.8602295 1611.5323486
vn -0.6775957 0.5821777 0.4493698
v -49.3033295 144.0871277 1612.0749512
vn -0.5516542 0.8033858 0.2241629
v -49.4608154 144.7601318 1610.9241943
vn 0.2025838 0.8689829 0.4514737
v -49.0276108 144.3611145 1611.9260254
vn -0.0495821 0.3709464 0.9273297
v -108.0164261 148.4423676 1612.3699951
vn -0.8573264 0.4643084 -0.2222815
v -108.4363098 148.6786346 1612.2409668
vn -0.5432370 0.7072585 -0.4524148
v -63.8744888 149.4953918 1612.4023438
vn 0.2425213 -0.8451433 -0.4763573
v -63.7742386 149.2866364 1612.3619385
vn -0.1223254 0.4413212 0.8889725
v -63.8571930 149.5932007 1612.8291016
vn 0.2114651 0.0988319 -0.9723759
v -88.1304550 154.8203278 1617.0543213
vn 0.0508834 -0.1474574 -0.9877587
v -92.9147644 156.9746552 1614.5562744
vn 0.0038484 0.2907202 0.9568004
v -93.9862213 157.5194244 1614.1231689
vn -0.3898520 -0.3846449 -0.8366982
v -95.2874069 158.3897400 1614.1363525
vn -0.4775491 -0.2824528 0.8319659
v -99.1441803 56.5970879 1614.7343750
vn 0.5166135 -0.5068367 0.6900920
v -98.8046494 56.6289978 1614.6926270
vn 0.2660889 -0.6771522 -0.6860479
v -55.0122528 55.5511246 1617.8371582
vn -0.1112082 0.0701370 -0.9913191
v -56.2484627 55.9195518 1616.6894531
vn -0.1533694 -0.7064719 0.6909235
v -84.6316910 64.1696854 1613.5948486
vn -0.4205292 -0.9066176 -0.0346380
v -99.3566742 66.3209381 1614.5343018
vn 0.2513546 -0.6975556 -0.6709971
v -91.1743317 68.7032471 1615.5509033
vn 0.6728117 -0.2220798 0.7056947
v -83.4723892 63.8434448 1613.0224609
vn 0.8884435 -0.3683887 0.2737845
v -83.8443375 68.8040771 1616.8159180
vn 0.2793460 -0.5878998 0.7591704
v -110.7723846 68.2271423 1612.4870605
vn -0.7220124 -0.5997327 0.3449912
v -86.2685013 66.5025558 1615.5115967
vn -0.0748717 0.8772646 0.4741321
v -107.3510284 68.3152237 1612.8957520
vn -0.2816740 -0.6336555 0.7205141
v -104.3217316 67.8490143 1613.7183838
vn -0.4279059 0.6295456 0.6485128
v -102.2406616 68.0918350 1614.6977539
vn -0.3203709 0.9472910 -0.0015614
v -99.4005661 69.8991699 1613.5095215
vn 0.0443900 0.5733465 -0.8181096
v -85.4425049 72.2337112 1615.4145508
vn -0.6976367 -0.2875072 -0.6562337
v -48.8959198 74.7699051 1616.6217041
vn -0.1031792 -0.5415154 -0.8343352
v -47.7539520 74.8219147 1615.8846436
vn 0.6622773 -0.4626075 -0.5893921
v -45.7242432 74.9552231 1616.7897949
vn -0.2122182 0.6368074 -0.7412421
v -88.5914307 74.2070770 1617.0257568
vn 0.4657450 0.3380947 -0.8177858
v -84.6449585 73.4333801 1616.6057129
vn 0.1576560 -0.7799419 -0.6056694
v -45.8926582 78.8844833 1612.4759521
vn -0.8998718 -0.2840867 -0.3309465
v -48.4536667 79.9418564 1612.8295898
vn 0.1991306 0.4214904 -0.8846993
v -83.0639420 77.9748535 1617.9631348
vn 0.4146769 0.2093211 0.8855664
v -43.3998871 84.7185669 1614.5238037
vn -0.4283227 0.1423154 0.8923486
v -47.2654648 85.0894775 1614.4683838
vn 0.4825435 0.3200328 0.8153102
v -41.3204918 88.3528366 1612.7049561
vn -0.7459336 -0.1099423 -0.6568834
v -100.4896240 90.6084442 1620.4893799
vn -0.2359990 -0.3326093 0.9130584
v -59.7947807 92.6699371 1613.5280762
vn 0.0969725 0.2115369 0.9725475
v -47.1168785 90.3326340 1614.1805420
vn -0.0106954 0.0361640 0.9992887
v -49.0554390 90.9966583 1614.0460205
vn 0.3292457 0.5165924 0.7903984
v -47.6190681 92.1428146 1613.5375977
vn -0.1045028 0.4117416 0.9052889
v -66.8323898 98.4176102 1613.0192871
vn -0.1751362 -0.1587972 0.9716536
v -65.7733002 97.0060654 1613.3139648
vn 0.2086189 0.4548514 0.8657877
v -56.1769142 97.6601944 1613.3959961
vn 0.4513887 0.3866870 0.8041899
v -85.6767883 99.5027924 1615.4379883
vn 0.2593332 0.9152758 0.3082475
v -85.7210770 102.1461334 1611.6469727
vn -0.5840403 0.6092967 -0.5363343
v -129.2902527 103.2979584 1619.2375488
vn -0.9830644 -0.1531657 0.1006219
v -98.0665054 105.1553497 1614.2067871
vn -0.9889494 -0.1477376 0.0123617
v -98.2918167 108.0308456 1617.3806152
vn 0.4214391 0.7763211 -0.4687375
v -94.2191010 106.1473846 1612.6566162
vn -0.8057986 0.4811086 -0.3452869
v -98.1344452 109.9496689 1617.4089355
vn -0.6040221 0.5544062 -0.5725306
v -97.9036865 109.0497665 1615.6981201
vn 0.4479669 0.6647350 0.5978738
v -115.5645752 110.8621750 1613.6156006
vn 0.2471794 -0.9496275 -0.1926393
v -74.7813034 117.1066208 1615.6944580
vn -0.2699178 -0.8540620 0.4446601
v -84.7712936 116.4201965 1611.3151855
vn -0.1462589 -0.8995755 -0.4115486
v -97.5237045 126.6400299 1614.3912354
vn 0.2214255 -0.1560607 -0.9626089
v -68.2687759 122.4810257 1614.3410645
vn -0.5119849 0.8418529 0.1707486
v -80.5055542 127.3862991 1616.7283936
vn -0.6311314 0.0335067 -0.7749519
v -78.3253632 128.3213348 1613.9804688
vn -0.8042773 -0.2423249 -0.5426018
v -103.1187286 128.0709381 1616.1168213
vn 0.2017258 0.9779645 -0.0537791
v -90.6985321 126.5996780 1615.0910645
vn 0.2267812 0.9580614 0.1751818
v -100.3605881 129.2232056 1613.0743408
vn 0.6489791 0.7301204 -0.2138935
v -74.2989960 131.0550690 1617.0561523
vn 0.1604935 -0.5311286 -0.8319522
v -67.3283691 133.4995880 1617.1623535
vn -0.7117482 -0.0565860 0.7001518
v -82.2061615 134.2308197 1614.5078125
vn -0.9366848 -0.3467500 0.0488462
v -69.7557068 137.5560608 1614.4598389
vn -0.8187444 0.1537915 0.5531780
v -69.2565536 137.6460571 1615.7727051
vn -0.9610684 0.1238195 0.2470150
v -48.9876938 140.7467194 1614.1389160
vn 0.4468642 0.6950997 0.5631596
v -69.2956009 140.9029541 1613.6636963
vn 0.9433587 -0.1012714 -0.3159408
v -68.8862457 139.8707581 1613.1146240
vn -0.9466590 -0.1943731 0.2570135
v -71.4229126 140.8986816 1611.3900146
vn 0.9786089 0.1481553 -0.1427399
v -68.8769455 140.9183655 1612.3465576
vn 0.9833867 0.1603978 -0.0849890
v -46.9669228 139.2350922 1615.9279785
vn 0.1736815 0.6274948 0.7590027
v -69.0511322 139.5523834 1615.1109619
vn 0.8781691 0.4484481 0.1664737
v -47.9984741 141.4724426 1614.1207275
vn -0.0683806 0.6532156 0.7540780
v -48.4101143 141.6831360 1614.4468994
vn 0.0263490 0.6956221 0.7179245
v -48.8309784 143.4300079 1613.1225586
vn 0.2228054 0.0063237 0.9748424
v -103.8820190 146.6425934 1612.1069336
vn 0.3232829 0.3954636 -0.8597074
v -107.3318710 147.9814148 1612.5682373
vn 0.1948184 -0.1708487 -0.9658450
v -85.0152283 154.2405853 1617.3833008
vn -0.1656698 -0.7246314 -0.6689268
v -87.7334290 154.1532135 1617.4135742
vn -0.5005743 -0.8615308 0.0847950
v -91.5985260 155.5973206 1616.5197754
vn 0.7694285 -0.3184523 0.5536857
v -95.4273605 158.5039978 1614.1577148
vn 0.2199673 -0.8284893 -0.5149950
v -95.0735321 158.4459839 1614.5150146
vn -0.1394332 0.7915031 0.5950474
v -94.6123734 158.1327820 1614.8917236
vn -0.2578086 0.5691049 0.7808036
v -47.2142067 51.4006042 1619.0847168
vn 0.1141888 0.1074968 -0.9876261
v -48.3729858 52.7097130 1619.3745117
vn 0.2356184 -0.3029703 -0.9234138
v -51.3626213 55.0105629 1619.0969238
vn -0.7567391 0.0588941 0.6510587
v -98.9894409 57.7645035 1614.9875488
vn -0.5951185 0.0659148 -0.8009303
v -56.5514297 55.8592720 1616.8736572
vn -0.8026501 0.5881453 -0.0991867
v -57.4651566 55.6435165 1618.7485352
vn -0.6060277 0.7262201 -0.3245535
v -55.6708260 57.6683083 1618.7952881
vn -0.1571583 0.4377304 -0.8852646
v -52.7479706 59.9104385 1620.0311279
vn 0.5833588 -0.6823561 0.4405483
v -96.5790100 61.8626289 1616.4017334
vn -0.5139146 -0.2305409 0.8262825
v -96.9090500 61.7355690 1616.3260498
vn 0.3238285 -0.1875308 -0.9273443
v -49.0395050 65.0050583 1620.0748291
vn -0.4934756 -0.1029963 -0.8636398
v -49.7722969 66.5342789 1619.9560547
vn -0.6972477 -0.1522671 0.7004716
v -98.9084167 67.6974716 1616.6066895
vn 0.2518461 -0.9637429 -0.0881653
v -89.4070511 67.5206223 1618.8494873
vn -0.1440248 -0.9556950 0.2567174
v -86.5924759 67.6230011 1617.1591797
vn -0.3300723 0.7945324 -0.5096770
v -113.3028488 68.8602905 1614.6549072
vn -0.6585505 0.6083339 0.4429911
v -98.2752304 69.7332993 1616.7053223
vn -0.3805505 0.9136603 -0.1428506
v -95.4535294 71.3620834 1615.9320068
vn 0.9900516 -0.1320649 -0.0485456
v -44.5691872 76.2232971 1618.2550049
vn -0.5200114 0.8327186 -0.1901784
v -89.9088287 74.9791641 1619.4029541
vn -0.2732598 0.5949978 -0.7558483
v -85.0635605 77.6157608 1617.9062500
vn 0.4705735 0.4123751 0.7800688
v -44.4360123 81.4066315 1616.3034668
vn -0.3243000 0.6245806 0.7104426
v -46.6806870 80.1344986 1617.5340576
vn 0.3785703 -0.8854361 -0.2696064
v -98.0260086 92.1357422 1618.2513428
vn 0.4247075 -0.8527600 0.3040131
v -91.0883560 96.3496399 1615.6594238
vn -0.9666373 0.0710634 -0.2460942
v -96.6460342 97.8080902 1615.7302246
vn -0.8222761 0.1083082 -0.5586873
v -97.7647476 94.0576248 1617.1263428
vn -0.1344009 0.9419660 0.3076305
v -133.5250854 100.1079330 1619.0541992
vn 0.5467316 -0.8292578 -0.1158285
v -130.3404388 101.1010208 1620.1719971
vn 0.3684704 -0.3268450 0.8702884
v -85.7844238 98.7158279 1615.5665283
vn 0.2609389 -0.8717244 -0.4147379
v -132.1808624 100.3964691 1619.2095947
vn -0.0582196 0.0370716 -0.9976153
v -131.5561371 101.2118912 1618.9614258
vn 0.5197269 0.2222033 0.8249302
v -91.0267029 102.3532639 1616.7117920
vn 0.4919549 0.5631529 -0.6639572
v -133.5708466 100.1852264 1619.3955078
vn 0.7236164 0.5888683 0.3600187
v -90.8487015 103.8382492 1615.5957031
vn 0.1546354 -0.7353215 -0.6598411
v -128.4050903 103.5167770 1618.8920898
vn 0.5068272 -0.8184877 0.2705624
v -121.9852371 106.5200272 1617.9433594
vn 0.4917597 -0.8617007 0.1250768
v -123.6904297 105.6313553 1618.2056885
vn 0.3794544 -0.9251566 0.0099823
v -118.8520050 107.9740753 1614.7266846
vn 0.6801484 -0.5791107 0.4494762
v -116.1998367 109.2651901 1614.5435791
vn 0.5391862 0.8193191 -0.1949218
v -91.1877747 104.4678955 1613.4873047
vn 0.6683002 0.1775310 0.7223971
v -117.0934372 109.5754242 1615.6923828
vn 0.1445388 0.8349271 -0.5310417
v -95.5276337 107.3476028 1614.1320801
vn 0.5376258 0.2485290 -0.8057245
v -94.0287704 112.1683121 1620.1234131
vn -0.1462094 0.7882243 -0.5977669
v -96.9267120 111.0232086 1618.0477295
vn -0.1394098 -0.9444961 0.2974762
v -78.7938843 116.8287811 1615.9544678
vn -0.6748796 -0.6585215 0.3329969
v -88.0403900 123.3264236 1615.7879639
vn -0.2040429 -0.9789591 -0.0023440
v -99.9175110 126.5922852 1617.2242432
vn -0.2167427 -0.9709857 -0.1010422
v -92.1821289 125.5201721 1616.3175049
vn 0.4181146 0.5889450 -0.6916097
v -67.6066132 126.0222931 1616.7927246
vn -0.2413745 0.9558290 -0.1677181
v -103.2982635 128.3292236 1616.6741943
vn 0.7707474 -0.0225285 -0.6367425
v -66.3926239 133.7210236 1617.5925293
vn -0.2355170 0.5608752 0.7936945
v -81.5761719 134.8681946 1614.7692871
vn -0.2516673 -0.7459464 -0.6166259
v -47.8598900 135.9749603 1617.7578125
vn 0.7091490 -0.5382580 -0.4553967
v -47.4009399 136.7066040 1617.0596924
vn -0.3914073 0.2547820 0.8842434
v -84.7524872 136.6872864 1612.8914795
vn 0.9164028 0.3661220 -0.1617424
v -67.8464966 136.2300262 1616.6580811
vn 0.2265088 0.7366475 0.6372160
v -68.2705688 136.6019592 1617.1356201
vn 0.8764481 0.3205669 0.3592710
v -46.9401436 138.3099213 1617.4011230
vn -0.7350125 -0.6738706 -0.0752008
v -83.9594955 150.4649048 1619.9394531
vn -0.0386149 -0.5868152 -0.8087997
v -84.9865112 152.5368652 1618.2275391
vn 0.8868196 0.2123820 -0.4104204
v -82.6786575 154.3659210 1618.8100586
vn -0.7182711 -0.4149893 0.5584538
v -92.8345947 156.5428925 1616.2220459
vn -0.1495685 0.9809753 0.1237610
v -88.3651276 155.3747559 1617.5935059
vn 0.5484036 -0.1663147 -0.8195078
v -83.2475357 153.6374207 1618.0999756
vn 0.3067766 0.9127658 0.2697160
v -93.6387177 157.5790405 1615.4885254
vn 0.1176792 0.9899107 -0.0789209
v -84.9377747 158.3827209 1617.7916260
vn 0.7988124 0.6012941 0.0185537
v -84.5507736 157.8165741 1618.0528564
vn -0.2802849 0.3500111 0.8938304
v -84.9749146 158.3394470 1617.7928467
vn -0.6746941 -0.7345641 0.0721355
v -47.2187843 51.4595985 1619.2166748
vn 0.3872092 0.1117012 -0.9152005
v -46.2005348 50.7281952 1620.2847900
vn -0.0371603 -0.9989753 -0.0258364
v -56.0190125 54.7380524 1619.6083984
vn 0.6237127 -0.7542756 -0.2050631
v -46.4827118 50.8939133 1619.7924805
vn -0.3356499 -0.9165801 -0.2173014
v -51.1531715 54.1029778 1620.1613770
vn -0.8637776 -0.4700842 0.1814093
v -58.1862373 54.6546860 1618.9271240
vn 0.1639264 0.8598266 -0.4835560
v -41.3649521 53.9637451 1621.1071777
vn 0.1009342 -0.2642483 -0.9591586
v -41.2668457 53.6673164 1620.5280762
vn 0.7003416 0.3444990 -0.6251737
v -49.0179367 55.2715187 1620.2974854
vn 0.6377277 -0.0741093 -0.7666885
v -48.9202843 59.1688805 1621.2762451
vn 0.3087639 0.2292581 -0.9230957
v -54.4004440 56.8047180 1617.7940674
vn 0.0531722 -0.8921071 0.4486843
v -94.7603226 65.0335159 1619.8013916
vn 0.4859766 -0.8738124 0.0166901
v -92.4949799 66.0785065 1619.9110107
vn -0.8255810 -0.4254779 0.3706542
v -96.8105392 65.9744644 1619.3461914
vn 0.2541245 -0.4157858 -0.8732371
v -48.2296448 69.7182465 1618.6285400
vn -0.9812723 0.1280594 -0.1438939
v -49.5586853 75.7517853 1617.6052246
vn 0.9183719 -0.3326664 -0.2143043
v -82.8972168 72.3619919 1619.4696045
vn -0.8981720 0.2871588 0.3329070
v -48.2981339 80.2188797 1615.3823242
vn 0.6123106 -0.1577841 -0.7747127
v -79.1197815 77.8691330 1620.5491943
vn 0.2828092 0.3739493 -0.8832785
v -79.8696060 80.4008942 1620.1372070
vn 0.9044481 -0.1532862 0.3980917
v -43.1558495 80.8200989 1614.8496094
vn -0.6134602 0.7659220 -0.1924326
v -85.4937973 78.8051529 1620.5501709
vn -0.2880824 -0.5806903 -0.7614508
v -97.7095795 92.8148193 1617.2833252
vn 0.2632996 -0.0045218 0.9647036
v -92.5183105 100.3056870 1617.6888428
vn -0.5307307 0.1646382 0.8313960
v -95.2764359 99.5782623 1617.5732422
vn -0.9557973 -0.2928799 -0.0259412
v -96.7938614 100.1293182 1614.6385498
vn -0.0622340 -0.3557406 0.9325104
v -94.9456711 104.0074692 1618.6311035
vn -0.7837682 -0.4170703 0.4601737
v -96.7945404 104.8777695 1617.8620605
vn -0.6832819 0.7132215 0.1563359
v -132.0017395 101.4310989 1621.1618652
vn 0.6315596 -0.5593245 0.5369253
v -119.3786011 108.3530426 1617.5494385
vn 0.7034432 0.5566804 0.4418990
v -120.9923553 110.4353714 1619.2969971
vn 0.0717737 0.9958179 0.0565270
v -119.2713165 110.4482727 1616.0343018
vn -0.5004963 0.6235263 -0.6005983
v -123.0771484 110.5904922 1619.1168213
vn 0.1750231 0.9684660 -0.1773147
v -121.9490204 110.9996109 1619.2629395
vn 0.1744070 0.5046998 -0.8454941
v -90.6316223 116.1422272 1622.3956299
vn 0.3940431 -0.8042979 -0.4447865
v -69.6193771 118.2641373 1618.1904297
vn -0.2608876 -0.5641518 0.7833712
v -88.3662567 125.0972290 1617.5119629
vn -0.0885431 -0.8280884 0.5535610
v -95.9776611 126.1371994 1617.7382812
vn -0.1649590 -0.9858605 0.0294579
v -106.5695190 127.9021072 1620.7061768
vn -0.0582607 0.6882955 0.7230871
v -87.4126511 125.3893509 1617.7293701
vn -0.4159393 0.4922837 0.7646250
v -80.0569763 125.0500412 1620.3009033
vn 0.0951368 0.7949119 0.5992195
v -91.1385117 126.1231232 1617.5900879
vn -0.0563069 0.9852045 0.1618694
v -86.2651978 125.8058701 1616.4592285
vn 0.1104544 -0.7350718 0.6689315
v -99.9177475 126.8554916 1618.0045166
vn -0.3646159 -0.8811181 -0.3011416
v -104.7448807 127.8182678 1618.5601807
vn 0.1810040 0.8859825 0.4269342
v -98.0182571 126.9260025 1617.4008789
vn 0.0167937 0.1360511 0.9905595
v -93.9635315 126.1128006 1617.7849121
vn -0.5184011 0.3950506 -0.7584163
v -107.7383270 128.5912170 1620.3660889
vn 0.1924042 0.9330348 0.3040174
v -102.7156754 128.1820221 1617.6497803
vn 0.8352528 0.1059951 -0.5395534
v -64.9744949 132.1013184 1619.4713135
vn -0.6221334 0.2859775 -0.7288120
v -111.2585983 128.7783966 1622.5737305
vn 0.7050955 0.2234388 -0.6729900
v -63.6108780 128.7915955 1621.7426758
vn -0.4519790 0.4280160 0.7826349
v -78.0637665 130.9236755 1618.7880859
vn -0.0070764 0.7559845 0.6545512
v -78.4417725 132.8704987 1617.2023926
vn 0.5895225 -0.5605460 -0.5815939
v -47.4023438 133.3827972 1620.5119629
vn -0.9767036 -0.1724178 -0.1277581
v -48.3515358 135.3726349 1619.2178955
vn -0.6741241 0.4693530 0.5703198
v -48.1727562 135.7435913 1619.6707764
vn -0.3374554 -0.6528796 -0.6781388
v -82.7996902 148.8239441 1620.8791504
vn -0.5653796 -0.7801039 0.2679254
v -88.6100082 154.2543793 1618.0843506
vn -0.2199758 0.4341300 0.8735799
v -91.8166122 156.4285736 1616.7468262
vn 0.6998788 0.5994408 0.3883820
v -82.9149017 155.0647278 1619.7962646
vn -0.2067799 0.5362801 -0.8183188
v -38.3185234 40.8779411 1623.9040527
vn -0.0993171 -0.0413781 -0.9941952
v -72.5803070 50.4599648 1623.5383301
vn -0.2592797 -0.3975813 -0.8801722
v -72.7019272 49.7330399 1623.5300293
vn 0.4893166 -0.7757983 0.3983799
v -46.2624397 50.4137344 1621.1604004
vn 0.9919066 -0.1263233 0.0127979
v -48.7898979 55.9342651 1622.3142090
vn -0.4779704 0.1474440 0.8659126
v -58.0382576 54.7033997 1618.9739990
vn 0.4147624 0.0576771 -0.9080999
v -71.6440506 55.1945648 1624.2160645
vn 0.0117459 0.1257745 -0.9919893
v -70.8376999 59.0748291 1624.8955078
vn 0.6265488 -0.0399423 -0.7783581
v -45.6798820 60.1745224 1624.5262451
vn -0.8880966 0.3376232 -0.3119217
v -55.2057762 59.8372269 1622.5867920
vn 0.8987808 -0.2982873 -0.3212752
v -45.9715347 66.7084656 1621.9853516
vn -0.7971591 0.3490940 -0.4926163
v -53.4010239 65.6183701 1624.1246338
vn -0.8702764 -0.0491894 -0.4901015
v -50.4176064 69.7589798 1619.8050537
vn 0.7746509 -0.3584619 -0.5209809
v -45.1166267 71.5797501 1619.8314209
vn -0.9737053 0.2271821 0.0169220
v -50.3664627 72.7893906 1620.0307617
vn 0.9712281 -0.2296773 0.0629631
v -44.2108765 71.0619736 1622.6306152
vn -0.8011735 0.5854157 0.1241350
v -96.8801193 70.4133682 1619.0056152
vn 0.6690321 -0.5855088 -0.4577942
v -75.8451538 79.1214371 1623.1463623
vn -0.7606223 0.4930526 0.4223184
v -49.2678719 75.1253662 1620.8265381
vn -0.2169807 0.6609367 0.7183886
v -47.6261215 75.4221268 1622.0139160
vn -0.4703088 0.8702189 -0.1467267
v -81.2558441 82.5960159 1622.9945068
vn -0.1109854 0.7997930 -0.5899266
v -78.7946091 83.1525726 1622.4327393
vn -0.3052036 -0.6926162 -0.6535546
v -105.1826477 84.9749451 1626.9732666
vn 0.2951539 0.4019575 -0.8667839
v -76.4637146 82.5325394 1622.2294922
vn 0.4599441 -0.4162930 0.7843160
v -90.9140472 97.2224808 1616.5444336
vn -0.3287974 0.7064492 0.6267551
v -97.3879547 95.3726120 1620.3562012
vn -0.8688086 0.4874863 0.0867689
v -96.8106689 96.9571075 1618.3920898
vn 0.3180613 0.1973622 0.9272999
v -93.4890213 98.1988068 1618.0672607
vn 0.2568157 -0.8813949 0.3964704
v -131.0467987 101.0975494 1621.8964844
vn 0.7946061 0.0068540 0.6070867
v -133.7502136 100.1867981 1618.9655762
vn 0.6663366 -0.7077673 0.2346509
v -128.8093719 102.6205826 1621.3026123
vn 0.4159515 -0.4104958 0.8114663
v -124.9598389 106.2759933 1620.2186279
vn -0.7159576 0.6170122 -0.3266508
v -125.6844635 106.7402954 1618.5709229
vn 0.7230405 -0.2552626 0.6419139
v -121.0687408 109.4550705 1619.5654297
vn -0.9981726 -0.0594819 0.0106471
v -98.7321014 111.0993881 1621.9410400
vn 0.9939477 -0.0899876 -0.0630095
v -94.2094193 110.2555542 1619.9560547
vn 0.7704961 0.4566355 0.4447694
v -126.2754517 113.3195953 1622.8574219
vn -0.8404965 -0.5183061 0.1578750
v -126.2735214 113.3668518 1622.8765869
vn 0.0819343 -0.9878632 -0.1319589
v -69.2556686 117.0793533 1622.2169189
vn -0.0903936 -0.8533358 -0.5134658
v -127.7368393 115.1385574 1622.1340332
vn -0.4362134 0.7849332 -0.4399975
v -96.7726212 113.3840332 1621.6984863
vn -0.1579641 0.7202910 -0.6754467
v -93.4145203 114.1432800 1621.2843018
vn 0.6681920 -0.5829450 0.4622713
v -128.1379395 115.3419571 1621.7854004
vn -0.2277599 0.9721551 -0.0551358
v -94.4238510 114.6023026 1623.0595703
vn 0.7936297 0.0338962 -0.6074561
v -90.5090942 116.1706772 1622.4909668
vn -0.5377972 -0.6142094 0.5775128
v -76.5945816 119.1408768 1621.6621094
vn -0.5118000 -0.4913038 0.7047563
v -81.7131042 121.1240692 1619.3140869
vn -0.4896244 0.0103088 0.8718725
v -80.3013840 123.0317230 1620.8985596
vn 0.7128064 0.3568376 -0.6037996
v -63.0256462 126.2027435 1620.9733887
vn -0.3115859 0.4716043 0.8249265
v -85.1757660 124.6885757 1618.8403320
vn 0.2708698 0.6855917 -0.6757171
v -67.5973969 129.2563171 1619.6375732
vn 0.2418970 0.8077193 -0.5376573
v -104.8164749 127.5891190 1620.0017090
vn -0.6490876 0.3309361 0.6849574
v -77.9226532 127.9670334 1619.9584961
vn -0.2724722 -0.2049865 -0.9400742
v -66.9214630 130.0667572 1620.0291748
vn 0.3979488 0.7971970 0.4539975
v -107.0895767 128.4633636 1621.1850586
vn -0.3845816 0.8035874 0.4542514
v -70.5129547 128.7383728 1623.8045654
vn 0.1121646 -0.6691598 -0.7346049
v -47.4945564 129.8186798 1624.2965088
vn 0.0136423 0.9972069 -0.0734327
v -108.3180618 128.7320099 1621.0367432
vn 0.2015606 0.9153221 0.3486529
v -73.7102432 130.3947449 1619.5511475
vn 0.7820647 0.6230685 -0.0126687
v -64.7683563 132.2130432 1620.5654297
vn -0.8006259 -0.4531542 -0.3919814
v -48.1919975 132.0333557 1622.3717041
vn -0.9739572 -0.2087066 0.0885934
v -68.2895050 133.6719666 1618.0104980
vn -0.7173926 0.4341485 0.5448514
v -67.6993713 133.9997711 1619.6040039
vn 0.1039230 0.8268496 0.5527385
v -66.7695236 133.5833588 1620.5549316
vn 0.9625426 0.1732753 0.2085365
v -47.2309723 134.8543396 1620.2268066
vn -0.1557985 0.6930606 0.7038422
v -47.9329643 139.0013275 1617.2921143
vn -0.3725415 -0.7198024 -0.5857452
v -81.2548981 146.8898773 1622.0229492
vn 0.3426075 -0.3940140 -0.8528618
v -80.5375519 147.0203247 1621.8947754
vn 0.7643507 -0.0603738 -0.6419681
v -81.8752060 150.1544952 1620.9490967
vn 0.7941243 0.1187133 -0.5960485
v -79.9422073 147.4762573 1622.3404541
vn -0.4571356 0.1561859 0.8755758
v -88.7890091 154.7026062 1618.1878662
vn 0.0603774 0.0210176 -0.9979544
v -23.4288521 30.1940536 1626.5927734
vn 0.6214833 -0.1728786 -0.7641149
v -37.9683533 40.2174683 1624.0426025
vn -0.2777551 0.0941012 -0.9560320
v -38.4059715 40.6117363 1623.6140137
vn -0.9980620 -0.0263327 0.0563809
v -72.6857529 49.9368896 1624.5631104
vn 0.3801207 0.6972022 -0.6077972
v -72.5757217 48.6999207 1624.5820312
vn 0.8988407 -0.1476613 -0.4126519
v -71.9449158 51.6254196 1624.1204834
vn 0.5949741 0.0324515 0.8030895
v -46.3729935 50.6482658 1621.2507324
vn -0.3287783 -0.7681416 0.5494210
v -50.0044212 54.1092644 1622.2501221
vn 0.8068558 -0.5119977 -0.2946898
v -41.2338448 53.6663589 1620.6132812
vn 0.1922642 -0.2717590 0.9429643
v -48.6367378 53.6837349 1622.2828369
vn -0.7709262 0.2973544 -0.5632524
v -42.3480873 55.1597099 1622.8782959
vn 0.8060755 0.5081090 -0.3034262
v -41.0567627 56.5992737 1624.3258057
vn -0.5362098 0.1810175 -0.8244464
v -71.8544846 56.1529961 1624.3698730
vn -0.9634528 -0.1263067 0.2362319
v -55.6102295 57.5253448 1622.3719482
vn -0.1945107 0.4536825 -0.8696769
v -42.5301590 56.9659004 1624.4010010
vn 0.0614614 -0.0077148 -0.9980797
v -69.4659882 63.2391243 1625.2099609
vn -0.0842828 -0.9270972 -0.3652222
v -95.8411026 65.4700165 1622.9885254
vn -0.9519749 -0.1164119 -0.2831823
v -97.3342514 68.2430954 1621.5855713
vn -0.5037867 0.3826115 -0.7744724
v -69.1971359 64.6056061 1625.4428711
vn 0.5294377 -0.7024845 0.4756167
v -88.8721619 68.9372330 1622.7852783
vn 0.5015771 -0.6901746 0.5216124
v -84.5852737 68.4185562 1617.4774170
vn -0.6660392 -0.1011179 -0.7390311
v -100.7384491 66.7623367 1625.5651855
vn -0.7806487 0.6179265 0.0935653
v -51.4067841 68.6990433 1623.2642822
vn -0.6469041 0.7400013 -0.1841560
v -97.6963120 69.0886230 1623.5244141
vn 0.3564448 -0.7326472 0.5798061
v -82.5263672 74.4088974 1624.3637695
vn 0.5464401 -0.8196124 0.1721594
v -80.0891037 74.9748459 1623.1076660
vn -0.1294035 0.1770399 -0.9756596
v -65.8414612 69.5741577 1625.8463135
vn -0.5431270 0.8077864 0.2291161
v -92.9380951 72.9550323 1621.4761963
vn 0.8930472 0.1475212 0.4250933
v -44.2351837 72.1139450 1623.2103271
vn 0.6444352 0.4722202 0.6014245
v -45.3010254 76.8552017 1619.9783936
vn -0.6337391 0.6693342 0.3877714
v -87.5408859 76.3701553 1622.6710205
vn 0.4805005 0.0345528 -0.8763136
v -71.5807343 83.0485916 1624.6193848
vn -0.6601217 0.7227658 0.2045703
v -82.6740952 81.5583115 1623.1384277
vn 0.1983784 -0.8240781 -0.5306046
v -100.8578186 89.8906860 1621.2171631
vn 0.0679816 0.6870732 -0.7234010
v -73.8068542 85.2022018 1625.0437012
vn -0.8446429 0.1286724 -0.5196363
v -105.0927200 86.8378983 1626.2333984
vn 0.8386877 -0.4551127 0.2991245
v -99.7617722 90.7637329 1622.9677734
vn 0.7202875 -0.5271518 0.4508846
v -97.4931717 93.0398407 1620.7957764
vn 0.4902056 0.2558905 0.8331978
v -98.7843323 93.2294159 1622.0937500
vn -0.7945092 0.5930369 -0.1306227
v -101.1631622 90.9712296 1622.3776855
vn -0.7742530 -0.2864090 0.5643601
v -132.5991211 100.8243484 1620.8917236
vn -0.4099648 -0.0509267 0.9106786
v -131.2718048 101.6355591 1622.7941895
vn 0.3992422 -0.1223934 0.9086394
v -129.8916321 102.5863800 1622.7677002
vn -0.8985550 0.3042530 0.3162738
v -125.2492599 107.2160873 1620.1490479
vn 0.0713063 -0.6677082 0.7410002
v -96.8203430 108.2418518 1621.7065430
vn -0.5250600 -0.6450304 0.5552008
v -97.8153152 109.9387207 1623.2416992
vn 0.1251944 -0.8170998 0.5627384
v -124.2484360 109.1611938 1622.5748291
vn 0.7360365 -0.2825428 0.6151584
v -94.5266495 108.5304794 1620.4749756
vn 0.7464053 0.4949295 0.4448864
v -124.2922592 111.6330261 1625.3652344
vn 0.5666702 0.8006472 0.1945482
v -126.2297058 113.2885971 1622.9442139
vn 0.2593338 -0.8992859 -0.3521803
v -63.9302139 117.2069473 1625.4978027
vn 0.6557135 -0.5899692 -0.4711435
v -63.5180779 121.3786850 1619.7360840
vn 0.7609968 -0.1818455 -0.6227488
v -60.8412323 122.0848312 1622.9006348
vn -0.6307944 -0.0210605 0.7756642
v -77.4764862 122.3911819 1622.7847900
vn -0.9962969 0.0428913 -0.0745171
v -111.3546906 128.7620239 1622.6850586
vn -0.0562465 0.0105621 0.9983611
v -110.9582520 128.6983948 1623.9503174
vn 0.2240731 0.9557168 -0.1907792
v -71.3192062 129.8997345 1619.2211914
vn 0.7927928 0.4942732 -0.3566141
v -61.7561646 128.8515930 1624.2270508
vn -0.2417314 0.7271023 0.6425639
v -73.8686371 128.9598999 1621.9462891
vn -0.4290456 0.5111673 -0.7447335
v -110.7058258 128.6535339 1623.8041992
vn -0.6014186 0.7597203 0.2472261
v -67.9508438 130.5753479 1622.4233398
vn 0.7909592 0.5992309 -0.1237168
v -63.6465530 130.8621826 1622.8491211
vn -0.8894356 0.3439955 0.3009508
v -48.3179398 132.0390167 1623.5063477
vn 0.9795174 -0.0916227 -0.1793069
v -46.8349571 130.2044067 1624.4831543
vn 0.3469809 0.8862223 0.3069436
v -64.6113510 131.4298859 1623.7585449
vn 0.3677619 0.6358227 0.6785873
v -47.4824066 135.0061035 1620.4277344
vn -0.8442828 -0.5353877 0.0233793
v -80.4808350 145.3706665 1624.2458496
vn 0.2915544 -0.5500572 -0.7825811
v -78.4401169 144.0938721 1624.8710938
vn 0.8704439 0.4899656 -0.0475513
v -79.6585999 148.1289673 1623.7424316
vn -0.4000540 0.3102905 0.8623669
v -85.1267624 154.0556488 1620.5770264
vn -0.1677814 0.3962706 0.9026733
v -83.1814651 152.7750702 1621.7457275
vn 0.4322125 -0.3287224 -0.8397226
v -23.2424812 29.9117393 1626.5177002
vn 0.0047950 0.4001356 -0.9164434
v -22.7364349 33.5341415 1627.0451660
vn -0.6246065 -0.7531484 -0.2064806
v -35.0214043 36.9160843 1627.3780518
vn -0.6007852 -0.7523105 -0.2703442
v -38.2740517 39.5985870 1625.3781738
vn -0.9836128 -0.1748026 0.0441575
v -38.7580223 40.1381264 1625.2918701
vn -0.2295478 -0.9448202 0.2337147
v -38.1251488 42.8462601 1624.2634277
vn -0.1976412 0.8832123 0.4252929
v -72.5379944 48.6579475 1624.4611816
vn -0.4523972 -0.1232472 -0.8832593
v -99.1528473 50.0565300 1628.7147217
vn 0.9841192 0.0921055 -0.1517429
v -40.9005241 55.4483910 1623.4672852
vn -0.1456378 -0.0134235 0.9892469
v -98.5898514 53.1806870 1627.8326416
vn -0.3881561 -0.8161672 0.4280256
v -53.6583214 55.4968109 1622.7005615
vn 0.0817766 -0.0453710 -0.9956174
v -98.4412079 54.2317581 1627.7393799
vn 0.9503623 -0.1488533 -0.2732294
v -70.9718552 55.6473160 1625.0167236
vn -0.9654033 0.2604917 0.0118553
v -72.2124100 58.5568771 1625.9454346
vn 0.2303712 -0.8437415 0.4847983
v -49.8249207 55.5962143 1623.8557129
vn -0.9410937 -0.3300855 -0.0733911
v -55.7730179 58.4258728 1625.9416504
vn -0.1502987 -0.9669577 0.2059203
v -52.2846832 56.4354172 1626.9154053
vn -0.6008887 -0.1381851 -0.7872977
v -97.9843826 59.4245262 1628.2908936
vn 0.9344655 -0.3080994 0.1784631
v -70.2196274 59.6715355 1625.9775391
vn 0.7794416 0.5729206 -0.2534420
v -42.2406006 58.8960571 1626.2998047
vn 0.8564054 0.4589162 -0.2365708
v -45.2789650 62.0002747 1625.8626709
vn -0.9624331 0.0821585 -0.2587906
v -55.9292374 62.4955711 1627.2541504
vn 0.8375894 -0.4189579 -0.3505972
v -67.7513428 65.4776688 1625.8635254
vn -0.5870948 -0.4780775 -0.6532700
v -100.6319351 64.9073944 1626.2398682
vn -0.9037501 0.3590499 -0.2330642
v -71.2827377 61.5389862 1625.8247070
vn 0.9157801 -0.0828523 -0.3930424
v -46.2197189 64.4653397 1622.4971924
vn -0.0226517 0.9932473 0.1137844
v -51.0253448 68.5317612 1625.9572754
vn 0.5082066 0.5279358 0.6804483
v -47.9053802 67.4418488 1626.2620850
vn 0.9351853 -0.1165404 0.3344350
v -46.3675003 66.5583725 1624.0548096
vn 0.3488427 -0.0463293 -0.9360355
v -65.0201950 70.5364990 1626.0711670
vn -0.1935278 0.5224534 0.8304152
v -48.6366348 68.8112183 1625.6795654
vn -0.3426171 0.6749121 -0.6535345
v -102.3970490 68.3761368 1627.5131836
vn 0.2866164 0.2058423 0.9356709
v -45.9295807 71.5764771 1624.9787598
vn -0.3548315 0.5579526 -0.7501891
v -64.4463425 72.0508194 1626.5938721
vn -0.6030925 0.4737811 0.6417249
v -48.9072266 73.5233765 1622.6098633
vn 0.2840231 0.4024207 0.8702807
v -45.6984215 72.1957779 1624.7360840
vn -0.3776735 0.4808793 -0.7912761
v -61.6213989 74.8878403 1627.9310303
vn 0.0781725 0.1422659 -0.9867368
v -56.2762375 74.8829803 1627.5876465
vn -0.5329501 0.3537409 0.7686557
v -84.3379822 77.6898727 1624.9296875
vn 0.6091510 -0.7908655 -0.0588798
v -75.2365723 78.7052536 1625.3103027
vn 0.0519547 0.2431358 -0.9685999
v -55.9839783 80.2349167 1628.6728516
vn 0.3851694 -0.8286178 -0.4062477
v -104.0472717 85.4335175 1626.4083252
vn -0.3885306 0.9027734 -0.1845111
v -76.3106232 84.9922028 1625.5167236
vn -0.1187045 -0.1216100 0.9854544
v -130.6251831 102.1092987 1623.0231934
vn -0.8939692 -0.4397964 0.0860133
v -125.6822357 110.7544556 1623.8966064
vn 0.4602354 -0.5360538 0.7076932
v -98.0822144 114.2475204 1627.2601318
vn 0.4852001 -0.6128725 0.6236731
v -93.8572159 112.3553314 1623.2515869
vn 0.8465808 -0.1084160 0.5211017
v -89.9407806 115.9179840 1624.7285156
vn 0.3784184 0.8525603 0.3604726
v -124.6725616 112.1825256 1624.9166260
vn -0.9472109 0.2160520 -0.2368819
v -98.6340485 112.9659576 1624.4637451
vn 0.4610865 0.1288516 0.8779502
v -94.5777740 113.7464828 1624.3415527
vn 0.1150400 0.3063950 0.9449275
v -89.9838181 115.9347534 1624.7489014
vn -0.2824667 -0.9225294 0.2629680
v -72.9826431 117.3629150 1622.4227295
vn -0.5940174 0.7014625 -0.3938195
v -98.5914307 114.8974762 1626.1804199
vn 0.4485949 -0.6988344 -0.5571293
v -60.7067986 118.2487335 1626.1160889
vn -0.9803107 -0.0272629 0.1955702
v -90.0794601 116.9592133 1623.3261719
vn 0.1042995 -0.9883418 0.1109154
v -90.1285706 117.0382385 1623.3105469
vn 0.7316030 0.0481044 -0.6800317
v -58.6624641 122.6035614 1625.2730713
vn -0.4969385 0.4792495 0.7234446
v -74.5856552 127.6251144 1622.7265625
vn 0.7622845 0.4606317 -0.4546876
v -59.9213791 126.9788284 1625.5706787
vn 0.5492736 0.1793140 0.8161771
v -108.7205887 128.4964447 1622.4743652
vn -0.2427011 0.8262666 0.5083107
v -65.6760330 131.6025848 1623.5063477
vn -0.7093528 0.5941216 0.3792600
v -48.4625816 130.3203583 1625.5190430
vn 0.6648605 0.5783471 0.4727316
v -46.9479408 130.0899048 1624.8706055
vn 0.2443090 -0.3512498 -0.9038455
v -76.7831573 141.3271484 1626.9553223
vn -0.7804370 -0.1680300 0.6022325
v -83.2290039 150.9380951 1621.7440186
vn 0.6579995 0.6324770 0.4086679
v -81.3672638 151.0180969 1622.6588135
vn -0.4054280 0.3480648 0.8452687
v -80.5513763 147.7422638 1624.9530029
vn 0.4226002 -0.7865102 -0.4503453
v -22.8620930 29.4773140 1628.0341797
vn -0.4266085 -0.8601161 -0.2796525
v -31.2503757 32.4801826 1630.0367432
vn -0.5074907 -0.5067848 -0.6968662
v -27.6124897 31.3805866 1629.8666992
vn 0.9184365 -0.3185518 -0.2345192
v -21.3119011 32.3482246 1629.8305664
vn -0.1905331 -0.5105529 -0.8384705
v -31.5526848 33.5115128 1628.9368896
vn -0.5823076 0.7690851 -0.2634881
v -24.3684025 33.1349106 1628.3671875
vn 0.6514627 0.7523539 0.0977757
v -34.3109818 36.1125374 1628.1044922
vn 0.7330045 0.0276501 -0.6796616
v -21.4935226 34.4951439 1628.1468506
vn -0.5704327 0.7001184 0.4294657
v -98.8911438 48.1630898 1629.8145752
vn -0.0749028 0.9398735 -0.3332080
v -72.5284271 53.0505295 1627.6392822
vn 0.6737707 -0.5329036 0.5119052
v -72.2153931 50.0389137 1625.5093994
vn -0.6779279 -0.3869675 -0.6250359
v -99.2933807 48.9726753 1629.2767334
vn -0.9188806 0.1935640 0.3437897
v -72.4879074 55.7077904 1626.8673096
vn 0.9421775 -0.2150708 0.2569942
v -71.9464035 51.5917473 1625.7645264
vn -0.6751683 -0.6322321 -0.3800400
v -43.7025528 55.7049637 1625.6386719
vn -0.5420186 -0.8283703 0.1414873
v -54.7177391 57.3829231 1626.4461670
vn 0.2481492 -0.8410434 -0.4806954
v -46.6591492 57.2712173 1625.2958984
vn 0.7909753 0.4822953 0.3764961
v -42.5783234 59.3038979 1628.9495850
vn 0.7076051 -0.4464760 -0.5476807
v -97.6464233 60.0149422 1628.3294678
vn -0.4612955 -0.5666314 -0.6827411
v -98.5754547 62.1594582 1626.6923828
vn 0.8519498 -0.5202744 -0.0591288
v -95.8825302 62.8988495 1627.0488281
vn 0.7589428 0.6432517 0.1011590
v -44.6828613 61.7169571 1627.9323730
vn -0.8036409 -0.5695893 -0.1724222
v -100.1554260 63.8852959 1627.1857910
vn -0.8552440 0.4986762 0.1409958
v -69.7960815 64.6337738 1626.5494385
vn 0.6485174 -0.7439006 0.1613606
v -93.1752472 66.1741867 1625.3065186
vn -0.4124622 0.6029691 -0.6828640
v -53.2470856 67.6513214 1626.1639404
vn -0.4457589 -0.3368732 -0.8293464
v -58.0640335 71.4561996 1627.9218750
vn -0.3398087 0.0659824 -0.9381772
v -109.8044968 71.2329865 1630.6734619
vn -0.6481922 -0.5482253 -0.5284845
v -104.5523834 68.6256332 1628.8251953
vn 0.2060790 0.7042382 0.6793969
v -98.8556213 68.3589935 1627.8986816
vn -0.7106574 0.0585306 -0.7010993
v -55.2889061 66.7365112 1626.9572754
vn -0.8559934 0.5168011 -0.0138585
v -67.0698624 68.6188431 1626.9865723
vn -0.3094390 0.7312658 0.6078634
v -92.3515320 71.4806747 1624.3616943
vn 0.4070775 -0.3506582 0.8434019
v -89.1504440 70.6866913 1624.3441162
vn 0.0816275 0.7547235 -0.6509449
v -106.1645203 69.5159607 1629.4868164
vn 0.5954163 0.6994066 -0.3953604
v -51.8039017 68.9688263 1627.7126465
vn -0.1866353 -0.3165142 0.9300463
v -82.6938705 76.0443802 1625.6518555
vn 0.0984916 -0.1925040 -0.9763409
v -60.7870712 73.3898849 1627.5075684
vn 0.5301197 0.1868588 -0.8270773
v -55.4865990 76.4972382 1628.1160889
vn -0.7883860 0.6150573 -0.0123310
v -65.0365906 71.9495621 1627.5733643
vn 0.1784851 -0.7391488 0.6494629
v -78.3668976 77.6912384 1627.4882812
vn -0.0945882 0.2257053 0.9695928
v -89.3686676 72.2317505 1624.5856934
vn 0.2840018 -0.7613364 0.5828463
v -73.9132614 80.4587173 1628.9132080
vn -0.5363278 0.3592350 -0.7637426
v -60.2407227 80.2549744 1629.6574707
vn -0.7679067 -0.6251848 -0.1395111
v -107.4299011 83.2853165 1630.4429932
vn 0.4567547 0.1859992 -0.8699307
v -54.9371376 83.2559509 1629.6055908
vn -0.2391377 -0.9472167 -0.2135264
v -62.1422958 84.5128021 1631.7384033
vn 0.5482506 -0.3080432 -0.7775157
v -67.8229980 84.8025284 1626.7303467
vn 0.1640012 -0.1628697 -0.9729220
v -60.9863701 86.4742203 1630.1046143
vn 0.8036528 -0.5949192 0.0146046
v -101.4276428 88.5942154 1623.9693604
vn 0.2856334 0.3747270 -0.8820392
v -66.4954147 86.4225616 1627.5850830
vn 0.8017851 0.1918366 0.5659853
v -101.6433716 89.2418137 1625.4180908
vn -0.5464184 0.8325214 0.0912963
v -104.8374634 87.9721146 1629.1589355
vn -0.3439509 0.9350314 -0.0861048
v -69.1312027 89.3948593 1630.8098145
vn -0.7278534 0.6653430 -0.1659766
v -103.1642685 89.2330170 1624.4262695
vn 0.3448558 -0.8440041 -0.4107697
v -125.1180038 110.8512039 1627.1892090
vn -0.7111780 -0.0360452 0.7020873
v -125.5107880 110.6823120 1626.7402344
vn -0.6409290 -0.6536159 0.4024877
v -98.5763474 112.7173309 1625.6164551
vn 0.0559730 -0.7897431 0.6108788
v -99.8749313 114.7069473 1628.9648438
vn -0.3993135 0.3183184 -0.8597803
v -125.0645676 110.7448730 1627.3198242
vn -0.7750618 -0.5598584 0.2929807
v -125.6933899 110.6944199 1626.1907959
vn -0.1279578 0.9697716 -0.2077734
v -97.4563980 115.0482330 1625.2429199
vn -0.5557480 -0.6960987 0.4545226
v -70.7041626 118.2532883 1627.2502441
vn -0.6955971 -0.2473100 0.6745239
v -74.1595383 121.3105698 1625.9968262
vn -0.2088686 -0.6559606 -0.7253204
v -47.6303101 126.6573334 1626.8946533
vn -0.6917209 0.1791083 0.6996017
v -74.1801071 122.3209076 1625.9903564
vn 0.7091668 0.4227792 -0.5642164
v -58.2839050 125.1669846 1626.5961914
vn 0.6371347 -0.4743059 -0.6075305
v -46.3725395 126.7813187 1627.1032715
vn -0.7665376 -0.4022685 -0.5005998
v -47.8696289 128.5357208 1625.6848145
vn 0.3209759 0.9465804 0.0309844
v -62.0820923 128.7961426 1628.7893066
vn 0.6598822 0.7508985 -0.0265878
v -61.4153328 128.7287750 1625.8540039
vn -0.3345686 -0.5582130 -0.7592511
v -71.4432068 132.1349792 1632.2261963
vn 0.5020880 -0.1385891 -0.8536397
v -74.0087967 137.4353790 1628.8782959
vn -0.1397629 -0.4775778 -0.8674018
v -75.5218124 138.0126648 1628.3177490
vn -0.5742370 -0.6341013 -0.5178487
v -78.3134537 142.4187927 1626.7198486
vn 0.8058675 0.0610626 -0.5889389
v -77.4721451 144.0030670 1625.7008057
vn 0.7631795 0.6336167 -0.1268342
v -77.5019150 144.7278595 1626.2932129
vn -0.7892411 0.1576667 0.5934979
v -79.6694031 144.8183136 1626.1231689
vn -0.3869756 -0.9216813 0.0274519
v -27.7076359 31.1502209 1630.8897705
vn -0.5607895 0.4605861 -0.6880230
v -26.2092609 31.7522888 1628.8576660
vn 0.4321727 0.8949484 -0.1108792
v -28.3631935 32.5354538 1630.6813965
vn -0.6205636 -0.7545794 -0.2133329
v -34.8326073 36.0744896 1628.7545166
vn 0.8194948 -0.4607148 -0.3408374
v -17.9804268 36.4335747 1632.8308105
vn -0.7328295 0.0267836 0.6798850
v -37.3241539 38.3418503 1627.7375488
vn 0.2706773 0.3773939 -0.8856115
v -22.4701805 33.8203735 1627.1997070
vn 0.4862422 0.8114405 0.3242419
v -34.7840042 36.2978745 1629.0987549
vn -0.8032416 0.1057849 0.5861847
v -38.4738503 39.9128647 1625.9964600
vn 0.9341822 -0.2663032 -0.2374578
v -38.2917480 42.4392204 1624.4261475
vn -0.5279594 0.3277343 -0.7834853
v -51.3207283 43.5295601 1630.7567139
vn 0.7022836 -0.0553834 -0.7097396
v -50.4832802 45.8076057 1631.0888672
vn -0.8674480 -0.1673271 0.4685462
v -50.3399849 47.0799103 1631.2409668
vn 0.8080564 0.4984755 0.3139541
v -98.9362488 48.1964836 1629.8179932
vn 0.8088955 -0.0118381 -0.5878333
v -50.2724876 51.2432671 1631.8289795
vn 0.9903654 -0.0289765 0.1354133
v -98.6488419 51.3642654 1629.3895264
vn -0.0529577 -0.9911582 -0.1216590
v -41.5903587 54.3589935 1627.3447266
vn 0.1324612 -0.8629852 0.4875557
v -40.7677612 53.4724464 1629.7839355
vn -0.5196379 -0.8530878 -0.0470930
v -42.7481918 54.6901245 1628.1821289
vn 0.9545817 0.2586842 -0.1478391
v -41.1242218 54.0209427 1628.7722168
vn -0.2928050 -0.4663054 0.8347602
v -72.5858841 53.5146217 1627.7841797
vn 0.4296998 -0.8729215 -0.2310115
v -48.5071983 56.1577759 1630.5544434
vn -0.9935376 0.1114318 -0.0215872
v -98.7171021 53.0086136 1629.1364746
vn -0.6326289 -0.7728108 0.0504397
v -56.4414101 58.2884445 1630.3012695
vn 0.5409804 -0.1765904 0.8222871
v -71.7220917 57.2335052 1626.8735352
vn 0.8400365 0.3039660 0.4493811
v -42.0276947 57.7237511 1629.0985107
vn -0.5710112 -0.7278401 0.3797303
v -56.5170326 58.3779755 1630.6430664
vn 0.9914352 -0.1198179 0.0519621
v -98.2862396 54.7755890 1628.6702881
vn -0.9715545 -0.1575918 0.1767674
v -56.0927086 61.1534233 1630.8527832
vn -0.4395031 0.1135838 0.8910308
v -69.9525757 62.9122314 1627.3408203
vn 0.8124944 -0.1921481 0.5503926
v -95.5223160 64.6359100 1627.7398682
vn -0.7603920 -0.3649011 0.5372627
v -100.5703735 64.9056015 1629.0125732
vn 0.7411306 0.6007671 0.2996739
v -47.5800514 65.8028488 1628.6395264
vn -0.9601489 -0.1534772 -0.2335786
v -56.6256256 65.6311874 1629.4790039
vn 0.1856061 0.2746689 0.9434550
v -99.8389816 66.6022949 1629.3542480
vn 0.6754583 -0.5118647 0.5308019
v -67.3369675 66.4085541 1627.1236572
vn -0.3644896 -0.2610403 -0.8938709
v -107.0815430 69.7401733 1629.6396484
vn -0.3917606 -0.8991050 -0.1952792
v -112.9199677 71.6225357 1632.9838867
vn 0.2754430 0.3477809 0.8962029
v -93.4350510 68.9970245 1626.3430176
vn 0.5939363 -0.7910408 -0.1466088
v -64.0202179 70.5961304 1627.8062744
vn -0.0476631 0.9975239 0.0517139
v -99.9133606 68.7240677 1627.0850830
vn 0.2636820 0.9484985 -0.1755627
v -105.1889648 70.1877518 1631.2686768
vn -0.2657679 0.4013135 -0.8765358
v -114.0224686 72.9083023 1632.8249512
vn 0.0655905 0.7943375 -0.6039253
v -110.2293549 71.8164978 1631.1265869
vn -0.5363780 0.1882752 0.8227096
v -80.8860550 79.1572113 1626.8706055
vn -0.2362176 -0.3142312 0.9194890
v -78.8155212 78.2823334 1627.8765869
vn 0.4735368 -0.8626755 -0.1776341
v -68.0312195 83.5349503 1628.3894043
vn -0.7341897 -0.4436558 -0.5139406
v -106.9441223 83.9279785 1629.1362305
vn -0.6058019 0.6549147 0.4517640
v -78.4922256 83.3941803 1626.1391602
vn -0.6053563 0.2104708 0.7676235
v -74.9142456 83.5766068 1629.5885010
vn -0.6605593 0.7123593 0.2370773
v -74.5737839 86.0296631 1628.0496826
vn 0.1207234 0.2637254 -0.9570135
v -56.1097717 85.3546219 1630.0256348
vn 0.9860381 -0.0389044 0.1619115
v -103.3804626 86.1477280 1630.4066162
vn 0.1944367 0.4522000 -0.8704652
v -59.4445000 90.6814804 1631.1380615
vn -0.8739305 0.4755895 -0.1003001
v -106.1476746 86.4469757 1629.0098877
vn -0.0861284 0.8522699 0.5159631
v -101.9646378 89.6479645 1625.2380371
vn -0.2793273 0.8799770 -0.3842094
v -72.1124725 87.4919052 1627.6624756
vn -0.0779985 0.7999374 -0.5949928
v -66.3845825 89.7458115 1630.2093506
vn -0.6115836 -0.2598237 -0.7473000
v -100.5330429 115.5345459 1630.1749268
vn -0.3335243 -0.9244773 0.1846712
v -67.8281097 117.0176926 1627.9221191
vn 0.1700656 -0.8920707 -0.4186736
v -58.3343239 116.3823853 1631.2333984
vn 0.7409981 0.3040033 0.5987519
v -98.8739395 115.0291977 1628.2467041
vn 0.6150383 -0.3853543 -0.6879172
v -58.0051193 120.4169846 1626.4777832
vn -0.7652430 -0.3304136 0.5524763
v -69.7158203 119.8989105 1630.1571045
vn -0.6077666 0.5076687 0.6106490
v -72.2466125 125.7827988 1625.8000488
vn 0.9212440 -0.2284635 -0.3148237
v -45.2305908 125.0223923 1630.5299072
vn -0.6731677 0.6993662 0.2402755
v -48.6405029 127.5222168 1628.5576172
vn 0.4472757 0.0519678 -0.8928851
v -70.8917236 134.3345032 1631.4729004
vn 0.1729105 0.0850071 -0.9812623
v -90.5191879 139.0484314 1633.0704346
vn -0.9933020 -0.0770139 0.0861387
v -78.9757767 142.6939087 1628.0358887
vn -0.0831811 0.8107454 0.5794591
v -78.5292816 145.0073242 1626.8162842
vn 0.5446994 0.7616697 0.3509443
v -75.5067520 144.1108093 1630.4300537
vn -0.3094348 -0.9494295 -0.0532332
v -22.9865837 28.9475880 1630.5135498
vn -0.7152205 -0.6863107 0.1320505
v -32.6016197 33.3021660 1631.1793213
vn -0.2620403 0.9546081 0.1416271
v -25.4361992 32.6552734 1630.4886475
vn -0.4807528 0.6296251 0.6102861
v -23.3219452 33.0193100 1631.1594238
vn 0.4502322 0.8917374 0.0457757
v -31.4220085 34.6449203 1630.6994629
vn -0.8515448 0.4116071 0.3247324
v -20.2841759 36.0611000 1633.7454834
vn -0.6902478 0.7228917 -0.0313933
v -21.9528713 35.1091576 1629.8876953
vn -0.5053025 0.0354386 0.8622143
v -36.4457588 37.5502167 1628.5487061
vn -0.0712880 -0.8210345 0.5664102
v -51.7058449 42.2544289 1630.5511475
vn -0.7587947 0.6504762 0.0333371
v -18.6261711 38.9210091 1633.5362549
vn -0.4106829 0.6523756 -0.6369817
v -17.8316669 39.1614304 1632.6770020
vn 0.5464941 0.0774299 -0.8338758
v -17.7781944 38.4471893 1632.3133545
vn -0.2734195 -0.8281687 -0.4892631
v -51.7892075 42.0697784 1630.3156738
vn 0.9729209 -0.2274746 0.0409909
v -50.1934738 45.6189346 1632.9094238
vn 0.9294031 0.0472237 0.3660326
v -98.7830963 51.9648018 1629.6367188
vn -0.5227756 -0.8501463 -0.0629046
v -40.5034866 53.3146706 1630.2277832
vn 0.8087144 -0.5378703 0.2380684
v -41.5469704 53.8506355 1631.4689941
vn -0.1311124 0.0418554 -0.9904836
v -40.5617104 53.3733673 1631.3671875
vn -0.4151975 0.7495708 0.5155141
v -40.3815346 53.2025795 1630.3911133
vn -0.1241960 0.1831351 0.9752112
v -41.8116493 53.8888550 1630.7973633
vn -0.7651852 -0.2743482 0.5824300
v -42.1037674 54.3609962 1630.3481445
vn -0.3178864 -0.9457194 -0.0675509
v -51.9172325 56.5056458 1628.9693604
vn -0.8918864 -0.1346238 0.4317582
v -51.0324440 54.7912064 1633.2047119
vn 0.4875640 -0.2233759 0.8440288
v -98.1470718 58.0380173 1629.7330322
vn -0.6118907 -0.4750883 0.6323614
v -56.4934006 58.4132881 1630.6927490
vn 0.3409537 0.2817089 -0.8968784
v -8.3090715 57.4813766 1635.2066650
vn -0.9894318 -0.1376717 -0.0455111
v -98.2695923 58.4413414 1629.7694092
vn -0.0511754 -0.9049230 0.4224873
v -45.5676994 56.6493340 1629.4168701
vn 0.9294146 -0.3089625 0.2018185
v -97.5904312 59.3929367 1629.6169434
vn -0.5802131 -0.6443723 0.4981338
v -54.6959496 58.5680656 1631.7421875
vn 0.5137350 0.0363565 0.8571783
v -43.6977997 58.8758888 1630.0086670
vn 0.5151775 0.4264504 0.7434597
v -96.7510910 65.0741653 1629.1311035
vn -0.4019343 -0.8861696 0.2305479
v -104.7025833 68.5592270 1629.9155273
vn 0.2238934 -0.4938262 0.8402425
v -103.8710785 68.7934341 1630.4417725
vn -0.3179355 0.0159424 0.9479783
v -67.7080917 66.8155136 1627.4962158
vn 0.0851757 -0.4286520 0.8994457
v -65.5406723 70.0094147 1628.7099609
vn 0.7943695 0.5645249 0.2242516
v -50.2669296 67.6032715 1630.7874756
vn 0.4977233 0.6689020 0.5521247
v -102.8294067 69.4653244 1629.7497559
vn -0.5218611 -0.8140764 0.2548344
v -60.2525444 71.9797897 1629.7027588
vn 0.0688189 0.4301788 -0.9001168
v -117.6601181 74.0173187 1634.0014648
vn -0.6652260 0.2197344 0.7135763
v -65.7730713 70.1088791 1628.6524658
vn -0.9076194 0.4109583 0.0856761
v -62.0322342 75.2315750 1629.2684326
vn -0.6989027 -0.0653578 -0.7122243
v -122.3533936 75.0904617 1633.5815430
vn 0.2536136 -0.9531195 -0.1650556
v -106.1743011 83.4456940 1630.1943359
vn -0.9805297 0.1054275 0.1656701
v -107.3398361 83.6217117 1630.9207764
vn -0.2724370 -0.3066168 0.9120111
v -73.3532944 82.7892761 1630.4028320
vn -0.5921717 -0.0971190 -0.7999379
v -59.6551247 83.3035812 1630.6644287
vn 0.4918832 0.2392290 -0.8371502
v -52.0885162 88.2070694 1632.7470703
vn 0.0164598 0.7785786 -0.6273313
v -60.3143044 91.7501755 1631.7619629
vn 0.5623644 -0.5082917 -0.6522162
v -25.9984226 109.7392120 1633.9771729
vn -0.2035708 -0.3333892 -0.9205491
v -30.6678257 109.9350204 1633.5698242
vn 0.4187934 -0.1120720 -0.9011393
v -25.6547642 111.4799728 1632.9996338
vn 0.0994471 0.3458169 -0.9330171
v -29.1287861 114.1304932 1633.4615479
vn 0.4209251 -0.5873738 -0.6912411
v -54.7143021 117.7372131 1631.3613281
vn 0.6584684 0.4092301 0.6316251
v -99.7573776 115.3654785 1629.2570801
vn -0.6886508 -0.6053100 0.3991991
v -68.8328171 118.7477264 1630.4528809
vn 0.4517481 -0.6260504 -0.6355979
v -46.7042160 122.0481033 1632.5766602
vn 0.3391076 -0.4424221 -0.8302221
v -50.2861214 120.5410843 1631.9376221
vn 0.4390457 0.0164080 -0.8983150
v -52.8072853 122.0416794 1630.8056641
vn -0.8920145 0.2167562 0.3966446
v -68.8474884 122.7611694 1631.7823486
vn -0.1333980 -0.3460094 -0.9286994
v -49.2764282 123.2147675 1631.1325684
vn -0.7791130 0.5866678 0.2209160
v -67.7713852 126.9716339 1630.4544678
vn -0.5251731 0.7262686 -0.4435394
v -50.0499840 125.5392838 1632.0225830
vn 0.5390177 0.7943678 -0.2800707
v -58.5033493 126.9738541 1629.5155029
vn -0.3518415 0.9288774 -0.1157341
v -65.6728821 128.7348938 1629.8781738
vn 0.2795145 0.8841184 0.3744414
v -47.1088867 127.0776672 1629.9621582
vn -0.9241354 -0.1462667 -0.3529586
v -68.1243591 127.0933151 1632.3953857
vn -0.1788133 0.2317781 -0.9561929
v -67.4462738 129.9851685 1631.7158203
vn -0.3781773 -0.4333179 -0.8180572
v -80.2003708 135.8987732 1632.3519287
vn -0.3047349 -0.6745653 -0.6723827
v -75.8300476 135.0165558 1630.7862549
vn -0.1372433 -0.5778815 -0.8044982
v -90.2215881 138.4271698 1633.2733154
vn -0.4696728 0.0104177 -0.8827791
v -93.0220947 139.7342529 1632.4991455
vn -0.7864791 -0.2344073 -0.5714052
v -78.9319763 139.2898712 1630.0153809
vn -0.4140245 0.3409598 -0.8439966
v -81.3567047 138.2283630 1632.5998535
vn 0.8450329 0.3134460 -0.4332101
v -74.4874191 139.7921600 1629.1837158
vn 0.7279402 0.6108692 0.3113551
v -74.5729980 140.7815399 1631.9514160
vn 0.4628969 0.8727852 0.1548310
v -75.7002487 144.3377686 1630.0777588
vn 0.7262041 -0.6550952 0.2085136
v -21.3639526 28.6016388 1630.8726807
vn 0.9345595 -0.3233556 -0.1484579
v -21.3535271 28.6777897 1630.7630615
vn 0.4727426 -0.4272611 0.7706896
v -22.3206081 29.1107311 1632.4583740
vn 0.3817760 -0.2581143 0.8874819
v -28.3452034 31.8776245 1632.3115234
vn -0.3601493 -0.1395981 0.9223909
v -26.7204361 31.1646519 1632.6115723
vn 0.2301285 -0.4206372 0.8775564
v -21.7468147 32.4131508 1631.9642334
vn -0.8641005 -0.2437208 0.4403755
v -33.9199829 35.1682549 1630.3493652
vn 0.6040430 -0.6873650 -0.4033132
v -16.2107048 37.9236107 1633.8505859
vn 0.6775472 -0.2523551 -0.6908305
v -13.8996439 39.5638924 1634.7551270
vn -0.8393146 0.5434294 0.0153417
v -15.7369270 42.4438744 1635.1248779
vn -0.9936988 0.0945790 -0.0601461
v -50.8409119 45.7865334 1631.8022461
vn 0.6709903 -0.1945906 -0.7154765
v -13.6675787 44.0074997 1633.8399658
vn -0.2715727 0.2998387 -0.9145191
v -14.2861776 43.3987045 1633.6633301
vn 0.9014571 -0.2432103 0.3580836
v -49.7440338 52.6817169 1633.0716553
vn 0.9340825 -0.3384614 -0.1137271
v -10.8373480 49.2296104 1635.8537598
vn 0.1940632 0.4230338 -0.8850887
v -99.3066864 48.7858849 1632.3005371
vn 0.3575516 -0.2504486 -0.8996846
v -11.5165968 49.1078377 1634.0137939
vn -0.3873574 -0.5635007 -0.7296720
v -99.2755814 48.9109764 1632.2094727
vn 0.7283636 -0.6540586 -0.2041908
v -39.1673889 52.9095535 1632.6671143
vn -0.9836441 0.0659238 -0.1676255
v -51.8692322 50.0657921 1632.6662598
vn 0.4497699 -0.0082968 -0.8931060
v -11.0285006 50.5273247 1634.3214111
vn 0.7422277 0.6610897 0.1098120
v -39.1700974 52.9400406 1632.6854248
vn 0.6647194 -0.4128794 0.6226385
v -47.6141434 57.5908546 1632.1770020
vn -0.7193611 -0.3086882 -0.6222790
v -50.6703606 54.3786736 1631.8364258
vn 0.7369162 0.3552706 -0.5750976
v -41.3384705 53.6604004 1631.7487793
vn 0.0515903 0.9969451 0.0586416
v -39.2434120 52.9302635 1632.6983643
vn -0.6279297 -0.5004667 0.5960178
v -51.9756699 57.1120605 1633.5001221
vn 0.4797269 0.0599429 -0.8753679
v -8.3580017 56.8126068 1634.9720459
vn 0.2506972 0.3434280 -0.9051012
v 5.0892448 59.6449127 1636.2320557
vn 0.7041881 0.3497115 0.6179166
v -46.0741959 61.2009087 1631.4812012
vn 0.5678204 -0.0545339 0.8213441
v -48.4139442 59.9000816 1633.5524902
vn 0.5913519 0.3024526 0.7475462
v -48.2898407 62.5821800 1633.3183594
vn 0.8827981 -0.1686413 0.4384377
v -97.8202591 61.9048195 1632.8969727
vn 0.6959513 0.5423506 0.4706460
v -98.1786880 62.4349861 1633.3891602
vn 0.5914655 0.3726539 0.7150509
v -49.7495613 64.6443329 1633.2956543
vn -0.9712842 -0.1275040 0.2008728
v -57.0653229 67.0361938 1632.1546631
vn 0.3091783 -0.1566528 0.9380132
v -106.3601837 70.3425522 1633.4558105
vn 0.9397073 0.2886117 -0.1834489
v -53.3841743 74.1574783 1630.4890137
vn -0.5462647 -0.1326927 0.8270354
v -57.8369522 73.4306183 1633.1243896
vn 0.6883062 0.4126404 0.5966259
v -106.0204163 70.4072037 1633.1784668
vn 0.7367275 0.3639672 0.5698776
v -51.8390579 68.9084015 1632.9376221
vn -0.3453362 -0.8181953 -0.4596731
v -116.3872833 72.9445724 1634.1437988
vn -0.3986980 -0.7231983 -0.5639363
v -121.9775925 74.8143845 1633.6358643
vn 0.1566679 0.9679129 -0.1964687
v -117.9981918 74.5784683 1634.7380371
vn -0.6935926 -0.0707574 0.7168841
v -61.5101738 74.7564392 1630.3286133
vn 0.2086281 -0.8476453 0.4878235
v -70.2995224 82.9062271 1630.6124268
vn -0.4767242 -0.8351631 0.2742929
v -106.2115250 83.8847198 1633.9785156
vn 0.6939580 -0.7186555 -0.0442320
v -104.2701797 84.4763641 1631.5102539
vn -0.2166629 -0.7806070 0.5862677
v -64.3600845 85.4797058 1633.8634033
vn 0.8636705 -0.0443228 -0.5021043
v -53.7316132 81.1502991 1630.8793945
vn -0.6590723 0.6557542 0.3682529
v -71.5789948 88.0876389 1632.0018311
vn 0.7190223 -0.1230350 -0.6840097
v -48.9295845 90.0010681 1635.4964600
vn 0.4482159 0.3902352 -0.8042506
v -47.4945602 93.3753357 1636.9332275
vn 0.1867258 0.6236641 -0.7590630
v -52.7501106 92.4731293 1634.5377197
vn -0.1075757 0.9092150 -0.4021885
v -53.4632607 94.1296463 1636.5706787
vn 0.0106864 -0.6692983 -0.7429169
v -28.2641296 108.6073456 1634.0997314
vn 0.3411718 -0.7575373 -0.5565421
v -25.8377323 106.7489548 1636.8970947
vn -0.3442352 -0.2053452 -0.9161525
v -33.4614716 111.4249878 1634.0454102
vn -0.3171405 -0.7036692 -0.6358237
v -31.2119236 109.0374222 1634.4698486
vn -0.4958255 -0.5047017 -0.7067059
v -35.4666100 110.9386520 1635.3833008
vn -0.5875555 0.2189639 -0.7789952
v -36.7374039 113.9395752 1635.4069824
vn 0.5178550 0.2266617 -0.8248943
v -25.3361549 111.9217072 1633.1831055
vn -0.1591791 -0.9860590 -0.0484732
v -62.8640442 116.1814575 1631.8142090
vn -0.1314401 -0.9660113 -0.2225886
v -60.0871544 115.4455185 1633.3953857
vn 0.7241296 -0.2664809 -0.6361008
v -100.9660568 115.6250076 1630.4089355
vn 0.5817533 0.5429740 -0.6055926
v -25.4135647 114.2424164 1634.8487549
vn -0.1669579 0.3100713 -0.9359385
v -31.5718498 115.2345428 1633.7644043
vn 0.3693645 -0.6688514 -0.6451417
v -51.1169777 116.1580887 1634.6397705
vn 0.0257680 0.6154307 -0.7877697
v -31.1705093 117.2643967 1634.8760986
vn 0.7863014 0.6127909 0.0788507
v -44.8912392 123.1966324 1637.3626709
vn 0.2628971 0.8014017 -0.5372526
v -53.1975098 125.6212158 1632.6287842
vn 0.8466995 0.5203055 0.1112754
v -45.3809547 125.6181488 1630.5975342
vn 0.3921585 0.9047610 -0.1661907
v -59.9372826 128.9217529 1634.2635498
vn 0.1930294 0.9081801 -0.3714144
v -63.2176666 129.4655609 1631.0693359
vn -0.4140366 -0.8760767 -0.2471100
v -75.1912079 133.1422729 1633.9309082
vn 0.4971415 0.6607720 -0.5623440
v -66.5779572 132.4169617 1633.2817383
vn -0.2653911 -0.8275736 -0.4946611
v -81.9107208 134.8377991 1633.9913330
vn 0.7887583 0.5855696 -0.1869991
v -71.5945740 136.9502411 1632.4344482
vn -0.5937610 0.8043404 0.0220112
v -79.2365036 140.2547913 1632.5329590
vn 0.2115281 0.8812348 -0.4227070
v -88.6091766 139.9238281 1634.1009521
vn -0.0241932 0.9983371 -0.0523238
v -82.9628754 139.4229736 1634.8383789
vn 0.0180229 0.4979671 -0.8670087
v -92.2595901 141.4241028 1633.4746094
vn 0.0330231 0.8531764 0.5205762
v -77.2771530 140.6615143 1634.0499268
vn -0.0632284 0.7680718 0.6372346
v -76.7632141 141.6757812 1632.4801025
vn 0.0079098 -0.3700337 0.9289846
v -22.7190781 29.1364021 1632.6071777
vn -0.2452436 -0.3713601 0.8955151
v -24.6560593 30.1545334 1632.4973145
vn -0.4172381 -0.8313200 0.3671776
v -31.1057358 32.7808800 1633.0989990
vn 0.6858875 -0.7233280 0.0797183
v -19.6420460 33.8766747 1634.4104004
vn -0.5403727 -0.3918428 0.7446184
v -31.1512966 33.5200996 1634.2929688
vn -0.8487561 0.5282498 -0.0237759
v -20.0760899 33.8231163 1635.7805176
vn 0.6770520 0.2567791 0.6896847
v -30.4262524 33.6978416 1634.4692383
vn -0.2996288 0.7908806 0.5336016
v -32.6299477 34.5476494 1632.0915527
vn 0.2737110 0.8737461 0.4020572
v -30.6871300 33.8220940 1634.5908203
vn 0.4373084 -0.6843069 0.5835114
v -16.6112061 37.8959351 1635.6912842
vn -0.9535428 -0.3002600 -0.0244978
v -12.5816965 38.8417854 1636.4138184
vn -0.0810823 0.9744532 -0.2094442
v -12.6277485 38.7642021 1636.4168701
vn -0.3527083 0.2750778 -0.8943875
v -50.4445000 45.4440842 1633.8846436
vn 0.9767541 -0.1850910 -0.1081328
v -13.0202150 43.3566666 1635.7675781
vn 0.1244357 -0.4472057 0.8857329
v -50.4603081 45.3407784 1633.8287354
vn -0.6402857 -0.0898006 0.7628697
v -50.7099113 46.8601799 1633.6903076
vn -0.9433815 -0.0781628 0.3223692
v -51.8503494 49.5918961 1632.7854004
vn 0.6970791 -0.7018596 0.1465397
v -39.5235786 52.9517860 1633.4797363
vn 0.1083791 -0.2078543 0.9721372
v -50.0788193 56.5072899 1633.9666748
vn -0.0097275 0.0039605 0.9999449
v -50.4191818 50.9780693 1633.4195557
vn 0.2656825 0.0605570 -0.9621568
v -39.6030998 52.9105453 1633.8265381
vn -0.6824825 0.3027694 -0.6652430
v -10.8894739 52.7703400 1634.9927979
vn -0.6235102 -0.3169155 -0.7147025
v 5.3704591 57.6231842 1636.6060791
vn -0.4102508 -0.1206820 -0.9039525
v 5.0148134 59.0881424 1636.1175537
vn 0.2531771 -0.0691878 0.9649427
v -50.7833824 59.5874519 1634.8968506
vn 0.9823117 -0.1834452 0.0375706
v -7.8883719 58.3458328 1637.2725830
vn -0.5206105 -0.5762663 0.6299856
v -54.5111046 60.8222542 1633.8966064
vn -0.1317548 -0.9374056 0.3223532
v -55.4882126 62.3176537 1635.3536377
vn -0.1666237 0.3047692 -0.9377379
v -8.6763439 61.0706024 1636.5634766
vn 0.1834308 -0.0298773 0.9825785
v -52.3699188 62.2404175 1635.0344238
vn -0.5305577 -0.3925240 0.7512879
v 5.4871330 63.3734550 1637.1312256
vn -0.9861089 -0.0871780 -0.1413835
v -99.8400650 62.6444321 1632.0052490
vn -0.9479027 -0.3183362 -0.0119377
v -56.8102722 63.3724861 1634.8061523
vn -0.1663875 0.7764678 0.6077936
v -99.1674194 63.8203278 1630.8583984
vn -0.3997949 -0.8121986 -0.4248499
v -102.0837173 62.4296608 1638.6169434
vn -0.6623268 0.2938101 -0.6892016
v -8.8853540 63.9382935 1637.5748291
vn -0.5798365 0.5105092 0.6349568
v -56.2229042 66.0201569 1634.9812012
vn 0.5237364 0.2575888 -0.8120025
v 5.5496039 64.4735260 1637.4582520
vn -0.4314717 0.1862856 0.8826833
v -55.3970985 68.4554596 1634.3571777
vn -0.1718537 -0.8930321 0.4158846
v -107.7014694 70.0511246 1632.7709961
vn 0.3413336 0.1741622 0.9236660
v -53.8714638 69.7796783 1634.0816650
vn -0.2109673 -0.9569280 0.1994533
v -115.2439423 72.5208817 1634.9770508
vn -0.3321746 -0.9412059 0.0615749
v -118.5408707 73.4140701 1634.6002197
vn 0.3404692 -0.0100533 0.9402019
v -109.0420609 71.2072449 1633.8851318
vn 0.4614961 0.8741164 0.1514658
v -109.4004898 71.9210129 1633.3045654
vn 0.8792676 0.1291199 0.4584938
v -53.6483459 75.2226181 1632.7371826
vn 0.2254473 0.9284117 -0.2953394
v -112.2389908 73.1742706 1633.2868652
vn -0.3078175 0.8205269 0.4816471
v -118.1415558 74.3706055 1635.7415771
vn 0.2734318 -0.2949528 0.9155534
v -55.4508324 77.9179916 1633.7967529
vn -0.3557999 0.4880239 0.7970189
v -122.8059616 75.9309006 1634.5585938
vn 0.2339754 0.8589579 -0.4554633
v -122.4220276 75.5296860 1634.1270752
vn -0.8825480 -0.3564329 0.3066998
v -59.8467064 82.5650406 1633.6503906
vn -0.2481373 -0.4830338 0.8397061
v -70.1243362 84.4867401 1632.2916260
vn -0.5199183 -0.5307983 0.6692819
v -59.8518906 84.6631851 1636.1115723
vn -0.5345977 0.2850819 0.7955713
v -71.0067673 87.9257278 1632.7261963
vn 0.5140717 0.8390204 0.1782560
v -104.3617706 87.7156448 1630.6979980
vn -0.5452768 0.6146336 0.5699989
v -67.2900925 89.3786850 1633.8310547
vn -0.3780907 0.9216405 -0.0873291
v -64.1294479 91.4922943 1633.1242676
vn -0.6107377 -0.1083132 -0.7843900
v -37.3553581 112.9060898 1635.8184814
vn -0.5102683 -0.8486226 0.1395209
v -64.1929932 117.2522202 1636.5994873
vn 0.4643580 -0.5205663 -0.7165070
v -47.7794914 117.2476654 1636.0698242
vn 0.5457555 0.7661173 -0.3394337
v -27.0399609 117.7338181 1638.0389404
vn -0.4388397 0.5258114 -0.7286578
v -36.5996170 116.7060394 1637.0798340
vn -0.2476559 0.8614777 -0.4433089
v -35.8608437 119.5717926 1639.6365967
vn 0.1001016 0.7941242 -0.5994551
v -31.1118469 119.5868835 1637.0028076
vn 0.2329480 0.9724885 -0.0012077
v -49.8039818 126.4309616 1636.7054443
vn 0.0393548 0.9869332 0.1562497
v -48.0340424 126.3199997 1633.4372559
vn 0.5582159 0.8130167 0.1655262
v -46.5085907 124.9353943 1636.4278564
vn -0.1868226 -0.9823902 -0.0026259
v -82.1184540 134.3980713 1635.5559082
vn -0.1305031 -0.9628150 -0.2365509
v -86.0861740 135.2242126 1636.4145508
vn 0.5269261 0.8495552 0.0245964
v -66.2626953 132.7238159 1634.6894531
vn -0.2664459 -0.5661762 -0.7800328
v -94.5457382 135.6068115 1637.3909912
vn 0.6034131 0.7030656 0.3762864
v -72.8395233 138.1670990 1634.0928955
vn -0.8439043 -0.0834126 -0.5299699
v -93.3267975 137.9213562 1635.3239746
vn -0.5159193 0.7984806 0.3102514
v -92.5095444 139.4881592 1637.2408447
vn -0.7967923 -0.3596004 -0.4856023
v -93.1628113 139.5827179 1632.7301025
vn 0.0186293 0.8370607 0.5467927
v -79.6680298 139.4084167 1636.0921631
vn -0.8258057 -0.5636650 -0.0180744
v -92.3630066 142.5673370 1634.2208252
vn -0.6138729 0.7826055 0.1033860
v -92.4735413 142.6486511 1634.1619873
vn -0.5088174 0.3991087 0.7627694
v -30.9755592 33.8516693 1634.7991943
vn 0.5332651 0.4700126 -0.7033609
v -19.9295616 34.4749641 1636.5374756
vn 0.0589198 -0.9974014 -0.0414615
v -20.1424217 33.7601547 1635.8536377
vn 0.0523116 0.1894277 -0.9805002
v -25.5327892 34.5193062 1638.5817871
vn -0.1764979 -0.8974447 -0.4042791
v -20.6072807 33.7200012 1637.0745850
vn -0.7473126 0.5722304 -0.3377517
v -19.9940357 34.7332916 1637.2939453
vn -0.3490587 0.0803576 0.9336491
v -17.1932449 38.5606461 1636.0571289
vn -0.7085071 0.2660122 0.6536477
v -15.4026232 42.0100975 1636.4641113
vn -0.9129424 0.4013635 -0.0737805
v -13.8561897 46.4212952 1636.0329590
vn -0.9439650 0.2824316 -0.1707707
v -12.4951115 49.8958511 1636.4296875
vn -0.7060940 -0.4955486 0.5058290
v 5.3830423 57.5108604 1636.7419434
vn 0.2835386 -0.9491364 -0.1369160
v 5.4925575 57.3187408 1636.6601562
vn -0.2666834 -0.2889759 0.9194416
v -51.6097069 59.3302231 1634.8472900
vn -0.8999067 0.2358464 -0.3668030
v -10.9990320 56.2626457 1637.4116211
vn -0.3311886 -0.8771526 0.3477321
v -99.0125656 61.0889816 1633.3203125
vn -0.7787269 -0.5902929 -0.2124587
v -99.9089890 62.0127068 1633.7161865
vn -0.3532901 -0.8636665 -0.3595362
v -56.6451492 62.0413933 1637.8139648
vn 0.7598085 0.1067910 0.6413164
v -99.3452148 62.0587692 1635.6458740
vn 0.1911324 -0.9160112 -0.3526925
v -56.0334892 61.9648056 1637.8988037
vn 0.8024929 -0.2961467 0.5179791
v -100.7800140 61.9787903 1637.3498535
vn -0.0398131 0.9928548 0.1124913
v -101.4321442 62.5554428 1637.0242920
vn 0.6529255 -0.1640824 0.7394359
v -54.8292999 63.2400742 1635.9062500
vn 0.7326023 0.1725826 -0.6584141
v -7.3170347 66.5774460 1638.2329102
vn -0.8218528 0.0816492 -0.5638186
v 5.3988538 67.3702545 1638.5792236
vn -0.9631370 0.2056258 0.1734509
v -56.8209114 63.6919250 1636.5894775
vn 0.2139664 0.4065684 0.8882120
v -55.1471252 65.6334991 1635.4296875
vn -0.0906710 0.3522987 -0.9314851
v -7.8205695 66.3536911 1637.9364014
vn 0.3411863 -0.5755072 0.7432250
v -113.3096161 73.0987778 1635.9472656
vn -0.5359298 -0.7229025 0.4361093
v -121.8740463 74.8899307 1634.3549805
vn -0.5814807 -0.5073249 0.6360046
v -118.3049774 73.9191055 1635.7840576
vn 0.6116498 0.7659569 0.1979761
v -113.5786133 73.8909531 1636.1730957
vn -0.4451643 -0.8471869 0.2900054
v -116.5184784 73.7200928 1639.0587158
vn -0.1999201 -0.9311893 0.3048252
v 1.5116428 75.1406784 1641.2612305
vn 0.2435973 0.9687453 0.0468285
v -114.9810257 74.4375610 1637.7843018
vn 0.6948640 0.7175601 -0.0476609
v -122.5989227 75.6424332 1634.4355469
vn -0.3509690 -0.3414956 0.8718954
v -57.8047409 78.4842377 1634.1601562
vn 0.3356777 -0.8019048 0.4942359
v -51.0491371 86.8963318 1639.9967041
vn 0.9919347 0.0555269 -0.1139405
v -103.1509399 86.0548630 1636.5926514
vn 0.8505536 -0.5238698 -0.0460339
v -50.3751945 85.7574158 1636.0992432
vn -0.4553234 -0.3371160 0.8240349
v -59.8177376 89.1525421 1638.9455566
vn 0.7434581 -0.6141837 -0.2646668
v -46.9183693 89.2280045 1638.5784912
vn -0.8861840 0.3959071 0.2406978
v -105.2582855 86.2994843 1637.5133057
vn -0.4241719 -0.1567627 0.8919101
v -67.1201401 87.7775574 1634.3892822
vn -0.2484668 0.9677626 -0.0412272
v -61.4238853 92.8018646 1634.3176270
vn 0.1073630 0.8128381 -0.5725097
v -49.1174011 94.8059235 1637.5522461
vn -0.1100625 -0.9445937 -0.3092395
v -54.0837936 113.2220612 1639.4721680
vn 0.0873586 -0.7760566 -0.6245836
v -48.9332428 113.9991455 1638.6159668
vn -0.4571503 -0.8824440 0.1109337
v -60.6968498 115.6503525 1640.0509033
vn 0.8118622 0.5016154 -0.2987670
v -24.5751400 115.3634262 1637.6235352
vn -0.9830546 -0.1018847 0.1523919
v -68.0337296 122.8189545 1635.2084961
vn 0.7416802 -0.2469197 -0.6236515
v -45.0306396 119.9034119 1637.1169434
vn -0.1286030 0.9204401 -0.3691225
v -32.2904015 120.3339767 1638.4615479
vn -0.8342577 -0.5478380 -0.0623513
v -68.9550171 127.3260269 1636.3098145
vn 0.2917288 0.9504456 0.1074592
v -57.9043274 128.4841919 1638.4886475
vn -0.6629310 -0.5955258 0.4537306
v -71.1509171 129.8922272 1636.7664795
vn -0.3019886 -0.8253476 0.4770789
v -76.3823318 133.9443359 1636.5903320
vn -0.3324165 -0.0305839 -0.9426367
v -101.6827469 133.6661377 1639.5401611
vn 0.0024702 -0.8516197 -0.5241545
v -93.9034805 134.4415741 1638.5042725
vn 0.3429568 0.7321364 0.5885209
v -68.7462463 133.1522064 1636.8575439
vn -0.5540725 0.4714732 -0.6860880
v -95.7642517 136.0176239 1637.9114990
vn -0.9252480 -0.1373351 -0.3536315
v -25.9695339 34.4855270 1638.5548096
vn -0.4900853 -0.0622193 -0.8694510
v -22.2941685 34.3786659 1639.1021729
vn 0.3864236 0.6426491 0.6615732
v -19.8267422 34.9464417 1637.1130371
vn -0.1966701 -0.1108535 0.9741830
v -14.5412731 40.7952461 1637.1043701
vn 0.2820118 -0.2155060 0.9348939
v -13.1187115 39.3053284 1636.6795654
vn 0.5660103 -0.1978455 0.8003060
v -13.3784208 43.5314751 1637.4166260
vn -0.8141937 0.1941164 0.5471815
v -12.6788759 48.4639015 1637.5391846
vn 0.1373459 -0.2561955 0.9568176
v -11.5411844 50.3209114 1638.2301025
vn -0.9619483 -0.0270031 0.2718942
v -11.0194502 56.1449203 1639.3560791
vn 0.8111189 -0.3366665 0.4782696
v -11.1743908 49.1765709 1637.4774170
vn -0.9919410 -0.0476635 0.1173938
v 5.2113304 59.6097488 1637.2611084
vn 0.5032392 0.2049976 -0.8394798
v 5.1732254 60.7283440 1638.1485596
vn 0.6701779 -0.6469494 0.3637558
v -104.1147385 62.1021843 1642.5422363
vn -0.0341665 -0.9990563 0.0268178
v -101.6636353 61.9240837 1638.2818604
vn -0.5870330 -0.2364271 0.7742703
v 5.0293217 62.7522430 1638.7639160
vn 0.8798882 0.0279335 -0.4743590
v -7.8396912 61.9452057 1637.3459473
vn -0.3020530 -0.6798604 -0.6682468
v -56.6779823 61.1059227 1640.1475830
vn -0.9588729 0.0204314 -0.2830995
v 4.9413853 64.4109573 1638.6497803
vn 0.9793152 0.1747874 0.1019365
v 5.5238357 67.1318207 1638.5686035
vn 0.4416257 0.1570411 -0.8833487
v -6.4113050 73.4355774 1641.6152344
vn -0.7533164 -0.1616922 -0.6374717
v 2.4785082 73.3348694 1641.4177246
vn -0.9161616 -0.4002661 -0.0208596
v 3.5766809 71.5512848 1640.3453369
vn 0.7040780 0.1609378 0.6916454
v 3.1804440 72.1105576 1640.5200195
vn -0.8287479 0.3580878 -0.4300582
v -115.7474976 74.2306366 1641.5603027
vn -0.2149304 0.2084502 -0.9541245
v -7.9639654 78.2143097 1642.6341553
vn 0.6410314 0.5660728 -0.5183053
v 1.1725856 75.6234055 1641.4161377
vn 0.9358869 -0.3270897 0.1308744
v -53.4079285 79.5611572 1632.8839111
vn 0.6724656 -0.7195624 -0.1732626
v -102.9571609 85.0683365 1639.8760986
vn -0.9004849 -0.1156586 0.4192255
v -104.3165665 85.6140900 1640.7099609
vn -0.9455690 -0.0946698 0.3113469
v -11.5040550 87.2688599 1640.9487305
vn -0.6844568 0.1263149 -0.7180275
v -11.5857677 87.3226547 1640.8538818
vn -0.5789934 0.1183767 0.8066931
v -63.9716988 89.8191681 1636.8530273
vn -0.6488034 0.3788761 0.6599297
v -58.7265091 91.1753235 1639.8530273
vn 0.6902486 -0.5575874 -0.4611434
v -44.1926231 91.6402206 1640.1635742
vn 0.6431540 -0.2988088 -0.7050294
v -41.1088333 94.2065811 1641.7528076
vn -0.5146395 0.7004032 0.4945520
v -63.5130692 90.9957428 1636.4177246
vn -0.2085577 0.9777477 -0.0226549
v -58.8750076 93.1399307 1635.6156006
vn 0.5503125 0.1911052 -0.8127946
v -43.9156036 94.2284698 1639.6850586
vn 0.6553780 -0.6006170 -0.4579726
v -24.6847878 105.9045105 1639.3616943
vn -0.5353994 -0.5807041 -0.6132947
v -39.7518425 110.7780609 1639.6486816
vn 0.9401298 -0.0261761 -0.3398100
v -23.4847069 111.1524506 1638.6833496
vn 0.0910123 -0.4299115 -0.8982722
v -43.4369926 112.9931183 1639.8137207
vn 0.5444167 0.3748813 -0.7503830
v -41.2881317 119.1908646 1640.2056885
vn -0.7213551 -0.6895982 0.0640409
v -65.7429657 118.8165894 1638.3194580
vn -0.9083499 -0.2562196 -0.3305329
v -67.5355988 121.2058411 1639.5860596
vn -0.9654474 0.0614699 0.2532445
v -67.8987579 124.0254593 1639.6623535
vn -0.3884054 0.0614498 0.9194374
v -69.2107391 130.2164001 1638.3541260
vn -0.3067953 -0.0119223 -0.9517009
v -105.0074310 132.0162354 1640.6706543
vn -0.5183519 -0.0099041 -0.8551101
v -109.6683121 129.2273254 1642.6881104
vn 0.1110779 -0.7929853 -0.5990292
v -100.8452072 132.8609772 1640.2359619
vn 0.2196312 -0.9701626 -0.1026974
v -96.9277191 133.0381470 1641.1470947
vn 0.1086734 0.7332398 0.6712298
v -65.8758240 130.5729065 1638.6890869
vn 0.3846579 0.8862733 0.2579883
v -63.5677490 130.8048706 1636.7952881
vn 0.2168429 -0.8301259 0.5136830
v -85.3481979 135.4432068 1638.5942383
vn -0.0514324 0.1299459 0.9901862
v -72.2705002 132.9284210 1637.6697998
vn 0.0993510 -0.6879858 0.7188914
v -82.9077072 135.2309875 1637.7542725
vn 0.0429818 -0.1464638 0.9882818
v -77.9529114 135.7090149 1637.6945801
vn 0.3148816 0.5352181 0.7838312
v -73.9529419 136.5083008 1636.8616943
vn 0.1341591 0.0997216 0.9859295
v -82.1882401 136.4585114 1637.9415283
vn 0.1688559 0.4745438 0.8638842
v -77.7277451 137.6469421 1637.3078613
vn 0.1746702 0.7635689 0.6216534
v -84.5786896 138.6709595 1637.2336426
vn -0.0764897 -0.9865915 0.1441759
v -20.0429382 32.2026749 1639.6829834
vn 0.6835957 -0.5851324 0.4362535
v -19.9843140 32.2249374 1639.7058105
vn -0.6309322 0.0055585 0.7758180
v -24.2181168 34.7647209 1639.8015137
vn -0.2940671 0.2236015 0.9292615
v -22.6816788 35.0222855 1640.5971680
vn -0.4950783 0.8292396 0.2593438
v -25.6857624 34.5998116 1638.7429199
vn -0.2471346 0.9621994 0.1144416
v -21.9551105 35.5758438 1640.0659180
vn 0.1371543 0.9702670 0.1994259
v -21.5604267 35.7111130 1639.9453125
vn -0.0194261 -0.0897326 0.9957764
v -12.3989782 47.4935608 1637.8925781
vn 0.7669142 -0.3959602 0.5050329
v -9.1431446 56.7261658 1639.1813965
vn 0.9370411 -0.3397453 0.0807910
v -9.4947643 52.9548874 1636.7237549
vn -0.8327699 0.1681502 -0.5274655
v 5.2053866 60.6300774 1638.1002197
vn -0.1784896 0.6060408 0.7751491
v -56.7130737 60.3776627 1641.0327148
vn 0.5944929 -0.1139719 0.7959829
v 5.1566358 62.9683189 1638.7840576
vn 0.7115843 0.7023134 -0.0200912
v -104.1888428 62.0652351 1642.6860352
vn -0.3223176 0.6814715 0.6570449
v -56.6655045 62.1336899 1639.0573730
vn 0.9541855 -0.2459055 0.1704715
v -7.6306105 61.1252708 1640.1501465
vn 0.9738030 -0.1388559 -0.1800745
v -6.3648043 68.9751511 1641.3088379
vn 0.5663812 0.4220161 -0.7078947
v 4.5695052 69.3235931 1639.3199463
vn -0.0373507 -0.4369537 0.8987082
v 4.5305538 69.4476318 1639.3489990
vn 0.7692503 0.6028079 -0.2118409
v 5.3858013 67.8060913 1638.7102051
vn -0.7700937 0.2927561 -0.5667889
v -8.4554863 71.1683578 1641.1743164
vn 0.3062467 -0.2652844 -0.9142413
v -115.8717728 74.3037338 1641.7364502
vn -0.2322116 0.3614337 -0.9030191
v -7.3848324 72.8533859 1641.2088623
vn -0.0164082 -0.8447989 -0.5348324
v -2.6060674 75.7999268 1643.1898193
vn -0.0025444 0.1785939 -0.9839196
v -1.0275428 77.4750443 1641.8399658
vn 0.0740435 0.0110300 -0.9971941
v -4.6498842 77.0883102 1642.2254639
vn -0.7822354 0.0034499 -0.6229734
v -9.8768730 80.3435669 1643.9514160
vn 0.2708974 0.4568176 -0.8473089
v -2.7784972 80.2081223 1643.0729980
vn -0.4280817 -0.9016733 0.0610852
v -103.0076065 84.9244614 1642.2712402
vn 0.0901802 -0.9455859 -0.3126258
v -100.5937424 84.0974426 1643.8284912
vn 0.6487100 -0.4335521 -0.6254662
v -98.9357758 84.0885239 1645.4304199
vn -0.1448388 -0.5707362 0.8082585
v -54.7288132 84.5386200 1638.6086426
vn -0.6212187 0.6927062 0.3663954
v -104.1454086 86.2825775 1640.5106201
vn -0.3619976 0.9198382 0.1511799
v -104.5211639 87.1921158 1637.1829834
vn -0.7327345 -0.6224211 0.2751221
v -11.4876442 87.4206161 1640.9824219
vn 0.5825258 -0.7648693 -0.2750247
v -41.2660103 92.7774658 1643.2211914
vn 0.2235254 0.4582437 -0.8602611
v -39.2695847 97.4552460 1643.1163330
vn 0.0672973 0.7550883 -0.6521601
v -43.6624374 96.4212723 1641.4665527
vn 0.3954507 -0.8243948 -0.4049594
v -24.3967419 104.3459854 1642.5552979
vn -0.1534733 -0.8630906 -0.4811659
v -30.5220509 105.0814285 1640.8416748
vn 0.9626400 0.1471092 -0.2273394
v -22.1709499 111.2936249 1642.6359863
vn -0.4388232 -0.3728209 -0.8175811
v -41.2679977 112.3704834 1639.8155518
vn -0.3723469 0.1741526 -0.9116077
v -41.1285667 115.3014145 1639.6165771
vn -0.3721927 -0.8744518 0.3111378
v -63.8906288 117.9390869 1643.1065674
vn -0.5086323 0.0919327 -0.8560617
v -70.8669968 119.5774384 1641.7399902
vn -0.3533488 -0.9009103 -0.2520024
v -66.6532669 118.9780579 1641.1412354
vn -0.4586369 0.4426868 -0.7705067
v -73.5864105 118.8160095 1643.3004150
vn -0.2275924 -0.6978821 -0.6790893
v -69.6469345 119.6576767 1641.2183838
vn 0.3547964 0.9271628 -0.1203690
v -30.4012947 120.2700653 1639.6602783
vn -0.0271512 -0.2753744 -0.9609536
v -113.2952423 124.1930923 1644.8449707
vn 0.2762757 0.9565402 -0.0932883
v -53.2859077 127.2108536 1636.7696533
vn -0.7819705 0.0127658 0.6231847
v -67.5645676 125.9959106 1639.6683350
vn -0.4619573 0.4642280 0.7557036
v -65.4217148 126.6098175 1641.6158447
vn 0.1158658 0.9185811 0.3778678
v -58.5441818 127.8130112 1641.7014160
vn 0.3467895 -0.9373907 -0.0321818
v -100.5279999 132.0991669 1642.3720703
vn -0.1066992 0.7645891 0.6356247
v -61.5552368 127.7051086 1641.9736328
vn 0.1656738 -0.9861786 -0.0019909
v -92.3231277 134.0568542 1640.0080566
vn -0.4472781 0.6802248 -0.5807208
v -100.7134857 134.3229523 1639.3676758
vn -0.5761974 0.3059877 -0.7578708
v -108.6821671 130.3845062 1642.1007080
vn 0.3688393 -0.1957934 0.9086377
v -89.3828888 135.8487091 1640.7263184
vn 0.2526158 0.4645952 0.8487265
v -91.1242218 136.9099121 1641.1898193
vn -0.4901977 0.8616112 0.1316522
v -94.8661118 137.4160156 1640.0825195
vn -0.1056361 0.8046466 0.5842815
v -93.4974060 137.6971130 1640.9040527
vn 0.2093012 0.8730555 0.4404169
v -89.9409943 140.2168121 1636.3286133
vn 0.2149317 -0.1789752 0.9600897
v -21.0764275 33.9899750 1640.3920898
vn 0.5814265 0.3512941 0.7338499
v -21.1255035 34.8301277 1640.2962646
vn -0.7981806 -0.4780157 -0.3666182
v -56.7615929 59.0595360 1642.0018311
vn -0.0217762 0.5036575 -0.8636290
v -56.7576256 58.8325577 1642.4412842
vn 0.2370408 0.9135175 0.3306018
v -56.7748184 58.8758240 1642.2518311
vn -0.9106023 -0.3136231 -0.2691541
v -104.3405838 62.1551895 1643.2701416
vn -0.9545504 0.2243882 -0.1961719
v -9.8852692 64.2581711 1640.0963135
vn 0.8760495 -0.0662391 0.4776502
v -103.3975906 62.1612892 1641.7813721
vn -0.9963958 -0.0838144 -0.0130631
v -9.4511976 71.3820267 1644.1260986
vn 0.9115310 0.1288030 -0.3905393
v 2.4557819 73.2561874 1641.3977051
vn 0.8069005 -0.4965851 -0.3198670
v -4.3012753 74.5246429 1643.4758301
vn -0.9034920 -0.0165861 -0.4282839
v -9.5725689 73.8063889 1643.4399414
vn -0.6603816 -0.3772294 -0.6493028
v -10.6927071 83.1950836 1644.6844482
vn 0.1152875 0.2140474 -0.9699962
v -7.1717520 83.7992706 1643.7250977
vn -0.6213346 -0.7578112 0.1991622
v -101.4770584 84.2320480 1644.8522949
vn 0.2235442 -0.3660598 -0.9033428
v -9.3126440 84.7434387 1643.4396973
vn 0.8329813 0.4030146 -0.3791061
v -101.5999527 86.2191696 1642.0023193
vn 0.4646968 -0.8656178 0.1864476
v -47.0445786 89.4332504 1642.0172119
vn 0.4742450 0.8799075 -0.0292341
v -103.4803085 86.9951935 1637.9481201
vn 0.3844019 0.6166509 -0.6870057
v -9.3943319 90.0643616 1644.6876221
vn -0.2666416 0.9115403 -0.3130441
v -47.9009094 97.0831223 1643.7270508
vn 0.5256099 0.0426095 -0.8496580
v -37.3504944 97.1001663 1643.8172607
vn 0.0552238 -0.8984301 -0.4356302
v -26.8376389 104.0666885 1642.3204346
vn 0.7642509 -0.5044202 -0.4018469
v -23.2444592 104.9207840 1643.4583740
vn -0.3148868 -0.7068197 -0.6334448
v -42.0566025 109.7274246 1642.4013672
vn -0.6249970 0.0978197 -0.7744741
v -124.9536514 113.8391571 1645.5129395
vn -0.4127384 -0.5128387 -0.7527573
v -124.9549332 113.7213058 1645.5333252
vn 0.0616621 -0.7430038 -0.6664407
v -84.2058029 114.5303192 1647.0731201
vn 0.0761459 -0.8226390 -0.5634421
v -77.1020966 116.1832504 1644.9068604
vn 0.0026563 -0.5806072 -0.8141795
v -73.7986374 118.2218857 1643.4711914
vn -0.0303966 -0.9284063 0.3703213
v -65.8690033 118.8046341 1644.4436035
vn 0.8295577 0.5463647 -0.1154115
v -23.5965061 115.2189636 1641.8802490
vn -0.0637341 0.0486442 -0.9967807
v -121.3446960 117.7435760 1645.3588867
vn -0.4446897 0.0564853 -0.8939019
v -79.1637192 117.2995300 1644.3593750
vn -0.0289742 0.7559039 -0.6540412
v -39.7735825 119.1720352 1640.8208008
vn 0.4404369 0.8967913 0.0421984
v -29.7910156 119.8321533 1644.2200928
vn -0.4016486 0.9069319 0.1270943
v -72.8148270 119.4443436 1644.0855713
vn -0.6008385 0.6029686 -0.5248067
v -118.0359192 121.4031754 1645.4707031
vn 0.8915877 0.3338978 -0.3059144
v -44.2284050 121.8817368 1638.3671875
vn 0.7524418 -0.6466155 -0.1253784
v -109.4936905 125.8821335 1645.2983398
vn -0.7869770 0.6050168 0.1209211
v -67.5638123 123.0095215 1641.8717041
vn -0.6444008 0.3879124 -0.6589929
v -113.6700821 125.1746216 1644.9759521
vn 0.2740469 -0.6155906 -0.7388819
v -110.0364304 126.2856369 1644.0775146
vn 0.3764099 -0.7840372 -0.4935599
v -106.2730255 129.1459351 1642.8090820
vn -0.7696143 0.6113918 -0.1841029
v -110.8157883 128.7651215 1643.9703369
vn 0.4221242 -0.7236626 0.5460069
v -97.6707382 133.1709442 1643.5830078
vn 0.3602228 -0.7507058 0.5537873
v -94.0601654 134.0886383 1641.6715088
vn -0.3258340 0.9357493 0.1349281
v -101.0482559 134.4396057 1641.5283203
vn 0.3746251 -0.0787922 0.9238224
v -94.8212891 135.0114746 1642.6343994
vn 0.1071246 -0.6308749 0.7684538
v -10.5107832 56.8462830 1640.2760010
vn -0.9802438 0.1222334 -0.1555029
v -11.2007551 58.5096703 1638.9920654
vn -0.6538748 -0.4391684 0.6160998
v -10.5990305 60.5652504 1644.2087402
vn -0.9291767 -0.3382477 0.1490609
v -104.6685181 62.2337494 1644.3740234
vn -0.8810330 -0.0907131 0.4642757
v -8.9736652 68.8772507 1644.5993652
vn -0.8822643 -0.3375332 0.3281481
v -9.0114193 74.2170410 1648.4819336
vn 0.7707522 -0.4978948 0.3975447
v -5.9686584 72.1544342 1645.9965820
vn -0.0074708 -0.8319734 0.5547653
v -0.6036651 75.3555756 1643.6705322
vn 0.4916141 -0.7942453 0.3570574
v -3.3257897 75.7515564 1645.4318848
vn -0.9462610 -0.3178825 -0.0595036
v -10.8035316 81.1608887 1647.1761475
vn 0.8011745 -0.5038993 0.3228078
v -3.3689613 76.4592667 1647.0716553
vn 0.2701054 -0.6040584 -0.7497711
v -97.5640182 81.8383865 1648.2008057
vn 0.7824497 0.5424938 -0.3057335
v -1.5995575 80.0527191 1644.0350342
vn 0.6726639 0.3028965 -0.6751125
v -2.9586747 84.4488144 1645.9417725
vn -0.8459037 0.0930811 0.5251504
v -102.9182205 85.4125824 1643.3597412
vn -0.8756957 -0.3696078 -0.3107203
v -12.8107510 86.2222137 1645.2653809
vn 0.4271711 0.6215047 -0.6567014
v -2.4668286 88.3557816 1647.8276367
vn 0.1639196 0.9838421 0.0720077
v -100.6082916 85.9267273 1644.5078125
vn -0.8374583 0.0761094 -0.5411757
v -14.1282749 89.9293213 1647.1396484
vn 0.4878863 0.3643726 -0.7932211
v -6.9576292 87.9055252 1644.9647217
vn -0.2954985 0.5423598 -0.7864646
v -11.7987833 91.7186050 1645.8085938
vn -0.7447678 0.3746534 0.5522280
v -55.4406357 93.0273361 1642.6223145
vn -0.0729440 0.3382299 -0.9382322
v -13.8038836 95.4033813 1648.3126221
vn -0.9811741 0.0543147 0.1853306
v -51.3895912 95.5971909 1647.9812012
vn -0.5238091 0.8479279 0.0815010
v -54.3196869 94.3370514 1642.0046387
vn 0.6346378 -0.4786330 -0.6067498
v -35.1175270 96.7840271 1645.8765869
vn -0.1760502 -0.7163504 -0.6751655
v -33.3421707 103.7639771 1644.5247803
vn -0.3459313 -0.6127867 -0.7105097
v -36.8576889 104.8490067 1644.5319824
vn -0.2844421 -0.8673682 -0.4083690
v -47.9974861 110.2107010 1644.3126221
vn 0.9260317 -0.1731954 -0.3353636
v -22.0485897 107.4150848 1643.9378662
vn -0.4021782 -0.9148827 -0.0352481
v -55.5519714 113.2225342 1641.8520508
vn -0.5900549 -0.7570965 0.2804284
v -56.8317909 114.4007950 1645.5632324
vn 0.1345198 -0.9906265 -0.0237437
v -70.5046082 118.6422501 1644.2064209
vn 0.6814361 -0.6598552 -0.3166007
v -122.1634979 115.7764282 1646.6147461
vn 0.7780804 0.6280185 -0.0135472
v -23.4726028 115.2986374 1645.6472168
vn -0.5727242 -0.6058075 0.5522537
v -59.6101570 116.9627762 1645.7255859
vn 0.4434399 -0.4649739 -0.7662638
v -120.3253860 118.7880783 1645.4278564
vn 0.1258401 0.9909793 -0.0460910
v -33.2428207 120.7109146 1645.9278564
vn 0.0037880 0.6875727 0.7261058
v -72.6488953 118.7735062 1645.4036865
vn 0.3334832 0.9081137 -0.2532167
v -41.0703468 121.9533844 1645.5854492
vn -0.4303086 0.6560621 0.6200137
v -65.3331451 123.8584518 1643.9652100
vn -0.6782126 0.7287974 0.0942445
v -114.0222092 125.2126694 1646.3846436
vn 0.3341656 0.9391352 0.0797399
v -47.8508301 125.1076050 1642.9388428
vn 0.5950382 -0.7713460 0.2257318
v -106.4114151 128.7887421 1644.1865234
vn 0.4409923 -0.2314121 0.8671645
v -107.9208679 128.8724213 1645.6334229
vn 0.3201909 -0.4930439 0.8089410
v -101.0546951 132.6615448 1644.5541992
vn -0.2192532 0.7889007 0.5740765
v -105.6958542 132.8204193 1644.2491455
vn 0.1955897 0.0279273 0.9802881
v -98.6998367 133.5604706 1644.3878174
vn -0.5210649 0.8429446 0.1339247
v -106.8713608 132.5794067 1643.7210693
vn -0.0194350 0.6681808 0.7437450
v -96.4236526 135.4093628 1642.9455566
vn 0.6834509 -0.3732020 0.6273876
v -9.1584492 61.9604683 1644.3419189
vn -0.1089877 0.1541875 0.9820122
v -104.6270065 62.3550873 1644.8966064
vn 0.4096288 -0.1290062 0.9030845
v -9.0087328 63.6288681 1644.7373047
vn -0.3602757 -0.3269820 0.8736614
v -10.3609028 61.2305603 1644.8203125
vn 0.8792582 -0.2729829 0.3903656
v -7.3428173 66.1383972 1643.6666260
vn 0.2255177 -0.5630007 0.7950925
v -7.7468472 70.2148819 1645.9926758
vn 0.6128721 -0.2791493 0.7392318
v -0.0408364 76.5583496 1644.5533447
vn 0.8892083 0.2912816 0.3527941
v 0.5251884 76.5151215 1643.8115234
vn 0.7792121 -0.2335863 0.5816064
v -2.1216238 78.5063019 1646.9490967
vn -0.5934532 -0.7879800 -0.1640146
v -98.7586136 82.9662704 1647.4064941
vn 0.8248320 -0.0049163 -0.5653566
v -97.1183929 83.6651077 1647.6610107
vn -0.8971187 -0.1990511 0.3944067
v -98.9705200 83.5887985 1648.6447754
vn -0.4977212 -0.7382230 -0.4553026
v 2.7149508 86.3641052 1648.4538574
vn 0.2467782 0.3264825 -0.9124197
v 2.4863670 86.6622925 1648.3023682
vn -0.4694353 0.7528822 0.4613014
v -101.7745895 85.7927704 1644.3648682
vn -0.8748560 -0.4777226 0.0800510
v -13.4527960 85.9314346 1648.9512939
vn 0.6644169 0.6713133 -0.3284641
v -98.0900879 84.8693085 1646.9282227
vn 0.4929063 0.1161680 -0.8622925
v -2.1171653 86.9005661 1647.2901611
vn -0.1559113 0.9483739 0.2761861
v -99.1598129 85.4497375 1647.7535400
vn -0.9318050 -0.3429903 -0.1187319
v -14.6513233 88.2739487 1648.8261719
vn 0.8852789 0.4468893 -0.1287289
v 2.9835193 86.5396576 1648.3984375
vn -0.1817044 -0.7076612 0.6827878
v -52.0708580 88.3078613 1642.1422119
vn -0.6051888 -0.3641825 0.7078967
v -54.0772781 92.0229950 1643.8314209
vn 0.4552997 0.6930157 -0.5589557
v -8.1960497 92.9199295 1647.8725586
vn -0.6095985 -0.0937072 -0.7871522
v -15.5886278 93.9225693 1648.9676514
vn 0.6803489 0.7283278 -0.0816338
v -8.6577826 93.9334641 1649.3905029
vn -0.3316542 0.9299598 -0.1586830
v -47.8264275 99.3426132 1651.3928223
vn 0.4181188 -0.4069664 -0.8121299
v -32.4513168 99.4523849 1647.0878906
vn 0.4747902 0.6699358 -0.5707542
v -11.4567242 96.1558456 1649.5473633
vn 0.0400855 -0.4977082 -0.8664178
v -33.2072296 101.5492477 1645.9769287
vn -0.0662153 -0.0059348 -0.9977877
v -36.5892830 101.7835922 1645.7362061
vn 0.0872434 -0.8293350 -0.5518987
v -28.5991898 102.3274765 1645.6280518
vn 0.2669467 -0.8451543 -0.4630915
v -25.2684860 102.3291702 1647.1741943
vn -0.3035174 0.5694773 0.7639194
v -124.9855270 112.6210632 1646.3806152
vn 0.4912394 -0.7934653 0.3593003
v -86.6772690 113.1765137 1648.3846436
vn -0.2480926 0.6763816 0.6935114
v -86.2155685 113.3446732 1648.0941162
vn 0.9525486 0.2479564 -0.1765472
v -21.3533745 110.7228622 1646.8532715
vn 0.3538907 -0.9338798 0.0512828
v -76.3827744 116.2503281 1645.2265625
vn 0.4671606 -0.6290190 0.6213664
v -78.4997177 116.5646667 1647.3446045
vn -0.8648835 0.5001853 0.0423220
v -125.0968475 114.6476288 1646.8264160
vn -0.5837568 0.2284914 -0.7791147
v -83.0622559 115.3034973 1646.4140625
vn 0.4076858 -0.2835165 0.8679924
v -74.0184326 118.1246948 1646.0924072
vn 0.6009163 0.7936065 0.0953328
v -25.3996696 116.7612762 1648.0130615
vn -0.7559246 0.6481603 0.0920123
v -123.8904648 115.8215408 1647.0755615
vn -0.6087441 0.6105103 -0.5066633
v -82.8903656 118.3025894 1650.1428223
vn -0.3318104 0.4890301 -0.8066917
v -78.5293198 117.7414932 1644.1882324
vn 0.2234298 -0.7255542 0.6508843
v -70.7944031 118.8372269 1645.0343018
vn -0.2464947 -0.4673674 0.8490041
v -62.7765694 120.1258392 1645.8889160
vn -0.2789280 0.4002350 0.8729325
v -66.8498764 121.1732788 1645.6345215
vn -0.3614432 0.3392603 0.8684822
v -60.7703934 122.7029114 1646.9248047
vn -0.6742024 0.7340766 0.0811340
v -119.2481613 120.7860641 1647.7060547
vn -0.2776557 0.5877112 0.7599362
v -61.8906670 123.3928299 1646.2648926
vn -0.0636683 0.5333382 0.8435026
v -109.5081253 128.8477936 1645.9528809
vn -0.4613429 0.7201715 0.5181853
v -111.0854111 127.8779526 1646.3437500
vn -0.6270455 0.7618414 0.1625171
v -108.4912338 131.2508850 1643.9337158
vn -0.0399530 0.5077728 0.8605641
v -101.0032272 133.0769501 1644.5578613
vn -0.2338418 -0.8324615 0.5023205
v -7.7536387 72.9837494 1648.8087158
vn -0.0818857 -0.7433959 -0.6638203
v -79.9683609 76.5914078 1651.2072754
vn 0.0024603 -0.7412370 -0.6712388
v -97.0042114 78.9494934 1650.6197510
vn -0.0924546 -0.0448948 -0.9947044
v -79.9598694 76.6054688 1651.1801758
vn 0.7989745 -0.3597192 -0.4819149
v -96.5423584 80.5078125 1649.9487305
vn -0.8767557 -0.3679256 0.3097262
v -10.6648712 81.4961777 1649.6760254
vn 0.9618483 0.1570894 0.2239888
v -1.8215100 80.3689575 1646.2213135
vn 0.8375440 -0.5407971 0.0778372
v -1.8238622 85.6358109 1648.3986816
vn 0.5553207 -0.7205300 -0.4152775
v 3.0124815 86.1934586 1648.2725830
vn -0.6743959 0.3624772 0.6432732
v -96.8389511 84.1092758 1651.8819580
vn 0.5935255 0.2962498 0.7483072
v 2.3856485 86.8276978 1649.1304932
vn -0.0172616 -0.8691702 0.4942116
v -47.2817116 91.1684494 1646.5175781
vn -0.0881636 -0.1507909 -0.9846265
v -63.7728271 90.5022049 1653.1807861
vn 0.3914592 -0.9172003 -0.0741843
v -33.8228073 95.4122467 1651.3360596
vn -0.8104507 -0.4932103 -0.3160908
v -16.4922180 92.2097244 1651.1274414
vn 0.5174658 -0.8053927 -0.2890879
v -35.2588882 95.2524338 1647.8718262
vn -0.0740408 0.0137488 -0.9971604
v -60.9441490 96.1129303 1651.6488037
vn -0.5440592 -0.6095253 -0.5766095
v -52.4433060 96.1161041 1650.9726562
vn -0.5944375 0.7652666 -0.2470045
v -50.6549187 96.8728333 1647.8679199
vn -0.0934094 0.6462192 -0.7574137
v -61.2119141 97.3536682 1652.0982666
vn -0.2504116 -0.7107452 -0.6573700
v -22.2356415 98.0971832 1652.5364990
vn -0.2196170 -0.0192667 -0.9753959
v -17.8516769 99.5496216 1649.1467285
vn -0.4218172 0.6869159 -0.5917913
v -41.3798103 101.2621078 1647.3602295
vn 0.2632635 -0.7258840 -0.6354406
v -28.2440319 101.0486984 1647.3083496
vn 0.1897338 0.3162547 -0.9295074
v -16.9921551 99.9940796 1649.2132568
vn 0.6739548 0.5602230 -0.4815965
v -15.1565027 100.9131317 1651.0389404
vn -0.7419884 -0.0229443 -0.6700200
v -41.3688812 102.7573929 1648.2731934
vn 0.4538596 -0.6331431 -0.6270098
v -22.3771801 102.7361450 1648.2738037
vn 0.6700786 0.3028807 -0.6776858
v -17.8765297 104.2147980 1650.7322998
vn 0.0349037 -0.4297216 -0.9022866
v -21.1448708 101.0831146 1649.7686768
vn 0.8235426 -0.1920548 -0.5337532
v -20.9450645 105.3970642 1647.8470459
vn -0.6184622 -0.6170671 -0.4865519
v -42.8389969 104.9267654 1648.6926270
vn -0.2068164 -0.6612602 0.7210839
v -124.8560715 112.7238922 1647.0408936
vn -0.7253574 -0.6578930 0.2025674
v -52.1903229 111.9758377 1650.3452148
vn -0.5888180 -0.6651202 -0.4592478
v -125.0976791 112.3236618 1646.7834473
vn 0.7462792 0.5944606 0.2994728
v -87.1643372 112.7620926 1648.1872559
vn 0.3110265 -0.9432758 0.1161607
v -81.4614182 115.1265488 1647.0372314
vn 0.5274191 -0.7428184 0.4123713
v -121.5757217 116.3196793 1647.7271729
vn -0.7438521 -0.0859425 0.6627955
v -125.1466827 113.8187027 1647.4202881
vn 0.1503774 0.4854100 -0.8612571
v -86.7862778 113.0849457 1648.4815674
vn 0.4305873 -0.8009529 0.4160158
v -81.2253494 116.0727463 1649.6434326
vn 0.8158126 0.5782978 -0.0046403
v -22.4694386 113.4160995 1649.9425049
vn 0.4103230 -0.8871018 -0.2113893
v -116.3106918 120.0752487 1647.2515869
vn -0.9507389 0.3074426 0.0396818
v -84.0998840 116.1785812 1650.2381592
vn 0.3638333 -0.6431302 -0.6738019
v -113.4013596 122.2244949 1645.9929199
vn 0.7063364 -0.5605962 -0.4322276
v -111.8306732 122.1501083 1647.3919678
vn 0.5749448 0.6093593 0.5460035
v -79.2811890 117.8223114 1648.1923828
vn 0.0068386 -0.9335439 -0.3583978
v -113.7408218 120.0388565 1648.9036865
vn -0.0252529 0.9996785 0.0022917
v -79.7517853 118.2102966 1647.3284912
vn 0.2603213 0.9647027 0.0397696
v -33.1072159 120.7172928 1647.9238281
vn 0.1207482 0.9665157 -0.2264226
v -36.9694672 120.9591522 1645.1364746
vn 0.2439850 0.9653914 0.0921458
v -36.9297829 121.5160599 1650.4754639
vn -0.5643524 0.1638710 0.8091062
v -57.1169930 121.9375153 1649.4317627
vn 0.2618924 0.9650674 -0.0075692
v -40.5948753 122.4765549 1649.4427490
vn 0.3220797 0.9466098 0.0139491
v -44.4227066 123.6463242 1647.1707764
vn -0.3482324 0.6369689 0.6877534
v -114.4638824 123.3240128 1649.5258789
vn 0.1314713 0.9556284 0.2636090
v -51.5136070 125.4605560 1645.5109863
vn 0.1871561 0.5579247 0.8085126
v -112.5732422 123.0627060 1649.9084473
vn -0.1627348 -0.2614356 -0.9514036
v -80.8389435 70.3745193 1654.0594482
vn 0.3571815 -0.5165836 -0.7781792
v -80.9729385 70.5736465 1651.8736572
vn -0.6926364 -0.2134175 -0.6889904
v -81.0967712 70.6100159 1651.8807373
vn 0.4757954 -0.8240547 0.3074941
v -6.4848628 73.2893295 1649.0733643
vn 0.5698637 -0.7571333 0.3193816
v -6.0227237 74.2317352 1652.4691162
vn -0.0755957 -0.1283803 -0.9888396
v -96.9532394 77.3459473 1652.3741455
vn 0.8771036 -0.3602460 0.3176666
v -4.3756948 76.5369263 1649.8015137
vn -0.3255964 0.9455049 -0.0027260
v -82.4185715 76.3802948 1654.0216064
vn 0.3462035 -0.4379099 -0.8296856
v -77.0271530 78.1049652 1652.1695557
vn -0.4315186 0.9007248 -0.0498661
v -77.3969650 77.9059296 1652.1531982
vn 0.3004492 -0.7343439 -0.6086619
v -68.6798019 81.8752518 1653.8520508
vn 0.0400425 0.0843467 -0.9956316
v -69.0979843 83.5886383 1652.2675781
vn -0.6557695 -0.1771482 0.7338834
v -9.9538527 82.8490143 1651.4757080
vn -0.0384642 -0.0541145 -0.9977936
v -70.9641342 82.3504410 1652.1160889
vn -0.6346712 -0.4709862 0.6126700
v -12.5408039 85.8511047 1650.9362793
vn 0.3192049 0.1638262 0.9334180
v 1.3782234 86.9655304 1649.4835205
vn -0.0582632 0.1617864 -0.9851044
v -66.1511459 86.1021423 1652.9573975
vn -0.3601357 0.8370844 0.4118157
v -96.6376114 84.8009338 1651.3604736
vn 0.7088941 -0.0291296 -0.7047132
v -94.1569901 84.4899673 1653.4023438
vn 0.4413099 -0.0385502 0.8965264
v -1.4822912 87.4747772 1650.0717773
vn -0.6978148 -0.5931545 0.4015250
v -14.7802534 89.9427643 1651.9660645
vn 0.5110092 0.8542839 -0.0952302
v -2.3512044 88.7847366 1648.7868652
vn 0.3005444 -0.9479805 0.1049099
v -41.5321503 92.4577789 1648.0512695
vn 0.0076872 -0.9361922 0.3514047
v -43.4508934 92.5678635 1650.1771240
vn -0.9817423 -0.1326432 -0.1363374
v -65.0664978 93.7887878 1654.0926514
vn -0.4484923 -0.7640662 0.4637429
v -49.7454948 93.6023178 1648.8885498
vn -0.3083813 -0.1553264 -0.9384960
v -63.1919937 94.3526306 1652.0788574
vn 0.1787025 -0.5502136 -0.8156779
v -59.1849518 94.5038681 1652.2852783
vn 0.4190364 -0.8086607 -0.4128877
v -30.7920113 97.3183441 1650.3992920
vn -0.0169763 -0.1535972 -0.9879877
v -73.1946869 97.3231049 1653.6280518
vn -0.3177912 0.0324089 -0.9476067
v -74.0787277 97.2741776 1653.6514893
vn -0.2776031 0.4139029 -0.8669608
v -63.5593185 97.1228943 1652.3111572
vn -0.2175481 0.5960835 -0.7728890
v -66.4778366 97.8112640 1653.7723389
vn -0.2593233 0.6243946 -0.7368059
v -53.6055107 97.7545776 1651.5631104
vn -0.9795780 -0.1208376 -0.1607028
v -43.4001694 102.4583740 1653.0036621
vn -0.5924519 -0.7966066 -0.1200781
v -48.4691658 109.0588455 1649.4049072
vn -0.3215360 -0.7439602 0.5857797
v -83.8828125 116.0147934 1650.5192871
vn -0.9494229 0.1076881 0.2949568
v -111.8376999 117.0958862 1653.2791748
vn 0.5150631 -0.6518968 -0.5565435
v -111.9208374 118.3280716 1651.7927246
vn -0.2481466 -0.0285898 0.9683005
v -122.6519775 116.3262711 1648.2640381
vn -0.8021542 -0.2403946 0.5465886
v -54.2915878 116.5992813 1651.5927734
vn -0.0410948 -0.7487100 0.6616228
v -116.2826996 120.5036469 1649.1921387
vn 0.9832743 -0.1717532 -0.0606019
v -111.1439285 120.7074738 1650.2392578
vn -0.5404856 0.4844605 0.6878761
v -119.1367111 120.3737411 1648.9970703
vn -0.4412170 0.3767714 0.8144759
v -116.1602020 122.0031357 1649.7633057
vn -0.3258326 0.6565609 0.6802654
v -55.5148087 123.3680344 1649.5793457
vn 0.0956954 0.9598866 0.2635528
v -45.4780579 123.1232376 1652.3090820
vn 0.8985807 -0.1029739 0.4265550
v -111.1254578 123.9729843 1648.2009277
vn -0.1354604 0.8230028 0.5516493
v -57.2026978 125.6784439 1645.6309814
vn 0.0942034 0.9517661 0.2920053
v -80.8463211 70.3573456 1653.8935547
vn 0.8751791 -0.4543601 -0.1661885
v -79.6815643 73.8533173 1654.0681152
vn -0.6065372 -0.7158492 0.3459373
v -7.7776184 74.1902847 1652.3264160
vn -0.9905167 -0.1019959 -0.0920515
v -80.4584427 73.0910416 1653.6469727
vn -0.0703683 0.0378327 -0.9968034
v -80.2677383 73.1356201 1653.3765869
vn -0.3579240 -0.7073335 0.6095652
v -7.3801003 74.4497986 1653.4468994
vn -0.9522924 -0.2806400 -0.1199187
v -97.1217728 78.7105103 1651.2128906
vn 0.5568125 0.6276476 0.5440756
v -97.0131607 77.5562668 1652.0882568
vn -0.5410708 0.7436286 0.3927581
v -75.5432587 78.7877274 1653.2583008
vn 0.8591205 -0.1233929 0.4966750
v -3.1416931 80.7248688 1649.6533203
vn 0.5147972 -0.4767910 -0.7124987
v -66.8639908 82.2321014 1654.3913574
vn -0.0514602 0.0457418 0.9976270
v -7.8148780 85.4204483 1652.6109619
vn -0.0945175 0.4220037 0.9016536
v -7.0545263 83.6983871 1653.1527100
vn 0.6032800 -0.3605224 -0.7113908
v -64.8250275 86.7492981 1653.3363037
vn -0.0267240 -0.9955029 -0.0908833
v -92.3088608 85.6893539 1654.9013672
vn 0.5673912 0.0877973 0.8187544
v -5.1011190 84.7040634 1651.8792725
vn -0.2967840 -0.4858625 0.8221052
v -13.4503784 89.4073792 1652.7646484
vn 0.3430040 0.2028707 0.9171651
v -5.7580876 88.3996353 1651.9904785
vn 0.4202089 0.7043881 0.5720682
v -1.3298817 87.9989777 1649.7122803
vn 0.5868976 -0.6732874 -0.4497058
v -61.3834000 91.3039780 1653.8332520
vn -0.8655071 0.3738157 -0.3334056
v -65.9958572 89.7435913 1654.5291748
vn 0.3447525 -0.1395330 0.9282652
v -10.8598595 91.0986557 1653.1678467
vn 0.5363322 0.5302541 0.6566418
v -6.6756930 90.9934387 1651.1853027
vn -0.2039119 -0.9525771 0.2258690
v -50.6214409 95.1048584 1652.3221436
vn -0.0555964 -0.8511074 0.5220394
v -44.0459442 94.2768402 1653.6735840
vn 0.7841992 0.3888695 0.4835413
v -9.8191175 94.7164230 1651.6674805
vn -0.4852990 -0.5510173 -0.6788703
v -66.6422272 97.1326218 1653.9322510
vn 0.1394843 -0.8848975 -0.4444104
v -26.0320988 97.6492004 1652.7387695
vn -0.2064133 0.9751939 -0.0799412
v -74.2771225 97.3591080 1654.7843018
vn -0.0950985 0.9667102 -0.2375452
v -65.1592941 97.9283600 1653.6961670
vn -0.0803757 0.9959173 0.0410924
v -56.9254074 98.6252136 1654.0485840
vn -0.5508310 0.7793943 0.2985461
v -43.9484558 101.2839966 1653.7324219
vn 0.8636698 0.4802241 -0.1531647
v -16.1347446 104.7401352 1654.9033203
vn -0.7953586 -0.5900079 -0.1389082
v -44.4278870 104.2373047 1654.0765381
vn 0.8742810 0.3536379 -0.3325252
v -19.6928768 108.3759613 1650.5965576
vn 0.6509768 0.7157875 -0.2527401
v -111.8798294 117.0645676 1653.2926025
vn 0.7799116 -0.3608467 0.5113977
v -82.0578918 117.4200363 1653.5124512
vn 0.8573716 0.0018485 0.5146946
v -80.7922821 117.4856644 1650.9528809
vn -0.7665839 -0.1093935 0.6327577
v -113.1250534 119.6996307 1651.2478027
vn -0.1283086 -0.1129688 0.9852791
v -84.2913742 119.3872986 1652.7037354
vn 0.4527222 0.8786380 0.1517825
v -29.5834160 118.9856949 1649.8917236
vn 0.3111801 0.9337336 0.1769424
v -33.6942101 120.5790558 1650.8104248
vn 0.7924982 0.2131105 0.5714286
v -111.5471573 119.0268250 1652.2730713
vn 0.9508744 -0.1394723 -0.2763792
v -84.3131561 119.3518219 1652.7708740
vn 0.2159793 0.9516727 0.2183393
v -41.0190735 122.3046722 1651.9191895
vn 0.0044379 0.9184024 0.3956229
v -45.6899185 122.6250000 1653.9589844
vn 0.9212711 -0.3858389 -0.0488676
v -80.7083740 70.6544189 1653.7814941
vn -0.4223236 -0.1120818 0.8994890
v -80.1489105 73.1134644 1654.4544678
vn 0.6031036 -0.1975536 0.7728122
v -79.9405212 73.1150513 1654.4645996
vn 0.4834731 -0.8751480 0.0192305
v -74.1997147 79.3346176 1652.9339600
vn -0.8448039 0.4351421 0.3113804
v -82.6097641 76.3447571 1654.2177734
vn 0.6609390 -0.5036325 0.5563398
v -6.0627193 74.4813766 1652.8446045
vn -0.0844827 -0.2128389 0.9734281
v -7.2855334 77.2166519 1655.3480225
vn 0.5700032 -0.1000531 -0.8155280
v -96.9342728 77.8982925 1652.4077148
vn 0.6958157 0.1417721 0.7040889
v -6.7633348 80.2443924 1655.2896729
vn 0.1958140 -0.2613477 0.9451742
v -66.0365219 79.6619797 1656.7448730
vn -0.2239561 -0.0529577 0.9731594
v -96.4936142 80.9999695 1652.4923096
vn 0.3229017 -0.8039852 0.4993418
v -74.0881653 79.6985855 1653.5665283
vn 0.8497431 -0.0246466 0.5266206
v -4.9808030 80.5092773 1652.5726318
vn 0.8464504 -0.5324057 0.0081221
v -95.4866867 82.0197449 1652.4465332
vn -0.6221602 0.7742913 0.1157139
v -73.8395538 80.5032883 1652.9271240
vn -0.7647995 0.0233208 0.6438462
v -97.3157196 81.9205246 1652.0222168
vn -0.6176161 0.4518265 0.6437417
v -70.6993637 82.2293167 1655.0024414
vn -0.7425585 0.6636880 0.0901395
v -69.6264191 84.2944717 1654.0124512
vn -0.7310317 0.6274095 -0.2682350
v -67.8320694 86.2242432 1654.2178955
vn -0.8614514 0.0184188 -0.5075059
v -91.9612503 85.5123215 1655.0999756
vn -0.7592838 0.4502518 0.4698525
v -67.6326065 86.1839142 1655.1840820
vn 0.8975993 -0.4250019 -0.1169996
v -64.8304901 86.0669327 1654.3929443
vn -0.4164169 -0.9028133 -0.1073562
v -21.0992279 96.4336472 1655.0709229
vn -0.3416867 -0.7511141 0.5648698
v -17.2192116 93.5096817 1655.1916504
vn 0.3154360 -0.9314811 0.1812268
v -57.3321800 95.0167618 1652.9208984
vn -0.0298407 -0.9334480 0.3574695
v -18.6327591 95.5732880 1657.6774902
vn 0.0963419 -0.9866187 -0.1315364
v -74.1077805 97.4401779 1656.6695557
vn -0.0603912 -0.7967385 0.6012992
v -49.5443039 95.9172058 1654.5241699
vn 0.0890689 -0.9899892 -0.1094901
v -30.8549652 95.7683868 1657.8538818
vn -0.4110207 -0.6450823 0.6441513
v -66.6414948 97.1627426 1654.8195801
vn 0.5689021 -0.2438878 0.7854102
v -13.2258081 94.5446625 1655.4909668
vn -0.5751731 0.5712011 -0.5855812
v -76.2665100 96.7765808 1655.7781982
vn 0.0127925 0.9965559 0.0819312
v -69.6815109 97.8340988 1654.9667969
vn -0.0232622 0.7495841 0.6615003
v -54.9000473 98.0835037 1655.5673828
vn -0.2444389 0.8904381 0.3838876
v -47.7956238 99.1474380 1654.2919922
vn 0.8094951 0.5855934 0.0424048
v -12.1161242 97.9277344 1652.6036377
vn -0.1048350 0.9882789 -0.1109709
v -54.2071686 98.7640152 1653.4350586
vn 0.8073452 0.5840707 -0.0839952
v -19.3256569 109.4868698 1655.0717773
vn 0.6688556 0.7415277 0.0526201
v -23.0149384 113.7080078 1654.5930176
vn -0.7598482 -0.6439784 0.0890091
v -83.4367065 117.8436584 1655.7241211
vn 0.5117676 0.8482467 0.1362774
v -25.6227360 115.3574448 1656.6474609
vn 0.1680472 0.5042380 0.8470562
v -111.9979019 120.1650696 1651.8823242
vn 0.5469615 0.7915416 0.2725714
v -82.7033844 118.4750366 1652.7736816
vn -0.6354047 0.2490325 -0.7309197
v -111.8298492 117.0662994 1653.3208008
vn -0.5704291 0.3750035 0.7307414
v -53.3064499 120.5322647 1652.5455322
vn -0.3085385 0.7856213 0.5362865
v -47.7194901 121.0452194 1655.8316650
vn -0.2041902 0.8413357 0.5004604
v -49.3671951 122.7092514 1652.3597412
vn 0.3445791 -0.3442920 0.8733432
v -80.6937180 70.7306290 1654.0164795
vn 0.2088487 0.0371875 0.9772407
v -78.3974609 76.4300690 1654.0145264
vn -0.0318601 0.2082993 0.9775461
v -81.3278122 75.8606796 1654.3616943
vn -0.2855891 -0.2882345 0.9139802
v -7.3013387 76.5550079 1655.2047119
vn -0.0943933 -0.9571611 0.2737379
v -69.0938187 81.4211121 1655.1075439
vn -0.0551736 0.2082499 0.9765183
v -6.8170466 80.2403412 1655.3322754
vn -0.3478146 0.1746217 0.9211581
v -66.8609619 83.7105255 1657.1766357
vn 0.6780028 0.4621497 -0.5716030
v -92.5509949 85.3620300 1654.7894287
vn -0.4403560 0.2330901 0.8670384
v -65.8743820 87.4927063 1656.3798828
vn 0.7404456 -0.3926505 0.5454960
v -64.0219650 88.5475998 1656.0357666
vn 0.1569820 0.0585287 0.9858657
v -64.8423615 87.9928436 1656.4633789
vn 0.0469924 -0.5964012 0.8013098
v -14.6521339 92.9573517 1655.1585693
vn -0.1342286 0.9667752 0.2175511
v -83.1658707 94.9146881 1658.3350830
vn -0.0238256 -0.6768773 -0.7357103
v -82.1219025 95.0937195 1658.1745605
vn 0.2811893 -0.4357229 0.8550311
v -59.0249557 95.7226105 1655.2550049
vn -0.2878692 0.0349203 0.9570329
v -63.7085953 94.1175919 1656.1114502
vn 0.2978605 -0.9535878 0.0441537
v -79.4507523 95.8972092 1658.0344238
vn -0.1410474 -0.2740046 0.9513291
v -47.2028046 97.2890472 1655.7264404
vn -0.0567380 -0.7540457 0.6543667
v -41.6149025 95.6098785 1655.4814453
vn 0.0282621 -0.9834610 0.1789018
v -35.2053032 95.3344345 1655.2702637
vn -0.1732989 0.8934912 0.4142958
v -79.7796173 95.7934647 1658.1031494
vn 0.0152523 0.0376062 0.9991763
v -55.8371429 97.4925613 1655.8630371
vn 0.0427732 -0.6539637 0.7553158
v -54.3859634 96.5504227 1655.2967529
vn -0.3570534 -0.6366057 0.6835541
v -40.7601891 97.2086411 1657.0401611
vn 0.1500017 0.6718830 0.7253087
v -67.3854828 97.5474243 1654.8468018
vn -0.0397968 0.3400402 0.9395685
v -62.5974083 96.9481049 1655.8515625
vn -0.1402405 0.4221753 0.8956007
v -47.9019852 98.0171890 1655.5802002
vn -0.5779709 -0.7897179 0.2056584
v -40.1350861 98.0187836 1659.6713867
vn -0.7171916 0.0904556 0.6909806
v -41.9528465 99.9615707 1656.6054688
vn 0.8884222 0.0025176 0.4590204
v -14.3277836 98.7782669 1657.0883789
vn -0.8670346 -0.4979354 0.0176459
v -42.8790054 101.7239685 1655.1354980
vn -0.8815537 -0.4060342 0.2408305
v -49.9542770 111.2804565 1656.6594238
vn -0.0966251 -0.1584082 0.9826345
v -83.4057236 117.8124084 1655.8907471
vn 0.3515558 0.9179804 0.1836319
v -30.6372108 117.6924515 1657.9952393
vn -0.9995844 0.0211334 0.0196061
v -66.0272369 79.6995926 1656.7427979
vn -0.5183833 -0.0237431 0.8548187
v -68.5356293 82.7057190 1656.4010010
vn 0.5780941 0.0467255 0.8146312
v -65.7649841 84.0866089 1657.1368408
vn -0.9775618 -0.1382355 0.1589464
v -84.2262878 94.7392654 1658.4956055
vn -0.1255280 -0.2006778 0.9715818
v -78.4528809 96.2055511 1658.6899414
vn -0.2761499 -0.9610805 -0.0080977
v -35.8691711 95.8489227 1659.4051514
vn -0.0679355 -0.8175933 -0.5717744
v -83.9199600 94.7521439 1658.4196777
vn -0.2481398 0.9663225 0.0681727
v -80.1475143 95.6498260 1658.2667236
vn 0.1547950 0.5958344 0.7880482
v -71.1238480 97.6033936 1655.9593506
vn 0.1216994 0.7779981 0.6163670
v -74.8790894 97.3073883 1657.0429688
vn -0.3154155 0.9449338 -0.0872546
v -77.7738724 96.4130173 1657.5191650
vn 0.9326689 0.3511058 0.0827862
v -14.7456560 101.9643478 1656.5163574
vn -0.7852325 -0.6184051 0.0313851
v -48.1632652 108.3463669 1655.8060303
vn 0.6518441 0.7582854 0.0101251
v -21.7930336 112.5685654 1660.3168945
vn -0.8740764 -0.0349013 0.4845332
v -51.5527382 115.7627411 1656.3304443
vn -0.6642955 0.4721905 0.5794374
v -50.7212486 118.4431534 1656.3801270
vn 0.0384645 0.9017048 0.4306380
v -41.4849052 119.8452911 1659.0139160
vn 0.4381442 -0.1123438 0.8918568
v -65.9515610 82.6771927 1657.3815918
vn 0.3400636 -0.9387509 -0.0557098
v -83.4883652 94.8895798 1658.3922119
vn 0.1197670 -0.9917082 0.0465924
v -22.2824192 95.7798309 1661.2628174
vn 0.5208367 -0.6303601 0.5756522
v -16.0371685 96.8405685 1658.2692871
vn 0.1720712 0.5464498 0.8196244
v -77.9292984 96.4774475 1658.5416260
vn 0.9029288 -0.3105741 0.2970914
v -16.2193565 99.9886780 1664.2281494
vn -0.8106990 -0.5829461 -0.0542298
v -45.4107094 104.5930176 1659.8885498
vn -0.9110585 0.1325100 0.3904018
v -49.3140831 114.9786301 1660.9522705
vn 0.0584931 -0.9913112 -0.1178165
v -30.5905724 95.2258301 1663.1806641
vn 0.2958285 -0.9378077 0.1816651
v -25.2896729 95.8908005 1665.6784668
vn -0.7065624 -0.6986207 -0.1126884
v -41.4855690 99.3752060 1661.7091064
vn -0.9406951 -0.3273992 0.0888964
v -48.2144737 109.2759552 1662.8924561
vn -0.5928047 0.6251130 0.5077562
v -47.5805664 116.4430313 1662.8162842
vn 0.2120988 0.9380554 0.2739821
v -35.9746170 119.1562500 1658.2900391
vn 0.3511956 -0.9306688 0.1025539
v -27.2055397 95.3122787 1667.3259277
vn -0.1478035 -0.9694459 -0.1957774
v -34.8832321 95.4021912 1662.9592285
vn -0.8287849 -0.5465900 -0.1198123
v -44.4751740 100.3784637 1670.3604736
vn -0.8841169 -0.4620192 -0.0698253
v -46.7099800 105.6851349 1664.8361816
vn 0.8428975 0.5334232 0.0705934
v -18.1184235 108.4827957 1666.8692627
vn -0.0037246 0.9157484 0.4017352
v -39.2935791 118.5407333 1661.7312012
vn -0.4515403 -0.8591029 -0.2409432
v -37.3642197 96.1202393 1663.4057617
vn 0.5198036 -0.6876699 0.5068673
v -17.5736427 99.8172531 1666.6853027
vn 0.9511535 0.1504223 0.2695925
v -17.1932621 105.7135086 1668.1136475
vn -0.7462028 0.4241316 0.5131217
v -47.5467682 113.7667923 1665.7073975
vn 0.6411614 0.7614102 0.0957421
v -21.5331249 112.2264557 1666.4414062
vn -0.3549780 0.7485279 0.5600863
v -46.0797768 115.4869080 1665.2686768
vn 0.4355860 0.8935418 0.1088483
v -26.5671139 115.3581924 1666.7846680
vn -0.0174759 0.9183708 0.3953348
v -33.5325165 116.0500641 1668.0639648
vn 0.1510876 0.9373654 0.3138769
v -28.7738380 115.8669586 1668.5474854
vn -0.1365782 -0.9901603 -0.0304799
v -36.5120125 92.9087372 1670.7154541
vn -0.2839729 -0.9103416 -0.3010608
v -36.9562912 93.4266052 1669.5887451
vn -0.6382235 -0.7445804 -0.1956295
v -39.7640800 95.4229126 1669.4345703
vn 0.4620329 -0.7350879 0.4961568
v -24.1275997 97.5846481 1668.4283447
vn 0.8061484 -0.3402473 0.4841040
v -16.8837299 100.7933807 1666.9785156
vn 0.8247472 0.4596316 0.3294402
v -18.2370758 108.0181427 1669.4951172
vn -0.9472310 0.0617691 0.3145442
v -48.0156631 111.3795013 1665.8839111
vn 0.3878225 0.8153183 0.4299417
v -25.9100513 114.1801758 1670.5551758
vn 0.2817965 -0.9574574 0.0621786
v -30.3334236 94.4584808 1669.2719727
vn -0.4655651 -0.8759729 0.1261773
v -37.8243256 93.5794601 1671.2545166
vn -0.9464050 -0.1735859 0.2723703
v -46.4425507 104.8683243 1671.9342041
vn -0.9783282 -0.1033866 0.1794021
v -47.1239014 107.0009079 1669.6586914
vn -0.7172854 0.4360673 0.5434583
v -46.5287094 111.8006210 1668.5493164
vn -0.3168511 0.7655286 0.5599745
v -42.2732277 113.0735931 1670.7817383
vn 0.1141761 -0.9258531 0.3602220
v -35.5199890 93.2184219 1671.8762207
vn 0.4353374 -0.7856347 0.4396129
v -30.4485798 94.9642487 1671.2537842
vn -0.8302079 -0.5008870 0.2446776
v -44.7047462 100.1673355 1673.3975830
vn 0.4322461 -0.4513078 0.7806950
v -25.3253841 102.5040207 1674.1264648
vn 0.6085462 -0.3746119 0.6995266
v -19.2871094 103.9015503 1671.0046387
vn 0.5639399 0.7365223 0.3735059
v -22.9795513 112.4447327 1670.2498779
vn -0.5494357 -0.7839382 0.2890695
v -40.2999725 95.4538727 1672.9785156
vn -0.0271892 -0.7790124 0.6264187
v -36.1873550 94.2359390 1673.6518555
vn 0.3899434 -0.5927854 0.7046628
v -31.6404800 96.1521454 1673.6968994
vn -0.6709043 -0.6694584 0.3189246
v -41.9313469 96.9845047 1673.4241943
vn 0.1188994 -0.5121834 0.8506063
v -35.3602524 95.6712494 1674.7896729
vn -0.6455083 -0.1971500 0.7378691
v -44.3469009 101.3493118 1674.7889404
vn 0.1993050 -0.2640030 0.9437055
v -30.9493008 101.1603470 1675.6518555
vn 0.4345303 -0.4855510 0.7585668
v -27.9974880 99.9203491 1674.0715332
vn -0.8013119 0.2471209 0.5448216
v -46.1503983 107.7415771 1672.3020020
vn 0.7727886 0.1094370 0.6251571
v -18.8280849 106.6940765 1671.3387451
vn -0.3890166 0.4585563 0.7989945
v -42.3168983 109.7109756 1674.5252686
vn 0.5946833 0.5051104 0.6254721
v -21.9494209 108.9682007 1673.3709717
vn 0.1380995 0.4410949 0.8867716
v -26.5564785 109.8750229 1675.5332031
vn -0.1126564 0.7341403 0.6695870
v -37.1170921 112.3097534 1673.8800049
vn 0.0128855 0.5025189 0.8644702
v -32.4528732 111.1442642 1674.8935547
vn 0.1138603 0.7885566 0.6043297
v -28.3461437 113.9053955 1671.9315186
vn -0.2779713 -0.5230384 0.8057064
v -39.6128349 96.7410965 1674.8500977
vn 0.0122556 -0.2219779 0.9749747
v -36.4976768 98.7126007 1675.8109131
vn -0.3167644 -0.2450939 0.9162911
v -41.8729248 100.2524719 1675.7312012
vn -0.1188726 0.0430803 0.9919745
v -39.2950363 103.8767624 1676.2335205
vn 0.5729545 -0.0779899 0.8158681
v -22.8651466 107.2481766 1674.9030762
vn 0.1274015 -0.0465552 0.9907581
v -27.9623642 105.8891144 1676.3374023
vn -0.5142732 0.1649653 0.8416113
v -44.0961838 106.5130920 1674.6456299
vn 0.3859739 0.1619182 0.9081887
v -24.1970119 108.0685883 1675.8612061
vn -0.0027142 0.0637860 0.9979600
v -31.4618607 105.6806412 1676.2596436
vn -0.1566477 0.4102567 0.8984158
v -39.1234970 110.1035080 1675.2312012
# 2492 vertices, 0 vertices normals

f 7//7 6//6 1//1
f 1//1 6//6 2//2
f 3//3 7//7 1//1
f 1//1 2//2 3//3
f 6//6 12//12 2//2
f 7//7 3//3 19//19
f 2//2 12//12 3//3
f 5//5 9//9 4//4
f 4//4 8//8 5//5
f 5//5 8//8 11//11
f 6//6 18//18 29//29
f 7//7 18//18 6//6
f 6//6 29//29 12//12
f 4//4 23//23 8//8
f 24//24 23//23 4//4
f 4//4 9//9 24//24
f 23//23 22//22 8//8
f 8//8 22//22 34//34
f 25//25 24//24 9//9
f 8//8 34//34 11//11
f 9//9 5//5 10//10
f 10//10 25//25 9//9
f 5//5 11//11 28//28
f 17//17 10//10 5//5
f 34//34 28//28 11//11
f 5//5 28//28 17//17
f 35//35 7//7 19//19
f 30//30 12//12 29//29
f 20//20 19//19 3//3
f 30//30 21//21 12//12
f 12//12 21//21 14//14
f 3//3 12//12 14//14
f 3//3 14//14 20//20
f 30//30 13//13 21//21
f 15//15 14//14 21//21
f 21//21 13//13 15//15
f 16//16 15//15 13//13
f 16//16 14//14 15//15
f 28//28 34//34 27//27
f 29//29 18//18 28//28
f 7//7 35//35 18//18
f 19//19 20//20 43//43
f 13//13 30//30 31//31
f 32//32 56//56 20//20
f 32//32 20//20 14//14
f 31//31 16//16 13//13
f 14//14 16//16 32//32
f 23//23 24//24 26//26
f 23//23 33//33 22//22
f 26//26 33//33 23//23
f 25//25 26//26 24//24
f 37//37 34//34 22//22
f 10//10 17//17 38//38
f 10//10 38//38 25//25
f 28//28 27//27 29//29
f 17//17 28//28 18//18
f 18//18 35//35 17//17
f 29//29 27//27 30//30
f 19//19 43//43 35//35
f 20//20 56//56 55//55
f 45//45 32//32 31//31
f 32//32 16//16 31//31
f 33//33 37//37 22//22
f 25//25 38//38 26//26
f 27//27 39//39 30//30
f 43//43 17//17 35//35
f 44//44 30//30 39//39
f 44//44 31//31 30//30
f 32//32 45//45 56//56
f 36//36 47//47 40//40
f 41//41 48//48 36//36
f 40//40 41//41 36//36
f 49//49 47//47 36//36
f 48//48 49//49 36//36
f 52//52 33//33 26//26
f 33//33 52//52 37//37
f 26//26 38//38 52//52
f 34//34 37//37 27//27
f 27//27 37//37 39//39
f 52//52 39//39 37//37
f 17//17 43//43 38//38
f 52//52 38//38 43//43
f 44//44 45//45 31//31
f 20//20 55//55 43//43
f 55//55 53//53 43//43
f 59//59 47//47 60//60
f 59//59 46//46 40//40
f 47//47 59//59 40//40
f 41//41 40//40 46//46
f 63//63 41//41 46//46
f 62//62 47//47 49//49
f 63//63 48//48 41//41
f 42//42 50//50 54//54
f 42//42 44//44 51//51
f 44//44 39//39 51//51
f 44//44 42//42 54//54
f 53//53 73//73 43//43
f 45//45 44//44 54//54
f 86//86 46//46 59//59
f 59//59 60//60 58//58
f 62//62 60//60 47//47
f 46//46 61//61 63//63
f 63//63 61//61 49//49
f 62//62 49//49 61//61
f 49//49 48//48 63//63
f 65//65 66//66 50//50
f 42//42 65//65 50//50
f 65//65 42//42 98//98
f 50//50 66//66 69//69
f 51//51 98//98 42//42
f 98//98 51//51 97//97
f 50//50 69//69 54//54
f 39//39 52//52 51//51
f 43//43 73//73 52//52
f 52//52 73//73 51//51
f 69//69 70//70 54//54
f 101//101 53//53 55//55
f 56//56 101//101 55//55
f 57//57 56//56 45//45
f 58//58 81//81 59//59
f 81//81 86//86 59//59
f 60//60 84//84 58//58
f 86//86 88//88 46//46
f 88//88 61//61 46//46
f 64//64 72//72 73//73
f 98//98 66//66 65//65
f 73//73 72//72 51//51
f 51//51 72//72 97//97
f 70//70 69//69 66//66
f 112//112 67//67 68//68
f 67//67 75//75 68//68
f 76//76 112//112 68//68
f 73//73 53//53 74//74
f 75//75 77//77 68//68
f 76//76 68//68 77//77
f 70//70 120//120 54//54
f 54//54 120//120 57//57
f 57//57 45//45 54//54
f 58//58 82//82 81//81
f 82//82 58//58 84//84
f 81//81 83//83 86//86
f 88//88 86//86 85//85
f 60//60 62//62 87//87
f 62//62 88//88 87//87
f 62//62 61//61 88//88
f 89//89 90//90 71//71
f 93//93 71//71 90//90
f 91//91 93//93 90//90
f 93//93 91//91 94//94
f 95//95 93//93 94//94
f 64//64 94//94 96//96
f 95//95 94//94 64//64
f 64//64 96//96 72//72
f 95//95 64//64 73//73
f 74//74 110//110 73//73
f 72//72 96//96 97//97
f 66//66 98//98 70//70
f 98//98 111//111 70//70
f 75//75 150//150 77//77
f 76//76 77//77 119//119
f 100//100 53//53 101//101
f 101//101 56//56 78//78
f 120//120 121//121 57//57
f 57//57 122//122 56//56
f 78//78 56//56 122//122
f 140//140 102//102 79//79
f 79//79 102//102 103//103
f 140//140 79//79 143//143
f 81//81 80//80 83//83
f 82//82 80//80 81//81
f 83//83 85//85 86//86
f 88//88 85//85 105//105
f 84//84 60//60 87//87
f 87//87 88//88 105//105
f 89//89 106//106 90//90
f 107//107 89//89 71//71
f 92//92 90//90 106//106
f 90//90 92//92 91//91
f 107//107 71//71 93//93
f 108//108 107//107 93//93
f 91//91 92//92 96//96
f 108//108 93//93 95//95
f 91//91 96//96 94//94
f 95//95 73//73 110//110
f 110//110 108//108 95//95
f 115//115 111//111 97//97
f 74//74 117//117 132//132
f 113//113 67//67 112//112
f 97//97 111//111 98//98
f 67//67 113//113 75//75
f 112//112 116//116 114//114
f 150//150 75//75 113//113
f 112//112 76//76 116//116
f 116//116 76//76 99//99
f 100//100 74//74 53//53
f 150//150 119//119 77//77
f 119//119 99//99 76//76
f 99//99 135//135 116//116
f 120//120 70//70 111//111
f 121//121 122//122 57//57
f 103//103 123//123 80//80
f 79//79 103//103 104//104
f 143//143 79//79 104//104
f 103//103 80//80 104//104
f 80//80 123//123 83//83
f 104//104 80//80 82//82
f 83//83 123//123 85//85
f 84//84 104//104 82//82
f 124//124 84//84 125//125
f 125//125 87//87 105//105
f 84//84 87//87 125//125
f 106//106 89//89 126//126
f 89//89 107//107 126//126
f 126//126 107//107 127//127
f 106//106 128//128 92//92
f 128//128 129//129 92//92
f 107//107 109//109 127//127
f 107//107 108//108 109//109
f 96//96 92//92 130//130
f 130//130 92//92 129//129
f 109//109 108//108 110//110
f 130//130 115//115 97//97
f 96//96 130//130 97//97
f 132//132 131//131 110//110
f 132//132 115//115 130//130
f 110//110 74//74 132//132
f 132//132 117//117 115//115
f 115//115 117//117 111//111
f 74//74 118//118 117//117
f 111//111 117//117 133//133
f 118//118 133//133 117//117
f 74//74 100//100 118//118
f 100//100 180//180 118//118
f 166//166 116//116 135//135
f 180//180 100//100 137//137
f 135//135 99//99 119//119
f 133//133 136//136 111//111
f 136//136 120//120 111//111
f 101//101 137//137 100//100
f 121//121 120//120 136//136
f 122//122 121//121 156//156
f 122//122 156//156 159//159
f 78//78 122//122 159//159
f 102//102 139//139 158//158
f 140//140 139//139 102//102
f 102//102 158//158 123//123
f 123//123 158//158 141//141
f 102//102 123//123 103//103
f 123//123 144//144 85//85
f 143//143 104//104 124//124
f 84//84 124//124 104//104
f 145//145 85//85 144//144
f 85//85 145//145 105//105
f 125//125 105//105 145//145
f 126//126 128//128 106//106
f 126//126 127//127 128//128
f 127//127 129//129 128//128
f 109//109 129//129 127//127
f 109//109 131//131 129//129
f 130//130 129//129 131//131
f 109//109 110//110 131//131
f 131//131 132//132 130//130
f 114//114 113//113 112//112
f 178//178 114//114 116//116
f 166//166 178//178 116//116
f 133//133 118//118 134//134
f 119//119 150//150 165//165
f 180//180 134//134 118//118
f 133//133 134//134 136//136
f 119//119 179//179 135//135
f 134//134 168//168 136//136
f 154//154 136//136 168//168
f 121//121 136//136 154//154
f 137//137 101//101 191//191
f 101//101 78//78 138//138
f 151//151 155//155 154//154
f 121//121 154//154 156//156
f 156//156 182//182 159//159
f 159//159 138//138 78//78
f 142//142 139//139 140//140
f 142//142 140//140 143//143
f 123//123 141//141 144//144
f 146//146 143//143 124//124
f 172//172 146//146 145//145
f 146//146 124//124 145//145
f 124//124 125//125 145//145
f 161//161 148//148 147//147
f 175//175 161//161 147//147
f 162//162 175//175 147//147
f 147//147 148//148 149//149
f 147//147 149//149 164//164
f 147//147 164//164 162//162
f 164//164 163//163 162//162
f 165//165 150//150 113//113
f 179//179 119//119 165//165
f 134//134 167//167 168//168
f 152//152 151//151 169//169
f 151//151 168//168 169//169
f 191//191 190//190 137//137
f 154//154 168//168 151//151
f 151//151 152//152 153//153
f 151//151 153//153 155//155
f 191//191 138//138 160//160
f 101//101 138//138 191//191
f 155//155 156//156 154//154
f 157//157 155//155 153//153
f 156//156 155//155 157//157
f 160//160 138//138 159//159
f 182//182 158//158 159//159
f 139//139 159//159 158//158
f 160//160 159//159 139//139
f 141//141 158//158 182//182
f 139//139 142//142 160//160
f 142//142 143//143 146//146
f 144//144 172//172 145//145
f 161//161 185//185 174//174
f 161//161 174//174 148//148
f 149//149 148//148 174//174
f 162//162 198//198 175//175
f 162//162 163//163 198//198
f 164//164 149//149 176//176
f 163//163 164//164 176//176
f 178//178 177//177 114//114
f 199//199 177//177 178//178
f 201//201 179//179 165//165
f 189//189 178//178 166//166
f 166//166 135//135 179//179
f 167//167 134//134 180//180
f 137//137 190//190 180//180
f 167//167 192//192 168//168
f 169//169 168//168 192//192
f 152//152 170//170 153//153
f 191//191 193//193 181//181
f 157//157 153//153 170//170
f 171//171 157//157 170//170
f 193//193 191//191 160//160
f 156//156 157//157 171//171
f 171//171 182//182 156//156
f 184//184 193//193 160//160
f 183//183 141//141 182//182
f 160//160 142//142 184//184
f 183//183 172//172 141//141
f 146//146 184//184 142//142
f 141//141 172//172 144//144
f 185//185 161//161 175//175
f 174//174 186//186 149//149
f 176//176 149//149 186//186
f 176//176 186//186 187//187
f 187//187 198//198 176//176
f 176//176 198//198 163//163
f 114//114 177//177 113//113
f 177//177 188//188 113//113
f 113//113 188//188 165//165
f 216//216 199//199 178//178
f 166//166 200//200 189//189
f 166//166 179//179 200//200
f 180//180 190//190 203//203
f 180//180 203//203 167//167
f 152//152 169//169 170//170
f 192//192 171//171 169//169
f 169//169 171//171 170//170
f 171//171 192//192 194//194
f 182//182 171//171 194//194
f 194//194 183//183 182//182
f 183//183 221//221 208//208
f 208//208 184//184 146//146
f 208//208 172//172 183//183
f 146//146 172//172 208//208
f 185//185 209//209 174//174
f 174//174 209//209 173//173
f 175//175 197//197 185//185
f 197//197 196//196 185//185
f 198//198 197//197 175//175
f 212//212 186//186 174//174
f 173//173 212//212 174//174
f 186//186 239//239 187//187
f 239//239 222//222 187//187
f 215//215 199//199 216//216
f 178//178 189//189 216//216
f 189//189 227//227 216//216
f 200//200 227//227 189//189
f 191//191 181//181 190//190
f 190//190 181//181 229//229
f 167//167 203//203 230//230
f 194//194 192//192 167//167
f 206//206 195//195 204//204
f 207//207 204//204 195//195
f 193//193 184//184 233//233
f 184//184 208//208 235//235
f 196//196 210//210 185//185
f 198//198 222//222 197//197
f 212//212 239//239 186//186
f 198//198 187//187 222//222
f 199//199 214//214 177//177
f 188//188 177//177 214//214
f 188//188 201//201 165//165
f 227//227 226//226 216//216
f 200//200 179//179 201//201
f 201//201 228//228 200//200
f 227//227 200//200 202//202
f 190//190 229//229 203//203
f 230//230 194//194 167//167
f 205//205 206//206 204//204
f 218//218 205//205 232//232
f 232//232 204//204 219//219
f 232//232 205//205 204//204
f 206//206 207//207 218//218
f 206//206 205//205 207//207
f 219//219 205//205 218//218
f 219//219 207//207 205//205
f 219//219 204//204 207//207
f 206//206 217//217 220//220
f 206//206 220//220 195//195
f 207//207 195//195 220//220
f 220//220 218//218 207//207
f 184//184 235//235 233//233
f 208//208 221//221 265//265
f 210//210 209//209 185//185
f 209//209 211//211 173//173
f 173//173 238//238 212//212
f 213//213 256//256 241//241
f 240//240 256//256 213//213
f 213//213 242//242 240//240
f 213//213 241//241 257//257
f 242//242 213//213 257//257
f 215//215 214//214 199//199
f 214//214 225//225 188//188
f 216//216 226//226 215//215
f 225//225 201//201 188//188
f 225//225 228//228 201//201
f 202//202 200//200 228//228
f 217//217 181//181 193//193
f 231//231 181//181 217//217
f 193//193 233//233 217//217
f 232//232 231//231 218//218
f 218//218 231//231 217//217
f 218//218 217//217 206//206
f 218//218 220//220 219//219
f 219//219 220//220 232//232
f 220//220 217//217 233//233
f 250//250 232//232 220//220
f 194//194 234//234 183//183
f 183//183 234//234 221//221
f 235//235 220//220 233//233
f 250//250 220//220 235//235
f 237//237 209//209 236//236
f 210//210 236//236 209//209
f 237//237 211//211 209//209
f 211//211 238//238 173//173
f 196//196 197//197 252//252
f 239//239 212//212 238//238
f 256//256 240//240 278//278
f 242//242 257//257 258//258
f 224//224 223//223 243//243
f 223//223 224//224 261//261
f 244//244 261//261 224//224
f 215//215 246//246 249//249
f 214//214 215//215 249//249
f 248//248 246//246 215//215
f 247//247 246//246 248//248
f 214//214 249//249 225//225
f 226//226 248//248 215//215
f 226//226 227//227 202//202
f 202//202 264//264 226//226
f 287//287 229//229 310//310
f 287//287 203//203 229//229
f 287//287 230//230 203//203
f 229//229 181//181 231//231
f 234//234 194//194 230//230
f 235//235 208//208 265//265
f 210//210 196//196 252//252
f 238//238 253//253 239//239
f 197//197 222//222 255//255
f 254//254 239//239 253//253
f 254//254 222//222 239//239
f 255//255 222//222 254//254
f 241//241 256//256 279//279
f 280//280 240//240 242//242
f 280//280 242//242 258//258
f 283//283 243//243 223//223
f 244//244 243//243 259//259
f 243//243 244//244 224//224
f 284//284 283//283 223//223
f 261//261 284//284 223//223
f 244//244 259//259 245//245
f 244//244 245//245 261//261
f 245//245 259//259 263//263
f 261//261 245//245 262//262
f 262//262 245//245 263//263
f 285//285 248//248 226//226
f 337//337 225//225 249//249
f 285//285 226//226 286//286
f 286//286 226//226 264//264
f 202//202 228//228 309//309
f 264//264 202//202 309//309
f 234//234 230//230 287//287
f 231//231 232//232 311//311
f 311//311 232//232 288//288
f 232//232 250//250 288//288
f 234//234 312//312 221//221
f 235//235 265//265 289//289
f 250//250 235//235 290//290
f 237//237 236//236 315//315
f 291//291 237//237 315//315
f 266//266 236//236 267//267
f 267//267 314//314 266//266
f 236//236 210//210 267//267
f 270//270 267//267 210//210
f 211//211 237//237 251//251
f 270//270 210//210 252//252
f 273//273 211//211 251//251
f 272//272 270//270 252//252
f 273//273 238//238 211//211
f 272//272 252//252 274//274
f 274//274 252//252 255//255
f 238//238 273//273 253//253
f 252//252 197//197 255//255
f 278//278 279//279 256//256
f 278//278 240//240 334//334
f 257//257 241//241 279//279
f 281//281 257//257 279//279
f 258//258 257//257 281//281
f 282//282 243//243 283//283
f 243//243 282//282 259//259
f 259//259 260//260 263//263
f 307//307 263//263 260//260
f 249//249 246//246 247//247
f 262//262 263//263 308//308
f 337//337 249//249 247//247
f 263//263 307//307 308//308
f 225//225 337//337 228//228
f 309//309 228//228 337//337
f 366//366 287//287 310//310
f 231//231 310//310 229//229
f 288//288 343//343 311//311
f 288//288 250//250 344//344
f 312//312 265//265 221//221
f 289//289 290//290 235//235
f 266//266 315//315 236//236
f 267//267 294//294 314//314
f 268//268 269//269 292//292
f 291//291 251//251 237//237
f 294//294 267//267 271//271
f 271//271 267//267 270//270
f 294//294 271//271 295//295
f 271//271 269//269 295//295
f 268//268 295//295 269//269
f 273//273 251//251 297//297
f 269//269 271//271 270//270
f 319//319 292//292 269//269
f 319//319 269//269 270//270
f 296//296 319//319 270//270
f 272//272 296//296 270//270
f 327//327 273//273 297//297
f 296//296 272//272 274//274
f 253//253 273//273 327//327
f 300//300 254//254 253//253
f 274//274 255//255 299//299
f 300//300 255//255 254//254
f 299//299 255//255 300//300
f 276//276 301//301 331//331
f 276//276 275//275 301//301
f 277//277 276//276 331//331
f 275//275 276//276 302//302
f 302//302 276//276 277//277
f 387//387 279//279 278//278
f 278//278 334//334 333//333
f 334//334 240//240 280//280
f 429//429 280//280 258//258
f 282//282 283//283 303//303
f 282//282 335//335 259//259
f 335//335 282//282 303//303
f 284//284 303//303 283//283
f 259//259 335//335 260//260
f 303//303 284//284 304//304
f 284//284 261//261 304//304
f 261//261 262//262 304//304
f 307//307 260//260 305//305
f 248//248 285//285 306//306
f 306//306 285//285 390//390
f 262//262 339//339 304//304
f 337//337 247//247 306//306
f 390//390 285//285 286//286
f 262//262 308//308 339//339
f 340//340 286//286 264//264
f 364//364 339//339 308//308
f 264//264 309//309 340//340
f 231//231 311//311 310//310
f 342//342 234//234 287//287
f 265//265 312//312 289//289
f 344//344 250//250 290//290
f 266//266 313//313 315//315
f 314//314 313//313 266//266
f 293//293 268//268 292//292
f 294//294 316//316 314//314
f 374//374 295//295 268//268
f 318//318 297//297 251//251
f 291//291 318//318 251//251
f 319//319 293//293 292//292
f 324//324 323//323 294//294
f 324//324 294//294 295//295
f 296//296 321//321 319//319
f 321//321 296//296 325//325
f 323//323 327//327 297//297
f 326//326 349//349 296//296
f 300//300 253//253 327//327
f 296//296 274//274 326//326
f 327//327 326//326 300//300
f 326//326 299//299 300//300
f 274//274 299//299 326//326
f 275//275 353//353 301//301
f 353//353 275//275 332//332
f 280//280 355//355 334//334
f 355//355 280//280 429//429
f 303//303 336//336 335//335
f 304//304 336//336 303//303
f 359//359 335//335 336//336
f 305//305 260//260 335//335
f 305//305 335//335 359//359
f 247//247 248//248 306//306
f 305//305 363//363 307//307
f 286//286 391//391 390//390
f 338//338 391//391 286//286
f 307//307 363//363 308//308
f 286//286 340//340 338//338
f 364//364 341//341 339//339
f 364//364 308//308 363//363
f 310//310 311//311 365//365
f 366//366 342//342 287//287
f 234//234 342//342 312//312
f 343//343 288//288 313//313
f 313//313 371//371 343//343
f 371//371 313//313 314//314
f 344//344 313//313 288//288
f 313//313 344//344 315//315
f 290//290 289//289 373//373
f 315//315 344//344 291//291
f 316//316 371//371 314//314
f 374//374 268//268 293//293
f 317//317 374//374 293//293
f 344//344 373//373 291//291
f 291//291 373//373 318//318
f 316//316 294//294 378//378
f 293//293 319//319 320//320
f 297//297 318//318 322//322
f 294//294 323//323 378//378
f 324//324 295//295 374//374
f 320//320 319//319 321//321
f 345//345 320//320 321//321
f 297//297 322//322 323//323
f 327//327 323//323 324//324
f 349//349 327//327 324//324
f 325//325 348//348 321//321
f 380//380 298//298 347//347
f 380//380 329//329 298//298
f 326//326 327//327 349//349
f 325//325 296//296 349//349
f 347//347 298//298 328//328
f 329//329 328//328 298//298
f 352//352 330//330 351//351
f 383//383 330//330 352//352
f 385//385 471//471 301//301
f 331//331 301//301 471//471
f 332//332 275//275 302//302
f 302//302 277//277 386//386
f 277//277 528//528 386//386
f 279//279 387//387 354//354
f 333//333 334//334 355//355
f 281//281 591//591 258//258
f 336//336 358//358 359//359
f 305//305 362//362 363//363
f 359//359 362//362 305//305
f 304//304 358//358 336//336
f 306//306 361//361 337//337
f 361//361 306//306 392//392
f 304//304 339//339 358//358
f 361//361 309//309 337//337
f 361//361 338//338 340//340
f 363//363 362//362 398//398
f 446//446 339//339 341//341
f 340//340 309//309 361//361
f 343//343 365//365 311//311
f 400//400 365//365 343//343
f 400//400 343//343 371//371
f 342//342 401//401 312//312
f 401//401 289//289 312//312
f 506//506 289//289 401//401
f 289//289 506//506 373//373
f 344//344 290//290 373//373
f 461//461 371//371 316//316
f 407//407 402//402 317//317
f 377//377 407//407 317//317
f 317//317 293//293 320//320
f 320//320 377//377 317//317
f 376//376 346//346 374//374
f 320//320 345//345 377//377
f 323//323 630//630 378//378
f 324//324 374//374 346//346
f 630//630 323//323 322//322
f 345//345 321//321 348//348
f 416//416 380//380 347//347
f 346//346 349//349 324//324
f 349//349 346//346 325//325
f 381//381 325//325 346//346
f 325//325 381//381 348//348
f 329//329 380//380 417//417
f 328//328 416//416 347//347
f 350//350 329//329 417//417
f 350//350 328//328 329//329
f 383//383 420//420 330//330
f 331//331 528//528 277//277
f 333//333 355//355 475//475
f 428//428 281//281 279//279
f 427//427 475//475 355//355
f 429//429 427//427 355//355
f 389//389 388//388 356//356
f 357//357 356//356 388//388
f 306//306 390//390 392//392
f 392//392 390//390 438//438
f 440//440 356//356 357//357
f 359//359 360//360 362//362
f 391//391 338//338 395//395
f 394//394 391//391 395//395
f 394//394 395//395 396//396
f 339//339 446//446 358//358
f 444//444 338//338 361//361
f 398//398 362//362 360//360
f 363//363 398//398 364//364
f 364//364 365//365 341//341
f 398//398 365//365 364//364
f 400//400 341//341 365//365
f 448//448 366//366 398//398
f 310//310 398//398 366//366
f 365//365 398//398 310//310
f 342//342 366//366 448//448
f 370//370 369//369 368//368
f 448//448 401//401 342//342
f 367//367 447//447 375//375
f 375//375 447//447 402//402
f 405//405 399//399 367//367
f 405//405 367//367 375//375
f 404//404 372//372 402//402
f 405//405 375//375 414//414
f 372//372 374//374 317//317
f 402//402 372//372 317//317
f 375//375 402//402 407//407
f 376//376 374//374 408//408
f 461//461 316//316 378//378
f 377//377 463//463 407//407
f 462//462 379//379 416//416
f 346//346 376//376 381//381
f 376//376 348//348 381//381
f 412//412 348//348 376//376
f 345//345 348//348 412//412
f 415//415 380//380 379//379
f 416//416 379//379 380//380
f 416//416 328//328 466//466
f 466//466 350//350 417//417
f 328//328 350//350 466//466
f 382//382 351//351 520//520
f 519//519 351//351 418//418
f 418//418 351//351 330//330
f 351//351 382//382 352//352
f 422//422 383//383 352//352
f 353//353 385//385 301//301
f 353//353 332//332 527//527
f 528//528 331//331 471//471
f 302//302 386//386 332//332
f 386//386 528//528 587//587
f 387//387 473//473 354//354
f 278//278 333//333 387//387
f 279//279 354//354 428//428
f 434//434 433//433 388//388
f 389//389 434//434 388//388
f 388//388 435//435 357//357
f 389//389 439//439 437//437
f 356//356 439//439 389//389
f 356//356 440//440 439//439
f 390//390 482//482 438//438
f 482//482 390//390 391//391
f 482//482 391//391 442//442
f 392//392 444//444 361//361
f 442//442 391//391 394//394
f 359//359 358//358 445//445
f 360//360 359//359 445//445
f 338//338 397//397 395//395
f 358//358 446//446 445//445
f 338//338 444//444 397//397
f 396//396 395//395 397//397
f 487//487 442//442 394//394
f 399//399 394//394 396//396
f 487//487 394//394 399//399
f 446//446 341//341 400//400
f 493//493 446//446 400//400
f 367//367 399//399 396//396
f 398//398 360//360 448//448
f 493//493 400//400 452//452
f 367//367 396//396 447//447
f 452//452 400//400 371//371
f 451//451 399//399 405//405
f 447//447 404//404 402//402
f 405//405 454//454 451//451
f 505//505 403//403 459//459
f 403//403 410//410 459//459
f 459//459 410//410 462//462
f 406//406 454//454 405//405
f 372//372 408//408 374//374
f 405//405 414//414 406//406
f 506//506 460//460 373//373
f 409//409 410//410 558//558
f 560//560 409//409 558//558
f 375//375 407//407 411//411
f 411//411 407//407 463//463
f 373//373 460//460 318//318
f 318//318 460//460 322//322
f 408//408 412//412 376//376
f 413//413 463//463 377//377
f 410//410 409//409 379//379
f 462//462 410//410 379//379
f 377//377 345//345 413//413
f 411//411 414//414 375//375
f 411//411 468//468 414//414
f 511//511 406//406 414//414
f 379//379 409//409 415//415
f 630//630 322//322 460//460
f 345//345 412//412 413//413
f 416//416 464//464 462//462
f 415//415 417//417 380//380
f 465//465 464//464 416//416
f 512//512 417//417 415//415
f 417//417 512//512 466//466
f 466//466 465//465 416//416
f 516//516 571//571 418//418
f 418//418 571//571 519//519
f 519//519 520//520 351//351
f 419//419 418//418 330//330
f 419//419 516//516 418//418
f 419//419 330//330 420//420
f 423//423 421//421 425//425
f 422//422 352//352 382//382
f 425//425 421//421 525//525
f 384//384 423//423 425//425
f 424//424 423//423 384//384
f 425//425 525//525 426//426
f 384//384 470//470 424//424
f 425//425 426//426 384//384
f 470//470 384//384 426//426
f 385//385 472//472 471//471
f 385//385 353//353 527//527
f 471//471 472//472 528//528
f 527//527 332//332 696//696
f 332//332 386//386 696//696
f 333//333 473//473 387//387
f 473//473 333//333 474//474
f 474//474 333//333 475//475
f 476//476 591//591 428//428
f 428//428 591//591 281//281
f 591//591 429//429 258//258
f 431//431 430//430 477//477
f 431//431 532//532 430//430
f 477//477 478//478 431//431
f 432//432 532//532 431//431
f 431//431 478//478 432//432
f 433//433 432//432 478//478
f 434//434 432//432 433//433
f 535//535 434//434 437//437
f 437//437 434//434 389//389
f 435//435 388//388 433//433
f 435//435 433//433 436//436
f 480//480 482//482 481//481
f 481//481 482//482 442//442
f 357//357 435//435 484//484
f 438//438 670//670 392//392
f 357//357 484//484 440//440
f 393//393 485//485 437//437
f 393//393 437//437 439//439
f 541//541 441//441 443//443
f 614//614 444//444 392//392
f 393//393 439//439 489//489
f 441//441 393//393 489//489
f 486//486 443//443 490//490
f 544//544 442//442 487//487
f 443//443 441//441 489//489
f 490//490 443//443 489//489
f 444//444 614//614 397//397
f 445//445 621//621 360//360
f 446//446 621//621 445//445
f 549//549 397//397 614//614
f 397//397 549//549 396//396
f 451//451 550//550 487//487
f 547//547 360//360 621//621
f 487//487 399//399 451//451
f 396//396 549//549 447//447
f 360//360 547//547 450//450
f 360//360 450//450 448//448
f 492//492 494//494 449//449
f 452//452 456//456 495//495
f 550//550 451//451 497//497
f 499//499 449//449 500//500
f 450//450 449//449 499//499
f 501//501 450//450 499//499
f 501//501 448//448 450//450
f 369//369 495//495 368//368
f 504//504 404//404 549//549
f 500//500 449//449 494//494
f 495//495 456//456 368//368
f 498//498 496//496 453//453
f 452//452 371//371 456//456
f 369//369 370//370 455//455
f 498//498 453//453 403//403
f 500//500 494//494 498//498
f 501//501 401//401 448//448
f 453//453 558//558 403//403
f 456//456 371//371 457//457
f 368//368 456//456 457//457
f 498//498 403//403 505//505
f 500//500 498//498 505//505
f 401//401 501//501 506//506
f 458//458 404//404 504//504
f 403//403 558//558 410//410
f 371//371 461//461 457//457
f 404//404 458//458 372//372
f 558//558 502//502 560//560
f 372//372 458//458 408//408
f 508//508 505//505 459//459
f 508//508 459//459 462//462
f 508//508 462//462 464//464
f 413//413 412//412 408//408
f 458//458 413//413 408//408
f 560//560 510//510 409//409
f 510//510 415//415 409//409
f 415//415 510//510 512//512
f 511//511 414//414 468//468
f 411//411 463//463 467//467
f 411//411 467//467 468//468
f 465//465 466//466 512//512
f 513//513 511//511 468//468
f 513//513 468//468 469//469
f 468//468 467//467 469//469
f 467//467 514//514 469//469
f 515//515 469//469 517//517
f 637//637 518//518 516//516
f 637//637 516//516 419//419
f 520//520 422//422 382//382
f 420//420 524//524 523//523
f 419//419 420//420 523//523
f 522//522 421//421 423//423
f 524//524 420//420 422//422
f 383//383 422//422 420//420
f 421//421 578//578 525//525
f 526//526 423//423 424//424
f 527//527 472//472 385//385
f 527//527 645//645 472//472
f 527//527 696//696 645//645
f 589//589 354//354 473//473
f 354//354 649//649 428//428
f 650//650 648//648 474//474
f 650//650 474//474 475//475
f 650//650 475//475 427//427
f 428//428 649//649 476//476
f 427//427 429//429 591//591
f 430//430 532//532 477//477
f 477//477 530//530 478//478
f 478//478 530//530 433//433
f 532//532 432//432 434//434
f 479//479 480//480 481//481
f 535//535 532//532 434//434
f 542//542 534//534 479//479
f 530//530 436//436 433//433
f 480//480 604//604 482//482
f 542//542 479//479 481//481
f 437//437 537//537 535//535
f 437//437 485//485 537//537
f 542//542 481//481 442//442
f 484//484 435//435 436//436
f 484//484 436//436 607//607
f 536//536 540//540 393//393
f 483//483 536//536 393//393
f 438//438 482//482 604//604
f 483//483 393//393 441//441
f 441//441 541//541 483//483
f 484//484 545//545 440//440
f 540//540 485//485 393//393
f 545//545 488//488 440//440
f 542//542 442//442 544//544
f 439//439 440//440 488//488
f 486//486 543//543 671//671
f 541//541 486//486 611//611
f 541//541 443//443 486//486
f 546//546 543//543 486//486
f 490//490 546//546 486//486
f 439//439 488//488 489//489
f 491//491 489//489 488//488
f 489//489 491//491 490//490
f 491//491 488//488 620//620
f 492//492 546//546 490//490
f 549//549 614//614 622//622
f 546//546 492//492 449//449
f 446//446 493//493 621//621
f 492//492 490//490 491//491
f 549//549 404//404 447//447
f 551//551 453//453 496//496
f 492//492 491//491 494//494
f 369//369 678//678 495//495
f 552//552 494//494 491//491
f 549//549 622//622 504//504
f 453//453 551//551 556//556
f 552//552 496//496 494//494
f 494//494 496//496 498//498
f 451//451 454//454 497//497
f 454//454 555//555 497//497
f 499//499 500//500 679//679
f 557//557 501//501 499//499
f 369//369 455//455 626//626
f 561//561 504//504 622//622
f 453//453 556//556 558//558
f 627//627 500//500 505//505
f 679//679 500//500 627//627
f 503//503 501//501 557//557
f 368//368 457//457 370//370
f 454//454 507//507 555//555
f 501//501 503//503 506//506
f 370//370 457//457 455//455
f 461//461 782//782 457//457
f 457//457 782//782 455//455
f 454//454 406//406 507//507
f 629//629 505//505 508//508
f 561//561 458//458 504//504
f 460//460 506//506 503//503
f 461//461 378//378 782//782
f 561//561 413//413 458//458
f 413//413 561//561 566//566
f 782//782 378//378 630//630
f 463//463 413//413 566//566
f 507//507 406//406 565//565
f 565//565 406//406 511//511
f 508//508 464//464 509//509
f 509//509 512//512 510//510
f 464//464 465//465 509//509
f 465//465 512//512 509//509
f 568//568 511//511 513//513
f 569//569 568//568 513//513
f 513//513 469//469 515//515
f 517//517 514//514 570//570
f 469//469 514//514 517//517
f 574//574 513//513 515//515
f 571//571 516//516 572//572
f 518//518 572//572 516//516
f 574//574 515//515 575//575
f 576//576 517//517 570//570
f 515//515 517//517 576//576
f 575//575 515//515 576//576
f 690//690 519//519 634//634
f 519//519 690//690 520//520
f 636//636 518//518 637//637
f 690//690 524//524 520//520
f 640//640 524//524 690//690
f 637//637 419//419 523//523
f 422//422 520//520 524//524
f 523//523 524//524 640//640
f 522//522 521//521 421//421
f 421//421 639//639 578//578
f 526//526 693//693 522//522
f 423//423 526//526 522//522
f 579//579 426//426 525//525
f 424//424 579//579 526//526
f 424//424 470//470 579//579
f 470//470 426//426 579//579
f 696//696 386//386 587//587
f 528//528 585//585 587//587
f 587//587 585//585 697//697
f 648//648 473//473 474//474
f 651//651 476//476 649//649
f 590//590 650//650 427//427
f 591//591 476//476 652//652
f 427//427 591//591 652//652
f 530//530 477//477 600//600
f 530//530 600//600 598//598
f 532//532 600//600 477//477
f 479//479 531//531 480//480
f 596//596 531//531 479//479
f 534//534 596//596 479//479
f 530//530 598//598 603//603
f 605//605 600//600 532//532
f 480//480 533//533 604//604
f 601//601 533//533 480//480
f 436//436 530//530 603//603
f 606//606 605//605 532//532
f 535//535 606//606 532//532
f 542//542 665//665 534//534
f 607//607 436//436 603//603
f 608//608 606//606 535//535
f 537//537 608//608 535//535
f 483//483 667//667 536//536
f 667//667 483//483 609//609
f 604//604 666//666 438//438
f 484//484 607//607 545//545
f 537//537 485//485 538//538
f 541//541 609//609 483//483
f 438//438 666//666 670//670
f 538//538 485//485 613//613
f 485//485 540//540 613//613
f 611//611 609//609 541//541
f 671//671 613//613 540//540
f 670//670 614//614 392//392
f 671//671 543//543 613//613
f 539//539 542//542 544//544
f 675//675 546//546 618//618
f 544//544 487//487 616//616
f 487//487 550//550 616//616
f 618//618 546//546 449//449
f 618//618 450//450 617//617
f 616//616 550//550 548//548
f 450//450 618//618 449//449
f 547//547 617//617 450//450
f 621//621 493//493 677//677
f 491//491 620//620 776//776
f 452//452 677//677 493//493
f 495//495 677//677 452//452
f 495//495 678//678 677//677
f 550//550 497//497 548//548
f 491//491 776//776 552//552
f 556//556 551//551 553//553
f 552//552 554//554 496//496
f 548//548 497//497 555//555
f 553//553 554//554 624//624
f 553//553 551//551 554//554
f 551//551 496//496 554//554
f 369//369 626//626 678//678
f 628//628 561//561 622//622
f 502//502 556//556 553//553
f 553//553 563//563 502//502
f 557//557 499//499 679//679
f 557//557 679//679 779//779
f 502//502 558//558 556//556
f 628//628 559//559 561//561
f 507//507 564//564 559//559
f 627//627 505//505 629//629
f 502//502 562//562 560//560
f 510//510 560//560 562//562
f 564//564 561//561 559//559
f 566//566 561//561 564//564
f 629//629 508//508 563//563
f 563//563 509//509 567//567
f 508//508 509//509 563//563
f 682//682 630//630 460//460
f 507//507 565//565 564//564
f 562//562 567//567 510//510
f 510//510 567//567 509//509
f 632//632 463//463 566//566
f 467//467 463//463 632//632
f 511//511 568//568 565//565
f 632//632 514//514 467//467
f 574//574 569//569 513//513
f 574//574 573//573 569//569
f 571//571 634//634 519//519
f 635//635 576//576 570//570
f 575//575 576//576 635//635
f 574//574 575//575 730//730
f 522//522 577//577 521//521
f 523//523 640//640 638//638
f 522//522 693//693 577//577
f 521//521 639//639 421//421
f 578//578 639//639 732//732
f 694//694 525//525 578//578
f 694//694 579//579 525//525
f 580//580 643//643 642//642
f 580//580 642//642 644//644
f 582//582 643//643 580//580
f 580//580 644//644 581//581
f 581//581 582//582 580//580
f 734//734 643//643 582//582
f 695//695 581//581 644//644
f 583//583 582//582 581//581
f 734//734 582//582 583//583
f 581//581 695//695 588//588
f 734//734 583//583 584//584
f 581//581 588//588 583//583
f 584//584 583//583 586//586
f 528//528 472//472 585//585
f 696//696 587//587 646//646
f 586//586 583//583 588//588
f 646//646 587//587 697//697
f 473//473 702//702 703//703
f 473//473 812//812 702//702
f 648//648 812//812 473//473
f 473//473 703//703 589//589
f 589//589 649//649 354//354
f 648//648 650//650 704//704
f 651//651 652//652 476//476
f 590//590 427//427 652//652
f 654//654 655//655 592//592
f 653//653 654//654 593//593
f 594//594 653//653 593//593
f 656//656 658//658 655//655
f 655//655 658//658 592//592
f 593//593 654//654 529//529
f 654//654 592//592 595//595
f 529//529 654//654 595//595
f 658//658 656//656 596//596
f 595//595 592//592 658//658
f 594//594 593//593 659//659
f 656//656 657//657 531//531
f 593//593 529//529 660//660
f 659//659 593//593 660//660
f 661//661 531//531 657//657
f 658//658 596//596 599//599
f 595//595 658//658 597//597
f 596//596 656//656 531//531
f 597//597 658//658 599//599
f 660//660 529//529 662//662
f 661//661 480//480 531//531
f 529//529 595//595 662//662
f 597//597 599//599 663//663
f 596//596 534//534 599//599
f 603//603 598//598 600//600
f 605//605 603//603 600//600
f 601//601 602//602 533//533
f 599//599 534//534 665//665
f 603//603 605//605 607//607
f 533//533 715//715 666//666
f 533//533 666//666 604//604
f 605//605 610//610 607//607
f 606//606 610//610 605//605
f 765//765 667//667 717//717
f 608//608 610//610 606//606
f 537//537 538//538 608//608
f 540//540 536//536 668//668
f 717//717 667//667 609//609
f 665//665 542//542 539//539
f 670//670 666//666 669//669
f 610//610 545//545 607//607
f 538//538 610//610 608//608
f 612//612 545//545 610//610
f 671//671 540//540 668//668
f 538//538 612//612 610//610
f 676//676 612//612 538//538
f 611//611 486//486 671//671
f 611//611 671//671 673//673
f 609//609 611//611 673//673
f 619//619 614//614 670//670
f 544//544 616//616 539//539
f 613//613 676//676 538//538
f 613//613 543//543 676//676
f 612//612 615//615 545//545
f 543//543 546//546 675//675
f 543//543 675//675 676//676
f 488//488 545//545 615//615
f 622//622 614//614 619//619
f 488//488 615//615 620//620
f 623//623 616//616 548//548
f 623//623 622//622 619//619
f 621//621 720//720 547//547
f 620//620 772//772 776//776
f 623//623 628//628 622//622
f 555//555 623//623 548//548
f 776//776 625//625 552//552
f 559//559 628//628 623//623
f 554//554 552//552 625//625
f 555//555 559//559 623//623
f 626//626 778//778 678//678
f 555//555 507//507 559//559
f 624//624 563//563 553//553
f 625//625 624//624 554//554
f 625//625 629//629 624//624
f 627//627 629//629 625//625
f 679//679 723//723 779//779
f 503//503 557//557 779//779
f 455//455 680//680 626//626
f 624//624 629//629 563//563
f 502//502 567//567 562//562
f 567//567 502//502 563//563
f 682//682 990//990 630//630
f 564//564 683//683 566//566
f 565//565 683//683 564//564
f 566//566 683//683 632//632
f 565//565 568//568 631//631
f 633//633 632//632 684//684
f 632//632 633//633 514//514
f 568//568 569//569 631//631
f 634//634 572//572 783//783
f 514//514 633//633 570//570
f 634//634 571//571 572//572
f 518//518 686//686 572//572
f 636//636 686//686 518//518
f 633//633 635//635 570//570
f 688//688 635//635 633//633
f 634//634 787//787 690//690
f 575//575 635//635 688//688
f 637//637 689//689 636//636
f 689//689 637//637 523//523
f 521//521 692//692 639//639
f 693//693 799//799 577//577
f 641//641 799//799 693//693
f 693//693 526//526 641//641
f 732//732 733//733 578//578
f 578//578 733//733 694//694
f 526//526 579//579 641//641
f 641//641 579//579 694//694
f 737//737 644//644 642//642
f 643//643 737//737 642//642
f 645//645 804//804 472//472
f 472//472 804//804 585//585
f 738//738 696//696 646//646
f 697//697 585//585 698//698
f 588//588 695//695 647//647
f 584//584 586//586 744//744
f 588//588 647//647 586//586
f 745//745 744//744 586//586
f 747//747 586//586 647//647
f 648//648 704//704 812//812
f 589//589 703//703 649//649
f 651//651 649//649 703//703
f 704//704 650//650 705//705
f 590//590 706//706 650//650
f 705//705 650//650 706//706
f 590//590 652//652 706//706
f 594//594 710//710 653//653
f 653//653 707//707 654//654
f 654//654 707//707 655//655
f 711//711 656//656 655//655
f 756//756 594//594 659//659
f 711//711 657//657 656//656
f 756//756 659//659 660//660
f 661//661 713//713 601//601
f 601//601 713//713 602//602
f 660//660 662//662 759//759
f 480//480 661//661 601//601
f 597//597 662//662 595//595
f 759//759 662//662 829//829
f 662//662 597//597 760//760
f 602//602 714//714 664//664
f 599//599 665//665 663//663
f 760//760 597//597 663//663
f 533//533 602//602 715//715
f 715//715 602//602 664//664
f 663//663 665//665 716//716
f 668//668 536//536 667//667
f 716//716 665//665 539//539
f 669//669 666//666 715//715
f 765//765 668//668 667//667
f 672//672 717//717 609//609
f 835//835 766//766 669//669
f 766//766 670//670 669//669
f 719//719 671//671 668//668
f 673//673 672//672 609//609
f 766//766 619//619 670//670
f 673//673 671//671 719//719
f 674//674 718//718 616//616
f 539//539 616//616 718//718
f 768//768 675//675 618//618
f 615//615 612//612 676//676
f 769//769 618//618 617//617
f 616//616 623//623 674//674
f 674//674 623//623 619//619
f 772//772 620//620 615//615
f 547//547 720//720 617//617
f 720//720 621//621 677//677
f 721//721 720//720 677//677
f 677//677 843//843 721//721
f 677//677 678//678 843//843
f 776//776 777//777 625//625
f 723//723 625//625 777//777
f 723//723 627//627 625//625
f 679//679 627//627 723//723
f 778//778 626//626 680//680
f 503//503 779//779 682//682
f 682//682 460//460 503//503
f 727//727 680//680 681//681
f 455//455 681//681 680//680
f 782//782 681//681 455//455
f 630//630 990//990 852//852
f 782//782 630//630 852//852
f 632//632 683//683 684//684
f 565//565 631//631 683//683
f 631//631 684//684 683//683
f 631//631 685//685 684//684
f 684//684 685//685 633//633
f 686//686 855//855 572//572
f 569//569 687//687 631//631
f 685//685 688//688 633//633
f 792//792 631//631 687//687
f 569//569 573//573 687//687
f 636//636 786//786 686//686
f 789//789 692//692 577//577
f 575//575 688//688 728//728
f 787//787 691//691 690//690
f 574//574 730//730 573//573
f 640//640 690//690 638//638
f 638//638 690//690 691//691
f 689//689 523//523 638//638
f 575//575 728//728 730//730
f 730//730 728//728 796//796
f 577//577 692//692 521//521
f 731//731 573//573 730//730
f 732//732 639//639 857//857
f 801//801 694//694 733//733
f 641//641 694//694 801//801
f 735//735 737//737 643//643
f 734//734 735//735 643//643
f 739//739 644//644 737//737
f 738//738 736//736 802//802
f 644//644 739//739 695//695
f 734//734 584//584 735//735
f 803//803 645//645 696//696
f 742//742 695//695 739//739
f 742//742 739//739 741//741
f 735//735 584//584 741//741
f 585//585 804//804 698//698
f 741//741 743//743 742//742
f 695//695 742//742 647//647
f 584//584 744//744 741//741
f 738//738 646//646 699//699
f 742//742 808//808 647//647
f 646//646 697//697 699//699
f 746//746 697//697 698//698
f 699//699 697//697 746//746
f 700//700 647//647 808//808
f 747//747 745//745 586//586
f 647//647 700//700 747//747
f 700//700 748//748 750//750
f 747//747 700//700 750//750
f 750//750 748//748 752//752
f 751//751 811//811 701//701
f 701//701 811//811 813//813
f 751//751 701//701 815//815
f 754//754 702//702 812//812
f 703//703 702//702 754//754
f 754//754 817//817 703//703
f 816//816 704//704 705//705
f 703//703 817//817 651//651
f 816//816 705//705 819//819
f 819//819 705//705 706//706
f 706//706 652//652 651//651
f 651//651 818//818 706//706
f 708//708 755//755 822//822
f 653//653 822//822 707//707
f 708//708 822//822 653//653
f 653//653 889//889 708//708
f 653//653 710//710 889//889
f 707//707 709//709 655//655
f 711//711 709//709 823//823
f 709//709 711//711 655//655
f 710//710 594//594 756//756
f 657//657 824//824 712//712
f 711//711 824//824 657//657
f 828//828 661//661 712//712
f 657//657 712//712 661//661
f 756//756 660//660 759//759
f 826//826 661//661 828//828
f 826//826 713//713 661//661
f 713//713 758//758 714//714
f 602//602 713//713 714//714
f 714//714 761//761 664//664
f 663//663 898//898 760//760
f 716//716 898//898 663//663
f 664//664 761//761 764//764
f 664//664 764//764 715//715
f 765//765 717//717 831//831
f 831//831 717//717 837//837
f 539//539 763//763 716//716
f 719//719 668//668 765//765
f 837//837 717//717 672//672
f 974//974 763//763 718//718
f 763//763 539//539 718//718
f 619//619 766//766 674//674
f 718//718 674//674 766//766
f 675//675 768//768 767//767
f 675//675 767//767 676//676
f 768//768 618//618 769//769
f 767//767 771//771 615//615
f 676//676 767//767 615//615
f 769//769 722//722 770//770
f 769//769 617//617 722//722
f 615//615 771//771 772//772
f 617//617 720//720 722//722
f 778//778 843//843 678//678
f 723//723 777//777 844//844
f 723//723 844//844 849//849
f 778//778 680//680 725//725
f 779//779 723//723 849//849
f 726//726 724//724 847//847
f 850//850 724//724 726//726
f 725//725 680//680 727//727
f 850//850 726//726 781//781
f 851//851 726//726 847//847
f 781//781 726//726 851//851
f 855//855 783//783 572//572
f 686//686 786//786 784//784
f 631//631 792//792 685//685
f 793//793 791//791 794//794
f 864//864 691//691 787//787
f 685//685 728//728 688//688
f 792//792 728//728 685//685
f 639//639 692//692 856//856
f 638//638 691//691 926//926
f 856//856 857//857 639//639
f 577//577 799//799 789//789
f 799//799 860//860 789//789
f 729//729 573//573 731//731
f 800//800 730//730 796//796
f 731//731 730//730 800//800
f 737//737 740//740 739//739
f 804//804 645//645 803//803
f 735//735 741//741 740//740
f 696//696 738//738 803//803
f 738//738 802//802 803//803
f 741//741 739//739 740//740
f 804//804 806//806 698//698
f 870//870 738//738 807//807
f 741//741 744//744 743//743
f 738//738 699//699 807//807
f 742//742 743//743 808//808
f 698//698 806//806 810//810
f 698//698 810//810 746//746
f 748//748 700//700 808//808
f 745//745 747//747 749//749
f 750//750 749//749 747//747
f 749//749 750//750 873//873
f 875//875 813//813 811//811
f 873//873 750//750 753//753
f 750//750 752//752 753//753
f 753//753 752//752 751//751
f 753//753 751//751 815//815
f 701//701 813//813 814//814
f 814//814 955//955 701//701
f 955//955 815//815 701//701
f 704//704 880//880 812//812
f 880//880 704//704 816//816
f 818//818 651//651 817//817
f 818//818 820//820 706//706
f 887//887 706//706 820//820
f 822//822 821//821 707//707
f 709//709 707//707 962//962
f 825//825 889//889 710//710
f 709//709 890//890 823//823
f 825//825 710//710 757//757
f 711//711 823//823 824//824
f 824//824 823//823 893//893
f 710//710 756//756 757//757
f 756//756 759//759 757//757
f 713//713 826//826 758//758
f 828//828 827//827 826//826
f 714//714 758//758 896//896
f 761//761 714//714 896//896
f 662//662 760//760 829//829
f 834//834 761//761 762//762
f 898//898 716//716 830//830
f 831//831 837//837 762//762
f 761//761 834//834 764//764
f 831//831 832//832 765//765
f 834//834 762//762 837//837
f 764//764 836//836 715//715
f 836//836 669//669 715//715
f 832//832 719//719 765//765
f 764//764 834//834 836//836
f 833//833 766//766 835//835
f 835//835 669//669 836//836
f 719//719 900//900 673//673
f 767//767 768//768 838//838
f 839//839 838//838 768//768
f 771//771 979//979 902//902
f 767//767 979//979 771//771
f 839//839 768//768 770//770
f 768//768 769//769 770//770
f 773//773 770//770 774//774
f 722//722 774//774 770//770
f 774//774 722//722 775//775
f 722//722 720//720 905//905
f 720//720 721//721 905//905
f 772//772 904//904 840//840
f 905//905 842//842 722//722
f 841//841 773//773 777//777
f 842//842 775//775 722//722
f 776//776 772//772 840//840
f 777//777 840//840 841//841
f 777//777 776//776 840//840
f 775//775 844//844 774//774
f 774//774 777//777 773//773
f 982//982 843//843 778//778
f 777//777 774//774 844//844
f 982//982 778//778 725//725
f 984//984 982//982 725//725
f 984//984 725//725 727//727
f 850//850 848//848 724//724
f 682//682 779//779 849//849
f 780//780 682//682 849//849
f 847//847 986//986 851//851
f 727//727 681//681 853//853
f 682//682 780//780 990//990
f 681//681 782//782 852//852
f 854//854 855//855 784//784
f 783//783 998//998 785//785
f 784//784 855//855 686//686
f 783//783 785//785 634//634
f 920//920 784//784 786//786
f 785//785 921//921 787//787
f 634//634 785//785 787//787
f 921//921 923//923 791//791
f 917//917 856//856 789//789
f 788//788 921//921 791//791
f 787//787 921//921 790//790
f 790//790 921//921 788//788
f 689//689 924//924 786//786
f 689//689 786//786 636//636
f 791//791 923//923 794//794
f 924//924 689//689 926//926
f 789//789 856//856 692//692
f 788//788 791//791 793//793
f 787//787 790//790 864//864
f 691//691 864//864 926//926
f 795//795 788//788 793//793
f 790//790 788//788 795//795
f 687//687 935//935 792//792
f 687//687 573//573 729//729
f 935//935 687//687 729//729
f 795//795 793//793 794//794
f 689//689 638//638 926//926
f 794//794 863//863 797//797
f 796//796 728//728 792//792
f 797//797 795//795 794//794
f 862//862 861//861 865//865
f 797//797 863//863 867//867
f 857//857 798//798 732//732
f 729//729 731//731 936//936
f 798//798 733//733 732//732
f 800//800 796//796 868//868
f 801//801 733//733 798//798
f 799//799 641//641 801//801
f 866//866 799//799 801//801
f 800//800 1015//1015 731//731
f 936//936 731//731 1015//1015
f 869//869 802//802 736//736
f 735//735 740//740 737//737
f 802//802 869//869 803//803
f 869//869 805//805 803//803
f 805//805 804//804 803//803
f 736//736 738//738 869//869
f 805//805 943//943 804//804
f 870//870 805//805 869//869
f 804//804 943//943 806//806
f 869//869 738//738 870//870
f 744//744 745//745 743//743
f 871//871 810//810 806//806
f 808//808 809//809 748//748
f 743//743 809//809 808//808
f 745//745 872//872 743//743
f 699//699 746//746 876//876
f 876//876 807//807 699//699
f 746//746 810//810 877//877
f 745//745 749//749 872//872
f 876//876 746//746 877//877
f 752//752 748//748 874//874
f 873//873 872//872 749//749
f 751//751 874//874 811//811
f 874//874 751//751 752//752
f 951//951 873//873 753//753
f 812//812 881//881 754//754
f 880//880 881//881 812//812
f 813//813 875//875 814//814
f 875//875 878//878 814//814
f 883//883 753//753 815//815
f 951//951 753//753 883//883
f 754//754 952//952 817//817
f 952//952 818//818 817//817
f 885//885 816//816 819//819
f 815//815 955//955 883//883
f 885//885 819//819 888//888
f 706//706 887//887 819//819
f 888//888 819//819 887//887
f 822//822 1042//1042 821//821
f 755//755 1042//1042 822//822
f 961//961 755//755 708//708
f 961//961 708//708 889//889
f 821//821 962//962 707//707
f 709//709 962//962 890//890
f 890//890 891//891 823//823
f 889//889 825//825 892//892
f 823//823 891//891 893//893
f 712//712 824//824 893//893
f 894//894 828//828 712//712
f 757//757 759//759 966//966
f 826//826 967//967 758//758
f 828//828 895//895 827//827
f 966//966 759//759 829//829
f 829//829 971//971 966//966
f 896//896 968//968 761//761
f 761//761 968//968 762//762
f 972//972 760//760 898//898
f 763//763 830//830 716//716
f 831//831 899//899 832//832
f 833//833 974//974 766//766
f 974//974 978//978 763//763
f 974//974 718//718 766//766
f 832//832 899//899 900//900
f 672//672 1061//1061 837//837
f 1057//1057 834//834 1137//1137
f 836//836 834//834 1057//1057
f 835//835 836//836 1057//1057
f 900//900 719//719 832//832
f 673//673 1061//1061 672//672
f 979//979 838//838 1135//1135
f 1139//1139 673//673 900//900
f 1061//1061 673//673 1139//1139
f 838//838 979//979 767//767
f 771//771 981//981 772//772
f 770//770 903//903 839//839
f 981//981 904//904 772//772
f 903//903 773//773 841//841
f 770//770 773//773 903//903
f 906//906 905//905 721//721
f 843//843 906//906 721//721
f 843//843 1065//1065 906//906
f 905//905 1066//1066 842//842
f 982//982 1065//1065 843//843
f 775//775 845//845 844//844
f 842//842 845//845 775//775
f 846//846 845//845 842//842
f 845//845 849//849 844//844
f 847//847 907//907 986//986
f 848//848 907//907 847//847
f 724//724 848//848 847//847
f 845//845 780//780 849//849
f 846//846 780//780 845//845
f 850//850 908//908 848//848
f 987//987 780//780 846//846
f 988//988 908//908 781//781
f 908//908 850//850 781//781
f 984//984 727//727 992//992
f 990//990 780//780 987//987
f 727//727 853//853 992//992
f 852//852 853//853 681//681
f 853//853 852//852 910//910
f 920//920 915//915 854//854
f 855//855 998//998 783//783
f 854//854 784//784 920//920
f 860//860 917//917 789//789
f 786//786 924//924 920//920
f 922//922 920//920 924//924
f 856//856 1077//1077 1082//1082
f 917//917 1077//1077 856//856
f 1081//1081 917//917 860//860
f 1082//1082 857//857 856//856
f 1081//1081 860//860 1083//1083
f 923//923 928//928 794//794
f 925//925 924//924 926//926
f 863//863 794//794 928//928
f 926//926 864//864 929//929
f 857//857 1082//1082 798//798
f 859//859 858//858 861//861
f 863//863 928//928 1006//1006
f 790//790 795//795 864//864
f 861//861 858//858 1003//1003
f 1083//1083 860//860 927//927
f 860//860 799//799 927//927
f 1009//1009 865//865 1003//1003
f 932//932 859//859 861//861
f 938//938 864//864 795//795
f 729//729 930//930 935//935
f 861//861 1003//1003 865//865
f 932//932 861//861 862//862
f 934//934 867//867 1006//1006
f 863//863 1006//1006 867//867
f 927//927 799//799 866//866
f 792//792 935//935 796//796
f 938//938 795//795 797//797
f 1010//1010 865//865 1009//1009
f 1011//1011 932//932 862//862
f 867//867 937//937 797//797
f 933//933 801//801 798//798
f 866//866 801//801 933//933
f 865//865 1010//1010 862//862
f 1011//1011 862//862 1010//1010
f 1012//1012 940//940 934//934
f 867//867 934//934 940//940
f 797//797 937//937 938//938
f 1015//1015 800//800 1016//1016
f 805//805 941//941 943//943
f 870//870 941//941 805//805
f 942//942 941//941 870//870
f 870//870 807//807 942//942
f 871//871 806//806 943//943
f 743//743 872//872 809//809
f 872//872 944//944 809//809
f 871//871 948//948 810//810
f 876//876 942//942 807//807
f 944//944 872//872 946//946
f 748//748 809//809 874//874
f 810//810 948//948 877//877
f 872//872 873//873 946//946
f 947//947 809//809 944//944
f 947//947 874//874 809//809
f 811//811 874//874 875//875
f 876//876 877//877 950//950
f 873//873 951//951 946//946
f 754//754 881//881 879//879
f 879//879 952//952 754//754
f 816//816 1026//1026 880//880
f 953//953 1026//1026 816//816
f 883//883 882//882 951//951
f 885//885 953//953 816//816
f 814//814 878//878 959//959
f 814//814 959//959 955//955
f 954//954 884//884 952//952
f 952//952 884//884 818//818
f 820//820 818//818 884//884
f 885//885 886//886 953//953
f 883//883 955//955 1036//1036
f 887//887 820//820 1032//1032
f 887//887 1035//1035 888//888
f 888//888 886//886 885//885
f 957//957 886//886 888//888
f 957//957 888//888 1035//1035
f 1042//1042 1038//1038 1037//1037
f 1042//1042 1037//1037 821//821
f 1042//1042 755//755 960//960
f 1037//1037 1043//1043 821//821
f 960//960 755//755 961//961
f 821//821 1043//1043 962//962
f 889//889 963//963 961//961
f 963//963 889//889 892//892
f 962//962 964//964 890//890
f 892//892 825//825 757//757
f 893//893 894//894 712//712
f 966//966 1047//1047 757//757
f 1049//1049 894//894 893//893
f 895//895 828//828 894//894
f 967//967 826//826 827//827
f 827//827 897//897 967//967
f 827//827 975//975 897//897
f 895//895 976//976 827//827
f 976//976 895//895 970//970
f 827//827 976//976 975//975
f 829//829 760//760 971//971
f 1191//1191 762//762 968//968
f 1191//1191 899//899 831//831
f 762//762 1191//1191 831//831
f 898//898 830//830 972//972
f 830//830 763//763 978//978
f 837//837 1061//1061 834//834
f 833//833 835//835 1057//1057
f 834//834 1061//1061 1137//1137
f 1135//1135 901//901 979//979
f 979//979 901//901 902//902
f 1139//1139 900//900 980//980
f 981//981 771//771 902//902
f 838//838 839//839 903//903
f 841//841 840//840 904//904
f 1066//1066 905//905 906//906
f 983//983 842//842 1066//1066
f 846//846 842//842 983//983
f 985//985 846//846 983//983
f 985//985 987//987 846//846
f 851//851 986//986 909//909
f 1067//1067 911//911 989//989
f 990//990 1069//1069 852//852
f 989//989 911//911 994//994
f 991//991 989//989 994//994
f 912//912 989//989 991//991
f 910//910 852//852 1069//1069
f 992//992 853//853 910//910
f 911//911 993//993 913//913
f 994//994 911//911 913//913
f 914//914 993//993 1071//1071
f 997//997 855//855 1070//1070
f 914//914 913//913 993//993
f 1070//1070 855//855 854//854
f 1073//1073 913//913 914//914
f 998//998 855//855 997//997
f 920//920 999//999 915//915
f 916//916 999//999 920//920
f 785//785 998//998 918//918
f 921//921 785//785 918//918
f 922//922 916//916 920//920
f 1000//1000 1077//1077 917//917
f 918//918 1004//1004 921//921
f 923//923 921//921 1004//1004
f 1001//1001 917//917 1081//1081
f 858//858 919//919 1003//1003
f 1002//1002 919//919 858//858
f 928//928 923//923 1004//1004
f 922//922 924//924 925//925
f 1002//1002 858//858 859//859
f 931//931 928//928 1004//1004
f 925//925 926//926 929//929
f 1009//1009 1003//1003 1079//1079
f 1082//1082 933//933 798//798
f 931//931 1006//1006 928//928
f 929//929 864//864 931//931
f 866//866 1080//1080 927//927
f 934//934 1006//1006 1007//1007
f 864//864 938//938 931//931
f 1012//1012 934//934 1007//1007
f 939//939 930//930 729//729
f 1008//1008 938//938 937//937
f 796//796 935//935 868//868
f 936//936 939//939 729//729
f 935//935 930//930 868//868
f 940//940 1012//1012 1013//1013
f 867//867 940//940 937//937
f 868//868 1016//1016 800//800
f 936//936 1015//1015 939//939
f 1090//1090 937//937 940//940
f 940//940 1013//1013 1090//1090
f 1019//1019 1018//1018 1020//1020
f 1019//1019 1020//1020 1094//1094
f 942//942 1022//1022 941//941
f 941//941 1021//1021 943//943
f 1022//1022 1021//1021 941//941
f 871//871 943//943 1021//1021
f 1021//1021 1100//1100 871//871
f 948//948 871//871 1100//1100
f 942//942 876//876 945//945
f 946//946 947//947 944//944
f 875//875 874//874 947//947
f 1025//1025 875//875 947//947
f 945//945 876//876 950//950
f 1025//1025 1031//1031 875//875
f 877//877 948//948 949//949
f 877//877 949//949 950//950
f 878//878 875//875 1031//1031
f 1025//1025 947//947 1028//1028
f 946//946 1028//1028 947//947
f 946//946 951//951 1028//1028
f 881//881 880//880 1026//1026
f 949//949 953//953 950//950
f 881//881 1033//1033 879//879
f 1027//1027 945//945 950//950
f 1028//1028 951//951 1029//1029
f 879//879 1030//1030 952//952
f 1033//1033 1030//1030 879//879
f 954//954 952//952 1030//1030
f 1027//1027 950//950 953//953
f 951//951 882//882 1029//1029
f 878//878 958//958 959//959
f 1032//1032 820//820 1030//1030
f 884//884 954//954 956//956
f 1027//1027 953//953 886//886
f 956//956 820//820 884//884
f 883//883 1036//1036 1041//1041
f 955//955 959//959 1036//1036
f 882//882 883//883 1041//1041
f 958//958 1027//1027 886//886
f 1040//1040 958//958 886//886
f 1040//1040 1036//1036 958//958
f 959//959 958//958 1036//1036
f 957//957 1035//1035 1114//1114
f 1039//1039 1038//1038 1042//1042
f 1186//1186 960//960 961//961
f 1043//1043 1183//1183 962//962
f 1186//1186 961//961 963//963
f 1183//1183 1046//1046 962//962
f 1046//1046 964//964 962//962
f 963//963 892//892 1047//1047
f 964//964 1046//1046 1050//1050
f 891//891 965//965 893//893
f 890//890 964//964 891//891
f 964//964 965//965 891//891
f 892//892 757//757 1047//1047
f 893//893 965//965 1049//1049
f 1052//1052 1047//1047 971//971
f 966//966 971//971 1047//1047
f 968//968 1188//1188 1123//1123
f 969//969 1188//1188 968//968
f 895//895 894//894 970//970
f 896//896 758//758 1121//1121
f 1121//1121 758//758 967//967
f 1054//1054 970//970 894//894
f 1049//1049 1054//1054 894//894
f 896//896 969//969 968//968
f 971//971 1055//1055 1052//1052
f 971//971 972//972 1055//1055
f 970//970 977//977 976//976
f 1054//1054 977//977 970//970
f 1122//1122 1191//1191 968//968
f 1055//1055 972//972 973//973
f 971//971 760//760 972//972
f 974//974 977//977 1053//1053
f 972//972 830//830 973//973
f 976//976 833//833 975//975
f 973//973 978//978 1053//1053
f 830//830 978//978 973//973
f 977//977 833//833 976//976
f 974//974 833//833 977//977
f 978//978 974//974 1053//1053
f 833//833 1057//1057 975//975
f 1134//1134 901//901 1133//1133
f 901//901 1135//1135 1133//1133
f 1059//1059 980//980 900//900
f 1137//1137 1061//1061 1262//1262
f 1136//1136 838//838 903//903
f 1139//1139 980//980 1063//1063
f 902//902 1259//1259 981//981
f 903//903 1138//1138 1136//1136
f 1198//1198 1197//1197 981//981
f 904//904 981//981 1197//1197
f 1197//1197 1064//1064 904//904
f 904//904 1064//1064 841//841
f 1065//1065 1142//1142 906//906
f 1201//1201 982//982 984//984
f 1068//1068 1201//1201 984//984
f 907//907 1068//1068 986//986
f 987//987 985//985 1143//1143
f 1067//1067 989//989 1145//1145
f 989//989 912//912 1145//1145
f 1143//1143 912//912 987//987
f 1146//1146 1068//1068 984//984
f 1067//1067 1210//1210 911//911
f 987//987 912//912 990//990
f 1146//1146 984//984 992//992
f 851//851 909//909 781//781
f 990//990 912//912 1208//1208
f 911//911 1210//1210 1071//1071
f 910//910 1069//1069 1070//1070
f 991//991 1072//1072 912//912
f 1208//1208 912//912 1072//1072
f 910//910 1070//1070 995//995
f 992//992 910//910 995//995
f 993//993 911//911 1071//1071
f 996//996 994//994 913//913
f 991//991 994//994 1072//1072
f 1072//1072 994//994 996//996
f 1147//1147 914//914 1071//1071
f 995//995 1070//1070 854//854
f 1147//1147 1214//1214 914//914
f 996//996 913//913 1073//1073
f 854//854 915//915 995//995
f 992//992 995//995 915//915
f 1073//1073 914//914 1214//1214
f 1074//1074 915//915 999//999
f 1000//1000 1001//1001 1075//1075
f 998//998 1076//1076 918//918
f 1000//1000 1288//1288 1077//1077
f 1001//1001 1000//1000 917//917
f 1001//1001 1153//1153 1148//1148
f 1151//1151 1150//1150 1002//1002
f 1005//1005 919//919 1150//1150
f 1002//1002 1150//1150 919//919
f 1081//1081 1153//1153 1001//1001
f 859//859 1151//1151 1002//1002
f 1004//1004 918//918 929//929
f 1152//1152 929//929 918//918
f 1152//1152 1149//1149 925//925
f 925//925 1149//1149 922//922
f 919//919 1005//1005 1003//1003
f 1084//1084 1151//1151 859//859
f 925//925 929//929 1152//1152
f 1003//1003 1005//1005 1079//1079
f 929//929 931//931 1004//1004
f 932//932 1086//1086 859//859
f 1086//1086 1084//1084 859//859
f 933//933 1080//1080 866//866
f 1083//1083 927//927 1080//1080
f 1007//1007 1006//1006 1089//1089
f 931//931 1008//1008 1006//1006
f 1011//1011 1088//1088 1086//1086
f 932//932 1011//1011 1086//1086
f 938//938 1008//1008 931//931
f 1089//1089 1006//1006 1008//1008
f 1088//1088 1010//1010 1009//1009
f 1011//1011 1010//1010 1088//1088
f 937//937 1089//1089 1008//1008
f 1007//1007 1013//1013 1012//1012
f 1090//1090 1013//1013 1007//1007
f 937//937 1090//1090 1089//1089
f 1014//1014 868//868 930//930
f 1014//1014 930//930 939//939
f 868//868 1014//1014 1016//1016
f 1015//1015 1014//1014 939//939
f 1015//1015 1016//1016 1014//1014
f 1093//1093 1095//1095 1018//1018
f 1019//1019 1017//1017 1018//1018
f 1020//1020 1095//1095 1094//1094
f 1018//1018 1095//1095 1020//1020
f 1162//1162 1017//1017 1019//1019
f 1162//1162 1019//1019 1094//1094
f 1101//1101 1024//1024 1171//1171
f 1171//1171 1024//1024 1023//1023
f 1023//1023 1024//1024 1176//1176
f 1176//1176 1024//1024 1101//1101
f 942//942 1105//1105 1022//1022
f 1176//1176 1101//1101 1104//1104
f 949//949 948//948 1100//1100
f 949//949 1100//1100 1106//1106
f 1178//1178 945//945 1027//1027
f 1025//1025 1111//1111 1031//1031
f 1033//1033 881//881 1026//1026
f 953//953 949//949 1026//1026
f 1028//1028 1111//1111 1025//1025
f 1031//1031 958//958 878//878
f 1028//1028 1318//1318 1111//1111
f 1029//1029 1318//1318 1028//1028
f 1030//1030 1112//1112 954//954
f 1031//1031 1111//1111 958//958
f 1112//1112 956//956 954//954
f 1033//1033 1032//1032 1030//1030
f 1034//1034 1032//1032 1033//1033
f 1030//1030 820//820 1112//1112
f 820//820 956//956 1112//1112
f 1034//1034 887//887 1032//1032
f 1035//1035 887//887 1034//1034
f 1041//1041 1182//1182 882//882
f 1180//1180 1108//1108 1037//1037
f 1035//1035 1034//1034 1113//1113
f 1114//1114 1035//1035 1113//1113
f 1039//1039 1180//1180 1038//1038
f 1180//1180 1037//1037 1038//1038
f 1040//1040 886//886 957//957
f 1116//1116 1040//1040 957//957
f 1041//1041 1036//1036 1040//1040
f 1043//1043 1037//1037 1181//1181
f 1115//1115 1039//1039 1042//1042
f 960//960 1115//1115 1042//1042
f 1041//1041 1040//1040 1044//1044
f 1044//1044 1040//1040 1117//1117
f 1186//1186 1115//1115 960//960
f 1118//1118 1186//1186 963//963
f 963//963 1045//1045 1118//1118
f 1119//1119 1046//1046 1183//1183
f 963//963 1047//1047 1045//1045
f 1050//1050 1051//1051 964//964
f 1050//1050 1046//1046 1045//1045
f 1047//1047 1050//1050 1045//1045
f 965//965 964//964 1051//1051
f 969//969 1120//1120 1188//1188
f 1051//1051 1049//1049 965//965
f 1052//1052 1050//1050 1047//1047
f 1188//1188 1048//1048 1123//1123
f 1050//1050 1052//1052 1051//1051
f 1121//1121 969//969 896//896
f 1123//1123 1122//1122 968//968
f 1051//1051 1054//1054 1049//1049
f 1055//1055 1051//1051 1052//1052
f 1055//1055 1054//1054 1051//1051
f 1126//1126 1121//1121 967//967
f 897//897 1126//1126 967//967
f 1054//1054 1053//1053 977//977
f 1055//1055 1053//1053 1054//1054
f 1124//1124 1128//1128 1127//1127
f 1190//1190 1122//1122 1253//1253
f 1190//1190 1191//1191 1122//1122
f 897//897 975//975 1126//1126
f 975//975 1056//1056 1126//1126
f 1055//1055 973//973 1053//1053
f 1193//1193 899//899 1191//1191
f 975//975 1057//1057 1056//1056
f 1056//1056 1057//1057 1131//1131
f 899//899 1193//1193 1059//1059
f 899//899 1059//1059 900//900
f 901//901 1132//1132 1058//1058
f 1057//1057 1137//1137 1131//1131
f 1193//1193 1060//1060 1059//1059
f 1259//1259 902//902 1058//1058
f 901//901 1058//1058 902//902
f 1059//1059 1060//1060 980//980
f 1135//1135 838//838 1136//1136
f 1262//1262 1061//1061 1139//1139
f 980//980 1060//1060 1062//1062
f 1198//1198 981//981 1259//1259
f 980//980 1062//1062 1063//1063
f 1063//1063 1141//1141 1139//1139
f 1140//1140 1139//1139 1141//1141
f 1138//1138 903//903 1064//1064
f 903//903 841//841 1064//1064
f 1141//1141 1063//1063 1062//1062
f 1198//1198 1199//1199 1197//1197
f 1066//1066 906//906 1142//1142
f 982//982 1201//1201 1065//1065
f 907//907 1201//1201 1068//1068
f 1273//1273 985//985 983//983
f 1273//1273 1143//1143 985//985
f 1067//1067 1145//1145 1144//1144
f 1143//1143 1145//1145 912//912
f 986//986 1068//1068 1146//1146
f 1144//1144 1210//1210 1067//1067
f 986//986 1146//1146 909//909
f 781//781 909//909 988//988
f 1208//1208 1069//1069 990//990
f 1071//1071 1210//1210 1213//1213
f 997//997 1070//1070 1069//1069
f 992//992 915//915 1074//1074
f 1076//1076 998//998 997//997
f 1000//1000 1075//1075 1280//1280
f 1148//1148 1075//1075 1001//1001
f 916//916 1074//1074 999//999
f 1076//1076 1152//1152 918//918
f 922//922 1219//1219 916//916
f 1149//1149 1219//1219 922//922
f 1221//1221 1005//1005 1150//1150
f 1153//1153 1080//1080 1154//1154
f 1077//1077 1078//1078 1082//1082
f 1078//1078 933//933 1082//1082
f 1081//1081 1083//1083 1080//1080
f 1153//1153 1081//1081 1080//1080
f 1085//1085 933//933 1078//1078
f 1087//1087 1079//1079 1222//1222
f 1086//1086 1087//1087 1292//1292
f 1085//1085 1080//1080 933//933
f 1079//1079 1088//1088 1009//1009
f 1079//1079 1087//1087 1088//1088
f 1086//1086 1088//1088 1087//1087
f 1089//1089 1090//1090 1007//1007
f 1161//1161 1157//1157 1091//1091
f 1157//1157 1092//1092 1091//1091
f 1092//1092 1093//1093 1018//1018
f 1017//1017 1092//1092 1018//1018
f 1091//1091 1092//1092 1017//1017
f 1093//1093 1159//1159 1095//1095
f 1160//1160 1163//1163 1017//1017
f 1091//1091 1017//1017 1163//1163
f 1161//1161 1091//1091 1163//1163
f 1164//1164 1161//1161 1163//1163
f 1096//1096 1095//1095 1159//1159
f 1160//1160 1017//1017 1162//1162
f 1095//1095 1096//1096 1094//1094
f 1162//1162 1094//1094 1096//1096
f 1167//1167 1166//1166 1097//1097
f 1097//1097 1166//1166 1098//1098
f 1097//1097 1169//1169 1167//1167
f 1170//1170 1098//1098 1166//1166
f 1098//1098 1169//1169 1097//1097
f 1171//1171 1023//1023 1168//1168
f 1023//1023 1170//1170 1168//1168
f 1099//1099 1098//1098 1170//1170
f 1169//1169 1098//1098 1174//1174
f 1099//1099 1170//1170 1023//1023
f 1174//1174 1098//1098 1099//1099
f 1171//1171 1102//1102 1101//1101
f 1099//1099 1023//1023 1176//1176
f 1176//1176 1174//1174 1099//1099
f 1021//1021 1022//1022 1106//1106
f 1103//1103 1101//1101 1102//1102
f 1021//1021 1106//1106 1100//1100
f 1102//1102 1311//1311 1103//1103
f 1022//1022 1105//1105 1106//1106
f 942//942 945//945 1105//1105
f 1177//1177 1106//1106 1105//1105
f 1107//1107 1104//1104 1108//1108
f 1106//1106 1179//1179 949//949
f 1179//1179 1026//1026 949//949
f 1179//1179 1109//1109 1026//1026
f 1027//1027 1110//1110 1178//1178
f 1107//1107 1108//1108 1180//1180
f 1033//1033 1026//1026 1109//1109
f 1109//1109 1034//1034 1033//1033
f 958//958 1110//1110 1027//1027
f 958//958 1111//1111 1110//1110
f 1109//1109 1113//1113 1034//1034
f 1113//1113 1109//1109 1179//1179
f 1029//1029 882//882 1182//1182
f 1108//1108 1239//1239 1037//1037
f 1180//1180 1039//1039 1240//1240
f 1113//1113 1243//1243 1114//1114
f 1240//1240 1039//1039 1115//1115
f 1037//1037 1239//1239 1181//1181
f 1181//1181 1239//1239 1241//1241
f 957//957 1114//1114 1116//1116
f 1182//1182 1041//1041 1184//1184
f 1242//1242 1240//1240 1115//1115
f 1116//1116 1117//1117 1040//1040
f 1181//1181 1183//1183 1043//1043
f 1041//1041 1044//1044 1184//1184
f 1184//1184 1044//1044 1185//1185
f 1116//1116 1187//1187 1117//1117
f 1247//1247 1117//1117 1187//1187
f 1327//1327 1186//1186 1118//1118
f 1117//1117 1185//1185 1044//1044
f 1118//1118 1046//1046 1119//1119
f 1118//1118 1045//1045 1046//1046
f 1188//1188 1120//1120 1331//1331
f 1120//1120 969//969 1121//1121
f 1337//1337 1253//1253 1123//1123
f 1122//1122 1123//1123 1253//1253
f 1121//1121 1126//1126 1251//1251
f 1127//1127 1256//1256 1124//1124
f 1251//1251 1189//1189 1254//1254
f 1126//1126 1189//1189 1251//1251
f 1126//1126 1129//1129 1189//1189
f 1130//1130 1124//1124 1256//1256
f 1189//1189 1190//1190 1254//1254
f 1056//1056 1129//1129 1126//1126
f 1132//1132 1125//1125 1127//1127
f 1132//1132 1127//1127 1128//1128
f 1191//1191 1190//1190 1193//1193
f 1056//1056 1131//1131 1129//1129
f 1128//1128 1124//1124 1130//1130
f 1058//1058 1128//1128 1130//1130
f 1132//1132 1128//1128 1058//1058
f 1257//1257 1132//1132 901//901
f 1134//1134 1257//1257 901//901
f 1345//1345 1129//1129 1131//1131
f 1195//1195 1133//1133 1135//1135
f 1136//1136 1195//1195 1135//1135
f 1137//1137 1345//1345 1131//1131
f 1138//1138 1195//1195 1136//1136
f 1137//1137 1262//1262 1345//1345
f 1138//1138 1260//1260 1195//1195
f 1341//1341 1198//1198 1259//1259
f 1138//1138 1196//1196 1260//1260
f 1060//1060 1261//1261 1062//1062
f 1138//1138 1197//1197 1196//1196
f 1262//1262 1139//1139 1140//1140
f 1064//1064 1197//1197 1138//1138
f 1196//1196 1197//1197 1199//1199
f 1065//1065 1201//1201 1265//1265
f 1066//1066 1142//1142 1272//1272
f 983//983 1066//1066 1272//1272
f 1273//1273 983//983 1272//1272
f 1349//1349 1201//1201 907//907
f 1273//1273 1202//1202 1143//1143
f 1143//1143 1202//1202 1145//1145
f 1202//1202 1203//1203 1145//1145
f 1203//1203 1144//1144 1145//1145
f 909//909 1275//1275 988//988
f 1207//1207 1205//1205 1208//1208
f 997//997 1069//1069 1279//1279
f 1277//1277 992//992 1354//1354
f 1146//1146 992//992 1277//1277
f 1072//1072 1211//1211 1207//1207
f 1208//1208 1072//1072 1207//1207
f 1074//1074 1354//1354 992//992
f 1071//1071 1213//1213 1147//1147
f 1211//1211 1073//1073 1214//1214
f 996//996 1073//1073 1211//1211
f 1072//1072 996//996 1211//1211
f 1284//1284 1147//1147 1213//1213
f 1214//1214 1147//1147 1284//1284
f 1279//1279 1076//1076 997//997
f 1218//1218 1076//1076 1279//1279
f 1288//1288 1000//1000 1280//1280
f 1215//1215 1075//1075 1148//1148
f 1149//1149 1076//1076 1218//1218
f 916//916 1285//1285 1074//1074
f 1148//1148 1286//1286 1215//1215
f 1151//1151 1220//1220 1150//1150
f 1152//1152 1076//1076 1149//1149
f 1288//1288 1289//1289 1077//1077
f 1153//1153 1286//1286 1148//1148
f 1289//1289 1078//1078 1077//1077
f 1154//1154 1085//1085 1078//1078
f 1222//1222 1005//1005 1221//1221
f 1080//1080 1085//1085 1154//1154
f 1005//1005 1222//1222 1079//1079
f 1155//1155 1086//1086 1292//1292
f 1084//1084 1086//1086 1155//1155
f 1222//1222 1292//1292 1087//1087
f 1161//1161 1223//1223 1157//1157
f 1295//1295 1223//1223 1161//1161
f 1224//1224 1157//1157 1156//1156
f 1295//1295 1161//1161 1158//1158
f 1092//1092 1224//1224 1093//1093
f 1157//1157 1224//1224 1092//1092
f 1224//1224 1159//1159 1093//1093
f 1159//1159 1224//1224 1297//1297
f 1225//1225 1096//1096 1159//1159
f 1158//1158 1161//1161 1164//1164
f 1297//1297 1160//1160 1225//1225
f 1225//1225 1162//1162 1096//1096
f 1160//1160 1162//1162 1225//1225
f 1163//1163 1160//1160 1165//1165
f 1164//1164 1163//1163 1165//1165
f 1232//1232 1171//1171 1168//1168
f 1172//1172 1306//1306 1173//1173
f 1172//1172 1173//1173 1308//1308
f 1172//1172 1377//1377 1306//1306
f 1232//1232 1102//1102 1171//1171
f 1308//1308 1312//1312 1172//1172
f 1174//1174 1176//1176 1175//1175
f 1309//1309 1172//1172 1312//1312
f 1175//1175 1176//1176 1104//1104
f 1103//1103 1104//1104 1101//1101
f 1103//1103 1236//1236 1104//1104
f 1175//1175 1104//1104 1107//1107
f 1394//1394 1175//1175 1107//1107
f 1105//1105 945//945 1178//1178
f 1177//1177 1105//1105 1178//1178
f 1108//1108 1104//1104 1236//1236
f 1177//1177 1179//1179 1106//1106
f 1108//1108 1236//1236 1238//1238
f 1394//1394 1107//1107 1180//1180
f 1237//1237 1394//1394 1180//1180
f 1237//1237 1180//1180 1240//1240
f 1110//1110 1111//1111 1317//1317
f 1239//1239 1108//1108 1238//1238
f 1179//1179 1243//1243 1113//1113
f 1243//1243 1179//1179 1315//1315
f 1116//1116 1114//1114 1243//1243
f 1323//1323 1182//1182 1244//1244
f 1244//1244 1182//1182 1184//1184
f 1116//1116 1243//1243 1325//1325
f 1408//1408 1323//1323 1244//1244
f 1241//1241 1245//1245 1181//1181
f 1181//1181 1245//1245 1183//1183
f 1186//1186 1327//1327 1115//1115
f 1183//1183 1246//1246 1119//1119
f 1250//1250 1184//1184 1185//1185
f 1117//1117 1248//1248 1185//1185
f 1248//1248 1117//1117 1247//1247
f 1250//1250 1185//1185 1248//1248
f 1188//1188 1331//1331 1048//1048
f 1120//1120 1335//1335 1334//1334
f 1120//1120 1121//1121 1335//1335
f 1123//1123 1048//1048 1337//1337
f 1121//1121 1251//1251 1335//1335
f 1190//1190 1252//1252 1254//1254
f 1125//1125 1255//1255 1127//1127
f 1189//1189 1192//1192 1190//1190
f 1257//1257 1125//1125 1132//1132
f 1192//1192 1193//1193 1190//1190
f 1129//1129 1192//1192 1189//1189
f 1058//1058 1130//1130 1194//1194
f 1345//1345 1192//1192 1129//1129
f 1194//1194 1259//1259 1058//1058
f 1193//1193 1261//1261 1060//1060
f 1260//1260 1133//1133 1195//1195
f 1198//1198 1341//1341 1264//1264
f 1062//1062 1267//1267 1141//1141
f 1199//1199 1198//1198 1263//1263
f 1141//1141 1268//1268 1140//1140
f 1271//1271 1262//1262 1140//1140
f 1268//1268 1141//1141 1267//1267
f 1065//1065 1265//1265 1142//1142
f 1142//1142 1265//1265 1421//1421
f 1140//1140 1268//1268 1200//1200
f 1265//1265 1201//1201 1348//1348
f 1271//1271 1140//1140 1200//1200
f 1200//1200 1425//1425 1271//1271
f 1349//1349 1348//1348 1201//1201
f 848//848 1349//1349 907//907
f 908//908 1349//1349 848//848
f 908//908 988//988 1349//1349
f 1210//1210 1144//1144 1204//1204
f 1203//1203 1202//1202 1212//1212
f 1212//1212 1202//1202 1205//1205
f 1209//1209 1204//1204 1144//1144
f 1209//1209 1144//1144 1203//1203
f 1276//1276 1205//1205 1202//1202
f 1146//1146 1275//1275 909//909
f 1212//1212 1209//1209 1203//1203
f 1207//1207 1212//1212 1205//1205
f 1069//1069 1276//1276 1206//1206
f 1278//1278 1209//1209 1211//1211
f 1212//1212 1211//1211 1209//1209
f 1276//1276 1208//1208 1205//1205
f 1069//1069 1208//1208 1276//1276
f 1069//1069 1206//1206 1279//1279
f 1146//1146 1277//1277 1275//1275
f 1210//1210 1352//1352 1213//1213
f 1207//1207 1211//1211 1212//1212
f 1213//1213 1352//1352 1216//1216
f 1211//1211 1214//1214 1278//1278
f 1280//1280 1217//1217 1277//1277
f 1214//1214 1284//1284 1281//1281
f 1213//1213 1216//1216 1284//1284
f 1217//1217 1280//1280 1075//1075
f 1215//1215 1217//1217 1075//1075
f 1150//1150 1220//1220 1283//1283
f 1358//1358 1288//1288 1280//1280
f 1219//1219 1285//1285 916//916
f 1354//1354 1074//1074 1285//1285
f 1219//1219 1149//1149 1218//1218
f 1287//1287 1221//1221 1150//1150
f 1291//1291 1220//1220 1151//1151
f 1290//1290 1154//1154 1289//1289
f 1286//1286 1153//1153 1154//1154
f 1151//1151 1084//1084 1291//1291
f 1154//1154 1078//1078 1289//1289
f 1155//1155 1363//1363 1291//1291
f 1155//1155 1291//1291 1084//1084
f 1155//1155 1292//1292 1363//1363
f 1294//1294 1293//1293 1223//1223
f 1294//1294 1223//1223 1295//1295
f 1295//1295 1296//1296 1294//1294
f 1223//1223 1156//1156 1157//1157
f 1297//1297 1224//1224 1156//1156
f 1158//1158 1435//1435 1295//1295
f 1297//1297 1225//1225 1159//1159
f 1367//1367 1160//1160 1297//1297
f 1165//1165 1160//1160 1367//1367
f 1226//1226 1158//1158 1164//1164
f 1164//1164 1165//1165 1226//1226
f 1300//1300 1299//1299 1371//1371
f 1227//1227 1299//1299 1300//1300
f 1166//1166 1167//1167 1230//1230
f 1304//1304 1230//1230 1167//1167
f 1167//1167 1169//1169 1304//1304
f 1166//1166 1230//1230 1170//1170
f 1170//1170 1230//1230 1305//1305
f 1304//1304 1169//1169 1231//1231
f 1305//1305 1168//1168 1170//1170
f 1168//1168 1379//1379 1232//1232
f 1305//1305 1379//1379 1168//1168
f 1169//1169 1174//1174 1231//1231
f 1229//1229 1228//1228 1233//1233
f 1233//1233 1303//1303 1229//1229
f 1233//1233 1228//1228 1310//1310
f 1233//1233 1310//1310 1234//1234
f 1232//1232 1311//1311 1102//1102
f 1377//1377 1172//1172 1309//1309
f 1175//1175 1231//1231 1174//1174
f 1309//1309 1312//1312 1388//1388
f 1311//1311 1236//1236 1103//1103
f 1175//1175 1394//1394 1235//1235
f 1394//1394 1389//1389 1235//1235
f 1236//1236 1390//1390 1238//1238
f 1314//1314 1179//1179 1177//1177
f 1177//1177 1178//1178 1314//1314
f 1179//1179 1314//1314 1315//1315
f 1315//1315 1319//1319 1321//1321
f 1178//1178 1110//1110 1461//1461
f 1110//1110 1317//1317 1461//1461
f 1320//1320 1239//1239 1238//1238
f 1240//1240 1242//1242 1237//1237
f 1321//1321 1243//1243 1315//1315
f 1320//1320 1241//1241 1239//1239
f 1242//1242 1115//1115 1326//1326
f 1325//1325 1328//1328 1116//1116
f 1326//1326 1115//1115 1327//1327
f 1116//1116 1328//1328 1187//1187
f 1183//1183 1245//1245 1246//1246
f 1119//1119 1246//1246 1118//1118
f 1327//1327 1118//1118 1246//1246
f 1184//1184 1329//1329 1244//1244
f 1329//1329 1184//1184 1250//1250
f 1247//1247 1187//1187 1330//1330
f 1329//1329 1250//1250 1332//1332
f 1248//1248 1332//1332 1250//1250
f 1331//1331 1249//1249 1048//1048
f 1491//1491 1048//1048 1333//1333
f 1331//1331 1334//1334 1486//1486
f 1334//1334 1331//1331 1120//1120
f 1337//1337 1048//1048 1491//1491
f 1337//1337 1252//1252 1253//1253
f 1335//1335 1251//1251 1336//1336
f 1254//1254 1252//1252 1336//1336
f 1251//1251 1254//1254 1336//1336
f 1256//1256 1255//1255 1338//1338
f 1256//1256 1127//1127 1255//1255
f 1252//1252 1190//1190 1253//1253
f 1256//1256 1338//1338 1130//1130
f 1338//1338 1255//1255 1339//1339
f 1125//1125 1257//1257 1255//1255
f 1338//1338 1194//1194 1130//1130
f 1258//1258 1257//1257 1134//1134
f 1193//1193 1192//1192 1342//1342
f 1192//1192 1345//1345 1342//1342
f 1133//1133 1258//1258 1134//1134
f 1343//1343 1193//1193 1342//1342
f 1259//1259 1412//1412 1341//1341
f 1133//1133 1344//1344 1258//1258
f 1344//1344 1341//1341 1258//1258
f 1133//1133 1260//1260 1344//1344
f 1413//1413 1341//1341 1344//1344
f 1196//1196 1346//1346 1260//1260
f 1262//1262 1415//1415 1345//1345
f 1413//1413 1264//1264 1341//1341
f 1199//1199 1346//1346 1196//1196
f 1261//1261 1418//1418 1062//1062
f 1198//1198 1264//1264 1263//1263
f 1418//1418 1267//1267 1062//1062
f 1416//1416 1262//1262 1271//1271
f 1263//1263 1264//1264 1266//1266
f 1417//1417 1199//1199 1263//1263
f 1263//1263 1266//1266 1269//1269
f 1267//1267 1270//1270 1268//1268
f 1421//1421 1272//1272 1142//1142
f 1200//1200 1268//1268 1270//1270
f 1200//1200 1270//1270 1424//1424
f 1425//1425 1200//1200 1424//1424
f 1349//1349 1350//1350 1423//1423
f 1349//1349 988//988 1350//1350
f 1202//1202 1273//1273 1274//1274
f 1276//1276 1202//1202 1274//1274
f 1274//1274 1351//1351 1206//1206
f 1275//1275 1350//1350 988//988
f 1206//1206 1276//1276 1274//1274
f 1279//1279 1206//1206 1351//1351
f 1204//1204 1352//1352 1210//1210
f 1204//1204 1209//1209 1278//1278
f 1277//1277 1217//1217 1275//1275
f 1355//1355 1275//1275 1217//1217
f 1214//1214 1281//1281 1278//1278
f 1356//1356 1218//1218 1427//1427
f 1427//1427 1218//1218 1279//1279
f 1354//1354 1358//1358 1277//1277
f 1283//1283 1287//1287 1150//1150
f 1285//1285 1356//1356 1282//1282
f 1354//1354 1285//1285 1282//1282
f 1277//1277 1358//1358 1280//1280
f 1359//1359 1215//1215 1286//1286
f 1217//1217 1215//1215 1359//1359
f 1356//1356 1219//1219 1218//1218
f 1285//1285 1219//1219 1356//1356
f 1288//1288 1358//1358 1289//1289
f 1287//1287 1360//1360 1221//1221
f 1220//1220 1291//1291 1361//1361
f 1430//1430 1290//1290 1289//1289
f 1362//1362 1286//1286 1290//1290
f 1286//1286 1154//1154 1290//1290
f 1363//1363 1292//1292 1222//1222
f 1293//1293 1294//1294 1365//1365
f 1364//1364 1223//1223 1293//1293
f 1365//1365 1294//1294 1296//1296
f 1223//1223 1364//1364 1156//1156
f 1156//1156 1364//1364 1434//1434
f 1296//1296 1295//1295 1366//1366
f 1366//1366 1295//1295 1435//1435
f 1156//1156 1434//1434 1297//1297
f 1367//1367 1297//1297 1434//1434
f 1435//1435 1158//1158 1226//1226
f 1226//1226 1165//1165 1368//1368
f 1368//1368 1165//1165 1367//1367
f 1300//1300 1371//1371 1372//1372
f 1373//1373 1300//1300 1372//1372
f 1300//1300 1373//1373 1227//1227
f 1299//1299 1227//1227 1524//1524
f 1227//1227 1373//1373 1374//1374
f 1524//1524 1227//1227 1374//1374
f 1302//1302 1375//1375 1229//1229
f 1229//1229 1375//1375 1301//1301
f 1228//1228 1229//1229 1301//1301
f 1302//1302 1229//1229 1303//1303
f 1303//1303 1450//1450 1302//1302
f 1230//1230 1304//1304 1307//1307
f 1230//1230 1307//1307 1305//1305
f 1301//1301 1310//1310 1228//1228
f 1306//1306 1531//1531 1173//1173
f 1304//1304 1231//1231 1307//1307
f 1306//1306 1377//1377 1531//1531
f 1233//1233 1381//1381 1303//1303
f 1305//1305 1383//1383 1379//1379
f 1307//1307 1383//1383 1305//1305
f 1308//1308 1173//1173 1451//1451
f 1232//1232 1379//1379 1311//1311
f 1311//1311 1379//1379 1452//1452
f 1307//1307 1231//1231 1383//1383
f 1384//1384 1311//1311 1452//1452
f 1312//1312 1308//1308 1451//1451
f 1235//1235 1312//1312 1451//1451
f 1381//1381 1233//1233 1234//1234
f 1312//1312 1389//1389 1388//1388
f 1310//1310 1382//1382 1393//1393
f 1381//1381 1234//1234 1313//1313
f 1453//1453 1231//1231 1175//1175
f 1453//1453 1175//1175 1235//1235
f 1234//1234 1310//1310 1393//1393
f 1312//1312 1235//1235 1389//1389
f 1316//1316 1234//1234 1393//1393
f 1234//1234 1316//1316 1313//1313
f 1314//1314 1455//1455 1456//1456
f 1314//1314 1456//1456 1315//1315
f 1392//1392 1319//1319 1456//1456
f 1315//1315 1456//1456 1319//1319
f 1461//1461 1314//1314 1178//1178
f 1394//1394 1237//1237 1397//1397
f 1238//1238 1462//1462 1320//1320
f 1391//1391 1313//1313 1398//1398
f 1398//1398 1313//1313 1316//1316
f 1395//1395 1320//1320 1462//1462
f 1242//1242 1397//1397 1237//1237
f 1111//1111 1318//1318 1317//1317
f 1398//1398 1316//1316 1324//1324
f 1321//1321 1319//1319 1400//1400
f 1318//1318 1029//1029 1322//1322
f 1397//1397 1242//1242 1326//1326
f 1322//1322 1317//1317 1318//1318
f 1029//1029 1182//1182 1322//1322
f 1182//1182 1323//1323 1322//1322
f 1398//1398 1324//1324 1402//1402
f 1474//1474 1398//1398 1402//1402
f 1320//1320 1403//1403 1241//1241
f 1321//1321 1325//1325 1243//1243
f 1474//1474 1402//1402 1405//1405
f 1241//1241 1403//1403 1245//1245
f 1326//1326 1327//1327 1404//1404
f 1325//1325 1469//1469 1328//1328
f 1403//1403 1246//1246 1245//1245
f 1327//1327 1246//1246 1404//1404
f 1244//1244 1484//1484 1408//1408
f 1330//1330 1187//1187 1328//1328
f 1484//1484 1244//1244 1329//1329
f 1410//1410 1331//1331 1486//1486
f 1410//1410 1249//1249 1331//1331
f 1487//1487 1329//1329 1332//1332
f 1484//1484 1329//1329 1487//1487
f 1248//1248 1247//1247 1411//1411
f 1249//1249 1333//1333 1048//1048
f 1248//1248 1411//1411 1332//1332
f 1491//1491 1570//1570 1337//1337
f 1336//1336 1334//1334 1335//1335
f 1570//1570 1252//1252 1337//1337
f 1570//1570 1336//1336 1252//1252
f 1412//1412 1338//1338 1339//1339
f 1340//1340 1339//1339 1255//1255
f 1255//1255 1257//1257 1340//1340
f 1338//1338 1412//1412 1194//1194
f 1257//1257 1258//1258 1340//1340
f 1194//1194 1412//1412 1259//1259
f 1258//1258 1341//1341 1340//1340
f 1193//1193 1343//1343 1261//1261
f 1344//1344 1493//1493 1413//1413
f 1344//1344 1260//1260 1492//1492
f 1492//1492 1260//1260 1346//1346
f 1494//1494 1261//1261 1343//1343
f 1342//1342 1345//1345 1415//1415
f 1418//1418 1261//1261 1494//1494
f 1416//1416 1415//1415 1262//1262
f 1199//1199 1417//1417 1346//1346
f 1266//1266 1264//1264 1347//1347
f 1263//1263 1347//1347 1417//1417
f 1266//1266 1347//1347 1269//1269
f 1263//1263 1269//1269 1347//1347
f 1270//1270 1267//1267 1498//1498
f 1271//1271 1425//1425 1416//1416
f 1348//1348 1349//1349 1423//1423
f 1577//1577 1423//1423 1350//1350
f 1351//1351 1273//1273 1272//1272
f 1351//1351 1274//1274 1273//1273
f 1577//1577 1350//1350 1426//1426
f 1350//1350 1275//1275 1426//1426
f 1427//1427 1279//1279 1351//1351
f 1504//1504 1501//1501 1283//1283
f 1428//1428 1426//1426 1355//1355
f 1355//1355 1426//1426 1275//1275
f 1204//1204 1353//1353 1352//1352
f 1429//1429 1353//1353 1204//1204
f 1278//1278 1429//1429 1204//1204
f 1501//1501 1505//1505 1283//1283
f 1361//1361 1504//1504 1283//1283
f 1352//1352 1353//1353 1216//1216
f 1282//1282 1648//1648 1358//1358
f 1283//1283 1505//1505 1287//1287
f 1357//1357 1216//1216 1353//1353
f 1281//1281 1357//1357 1429//1429
f 1278//1278 1281//1281 1429//1429
f 1282//1282 1356//1356 1579//1579
f 1358//1358 1354//1354 1282//1282
f 1217//1217 1359//1359 1355//1355
f 1505//1505 1360//1360 1287//1287
f 1220//1220 1361//1361 1283//1283
f 1284//1284 1216//1216 1357//1357
f 1281//1281 1284//1284 1357//1357
f 1430//1430 1289//1289 1358//1358
f 1359//1359 1286//1286 1362//1362
f 1361//1361 1291//1291 1432//1432
f 1362//1362 1290//1290 1430//1430
f 1360//1360 1363//1363 1222//1222
f 1221//1221 1360//1360 1222//1222
f 1291//1291 1363//1363 1432//1432
f 1433//1433 1511//1511 1365//1365
f 1511//1511 1364//1364 1293//1293
f 1365//1365 1511//1511 1293//1293
f 1512//1512 1365//1365 1296//1296
f 1513//1513 1512//1512 1296//1296
f 1366//1366 1513//1513 1296//1296
f 1434//1434 1364//1364 1514//1514
f 1367//1367 1434//1434 1368//1368
f 1435//1435 1226//1226 1436//1436
f 1226//1226 1368//1368 1436//1436
f 1298//1298 1437//1437 1369//1369
f 1369//1369 1439//1439 1298//1298
f 1444//1444 1437//1437 1298//1298
f 1298//1298 1439//1439 1516//1516
f 1298//1298 1516//1516 1370//1370
f 1298//1298 1370//1370 1444//1444
f 1516//1516 1442//1442 1370//1370
f 1443//1443 1441//1441 1371//1371
f 1299//1299 1443//1443 1371//1371
f 1443//1443 1299//1299 1524//1524
f 1523//1523 1374//1374 1373//1373
f 1375//1375 1302//1302 1447//1447
f 1446//1446 1301//1301 1375//1375
f 1447//1447 1302//1302 1450//1450
f 1378//1378 1380//1380 1376//1376
f 1533//1533 1173//1173 1531//1531
f 1301//1301 1446//1446 1449//1449
f 1303//1303 1381//1381 1450//1450
f 1173//1173 1533//1533 1451//1451
f 1382//1382 1301//1301 1449//1449
f 1301//1301 1382//1382 1310//1310
f 1452//1452 1379//1379 1385//1385
f 1379//1379 1383//1383 1385//1385
f 1450//1450 1381//1381 1387//1387
f 1380//1380 1378//1378 1386//1386
f 1455//1455 1380//1380 1386//1386
f 1377//1377 1309//1309 1540//1540
f 1453//1453 1385//1385 1383//1383
f 1383//1383 1231//1231 1453//1453
f 1451//1451 1453//1453 1235//1235
f 1311//1311 1384//1384 1236//1236
f 1309//1309 1388//1388 1454//1454
f 1236//1236 1384//1384 1541//1541
f 1455//1455 1386//1386 1456//1456
f 1381//1381 1313//1313 1387//1387
f 1387//1387 1313//1313 1391//1391
f 1236//1236 1541//1541 1390//1390
f 1458//1458 1388//1388 1389//1389
f 1314//1314 1457//1457 1455//1455
f 1461//1461 1457//1457 1314//1314
f 1460//1460 1393//1393 1382//1382
f 1456//1456 1459//1459 1392//1392
f 1393//1393 1460//1460 1316//1316
f 1392//1392 1465//1465 1319//1319
f 1547//1547 1394//1394 1397//1397
f 1324//1324 1316//1316 1460//1460
f 1554//1554 1391//1391 1398//1398
f 1238//1238 1467//1467 1462//1462
f 1317//1317 1470//1470 1461//1461
f 1319//1319 1465//1465 1400//1400
f 1468//1468 1324//1324 1460//1460
f 1396//1396 1399//1399 1395//1395
f 1396//1396 1401//1401 1399//1399
f 1397//1397 1401//1401 1396//1396
f 1395//1395 1399//1399 1320//1320
f 1470//1470 1317//1317 1473//1473
f 1462//1462 1467//1467 1406//1406
f 1406//1406 1472//1472 1462//1462
f 1399//1399 1403//1403 1320//1320
f 1473//1473 1317//1317 1322//1322
f 1402//1402 1324//1324 1468//1468
f 1326//1326 1401//1401 1397//1397
f 1321//1321 1555//1555 1469//1469
f 1398//1398 1474//1474 1554//1554
f 1399//1399 1401//1401 1403//1403
f 1321//1321 1469//1469 1325//1325
f 1402//1402 1468//1468 1476//1476
f 1404//1404 1403//1403 1401//1401
f 1469//1469 1553//1553 1478//1478
f 1473//1473 1478//1478 1470//1470
f 1467//1467 1463//1463 1406//1406
f 1326//1326 1404//1404 1401//1401
f 1328//1328 1469//1469 1478//1478
f 1323//1323 1477//1477 1322//1322
f 1406//1406 1463//1463 1474//1474
f 1404//1404 1246//1246 1403//1403
f 1476//1476 1628//1628 1402//1402
f 1402//1402 1628//1628 1405//1405
f 1406//1406 1474//1474 1409//1409
f 1409//1409 1474//1474 1405//1405
f 1409//1409 1475//1475 1406//1406
f 1330//1330 1328//1328 1407//1407
f 1408//1408 1484//1484 1561//1561
f 1482//1482 1409//1409 1566//1566
f 1330//1330 1407//1407 1563//1563
f 1563//1563 1247//1247 1330//1330
f 1410//1410 1486//1486 1711//1711
f 1249//1249 1562//1562 1333//1333
f 1411//1411 1247//1247 1563//1563
f 1332//1332 1411//1411 1571//1571
f 1571//1571 1411//1411 1565//1565
f 1569//1569 1491//1491 1333//1333
f 1332//1332 1572//1572 1487//1487
f 1486//1486 1334//1334 1488//1488
f 1491//1491 1489//1489 1570//1570
f 1488//1488 1334//1334 1336//1336
f 1336//1336 1570//1570 1488//1488
f 1340//1340 1412//1412 1339//1339
f 1341//1341 1412//1412 1340//1340
f 1493//1493 1497//1497 1413//1413
f 1342//1342 1414//1414 1343//1343
f 1343//1343 1414//1414 1494//1494
f 1342//1342 1415//1415 1414//1414
f 1413//1413 1497//1497 1264//1264
f 1414//1414 1415//1415 1419//1419
f 1497//1497 1347//1347 1264//1264
f 1573//1573 1418//1418 1494//1494
f 1416//1416 1419//1419 1415//1415
f 1416//1416 1420//1420 1419//1419
f 1418//1418 1573//1573 1422//1422
f 1267//1267 1418//1418 1422//1422
f 1420//1420 1270//1270 1419//1419
f 1265//1265 1574//1574 1421//1421
f 1348//1348 1423//1423 1575//1575
f 1267//1267 1422//1422 1498//1498
f 1498//1498 1422//1422 1641//1641
f 1421//1421 1499//1499 1272//1272
f 1420//1420 1424//1424 1270//1270
f 1416//1416 1425//1425 1420//1420
f 1424//1424 1420//1420 1425//1425
f 1500//1500 1351//1351 1272//1272
f 1499//1499 1500//1500 1272//1272
f 1500//1500 1502//1502 1351//1351
f 1502//1502 1427//1427 1351//1351
f 1579//1579 1427//1427 1502//1502
f 1505//1505 1501//1501 1647//1647
f 1503//1503 1426//1426 1428//1428
f 1579//1579 1356//1356 1427//1427
f 1650//1650 1428//1428 1507//1507
f 1429//1429 1357//1357 1353//1353
f 1507//1507 1428//1428 1355//1355
f 1432//1432 1580//1580 1504//1504
f 1360//1360 1505//1505 1581//1581
f 1504//1504 1361//1361 1432//1432
f 1431//1431 1360//1360 1581//1581
f 1359//1359 1506//1506 1507//1507
f 1359//1359 1507//1507 1355//1355
f 1362//1362 1430//1430 1651//1651
f 1359//1359 1362//1362 1506//1506
f 1431//1431 1363//1363 1360//1360
f 1433//1433 1661//1661 1509//1509
f 1365//1365 1512//1512 1433//1433
f 1514//1514 1364//1364 1584//1584
f 1366//1366 1585//1585 1513//1513
f 1435//1435 1436//1436 1585//1585
f 1366//1366 1435//1435 1585//1585
f 1434//1434 1436//1436 1368//1368
f 1369//1369 1437//1437 1587//1587
f 1587//1587 1437//1437 1664//1664
f 1369//1369 1587//1587 1515//1515
f 1437//1437 1665//1665 1664//1664
f 1369//1369 1515//1515 1439//1439
f 1439//1439 1438//1438 1441//1441
f 1437//1437 1444//1444 1440//1440
f 1441//1441 1438//1438 1518//1518
f 1517//1517 1439//1439 1443//1443
f 1443//1443 1439//1439 1441//1441
f 1441//1441 1518//1518 1371//1371
f 1521//1521 1370//1370 1442//1442
f 1444//1444 1519//1519 1440//1440
f 1371//1371 1518//1518 1372//1372
f 1591//1591 1517//1517 1443//1443
f 1593//1593 1521//1521 1442//1442
f 1370//1370 1521//1521 1444//1444
f 1372//1372 1518//1518 1520//1520
f 1596//1596 1521//1521 1593//1593
f 1597//1597 1521//1521 1596//1596
f 1373//1373 1372//1372 1520//1520
f 1523//1523 1373//1373 1520//1520
f 1523//1523 1594//1594 1524//1524
f 1524//1524 1374//1374 1523//1523
f 1443//1443 1524//1524 1522//1522
f 1526//1526 1525//1525 1527//1527
f 1376//1376 1445//1445 1448//1448
f 1376//1376 1528//1528 1445//1445
f 1447//1447 1446//1446 1375//1375
f 1528//1528 1376//1376 1380//1380
f 1380//1380 1530//1530 1528//1528
f 1450//1450 1535//1535 1447//1447
f 1448//1448 1378//1378 1376//1376
f 1542//1542 1530//1530 1380//1380
f 1377//1377 1534//1534 1531//1531
f 1534//1534 1602//1602 1531//1531
f 1537//1537 1378//1378 1448//1448
f 1451//1451 1533//1533 1614//1614
f 1542//1542 1380//1380 1455//1455
f 1535//1535 1450//1450 1539//1539
f 1540//1540 1534//1534 1377//1377
f 1450//1450 1387//1387 1539//1539
f 1386//1386 1378//1378 1537//1537
f 1451//1451 1614//1614 1453//1453
f 1608//1608 1385//1385 1453//1453
f 1385//1385 1616//1616 1452//1452
f 1309//1309 1454//1454 1540//1540
f 1615//1615 1455//1455 1457//1457
f 1460//1460 1382//1382 1449//1449
f 1449//1449 1544//1544 1460//1460
f 1539//1539 1550//1550 1621//1621
f 1387//1387 1550//1550 1539//1539
f 1541//1541 1543//1543 1390//1390
f 1454//1454 1388//1388 1458//1458
f 1459//1459 1456//1456 1386//1386
f 1387//1387 1391//1391 1550//1550
f 1461//1461 1545//1545 1457//1457
f 1547//1547 1389//1389 1394//1394
f 1238//1238 1390//1390 1467//1467
f 1465//1465 1459//1459 1619//1619
f 1465//1465 1392//1392 1459//1459
f 1390//1390 1548//1548 1467//1467
f 1544//1544 1468//1468 1460//1460
f 1544//1544 1621//1621 1468//1468
f 1391//1391 1554//1554 1550//1550
f 1463//1463 1548//1548 1699//1699
f 1467//1467 1548//1548 1463//1463
f 1395//1395 1547//1547 1396//1396
f 1397//1397 1396//1396 1547//1547
f 1470//1470 1545//1545 1461//1461
f 1545//1545 1470//1470 1553//1553
f 1472//1472 1395//1395 1462//1462
f 1472//1472 1623//1623 1395//1395
f 1627//1627 1468//1468 1621//1621
f 1551//1551 1464//1464 1471//1471
f 1465//1465 1551//1551 1471//1471
f 1400//1400 1465//1465 1471//1471
f 1555//1555 1321//1321 1400//1400
f 1469//1469 1555//1555 1466//1466
f 1469//1469 1466//1466 1553//1553
f 1470//1470 1478//1478 1553//1553
f 1468//1468 1627//1627 1476//1476
f 1625//1625 1554//1554 1474//1474
f 1555//1555 1400//1400 1556//1556
f 1471//1471 1464//1464 1558//1558
f 1406//1406 1475//1475 1472//1472
f 1701//1701 1472//1472 1475//1475
f 1473//1473 1322//1322 1477//1477
f 1477//1477 1560//1560 1473//1473
f 1323//1323 1479//1479 1477//1477
f 1408//1408 1479//1479 1323//1323
f 1328//1328 1478//1478 1407//1407
f 1473//1473 1407//1407 1478//1478
f 1628//1628 1480//1480 1405//1405
f 1408//1408 1709//1709 1479//1479
f 1409//1409 1405//1405 1480//1480
f 1409//1409 1482//1482 1475//1475
f 1481//1481 1562//1562 1249//1249
f 1481//1481 1249//1249 1630//1630
f 1563//1563 1407//1407 1559//1559
f 1410//1410 1630//1630 1249//1249
f 1711//1711 1630//1630 1410//1410
f 1564//1564 1563//1563 1559//1559
f 1485//1485 1483//1483 1561//1561
f 1561//1561 1484//1484 1485//1485
f 1567//1567 1711//1711 1486//1486
f 1569//1569 1333//1333 1562//1562
f 1565//1565 1411//1411 1563//1563
f 1488//1488 1567//1567 1486//1486
f 1485//1485 1484//1484 1487//1487
f 1485//1485 1487//1487 1568//1568
f 1491//1491 1569//1569 1489//1489
f 1332//1332 1571//1571 1572//1572
f 1572//1572 1568//1568 1487//1487
f 1344//1344 1492//1492 1493//1493
f 1494//1494 1414//1414 1495//1495
f 1492//1492 1346//1346 1496//1496
f 1496//1496 1347//1347 1497//1497
f 1417//1417 1347//1347 1496//1496
f 1346//1346 1417//1417 1496//1496
f 1419//1419 1270//1270 1576//1576
f 1348//1348 1726//1726 1265//1265
f 1726//1726 1348//1348 1575//1575
f 1270//1270 1498//1498 1576//1576
f 1499//1499 1421//1421 1574//1574
f 1641//1641 1576//1576 1498//1498
f 1422//1422 1573//1573 1641//1641
f 1640//1640 1423//1423 1577//1577
f 1645//1645 1426//1426 1503//1503
f 1504//1504 1643//1643 1501//1501
f 1579//1579 1648//1648 1282//1282
f 1647//1647 1649//1649 1505//1505
f 1503//1503 1428//1428 1650//1650
f 1649//1649 1581//1581 1505//1505
f 1648//1648 1651//1651 1358//1358
f 1507//1507 1506//1506 1650//1650
f 1358//1358 1651//1651 1430//1430
f 1506//1506 1362//1362 1651//1651
f 1652//1652 1431//1431 1581//1581
f 1432//1432 1363//1363 1431//1431
f 1656//1656 1510//1510 1508//1508
f 1508//1508 1510//1510 1509//1509
f 1661//1661 1582//1582 1509//1509
f 1509//1509 1510//1510 1433//1433
f 1510//1510 1659//1659 1511//1511
f 1433//1433 1510//1510 1511//1511
f 1511//1511 1584//1584 1364//1364
f 1511//1511 1659//1659 1584//1584
f 1433//1433 1512//1512 1661//1661
f 1513//1513 1586//1586 1512//1512
f 1585//1585 1436//1436 1514//1514
f 1514//1514 1436//1436 1434//1434
f 1437//1437 1440//1440 1665//1665
f 1439//1439 1515//1515 1438//1438
f 1588//1588 1518//1518 1438//1438
f 1516//1516 1439//1439 1517//1517
f 1517//1517 1589//1589 1516//1516
f 1442//1442 1516//1516 1589//1589
f 1442//1442 1589//1589 1590//1590
f 1590//1590 1593//1593 1442//1442
f 1518//1518 1670//1670 1520//1520
f 1444//1444 1598//1598 1519//1519
f 1671//1671 1519//1519 1598//1598
f 1670//1670 1594//1594 1520//1520
f 1591//1591 1522//1522 1755//1755
f 1522//1522 1591//1591 1443//1443
f 1521//1521 1598//1598 1444//1444
f 1523//1523 1520//1520 1594//1594
f 1597//1597 1598//1598 1521//1521
f 1522//1522 1524//1524 1594//1594
f 1525//1525 1595//1595 1599//1599
f 1526//1526 1595//1595 1525//1525
f 1674//1674 1525//1525 1599//1599
f 1525//1525 1674//1674 1527//1527
f 1683//1683 1527//1527 1674//1674
f 1526//1526 1527//1527 1529//1529
f 1529//1529 1527//1527 1687//1687
f 1447//1447 1535//1535 1446//1446
f 1530//1530 1542//1542 1601//1601
f 1529//1529 1687//1687 1536//1536
f 1532//1532 1606//1606 1533//1533
f 1531//1531 1532//1532 1533//1533
f 1531//1531 1602//1602 1532//1532
f 1602//1602 1604//1604 1532//1532
f 1606//1606 1603//1603 1533//1533
f 1605//1605 1532//1532 1604//1604
f 1602//1602 1534//1534 1605//1605
f 1534//1534 1532//1532 1605//1605
f 1535//1535 1449//1449 1446//1446
f 1603//1603 1607//1607 1533//1533
f 1532//1532 1540//1540 1606//1606
f 1532//1532 1534//1534 1540//1540
f 1539//1539 1449//1449 1535//1535
f 1607//1607 1614//1614 1533//1533
f 1536//1536 1687//1687 1608//1608
f 1614//1614 1607//1607 1617//1617
f 1537//1537 1613//1613 1386//1386
f 1538//1538 1541//1541 1384//1384
f 1452//1452 1538//1538 1384//1384
f 1608//1608 1453//1453 1536//1536
f 1536//1536 1453//1453 1614//1614
f 1539//1539 1544//1544 1449//1449
f 1616//1616 1538//1538 1452//1452
f 1608//1608 1616//1616 1385//1385
f 1542//1542 1455//1455 1615//1615
f 1613//1613 1842//1842 1386//1386
f 1841//1841 1842//1842 1613//1613
f 1621//1621 1544//1544 1539//1539
f 1457//1457 1545//1545 1615//1615
f 1386//1386 1779//1779 1459//1459
f 1458//1458 1693//1693 1454//1454
f 1779//1779 1781//1781 1546//1546
f 1779//1779 1546//1546 1459//1459
f 1389//1389 1547//1547 1458//1458
f 1781//1781 1697//1697 1618//1618
f 1781//1781 1549//1549 1546//1546
f 1546//1546 1619//1619 1459//1459
f 1618//1618 1549//1549 1781//1781
f 1545//1545 1553//1553 1618//1618
f 1465//1465 1619//1619 1551//1551
f 1618//1618 1466//1466 1549//1549
f 1550//1550 1622//1622 1621//1621
f 1554//1554 1622//1622 1550//1550
f 1395//1395 1623//1623 1547//1547
f 1551//1551 1619//1619 1552//1552
f 1466//1466 1624//1624 1549//1549
f 1553//1553 1466//1466 1618//1618
f 1551//1551 1552//1552 1464//1464
f 1701//1701 1623//1623 1472//1472
f 1466//1466 1555//1555 1624//1624
f 1625//1625 1463//1463 1699//1699
f 1552//1552 1705//1705 1464//1464
f 1555//1555 1556//1556 1624//1624
f 1622//1622 1554//1554 1625//1625
f 1558//1558 1556//1556 1471//1471
f 1471//1471 1556//1556 1400//1400
f 1625//1625 1474//1474 1463//1463
f 1464//1464 1705//1705 1557//1557
f 1464//1464 1557//1557 1558//1558
f 1628//1628 1476//1476 1708//1708
f 1560//1560 1559//1559 1473//1473
f 1477//1477 1479//1479 1560//1560
f 1559//1559 1407//1407 1473//1473
f 1709//1709 1408//1408 1561//1561
f 1701//1701 1475//1475 1713//1713
f 1564//1564 1559//1559 1560//1560
f 1633//1633 1480//1480 1628//1628
f 1565//1565 1563//1563 1564//1564
f 1409//1409 1480//1480 1633//1633
f 1409//1409 1633//1633 1566//1566
f 1631//1631 1562//1562 1481//1481
f 1713//1713 1475//1475 1482//1482
f 1633//1633 1483//1483 1485//1485
f 1562//1562 1631//1631 1569//1569
f 1633//1633 1485//1485 1566//1566
f 1634//1634 1713//1713 1482//1482
f 1482//1482 1566//1566 1634//1634
f 1570//1570 1803//1803 1567//1567
f 1488//1488 1570//1570 1567//1567
f 1566//1566 1485//1485 1568//1568
f 1571//1571 1565//1565 1714//1714
f 1634//1634 1566//1566 1568//1568
f 1570//1570 1489//1489 1803//1803
f 1490//1490 1571//1571 1714//1714
f 1572//1572 1571//1571 1490//1490
f 1572//1572 1635//1635 1568//1568
f 1635//1635 1572//1572 1805//1805
f 1493//1493 1496//1496 1497//1497
f 1492//1492 1496//1496 1493//1493
f 1495//1495 1728//1728 1573//1573
f 1495//1495 1573//1573 1494//1494
f 1419//1419 1576//1576 1414//1414
f 1423//1423 1640//1640 1575//1575
f 1726//1726 1574//1574 1265//1265
f 1642//1642 1499//1499 1574//1574
f 1500//1500 1499//1499 1578//1578
f 1578//1578 1499//1499 1642//1642
f 1640//1640 1577//1577 1645//1645
f 1500//1500 1578//1578 1502//1502
f 1646//1646 1502//1502 1578//1578
f 1577//1577 1426//1426 1645//1645
f 1643//1643 1647//1647 1501//1501
f 1504//1504 1877//1877 1643//1643
f 1580//1580 1877//1877 1504//1504
f 1646//1646 1579//1579 1502//1502
f 1648//1648 1579//1579 1646//1646
f 1503//1503 1734//1734 1645//1645
f 1503//1503 1650//1650 1998//1998
f 1734//1734 1503//1503 1998//1998
f 1735//1735 1580//1580 1432//1432
f 1814//1814 1652//1652 1581//1581
f 1506//1506 1736//1736 1650//1650
f 1506//1506 1651//1651 1737//1737
f 1432//1432 1431//1431 1652//1652
f 1738//1738 1656//1656 1508//1508
f 1582//1582 1654//1654 1508//1508
f 1582//1582 1508//1508 1509//1509
f 1510//1510 1656//1656 1659//1659
f 1656//1656 1655//1655 1659//1659
f 1741//1741 1582//1582 1661//1661
f 1658//1658 1583//1583 1657//1657
f 1583//1583 1658//1658 1745//1745
f 1584//1584 1659//1659 1742//1742
f 1661//1661 1512//1512 1586//1586
f 1584//1584 1747//1747 1514//1514
f 1585//1585 1514//1514 1747//1747
f 1663//1663 1513//1513 1585//1585
f 1513//1513 1663//1663 1586//1586
f 1438//1438 1515//1515 1750//1750
f 1667//1667 1750//1750 1515//1515
f 1665//1665 1440//1440 1666//1666
f 1438//1438 1750//1750 1588//1588
f 1666//1666 1440//1440 1669//1669
f 1518//1518 1588//1588 1670//1670
f 1589//1589 1517//1517 1668//1668
f 1590//1590 1589//1589 1668//1668
f 1440//1440 1751//1751 1669//1669
f 1754//1754 1517//1517 1591//1591
f 1440//1440 1519//1519 1751//1751
f 1593//1593 1590//1590 1592//1592
f 1755//1755 1522//1522 1670//1670
f 1593//1593 1592//1592 1596//1596
f 1670//1670 1522//1522 1594//1594
f 1671//1671 1598//1598 1672//1672
f 1598//1598 1597//1597 1675//1675
f 1672//1672 1598//1598 1675//1675
f 1675//1675 1597//1597 1676//1676
f 1674//1674 1599//1599 1760//1760
f 1595//1595 1526//1526 1600//1600
f 1448//1448 1445//1445 1681//1681
f 1445//1445 1528//1528 1679//1679
f 1675//1675 1676//1676 1680//1680
f 1679//1679 1681//1681 1445//1445
f 1683//1683 1674//1674 1764//1764
f 1526//1526 1529//1529 1677//1677
f 1677//1677 1600//1600 1526//1526
f 1684//1684 1675//1675 1680//1680
f 1681//1681 1537//1537 1448//1448
f 1528//1528 1530//1530 1679//1679
f 1527//1527 1683//1683 1687//1687
f 1681//1681 1601//1601 1537//1537
f 1601//1601 1681//1681 1679//1679
f 1530//1530 1601//1601 1679//1679
f 1685//1685 1682//1682 1602//1602
f 1684//1684 1680//1680 1769//1769
f 1602//1602 1682//1682 1604//1604
f 1609//1609 1687//1687 1683//1683
f 1686//1686 1677//1677 1529//1529
f 1769//1769 1612//1612 1684//1684
f 1601//1601 1542//1542 1610//1610
f 1607//1607 1603//1603 1688//1688
f 1606//1606 1604//1604 1603//1603
f 1604//1604 1689//1689 1605//1605
f 1602//1602 1605//1605 1685//1685
f 1601//1601 1613//1613 1537//1537
f 1606//1606 1688//1688 1604//1604
f 1689//1689 1604//1604 1688//1688
f 1685//1685 1605//1605 1689//1689
f 1610//1610 1613//1613 1601//1601
f 1542//1542 1615//1615 1610//1610
f 1529//1529 1536//1536 1686//1686
f 1606//1606 1540//1540 1607//1607
f 1606//1606 1607//1607 1688//1688
f 1687//1687 1609//1609 1608//1608
f 1541//1541 1538//1538 1611//1611
f 1607//1607 1540//1540 1617//1617
f 1611//1611 1538//1538 1616//1616
f 1608//1608 1609//1609 1690//1690
f 1536//1536 1614//1614 1686//1686
f 1616//1616 1608//1608 1690//1690
f 1841//1841 1613//1613 1610//1610
f 1610//1610 1615//1615 1841//1841
f 1615//1615 1844//1844 1841//1841
f 1614//1614 1617//1617 1686//1686
f 1543//1543 1541//1541 1611//1611
f 1616//1616 1543//1543 1611//1611
f 1543//1543 1616//1616 1774//1774
f 1540//1540 1454//1454 1617//1617
f 1779//1779 1386//1386 1842//1842
f 1615//1615 1545//1545 1696//1696
f 1693//1693 1458//1458 1547//1547
f 1618//1618 1697//1697 1696//1696
f 1545//1545 1618//1618 1696//1696
f 1779//1779 1847//1847 1781//1781
f 1780//1780 1548//1548 1390//1390
f 1851//1851 1699//1699 1548//1548
f 1619//1619 1546//1546 1620//1620
f 1549//1549 1620//1620 1546//1546
f 1624//1624 1700//1700 1620//1620
f 1620//1620 1549//1549 1624//1624
f 1622//1622 1627//1627 1621//1621
f 1624//1624 1703//1703 1700//1700
f 1622//1622 1708//1708 1627//1627
f 1622//1622 1625//1625 1708//1708
f 1705//1705 1706//1706 1629//1629
f 1705//1705 1629//1629 1626//1626
f 1557//1557 1705//1705 1626//1626
f 1476//1476 1627//1627 1708//1708
f 1557//1557 1626//1626 1794//1794
f 1558//1558 1557//1557 1794//1794
f 1558//1558 1792//1792 1556//1556
f 1792//1792 1558//1558 1794//1794
f 1701//1701 1713//1713 1793//1793
f 1793//1793 1713//1713 1913//1913
f 1560//1560 1479//1479 1632//1632
f 1479//1479 1709//1709 1632//1632
f 1481//1481 1630//1630 1710//1710
f 1628//1628 1799//1799 1633//1633
f 1632//1632 1564//1564 1560//1560
f 1631//1631 1481//1481 1710//1710
f 1799//1799 1483//1483 1633//1633
f 1711//1711 1567//1567 1864//1864
f 1800//1800 1564//1564 1632//1632
f 1564//1564 1714//1714 1565//1565
f 1567//1567 2030//2030 1864//1864
f 1803//1803 2030//2030 1567//1567
f 1634//1634 1568//1568 1717//1717
f 1572//1572 1490//1490 1805//1805
f 1635//1635 1805//1805 1870//1870
f 1923//1923 1635//1635 1870//1870
f 1568//1568 1635//1635 1717//1717
f 1722//1722 1637//1637 1719//1719
f 1636//1636 1719//1719 1638//1638
f 1721//1721 1637//1637 1722//1722
f 1719//1719 1637//1637 1638//1638
f 1725//1725 1636//1636 1638//1638
f 1638//1638 1637//1637 1639//1639
f 1639//1639 1637//1637 1721//1721
f 1639//1639 1721//1721 1730//1730
f 1495//1495 1414//1414 1728//1728
f 1721//1721 1724//1724 1730//1730
f 1575//1575 1727//1727 1726//1726
f 1638//1638 1639//1639 1729//1729
f 1729//1729 1725//1725 1638//1638
f 1576//1576 1728//1728 1414//1414
f 1573//1573 1728//1728 1641//1641
f 1728//1728 1576//1576 1641//1641
f 1574//1574 1807//1807 1642//1642
f 1726//1726 1807//1807 1574//1574
f 1640//1640 1644//1644 1731//1731
f 1644//1644 1640//1640 1645//1645
f 1647//1647 1643//1643 1644//1644
f 1644//1644 1645//1645 1647//1647
f 1647//1647 1645//1645 1734//1734
f 1876//1876 1648//1648 1646//1646
f 1648//1648 1653//1653 1651//1651
f 1649//1649 1814//1814 1581//1581
f 1649//1649 1813//1813 1814//1814
f 1651//1651 1653//1653 1654//1654
f 1737//1737 1736//1736 1506//1506
f 1653//1653 1508//1508 1654//1654
f 1654//1654 1737//1737 1651//1651
f 1739//1739 1737//1737 1654//1654
f 1739//1739 1654//1654 1582//1582
f 1656//1656 1740//1740 1655//1655
f 1739//1739 1582//1582 1741//1741
f 1655//1655 1740//1740 1657//1657
f 1741//1741 1818//1818 1739//1739
f 1655//1655 1657//1657 1660//1660
f 1823//1823 1658//1658 1821//1821
f 1655//1655 1660//1660 1659//1659
f 1660//1660 1657//1657 1583//1583
f 1660//1660 1583//1583 1743//1743
f 1659//1659 1660//1660 1742//1742
f 1583//1583 1745//1745 1743//1743
f 1744//1744 1660//1660 1743//1743
f 1662//1662 1741//1741 1661//1661
f 1745//1745 1658//1658 1823//1823
f 1742//1742 1747//1747 1584//1584
f 1746//1746 1747//1747 1742//1742
f 1825//1825 1745//1745 1823//1823
f 1662//1662 1661//1661 1586//1586
f 1585//1585 1747//1747 1663//1663
f 1663//1663 1747//1747 1586//1586
f 1748//1748 1587//1587 1664//1664
f 1587//1587 1748//1748 1515//1515
f 1748//1748 1664//1664 1666//1666
f 1664//1664 1665//1665 1666//1666
f 1748//1748 1749//1749 1515//1515
f 1749//1749 1667//1667 1515//1515
f 1669//1669 1749//1749 1666//1666
f 1749//1749 1668//1668 1667//1667
f 1668//1668 1749//1749 1590//1590
f 1669//1669 1590//1590 1749//1749
f 1752//1752 1588//1588 1750//1750
f 1668//1668 1517//1517 1667//1667
f 1670//1670 1588//1588 1752//1752
f 1669//1669 1751//1751 1753//1753
f 1751//1751 1831//1831 1753//1753
f 1829//1829 1831//1831 1751//1751
f 1754//1754 1667//1667 1517//1517
f 1590//1590 1669//1669 1592//1592
f 1592//1592 1669//1669 1753//1753
f 1591//1591 1756//1756 1754//1754
f 1756//1756 1591//1591 1755//1755
f 1672//1672 1758//1758 1671//1671
f 1761//1761 1759//1759 1672//1672
f 1597//1597 1596//1596 1673//1673
f 1599//1599 1595//1595 1760//1760
f 1676//1676 1597//1597 1673//1673
f 1672//1672 1675//1675 1761//1761
f 1595//1595 1762//1762 1760//1760
f 1600//1600 1762//1762 1595//1595
f 1676//1676 1673//1673 1835//1835
f 1675//1675 1678//1678 1761//1761
f 1763//1763 1674//1674 1760//1760
f 1763//1763 1764//1764 1674//1674
f 1676//1676 1835//1835 1680//1680
f 1762//1762 1600//1600 1677//1677
f 1678//1678 1675//1675 1684//1684
f 1678//1678 1684//1684 1957//1957
f 1604//1604 1682//1682 1765//1765
f 1682//1682 1768//1768 1765//1765
f 1609//1609 1683//1683 1764//1764
f 1609//1609 1764//1764 1766//1766
f 1603//1603 1604//1604 1765//1765
f 1769//1769 1680//1680 1836//1836
f 1685//1685 1768//1768 1682//1682
f 1765//1765 1688//1688 1603//1603
f 1765//1765 1768//1768 1689//1689
f 1957//1957 1684//1684 1691//1691
f 1689//1689 1688//1688 1765//1765
f 1685//1685 1689//1689 1768//1768
f 1612//1612 1691//1691 1684//1684
f 1612//1612 1769//1769 1840//1840
f 1694//1694 1677//1677 1686//1686
f 1771//1771 1692//1692 1770//1770
f 1773//1773 1691//1691 1612//1612
f 1902//1902 1773//1773 1612//1612
f 1615//1615 1696//1696 1844//1844
f 1617//1617 1694//1694 1686//1686
f 1617//1617 1693//1693 1694//1694
f 1454//1454 1693//1693 1617//1617
f 1771//1771 1778//1778 1692//1692
f 1694//1694 1693//1693 1695//1695
f 1780//1780 1543//1543 1774//1774
f 1780//1780 1774//1774 1775//1775
f 1775//1775 1774//1774 1848//1848
f 1848//1848 1774//1774 1777//1777
f 1780//1780 1390//1390 1543//1543
f 1692//1692 1778//1778 1785//1785
f 1693//1693 1547//1547 1695//1695
f 1780//1780 1851//1851 1548//1548
f 1695//1695 1547//1547 1698//1698
f 1547//1547 1623//1623 1698//1698
f 1552//1552 1619//1619 1787//1787
f 1620//1620 1787//1787 1619//1619
f 1623//1623 1704//1704 1698//1698
f 1787//1787 1620//1620 1700//1700
f 1787//1787 1789//1789 1552//1552
f 1552//1552 1789//1789 1705//1705
f 1625//1625 1699//1699 1702//1702
f 1790//1790 1705//1705 1789//1789
f 1793//1793 1788//1788 1704//1704
f 1623//1623 1701//1701 1704//1704
f 1703//1703 1624//1624 1556//1556
f 1790//1790 1855//1855 1706//1706
f 1705//1705 1790//1790 1706//1706
f 1556//1556 1792//1792 1703//1703
f 1625//1625 1702//1702 1708//1708
f 1704//1704 1701//1701 1793//1793
f 1706//1706 1855//1855 1797//1797
f 1706//1706 1797//1797 1629//1629
f 1794//1794 1626//1626 1707//1707
f 1857//1857 1792//1792 1794//1794
f 1629//1629 1798//1798 1626//1626
f 1626//1626 1798//1798 1707//1707
f 1797//1797 1798//1798 1629//1629
f 1708//1708 1799//1799 1628//1628
f 1632//1632 1709//1709 1800//1800
f 1709//1709 1561//1561 1712//1712
f 1561//1561 1483//1483 1712//1712
f 1712//1712 1800//1800 1709//1709
f 1913//1913 1713//1713 1865//1865
f 1711//1711 1864//1864 1914//1914
f 1564//1564 1800//1800 1802//1802
f 1569//1569 1631//1631 1868//1868
f 1715//1715 1865//1865 1713//1713
f 1564//1564 1802//1802 1714//1714
f 1713//1713 1634//1634 1715//1715
f 1803//1803 1489//1489 1981//1981
f 1490//1490 1714//1714 1804//1804
f 1715//1715 1634//1634 1716//1716
f 1716//1716 1634//1634 1717//1717
f 1490//1490 1804//1804 1805//1805
f 1635//1635 1923//1923 1717//1717
f 1923//1923 1718//1718 1717//1717
f 1871//1871 1717//1717 1718//1718
f 1719//1719 1636//1636 1720//1720
f 1722//1722 1723//1723 1721//1721
f 1721//1721 1723//1723 1724//1724
f 1723//1723 1806//1806 1724//1724
f 1872//1872 1727//1727 1575//1575
f 1731//1731 1575//1575 1640//1640
f 1729//1729 1875//1875 1725//1725
f 1639//1639 1730//1730 1732//1732
f 1809//1809 1729//1729 1639//1639
f 1808//1808 1731//1731 1644//1644
f 1732//1732 1809//1809 1639//1639
f 1732//1732 1730//1730 1810//1810
f 1812//1812 1732//1732 1810//1810
f 1812//1812 1809//1809 1732//1732
f 1643//1643 1808//1808 1644//1644
f 1578//1578 1876//1876 1646//1646
f 1877//1877 1580//1580 2050//2050
f 1733//1733 2050//2050 1580//1580
f 1580//1580 1735//1735 1733//1733
f 1734//1734 1649//1649 1647//1647
f 1648//1648 1876//1876 1653//1653
f 1649//1649 1734//1734 1813//1813
f 1813//1813 1734//1734 1998//1998
f 1879//1879 1738//1738 1508//1508
f 1653//1653 1879//1879 1508//1508
f 1998//1998 1650//1650 1736//1736
f 1815//1815 1652//1652 1814//1814
f 1735//1735 1652//1652 1815//1815
f 1432//1432 1652//1652 1735//1735
f 1818//1818 1736//1736 1737//1737
f 1739//1739 1818//1818 1737//1737
f 1816//1816 1817//1817 1740//1740
f 1738//1738 1816//1816 1740//1740
f 1738//1738 1740//1740 1656//1656
f 1821//1821 1658//1658 1657//1657
f 1662//1662 1820//1820 1741//1741
f 1744//1744 1742//1742 1660//1660
f 1746//1746 1820//1820 1662//1662
f 1742//1742 1744//1744 1824//1824
f 1745//1745 1826//1826 1743//1743
f 1744//1744 1743//1743 2011//2011
f 1662//1662 1747//1747 1746//1746
f 1825//1825 1826//1826 1745//1745
f 1662//1662 1586//1586 1747//1747
f 1749//1749 1748//1748 1666//1666
f 1667//1667 1827//1827 1750//1750
f 1827//1827 1752//1752 1750//1750
f 1827//1827 1667//1667 1754//1754
f 1753//1753 1829//1829 1832//1832
f 1829//1829 1751//1751 1832//1832
f 1751//1751 1828//1828 1832//1832
f 1752//1752 1755//1755 1670//1670
f 1752//1752 1756//1756 1755//1755
f 1753//1753 1832//1832 1592//1592
f 1828//1828 1751//1751 1757//1757
f 1519//1519 1757//1757 1751//1751
f 1519//1519 1671//1671 1757//1757
f 1759//1759 1758//1758 1672//1672
f 1834//1834 1596//1596 1592//1592
f 1673//1673 1596//1596 1834//1834
f 1760//1760 1762//1762 1763//1763
f 1835//1835 1836//1836 1680//1680
f 1762//1762 1767//1767 1763//1763
f 1896//1896 1678//1678 1957//1957
f 1767//1767 1764//1764 1763//1763
f 1762//1762 1677//1677 1767//1767
f 1766//1766 1764//1764 1767//1767
f 1694//1694 1766//1766 1767//1767
f 1767//1767 1677//1677 1694//1694
f 1840//1840 1836//1836 1895//1895
f 1837//1837 1770//1770 1838//1838
f 1836//1836 1840//1840 1769//1769
f 1691//1691 1773//1773 1957//1957
f 1770//1770 1837//1837 1771//1771
f 1690//1690 1609//1609 1766//1766
f 1766//1766 1839//1839 1690//1690
f 1770//1770 1692//1692 1838//1838
f 1766//1766 1772//1772 1839//1839
f 1694//1694 1772//1772 1766//1766
f 1612//1612 1840//1840 1776//1776
f 1898//1898 1838//1838 1692//1692
f 1844//1844 1900//1900 1841//1841
f 1839//1839 1774//1774 1616//1616
f 1777//1777 1774//1774 1839//1839
f 1772//1772 1777//1777 1839//1839
f 1694//1694 1695//1695 1772//1772
f 1902//1902 1963//1963 1773//1773
f 1771//1771 1897//1897 1778//1778
f 1612//1612 1776//1776 1902//1902
f 1780//1780 1903//1903 1851//1851
f 1843//1843 1903//1903 1780//1780
f 1775//1775 1843//1843 1780//1780
f 1775//1775 1848//1848 1845//1845
f 1840//1840 1783//1783 1776//1776
f 1904//1904 1778//1778 1897//1897
f 1782//1782 1779//1779 1842//1842
f 1696//1696 1697//1697 1844//1844
f 1697//1697 1846//1846 1844//1844
f 1779//1779 1782//1782 1847//1847
f 1846//1846 1697//1697 1847//1847
f 1698//1698 1777//1777 1772//1772
f 1695//1695 1698//1698 1772//1772
f 1898//1898 1692//1692 1785//1785
f 1847//1847 1697//1697 1781//1781
f 1849//1849 1902//1902 1776//1776
f 1853//1853 1849//1849 1776//1776
f 1777//1777 1852//1852 1848//1848
f 1776//1776 1783//1783 1853//1853
f 1698//1698 1852//1852 1777//1777
f 1699//1699 1851//1851 1784//1784
f 1784//1784 1852//1852 1786//1786
f 1785//1785 1778//1778 1850//1850
f 1698//1698 1788//1788 1852//1852
f 1704//1704 1788//1788 1698//1698
f 1850//1850 1967//1967 1785//1785
f 1786//1786 1702//1702 1699//1699
f 1784//1784 1786//1786 1699//1699
f 1852//1852 1788//1788 1786//1786
f 1789//1789 1787//1787 1854//1854
f 1700//1700 1791//1791 1787//1787
f 1791//1791 1854//1854 1787//1787
f 1856//1856 1789//1789 1858//1858
f 1856//1856 1790//1790 1789//1789
f 1700//1700 1703//1703 1791//1791
f 1857//1857 1854//1854 1791//1791
f 1703//1703 1792//1792 1791//1791
f 1856//1856 1855//1855 1790//1790
f 1791//1791 1792//1792 1857//1857
f 1788//1788 1796//1796 1786//1786
f 1786//1786 1796//1796 1702//1702
f 1797//1797 1855//1855 1861//1861
f 1796//1796 1862//1862 1702//1702
f 1788//1788 1793//1793 1796//1796
f 1795//1795 1707//1707 1861//1861
f 1707//1707 1860//1860 1794//1794
f 1708//1708 1702//1702 1862//1862
f 1793//1793 1913//1913 1796//1796
f 1707//1707 1798//1798 1861//1861
f 1861//1861 1798//1798 1797//1797
f 1863//1863 1796//1796 1913//1913
f 1862//1862 1799//1799 1708//1708
f 1801//1801 1799//1799 1862//1862
f 1914//1914 1630//1630 1711//1711
f 1631//1631 1710//1710 1915//1915
f 1712//1712 1483//1483 1801//1801
f 1483//1483 1799//1799 1801//1801
f 1712//1712 1869//1869 1800//1800
f 1869//1869 1802//1802 1800//1800
f 1712//1712 1866//1866 1869//1869
f 1715//1715 1867//1867 1865//1865
f 1569//1569 1868//1868 1489//1489
f 1869//1869 1804//1804 1802//1802
f 1802//1802 1804//1804 1714//1714
f 1922//1922 1805//1805 1804//1804
f 1805//1805 1922//1922 1870//1870
f 1715//1715 1716//1716 1924//1924
f 1871//1871 1716//1716 1717//1717
f 1719//1719 1987//1987 1722//1722
f 1636//1636 1925//1925 1720//1720
f 1722//1722 2087//2087 1723//1723
f 1806//1806 1723//1723 1926//1926
f 1989//1989 1806//1806 1926//1926
f 1872//1872 1575//1575 1873//1873
f 1927//1927 1725//1725 1875//1875
f 1726//1726 1727//1727 1874//1874
f 1873//1873 1575//1575 1731//1731
f 1874//1874 1807//1807 1726//1726
f 1806//1806 1810//1810 1724//1724
f 1724//1724 1810//1810 1730//1730
f 1729//1729 1809//1809 1875//1875
f 1930//1930 1642//1642 1807//1807
f 1643//1643 1877//1877 1808//1808
f 1642//1642 1876//1876 1578//1578
f 1930//1930 1876//1876 1642//1642
f 1811//1811 1878//1878 1810//1810
f 1812//1812 1810//1810 1878//1878
f 1932//1932 1653//1653 1876//1876
f 1932//1932 1879//1879 1653//1653
f 1733//1733 1735//1735 1815//1815
f 1880//1880 1736//1736 1939//1939
f 1818//1818 1939//1939 1736//1736
f 1738//1738 1882//1882 1816//1816
f 1740//1740 1817//1817 1657//1657
f 1817//1817 1884//1884 1657//1657
f 1657//1657 1884//1884 1819//1819
f 1819//1819 1886//1886 1821//1821
f 1821//1821 1657//1657 1819//1819
f 1885//1885 1741//1741 1820//1820
f 1818//1818 1741//1741 1885//1885
f 1821//1821 1822//1822 1823//1823
f 1944//1944 1820//1820 1746//1746
f 1822//1822 1825//1825 1823//1823
f 1746//1746 1742//1742 1824//1824
f 2011//2011 1826//1826 1825//1825
f 1743//1743 1826//1826 2011//2011
f 1948//1948 1828//1828 1949//1949
f 1828//1828 1948//1948 1831//1831
f 1887//1887 1830//1830 1888//1888
f 1829//1829 1828//1828 1831//1831
f 1949//1949 1828//1828 1889//1889
f 1831//1831 1888//1888 1753//1753
f 1753//1753 1828//1828 1829//1829
f 1888//1888 1828//1828 1753//1753
f 1827//1827 1756//1756 1752//1752
f 1754//1754 1756//1756 1827//1827
f 1830//1830 1887//1887 1952//1952
f 1828//1828 1888//1888 1832//1832
f 1830//1830 1953//1953 1888//1888
f 1832//1832 1888//1888 1953//1953
f 1828//1828 1757//1757 1889//1889
f 1953//1953 1830//1830 1952//1952
f 1889//1889 1592//1592 1832//1832
f 1954//1954 1832//1832 1953//1953
f 1592//1592 1889//1889 1833//1833
f 1757//1757 1833//1833 1889//1889
f 1671//1671 1758//1758 1757//1757
f 1757//1757 1758//1758 1891//1891
f 1890//1890 1833//1833 1757//1757
f 1891//1891 1890//1890 1757//1757
f 1758//1758 1759//1759 1891//1891
f 1592//1592 1833//1833 1834//1834
f 1890//1890 1834//1834 1833//1833
f 1761//1761 1892//1892 1891//1891
f 1759//1759 1761//1761 1891//1891
f 1834//1834 1835//1835 1673//1673
f 1893//1893 1835//1835 1834//1834
f 1896//1896 1892//1892 1761//1761
f 1678//1678 1896//1896 1761//1761
f 1835//1835 1893//1893 1836//1836
f 1895//1895 1836//1836 1893//1893
f 1837//1837 1897//1897 1771//1771
f 1690//1690 1839//1839 1616//1616
f 1845//1845 2014//2014 1843//1843
f 1841//1841 1900//1900 1842//1842
f 1845//1845 1843//1843 1775//1775
f 2062//2062 1783//1783 1840//1840
f 1900//1900 1844//1844 1846//1846
f 1903//1903 1843//1843 2014//2014
f 1783//1783 2062//2062 2018//2018
f 1848//1848 1959//1959 1845//1845
f 1962//1962 1784//1784 1851//1851
f 1962//1962 1848//1848 1852//1852
f 1778//1778 1904//1904 1850//1850
f 1905//1905 1898//1898 1785//1785
f 1784//1784 1962//1962 1852//1852
f 1902//1902 1849//1849 1964//1964
f 1905//1905 1785//1785 1967//1967
f 2018//2018 1968//1968 1783//1783
f 1853//1853 1783//1783 1968//1968
f 1904//1904 1965//1965 1850//1850
f 1850//1850 1965//1965 1908//1908
f 1970//1970 1849//1849 1853//1853
f 1967//1967 1850//1850 1908//1908
f 1909//1909 1967//1967 1908//1908
f 1969//1969 1858//1858 1789//1789
f 1854//1854 1969//1969 1789//1789
f 1861//1861 1855//1855 1856//1856
f 1856//1856 1858//1858 1910//1910
f 1795//1795 1861//1861 1856//1856
f 1795//1795 1856//1856 1910//1910
f 1860//1860 1707//1707 1795//1795
f 1857//1857 1794//1794 1860//1860
f 1862//1862 1796//1796 1863//1863
f 1863//1863 1979//1979 1862//1862
f 1979//1979 1801//1801 1862//1862
f 1630//1630 1976//1976 1710//1710
f 1865//1865 1863//1863 1913//1913
f 1801//1801 1866//1866 1712//1712
f 2029//2029 1865//1865 1867//1867
f 2028//2028 1864//1864 2030//2030
f 1918//1918 1869//1869 1866//1866
f 1489//1489 1868//1868 1981//1981
f 1981//1981 2030//2030 1803//1803
f 1918//1918 1804//1804 1869//1869
f 1715//1715 1920//1920 1867//1867
f 1922//1922 1804//1804 1918//1918
f 1924//1924 1920//1920 1715//1715
f 1870//1870 1922//1922 1923//1923
f 1716//1716 1985//1985 1924//1924
f 1985//1985 1716//1716 1871//1871
f 1871//1871 1718//1718 2032//2032
f 1925//1925 1636//1636 1927//1927
f 1636//1636 1725//1725 1927//1927
f 1872//1872 1873//1873 2089//2089
f 1808//1808 1873//1873 1731//1731
f 1990//1990 1810//1810 1806//1806
f 1928//1928 1808//1808 1877//1877
f 1930//1930 1931//1931 1876//1876
f 1809//1809 1812//1812 1996//1996
f 1876//1876 1931//1931 1932//1932
f 1996//1996 1812//1812 1878//1878
f 1932//1932 1999//1999 1879//1879
f 1879//1879 1999//1999 1881//1881
f 1813//1813 1815//1815 1814//1814
f 1738//1738 1879//1879 1881//1881
f 1998//1998 1736//1736 1880//1880
f 1738//1738 1881//1881 1882//1882
f 1933//1933 1882//1882 1881//1881
f 1819//1819 1936//1936 1883//1883
f 1884//1884 1936//1936 1819//1819
f 1816//1816 1940//1940 1817//1817
f 1940//1940 1816//1816 1942//1942
f 1882//1882 1942//1942 1816//1816
f 2004//2004 1884//1884 1817//1817
f 1939//1939 1885//1885 1938//1938
f 1819//1819 1883//1883 1886//1886
f 1886//1886 1883//1883 2005//2005
f 1818//1818 1885//1885 1939//1939
f 1885//1885 1820//1820 1944//1944
f 1886//1886 2005//2005 2009//2009
f 1822//1822 1886//1886 2009//2009
f 1886//1886 1822//1822 1821//1821
f 1746//1746 1946//1946 1944//1944
f 1746//1746 1824//1824 1946//1946
f 2011//2011 1947//1947 1744//1744
f 1824//1824 1744//1744 1947//1947
f 2011//2011 1825//1825 1822//1822
f 1887//1887 1888//1888 1950//1950
f 1948//1948 1950//1950 1888//1888
f 1948//1948 1888//1888 1831//1831
f 1950//1950 1952//1952 1887//1887
f 1949//1949 1889//1889 2013//2013
f 1954//1954 1889//1889 1832//1832
f 2013//2013 1889//1889 1954//1954
f 1892//1892 1890//1890 1891//1891
f 1892//1892 1955//1955 1890//1890
f 1890//1890 1893//1893 1834//1834
f 1890//1890 1955//1955 1893//1893
f 1955//1955 1892//1892 1896//1896
f 1894//1894 1895//1895 1893//1893
f 1894//1894 1893//1893 1955//1955
f 1955//1955 1896//1896 1894//1894
f 1896//1896 1956//1956 1894//1894
f 1896//1896 1957//1957 1956//1956
f 1838//1838 1958//1958 1837//1837
f 2016//2016 2014//2014 1845//1845
f 1840//1840 1895//1895 2062//2062
f 1956//1956 1773//1773 1963//1963
f 1837//1837 1958//1958 1897//1897
f 1958//1958 1838//1838 1898//1898
f 1842//1842 1900//1900 1899//1899
f 1897//1897 1958//1958 1901//1901
f 1900//1900 1846//1846 2017//2017
f 2016//2016 1845//1845 1959//1959
f 1904//1904 1897//1897 1901//1901
f 1901//1901 1958//1958 1960//1960
f 1899//1899 1961//1961 1782//1782
f 1842//1842 1899//1899 1782//1782
f 1960//1960 1898//1898 1905//1905
f 1846//1846 1847//1847 2019//2019
f 1903//1903 1962//1962 1851//1851
f 1959//1959 1848//1848 1962//1962
f 1963//1963 1902//1902 1964//1964
f 1782//1782 2019//2019 1847//1847
f 1904//1904 1901//1901 1966//1966
f 2018//2018 2020//2020 1968//1968
f 1966//1966 1960//1960 1905//1905
f 1966//1966 1965//1965 1904//1904
f 1967//1967 1966//1966 1905//1905
f 1968//1968 1970//1970 1853//1853
f 1849//1849 1970//1970 1906//1906
f 1964//1964 1849//1849 1906//1906
f 1965//1965 1907//1907 1908//1908
f 1854//1854 1910//1910 1969//1969
f 1908//1908 1907//1907 1859//1859
f 1908//1908 1859//1859 1909//1909
f 1854//1854 1857//1857 1910//1910
f 1859//1859 1907//1907 1972//1972
f 1857//1857 1860//1860 1910//1910
f 1906//1906 1970//1970 1911//1911
f 1859//1859 1912//1912 1909//1909
f 1795//1795 1910//1910 1860//1860
f 1973//1973 1906//1906 1911//1911
f 1859//1859 1972//1972 1912//1912
f 1972//1972 1973//1973 1975//1975
f 1863//1863 2132//2132 1979//1979
f 1976//1976 1915//1915 1710//1710
f 1914//1914 1976//1976 1630//1630
f 1977//1977 1976//1976 1914//1914
f 1865//1865 2029//2029 1863//1863
f 1631//1631 1915//1915 1868//1868
f 1866//1866 1801//1801 1979//1979
f 1868//1868 1915//1915 1980//1980
f 1917//1917 1916//1916 1982//1982
f 1868//1868 1980//1980 1981//1981
f 1919//1919 1918//1918 1866//1866
f 1922//1922 1918//1918 1919//1919
f 1921//1921 1920//1920 1924//1924
f 1923//1923 1922//1922 1919//1919
f 2082//2082 1923//1923 1919//1919
f 2085//2085 1923//1923 2082//2082
f 1718//1718 1923//1923 2085//2085
f 1985//1985 1984//1984 1924//1924
f 1921//1921 1924//1924 1984//1984
f 2033//2033 1921//1921 1984//1984
f 1719//1719 1720//1720 2034//2034
f 1720//1720 1925//1925 1986//1986
f 1987//1987 2087//2087 1722//1722
f 2087//2087 2088//2088 1723//1723
f 1927//1927 2090//2090 1925//1925
f 1723//1723 2088//2088 1926//1926
f 1727//1727 2091//2091 1874//1874
f 1872//1872 2091//2091 1727//1727
f 1808//1808 1928//1928 1873//1873
f 1989//1989 1928//1928 1990//1990
f 1990//1990 1806//1806 1989//1989
f 1929//1929 1928//1928 1877//1877
f 2046//2046 1810//1810 1990//1990
f 1875//1875 2043//2043 1927//1927
f 1807//1807 1991//1991 1930//1930
f 2046//2046 1811//1811 1810//1810
f 1875//1875 1809//1809 2043//2043
f 1877//1877 2050//2050 1929//1929
f 1809//1809 1996//1996 2047//2047
f 1931//1931 1995//1995 1992//1992
f 1993//1993 1995//1995 1931//1931
f 1930//1930 1993//1993 1931//1931
f 1811//1811 2046//2046 2217//2217
f 1931//1931 2052//2052 1932//1932
f 1733//1733 1815//1815 2103//2103
f 2103//2103 1815//1815 1813//1813
f 1998//1998 1880//1880 2223//2223
f 2103//2103 1813//1813 1998//1998
f 1933//1933 1881//1881 1999//1999
f 2002//2002 1936//1936 1937//1937
f 1938//1938 2003//2003 1939//1939
f 1939//1939 2001//2001 1880//1880
f 1882//1882 1933//1933 1941//1941
f 1934//1934 1935//1935 2006//2006
f 1936//1936 1934//1934 1883//1883
f 1938//1938 1941//1941 1933//1933
f 1884//1884 1937//1937 1936//1936
f 2004//2004 1937//1937 1884//1884
f 1934//1934 2006//2006 2005//2005
f 2004//2004 1817//1817 1940//1940
f 1942//1942 1882//1882 1943//1943
f 1943//1943 1882//1882 1941//1941
f 1938//1938 1885//1885 1941//1941
f 1934//1934 2005//2005 1883//1883
f 1945//1945 2007//2007 1940//1940
f 1942//1942 1945//1945 1940//1940
f 2005//2005 2059//2059 2009//2009
f 1885//1885 1944//1944 1941//1941
f 1943//1943 1945//1945 1942//1942
f 1941//1941 1946//1946 1943//1943
f 1946//1946 1945//1945 1943//1943
f 1944//1944 1946//1946 1941//1941
f 1947//1947 2008//2008 1945//1945
f 1946//1946 1947//1947 1945//1945
f 1946//1946 1824//1824 1947//1947
f 1948//1948 1949//1949 2012//2012
f 1950//1950 1948//1948 2012//2012
f 1949//1949 2013//2013 2012//2012
f 2012//2012 1951//1951 1950//1950
f 1951//1951 1952//1952 1950//1950
f 1951//1951 2013//2013 1954//1954
f 1953//1953 1952//1952 1951//1951
f 1954//1954 1953//1953 1951//1951
f 2061//2061 1895//1895 1894//1894
f 1956//1956 2061//2061 1894//1894
f 1957//1957 1773//1773 1956//1956
f 1895//1895 2063//2063 2062//2062
f 2061//2061 2063//2063 1895//1895
f 1899//1899 1900//1900 2017//2017
f 1958//1958 1898//1898 1960//1960
f 2017//2017 1846//1846 2019//2019
f 1962//1962 1903//1903 2015//2015
f 1962//1962 2015//2015 1959//1959
f 1782//1782 1961//1961 2064//2064
f 1782//1782 2064//2064 2019//2019
f 1963//1963 1964//1964 2115//2115
f 1901//1901 1960//1960 1966//1966
f 1907//1907 1965//1965 2021//2021
f 1966//1966 2021//2021 1965//1965
f 1968//1968 2020//2020 2023//2023
f 1909//1909 2021//2021 1966//1966
f 1967//1967 1909//1909 1966//1966
f 1906//1906 2022//2022 1964//1964
f 1969//1969 1910//1910 1858//1858
f 1972//1972 1907//1907 1971//1971
f 1912//1912 2118//2118 1909//1909
f 1970//1970 1968//1968 2023//2023
f 1906//1906 1973//1973 2022//2022
f 2118//2118 1912//1912 2073//2073
f 1970//1970 2023//2023 1974//1974
f 1972//1972 1971//1971 1973//1973
f 1970//1970 1974//1974 1911//1911
f 1975//1975 1973//1973 1911//1911
f 1972//1972 1975//1975 1912//1912
f 1912//1912 1975//1975 2073//2073
f 1974//1974 2024//2024 1911//1911
f 1975//1975 1911//1911 2025//2025
f 1911//1911 2024//2024 2025//2025
f 1976//1976 2026//2026 1915//1915
f 2028//2028 1978//1978 1914//1914
f 1864//1864 2028//2028 1914//1914
f 2027//2027 1916//1916 1917//1917
f 1916//1916 2076//2076 1982//1982
f 2078//2078 2127//2127 2028//2028
f 2132//2132 1866//1866 1979//1979
f 2030//2030 2078//2078 2028//2028
f 2080//2080 1917//1917 2031//2031
f 2030//2030 1981//1981 2078//2078
f 2078//2078 1981//1981 1980//1980
f 1982//1982 2031//2031 1917//1917
f 2133//2133 1919//1919 1866//1866
f 1867//1867 1920//1920 2029//2029
f 1920//1920 1983//1983 2029//2029
f 1921//1921 1983//1983 1920//1920
f 2086//2086 1983//1983 1921//1921
f 2086//2086 1921//1921 2033//2033
f 1985//1985 1871//1871 2032//2032
f 2034//2034 1986//1986 2143//2143
f 2035//2035 1986//1986 1925//1925
f 1986//1986 2034//2034 1720//1720
f 2142//2142 1987//1987 2034//2034
f 1719//1719 2034//2034 1987//1987
f 2035//2035 1925//1925 2090//2090
f 1988//1988 2090//2090 1927//1927
f 2036//2036 2089//2089 1873//1873
f 1928//1928 2036//2036 1873//1873
f 1989//1989 2036//2036 1928//1928
f 1926//1926 2036//2036 1989//1989
f 2091//2091 2092//2092 1874//1874
f 1988//1988 1927//1927 2043//2043
f 2096//2096 1874//1874 2092//2092
f 1990//1990 1928//1928 1929//1929
f 2041//2041 1995//1995 2093//2093
f 2041//2041 2045//2045 1994//1994
f 1995//1995 2041//2041 1992//1992
f 1993//1993 2093//2093 1995//1995
f 1874//1874 1991//1991 1807//1807
f 2046//2046 1990//1990 1929//1929
f 1992//1992 2041//2041 1994//1994
f 2042//2042 1993//1993 1991//1991
f 2045//2045 2156//2156 1994//1994
f 1930//1930 1991//1991 1993//1993
f 1809//1809 2153//2153 2043//2043
f 1994//1994 2052//2052 1992//1992
f 1992//1992 2052//2052 1931//1931
f 1929//1929 2050//2050 2100//2100
f 1811//1811 2098//2098 1878//1878
f 1994//1994 2048//2048 2052//2052
f 1996//1996 1878//1878 2098//2098
f 2221//2221 2050//2050 1733//1733
f 2054//2054 1997//1997 1935//1935
f 2000//2000 1932//1932 2052//2052
f 2052//2052 2101//2101 2000//2000
f 2221//2221 1733//1733 2103//2103
f 1997//1997 2053//2053 1935//1935
f 1999//1999 1932//1932 2000//2000
f 2055//2055 2054//2054 1934//1934
f 1934//1934 2054//2054 1935//1935
f 2000//2000 1933//1933 1999//1999
f 2001//2001 2223//2223 1880//1880
f 1998//1998 2223//2223 2103//2103
f 1935//1935 2053//2053 2056//2056
f 2002//2002 2104//2104 2055//2055
f 2003//2003 1933//1933 2000//2000
f 2006//2006 1935//1935 2056//2056
f 1936//1936 2055//2055 1934//1934
f 1936//1936 2002//2002 2055//2055
f 1938//1938 1933//1933 2003//2003
f 2001//2001 1939//1939 2003//2003
f 2058//2058 1937//1937 2004//2004
f 2165//2165 2006//2006 2056//2056
f 1940//1940 2058//2058 2004//2004
f 2109//2109 2006//2006 2165//2165
f 1940//1940 2007//2007 2058//2058
f 2005//2005 2006//2006 2109//2109
f 2005//2005 2109//2109 2059//2059
f 1945//1945 2008//2008 2007//2007
f 2010//2010 2009//2009 2110//2110
f 1947//1947 2010//2010 2008//2008
f 1947//1947 2011//2011 2010//2010
f 1822//1822 2009//2009 2010//2010
f 2011//2011 1822//1822 2010//2010
f 2013//2013 1951//1951 2012//2012
f 2016//2016 2015//2015 2014//2014
f 1956//1956 2111//2111 2061//2061
f 2111//2111 2114//2114 2061//2061
f 2015//2015 1903//1903 2014//2014
f 1959//1959 2015//2015 2016//2016
f 2017//2017 2112//2112 1899//1899
f 1963//1963 2111//2111 1956//1956
f 2062//2062 2063//2063 2018//2018
f 2111//2111 1963//1963 2115//2115
f 2064//2064 2017//2017 2019//2019
f 2063//2063 2065//2065 2018//2018
f 2018//2018 2065//2065 2020//2020
f 2115//2115 1964//1964 2022//2022
f 2021//2021 2068//2068 1907//1907
f 2021//2021 2117//2117 2068//2068
f 1909//1909 2118//2118 2021//2021
f 1907//1907 2068//2068 1971//1971
f 2070//2070 2023//2023 2020//2020
f 2023//2023 2070//2070 1974//1974
f 2022//2022 1973//1973 1971//1971
f 1976//1976 1977//1977 2026//2026
f 2025//2025 2024//2024 2027//2027
f 2025//2025 2074//2074 1975//1975
f 2074//2074 2073//2073 1975//1975
f 2026//2026 2075//2075 1915//1915
f 1978//1978 1977//1977 1914//1914
f 2027//2027 2024//2024 1916//1916
f 1917//1917 2080//2080 2027//2027
f 2080//2080 2025//2025 2027//2027
f 2075//2075 1980//1980 1915//1915
f 2125//2125 1980//1980 2075//2075
f 2178//2178 2132//2132 1863//1863
f 2029//2029 2178//2178 1863//1863
f 1980//1980 2125//2125 2078//2078
f 2133//2133 1866//1866 2132//2132
f 2031//2031 1982//1982 2081//2081
f 2082//2082 1919//1919 2133//2133
f 1983//1983 2086//2086 2182//2182
f 2032//2032 2085//2085 2185//2185
f 2032//2032 1718//1718 2085//2085
f 1984//1984 2138//2138 2033//2033
f 1985//1985 2189//2189 1984//1984
f 1985//1985 2032//2032 2189//2189
f 2138//2138 1984//1984 2141//2141
f 1984//1984 2189//2189 2141//2141
f 2034//2034 2143//2143 2142//2142
f 1986//1986 2194//2194 2143//2143
f 2035//2035 2194//2194 1986//1986
f 2197//2197 2194//2194 2035//2035
f 2036//2036 2088//2088 2198//2198
f 2260//2260 1872//1872 2089//2089
f 2198//2198 2089//2089 2036//2036
f 2088//2088 2036//2036 1926//1926
f 2091//2091 1872//1872 2260//2260
f 2144//2144 2038//2038 2201//2201
f 2038//2038 2144//2144 2037//2037
f 2147//2147 1988//1988 2095//2095
f 2039//2039 2045//2045 2040//2040
f 2095//2095 1988//1988 2043//2043
f 2038//2038 2037//2037 2044//2044
f 2045//2045 2039//2039 2151//2151
f 2097//2097 2038//2038 2044//2044
f 2041//2041 2040//2040 2045//2045
f 2093//2093 2040//2040 2041//2041
f 2042//2042 2093//2093 1993//1993
f 2045//2045 2151//2151 2156//2156
f 2096//2096 1991//1991 1874//1874
f 2043//2043 2153//2153 2095//2095
f 1929//1929 2100//2100 2046//2046
f 2217//2217 2098//2098 1811//1811
f 1809//1809 2047//2047 2153//2153
f 2049//2049 2044//2044 2154//2154
f 1994//1994 2156//2156 2048//2048
f 2097//2097 2044//2044 2049//2049
f 2211//2211 2097//2097 1997//1997
f 2047//2047 1996//1996 2098//2098
f 2053//2053 2097//2097 2049//2049
f 1997//1997 2097//2097 2053//2053
f 2211//2211 1997//1997 2054//2054
f 2212//2212 2211//2211 2054//2054
f 2051//2051 2212//2212 2054//2054
f 2048//2048 2101//2101 2052//2052
f 2055//2055 2051//2051 2054//2054
f 2051//2051 2055//2055 2104//2104
f 2101//2101 2003//2003 2000//2000
f 2101//2101 2273//2273 2003//2003
f 2053//2053 2102//2102 2056//2056
f 2001//2001 2003//2003 2273//2273
f 1937//1937 2057//2057 2002//2002
f 1937//1937 2058//2058 2057//2057
f 2058//2058 2007//2007 2060//2060
f 2059//2059 2109//2109 2107//2107
f 2107//2107 2166//2166 2059//2059
f 2166//2166 2110//2110 2009//2009
f 2008//2008 2110//2110 2060//2060
f 2007//2007 2008//2008 2060//2060
f 2009//2009 2059//2059 2166//2166
f 2008//2008 2010//2010 2110//2110
f 2114//2114 2063//2063 2061//2061
f 1899//1899 2112//2112 1961//1961
f 2112//2112 2017//2017 2064//2064
f 2114//2114 2065//2065 2063//2063
f 2112//2112 2064//2064 1961//1961
f 2115//2115 2022//2022 2067//2067
f 2065//2065 2066//2066 2020//2020
f 2231//2231 2228//2228 2067//2067
f 2231//2231 2067//2067 2022//2022
f 2069//2069 2231//2231 2022//2022
f 2117//2117 2069//2069 2068//2068
f 2022//2022 1971//1971 2069//2069
f 1971//1971 2068//2068 2069//2069
f 2117//2117 2021//2021 2118//2118
f 2073//2073 2173//2173 2118//2118
f 2024//2024 1974//1974 2070//2070
f 1977//1977 2120//2120 2026//2026
f 1978//1978 2120//2120 1977//1977
f 2072//2072 1978//1978 2121//2121
f 2173//2173 2073//2073 2074//2074
f 2070//2070 2076//2076 2024//2024
f 2122//2122 2075//2075 2026//2026
f 1978//1978 2028//2028 2121//2121
f 2024//2024 2076//2076 1916//1916
f 2028//2028 2127//2127 2121//2121
f 2124//2124 2123//2123 2128//2128
f 2128//2128 2074//2074 2080//2080
f 2077//2077 2124//2124 2128//2128
f 2076//2076 2130//2130 1982//1982
f 2074//2074 2025//2025 2080//2080
f 2178//2178 2029//2029 2247//2247
f 1982//1982 2130//2130 2079//2079
f 2077//2077 2128//2128 2080//2080
f 1983//1983 2247//2247 2029//2029
f 1982//1982 2079//2079 2081//2081
f 2132//2132 2250//2250 2133//2133
f 2134//2134 2080//2080 2031//2031
f 2077//2077 2080//2080 2134//2134
f 2031//2031 2081//2081 2083//2083
f 2084//2084 2085//2085 2082//2082
f 2031//2031 2083//2083 2134//2134
f 2185//2185 2085//2085 2084//2084
f 2086//2086 2253//2253 2182//2182
f 2086//2086 2033//2033 2138//2138
f 2087//2087 2142//2142 2140//2140
f 1987//1987 2142//2142 2087//2087
f 2035//2035 2090//2090 2197//2197
f 2091//2091 2260//2260 2200//2200
f 2090//2090 1988//1988 2147//2147
f 2144//2144 2150//2150 2037//2037
f 2201//2201 2038//2038 2094//2094
f 2040//2040 2203//2203 2039//2039
f 2203//2203 2040//2040 2148//2148
f 2039//2039 2146//2146 2151//2151
f 2094//2094 2038//2038 2097//2097
f 2204//2204 2094//2094 2209//2209
f 2040//2040 2093//2093 2148//2148
f 2037//2037 2150//2150 2154//2154
f 2154//2154 2044//2044 2037//2037
f 2209//2209 2094//2094 2097//2097
f 2157//2157 2148//2148 2093//2093
f 2210//2210 2155//2155 2151//2151
f 2157//2157 2152//2152 2148//2148
f 2093//2093 2042//2042 2157//2157
f 2156//2156 2151//2151 2155//2155
f 2157//2157 2042//2042 2158//2158
f 1991//1991 2158//2158 2042//2042
f 2096//2096 2158//2158 1991//1991
f 2211//2211 2209//2209 2097//2097
f 2153//2153 2047//2047 2314//2314
f 2049//2049 2154//2154 2161//2161
f 2048//2048 2156//2156 2215//2215
f 2048//2048 2213//2213 2099//2099
f 2100//2100 2217//2217 2046//2046
f 2047//2047 2098//2098 2216//2216
f 2216//2216 2314//2314 2047//2047
f 2217//2217 2100//2100 2220//2220
f 2098//2098 2217//2217 2216//2216
f 2159//2159 2101//2101 2099//2099
f 2101//2101 2048//2048 2099//2099
f 2101//2101 2159//2159 2162//2162
f 2050//2050 2221//2221 2100//2100
f 2102//2102 2049//2049 2161//2161
f 2049//2049 2102//2102 2053//2053
f 2104//2104 2105//2105 2051//2051
f 2273//2273 2101//2101 2162//2162
f 2001//2001 2273//2273 2223//2223
f 2002//2002 2106//2106 2104//2104
f 2104//2104 2106//2106 2105//2105
f 2056//2056 2102//2102 2164//2164
f 2165//2165 2056//2056 2164//2164
f 2106//2106 2002//2002 2057//2057
f 2107//2107 2165//2165 2163//2163
f 2108//2108 2106//2106 2057//2057
f 2057//2057 2058//2058 2108//2108
f 2109//2109 2165//2165 2107//2107
f 2058//2058 2060//2060 2108//2108
f 2166//2166 2108//2108 2110//2110
f 2108//2108 2060//2060 2110//2110
f 2113//2113 2114//2114 2111//2111
f 2111//2111 2115//2115 2113//2113
f 2113//2113 2115//2115 2116//2116
f 2113//2113 2065//2065 2114//2114
f 2115//2115 2067//2067 2116//2116
f 2113//2113 2116//2116 2065//2065
f 2167//2167 2065//2065 2116//2116
f 2067//2067 2167//2167 2116//2116
f 2167//2167 2067//2067 2228//2228
f 2069//2069 2071//2071 2231//2231
f 2117//2117 2119//2119 2069//2069
f 2071//2071 2069//2069 2119//2119
f 2071//2071 2119//2119 2283//2283
f 2118//2118 2173//2173 2117//2117
f 2117//2117 2173//2173 2119//2119
f 2280//2280 2120//2120 2072//2072
f 2283//2283 2119//2119 2173//2173
f 2171//2171 2169//2169 2072//2072
f 2171//2171 2072//2072 2121//2121
f 1978//1978 2072//2072 2120//2120
f 2122//2122 2026//2026 2120//2120
f 2121//2121 2243//2243 2171//2171
f 2074//2074 2174//2174 2173//2173
f 2070//2070 2126//2126 2076//2076
f 2122//2122 2125//2125 2075//2075
f 2175//2175 2123//2123 2124//2124
f 2125//2125 2122//2122 2176//2176
f 2243//2243 2121//2121 2127//2127
f 2174//2174 2074//2074 2128//2128
f 2123//2123 2174//2174 2128//2128
f 2175//2175 2124//2124 2131//2131
f 2176//2176 2129//2129 2125//2125
f 2076//2076 2126//2126 2130//2130
f 2078//2078 2129//2129 2127//2127
f 2243//2243 2127//2127 2129//2129
f 2078//2078 2125//2125 2129//2129
f 2077//2077 2246//2246 2124//2124
f 2246//2246 2131//2131 2124//2124
f 2178//2178 2247//2247 2248//2248
f 2079//2079 2130//2130 2181//2181
f 2178//2178 2250//2250 2132//2132
f 2135//2135 2079//2079 2181//2181
f 1983//1983 2182//2182 2247//2247
f 2134//2134 2246//2246 2077//2077
f 2083//2083 2079//2079 2135//2135
f 2079//2079 2083//2083 2081//2081
f 2250//2250 2084//2084 2133//2133
f 2246//2246 2134//2134 2136//2136
f 2133//2133 2084//2084 2082//2082
f 2083//2083 2139//2139 2134//2134
f 2136//2136 2134//2134 2139//2139
f 2083//2083 2135//2135 2191//2191
f 2185//2185 2137//2137 2032//2032
f 2253//2253 2086//2086 2138//2138
f 2191//2191 2135//2135 2188//2188
f 2139//2139 2083//2083 2191//2191
f 2253//2253 2138//2138 2190//2190
f 2138//2138 2141//2141 2140//2140
f 2190//2190 2138//2138 2140//2140
f 2193//2193 2141//2141 2189//2189
f 2139//2139 2191//2191 2192//2192
f 2190//2190 2140//2140 2142//2142
f 2143//2143 2190//2190 2142//2142
f 2140//2140 2141//2141 2088//2088
f 2087//2087 2140//2140 2088//2088
f 2197//2197 2090//2090 2147//2147
f 2197//2197 2147//2147 2308//2308
f 2201//2201 2199//2199 2144//2144
f 2205//2205 2144//2144 2199//2199
f 2308//2308 2147//2147 2208//2208
f 2092//2092 2091//2091 2200//2200
f 2144//2144 2205//2205 2150//2150
f 2146//2146 2145//2145 2202//2202
f 2039//2039 2145//2145 2146//2146
f 2094//2094 2204//2204 2201//2201
f 2146//2146 2202//2202 2206//2206
f 2207//2207 2203//2203 2149//2149
f 2203//2203 2148//2148 2149//2149
f 2208//2208 2147//2147 2095//2095
f 2151//2151 2146//2146 2206//2206
f 2148//2148 2152//2152 2149//2149
f 2151//2151 2206//2206 2210//2210
f 2157//2157 2099//2099 2152//2152
f 2219//2219 2158//2158 2096//2096
f 2266//2266 2209//2209 2214//2214
f 2214//2214 2209//2209 2211//2211
f 2219//2219 2160//2160 2158//2158
f 2215//2215 2156//2156 2155//2155
f 2157//2157 2159//2159 2099//2099
f 2158//2158 2160//2160 2157//2157
f 2213//2213 2048//2048 2215//2215
f 2160//2160 2159//2159 2157//2157
f 2267//2267 2212//2212 2272//2272
f 2160//2160 2162//2162 2159//2159
f 2216//2216 2217//2217 2218//2218
f 2272//2272 2212//2212 2051//2051
f 2270//2270 2160//2160 2219//2219
f 2220//2220 2100//2100 2221//2221
f 2160//2160 2273//2273 2162//2162
f 2270//2270 2273//2273 2160//2160
f 2221//2221 2103//2103 2271//2271
f 2102//2102 2161//2161 2222//2222
f 2051//2051 2105//2105 2272//2272
f 2163//2163 2224//2224 2272//2272
f 2105//2105 2163//2163 2272//2272
f 2163//2163 2165//2165 2164//2164
f 2166//2166 2163//2163 2105//2105
f 2106//2106 2166//2166 2105//2105
f 2166//2166 2107//2107 2163//2163
f 2166//2166 2106//2106 2108//2108
f 2065//2065 2167//2167 2066//2066
f 2229//2229 2228//2228 2231//2231
f 2066//2066 2070//2070 2020//2020
f 2280//2280 2169//2169 2230//2230
f 2281//2281 2169//2169 2171//2171
f 2072//2072 2169//2169 2280//2280
f 2332//2332 2231//2231 2283//2283
f 2231//2231 2071//2071 2283//2283
f 2120//2120 2280//2280 2122//2122
f 2233//2233 2168//2168 2234//2234
f 2238//2238 2233//2233 2234//2234
f 2243//2243 2333//2333 2171//2171
f 2236//2236 2233//2233 2238//2238
f 2070//2070 2172//2172 2126//2126
f 2126//2126 2172//2172 2239//2239
f 2283//2283 2173//2173 2174//2174
f 2283//2283 2174//2174 2289//2289
f 2174//2174 2123//2123 2240//2240
f 2244//2244 2289//2289 2174//2174
f 2244//2244 2174//2174 2240//2240
f 2176//2176 2242//2242 2129//2129
f 2243//2243 2129//2129 2242//2242
f 2131//2131 2177//2177 2175//2175
f 2177//2177 2131//2131 2292//2292
f 2131//2131 2246//2246 2292//2292
f 2250//2250 2178//2178 2248//2248
f 2252//2252 2179//2179 2183//2183
f 2182//2182 2180//2180 2247//2247
f 2179//2179 2251//2251 2183//2183
f 2183//2183 2184//2184 2252//2252
f 2182//2182 2253//2253 2180//2180
f 2181//2181 2187//2187 2135//2135
f 2251//2251 2256//2256 2183//2183
f 2184//2184 2084//2084 2250//2250
f 2084//2084 2184//2184 2185//2185
f 2139//2139 2355//2355 2136//2136
f 2299//2299 2136//2136 2355//2355
f 2184//2184 2183//2183 2258//2258
f 2185//2185 2184//2184 2258//2258
f 2183//2183 2256//2256 2186//2186
f 2258//2258 2183//2183 2186//2186
f 2135//2135 2187//2187 2188//2188
f 2185//2185 2258//2258 2137//2137
f 2187//2187 2196//2196 2188//2188
f 2301//2301 2253//2253 2190//2190
f 2137//2137 2189//2189 2032//2032
f 2192//2192 2355//2355 2139//2139
f 2305//2305 2189//2189 2137//2137
f 2259//2259 2189//2189 2305//2305
f 2259//2259 2193//2193 2189//2189
f 2301//2301 2190//2190 2194//2194
f 2188//2188 2196//2196 2191//2191
f 2143//2143 2194//2194 2190//2190
f 2196//2196 2301//2301 2194//2194
f 2195//2195 2191//2191 2196//2196
f 2195//2195 2192//2192 2191//2191
f 2198//2198 2259//2259 2307//2307
f 2193//2193 2259//2259 2198//2198
f 2141//2141 2193//2193 2088//2088
f 2196//2196 2194//2194 2195//2195
f 2195//2195 2194//2194 2197//2197
f 2192//2192 2195//2195 2306//2306
f 2088//2088 2193//2193 2198//2198
f 2307//2307 2260//2260 2198//2198
f 2195//2195 2197//2197 2308//2308
f 2198//2198 2260//2260 2089//2089
f 2201//2201 2204//2204 2199//2199
f 2145//2145 2039//2039 2203//2203
f 2199//2199 2264//2264 2205//2205
f 2261//2261 2206//2206 2202//2202
f 2203//2203 2207//2207 2145//2145
f 2207//2207 2261//2261 2145//2145
f 2092//2092 2265//2265 2096//2096
f 2205//2205 2154//2154 2150//2150
f 2264//2264 2199//2199 2204//2204
f 2210//2210 2206//2206 2261//2261
f 2095//2095 2153//2153 2208//2208
f 2262//2262 2214//2214 2263//2263
f 2311//2311 2207//2207 2149//2149
f 2205//2205 2268//2268 2154//2154
f 2264//2264 2204//2204 2266//2266
f 2263//2263 2214//2214 2211//2211
f 2212//2212 2263//2263 2211//2211
f 2213//2213 2311//2311 2149//2149
f 2152//2152 2213//2213 2149//2149
f 2268//2268 2161//2161 2154//2154
f 2209//2209 2266//2266 2204//2204
f 2262//2262 2312//2312 2214//2214
f 2210//2210 2313//2313 2155//2155
f 2267//2267 2263//2263 2212//2212
f 2214//2214 2312//2312 2266//2266
f 2099//2099 2213//2213 2152//2152
f 2317//2317 2155//2155 2313//2313
f 2362//2362 2213//2213 2215//2215
f 2215//2215 2155//2155 2317//2317
f 2216//2216 2315//2315 2314//2314
f 2217//2217 2220//2220 2218//2218
f 2218//2218 2315//2315 2216//2216
f 2268//2268 2222//2222 2161//2161
f 2220//2220 2221//2221 2318//2318
f 2223//2223 2366//2366 2271//2271
f 2273//2273 2366//2366 2223//2223
f 2103//2103 2223//2223 2271//2271
f 2102//2102 2222//2222 2164//2164
f 2222//2222 2224//2224 2164//2164
f 2163//2163 2164//2164 2224//2224
f 2225//2225 2226//2226 2320//2320
f 2274//2274 2226//2226 2225//2225
f 2227//2227 2226//2226 2274//2274
f 2274//2274 2277//2277 2227//2227
f 2320//2320 2226//2226 2275//2275
f 2278//2278 2227//2227 2277//2277
f 2226//2226 2227//2227 2278//2278
f 2275//2275 2226//2226 2278//2278
f 2228//2228 2276//2276 2167//2167
f 2167//2167 2276//2276 2066//2066
f 2324//2324 2168//2168 2278//2278
f 2233//2233 2278//2278 2168//2168
f 2233//2233 2275//2275 2278//2278
f 2325//2325 2229//2229 2231//2231
f 2281//2281 2230//2230 2169//2169
f 2168//2168 2324//2324 2170//2170
f 2170//2170 2324//2324 2232//2232
f 2323//2323 2275//2275 2233//2233
f 2070//2070 2066//2066 2276//2276
f 2281//2281 2171//2171 2327//2327
f 2168//2168 2170//2170 2234//2234
f 2332//2332 2325//2325 2231//2231
f 2234//2234 2170//2170 2232//2232
f 2235//2235 2323//2323 2233//2233
f 2335//2335 2122//2122 2280//2280
f 2333//2333 2327//2327 2171//2171
f 2282//2282 2234//2234 2232//2232
f 2371//2371 2323//2323 2235//2235
f 2233//2233 2236//2236 2235//2235
f 2284//2284 2235//2235 2236//2236
f 2234//2234 2334//2334 2238//2238
f 2288//2288 2333//2333 2243//2243
f 2335//2335 2176//2176 2122//2122
f 2334//2334 2337//2337 2238//2238
f 2237//2237 2239//2239 2172//2172
f 2284//2284 2236//2236 2287//2287
f 2287//2287 2236//2236 2241//2241
f 2237//2237 2285//2285 2239//2239
f 2338//2338 2238//2238 2337//2337
f 2236//2236 2238//2238 2338//2338
f 2240//2240 2123//2123 2175//2175
f 2338//2338 2241//2241 2236//2236
f 2239//2239 2245//2245 2126//2126
f 2175//2175 2177//2177 2240//2240
f 2288//2288 2243//2243 2339//2339
f 2126//2126 2245//2245 2130//2130
f 2241//2241 2179//2179 2287//2287
f 2293//2293 2287//2287 2179//2179
f 2240//2240 2177//2177 2244//2244
f 2241//2241 2338//2338 2179//2179
f 2130//2130 2245//2245 2181//2181
f 2177//2177 2292//2292 2244//2244
f 2179//2179 2338//2338 2294//2294
f 2294//2294 2251//2251 2179//2179
f 2252//2252 2293//2293 2179//2179
f 2248//2248 2298//2298 2250//2250
f 2292//2292 2246//2246 2296//2296
f 2294//2294 2249//2249 2251//2251
f 2298//2298 2297//2297 2250//2250
f 2181//2181 2342//2342 2187//2187
f 2246//2246 2136//2136 2296//2296
f 2344//2344 2252//2252 2184//2184
f 2297//2297 2184//2184 2250//2250
f 2296//2296 2136//2136 2299//2299
f 2297//2297 2344//2344 2184//2184
f 2300//2300 2254//2254 2257//2257
f 2257//2257 2254//2254 2255//2255
f 2251//2251 2300//2300 2256//2256
f 2300//2300 2257//2257 2256//2256
f 2257//2257 2303//2303 2256//2256
f 2256//2256 2303//2303 2186//2186
f 2187//2187 2301//2301 2196//2196
f 2258//2258 2186//2186 2356//2356
f 2258//2258 2356//2356 2137//2137
f 2186//2186 2303//2303 2304//2304
f 2356//2356 2186//2186 2304//2304
f 2137//2137 2356//2356 2354//2354
f 2412//2412 2355//2355 2192//2192
f 2259//2259 2397//2397 2307//2307
f 2195//2195 2308//2308 2306//2306
f 2260//2260 2413//2413 2200//2200
f 2308//2308 2208//2208 2357//2357
f 2358//2358 2357//2357 2208//2208
f 2261//2261 2202//2202 2145//2145
f 2092//2092 2200//2200 2265//2265
f 2262//2262 2263//2263 2309//2309
f 2207//2207 2311//2311 2310//2310
f 2208//2208 2153//2153 2358//2358
f 2264//2264 2268//2268 2205//2205
f 2267//2267 2309//2309 2263//2263
f 2309//2309 2267//2267 2316//2316
f 2265//2265 2219//2219 2096//2096
f 2314//2314 2360//2360 2358//2358
f 2153//2153 2314//2314 2358//2358
f 2264//2264 2266//2266 2269//2269
f 2269//2269 2268//2268 2264//2264
f 2312//2312 2269//2269 2266//2266
f 2215//2215 2317//2317 2362//2362
f 2316//2316 2267//2267 2272//2272
f 2272//2272 2224//2224 2316//2316
f 2269//2269 2222//2222 2268//2268
f 2318//2318 2218//2218 2220//2220
f 2318//2318 2221//2221 2271//2271
f 2270//2270 2366//2366 2273//2273
f 2366//2366 2319//2319 2271//2271
f 2276//2276 2228//2228 2279//2279
f 2279//2279 2228//2228 2229//2229
f 2325//2325 2279//2279 2229//2229
f 2277//2277 2321//2321 2324//2324
f 2277//2277 2324//2324 2278//2278
f 2281//2281 2327//2327 2230//2230
f 2276//2276 2172//2172 2070//2070
f 2326//2326 2172//2172 2276//2276
f 2232//2232 2369//2369 2282//2282
f 2230//2230 2335//2335 2280//2280
f 2330//2330 2335//2335 2230//2230
f 2401//2401 2235//2235 2284//2284
f 2401//2401 2284//2284 2329//2329
f 2333//2333 2330//2330 2327//2327
f 2374//2374 2330//2330 2333//2333
f 2234//2234 2282//2282 2334//2334
f 2341//2341 2329//2329 2284//2284
f 2283//2283 2289//2289 2332//2332
f 2289//2289 2286//2286 2328//2328
f 2341//2341 2284//2284 2287//2287
f 2286//2286 2285//2285 2237//2237
f 2285//2285 2290//2290 2239//2239
f 2289//2289 2285//2285 2286//2286
f 2339//2339 2243//2243 2242//2242
f 2287//2287 2293//2293 2341//2341
f 2245//2245 2239//2239 2290//2290
f 2289//2289 2291//2291 2285//2285
f 2285//2285 2291//2291 2290//2290
f 2244//2244 2291//2291 2289//2289
f 2343//2343 2245//2245 2378//2378
f 2290//2290 2378//2378 2245//2245
f 2292//2292 2291//2291 2244//2244
f 2291//2291 2295//2295 2290//2290
f 2292//2292 2296//2296 2291//2291
f 2181//2181 2245//2245 2342//2342
f 2291//2291 2296//2296 2295//2295
f 2296//2296 2299//2299 2295//2295
f 2247//2247 2180//2180 2386//2386
f 2248//2248 2247//2247 2386//2386
f 2344//2344 2297//2297 2347//2347
f 2297//2297 2298//2298 2347//2347
f 2249//2249 2349//2349 2300//2300
f 2249//2249 2300//2300 2251//2251
f 2253//2253 2348//2348 2180//2180
f 2255//2255 2254//2254 2351//2351
f 2255//2255 2351//2351 2302//2302
f 2255//2255 2302//2302 2257//2257
f 2257//2257 2302//2302 2352//2352
f 2257//2257 2352//2352 2303//2303
f 2137//2137 2354//2354 2305//2305
f 2397//2397 2424//2424 2307//2307
f 2306//2306 2412//2412 2192//2192
f 2200//2200 2413//2413 2398//2398
f 2265//2265 2200//2200 2398//2398
f 2359//2359 2261//2261 2207//2207
f 2261//2261 2359//2359 2210//2210
f 2310//2310 2359//2359 2207//2207
f 2313//2313 2210//2210 2359//2359
f 2311//2311 2213//2213 2362//2362
f 2363//2363 2361//2361 2312//2312
f 2265//2265 2364//2364 2219//2219
f 2218//2218 2431//2431 2315//2315
f 2361//2361 2222//2222 2312//2312
f 2316//2316 2224//2224 2361//2361
f 2318//2318 2417//2417 2431//2431
f 2312//2312 2222//2222 2269//2269
f 2364//2364 2270//2270 2219//2219
f 2417//2417 2318//2318 2271//2271
f 2218//2218 2318//2318 2431//2431
f 2224//2224 2222//2222 2361//2361
f 2364//2364 2365//2365 2366//2366
f 2366//2366 2270//2270 2364//2364
f 2367//2367 2274//2274 2225//2225
f 2225//2225 2320//2320 2367//2367
f 2277//2277 2274//2274 2321//2321
f 2367//2367 2321//2321 2274//2274
f 2367//2367 2320//2320 2322//2322
f 2322//2322 2321//2321 2367//2367
f 2320//2320 2275//2275 2322//2322
f 2322//2322 2368//2368 2321//2321
f 2368//2368 2322//2322 2275//2275
f 2279//2279 2326//2326 2276//2276
f 2325//2325 2370//2370 2279//2279
f 2369//2369 2321//2321 2368//2368
f 2279//2279 2370//2370 2326//2326
f 2369//2369 2232//2232 2324//2324
f 2321//2321 2369//2369 2324//2324
f 2323//2323 2368//2368 2275//2275
f 2328//2328 2370//2370 2325//2325
f 2368//2368 2323//2323 2331//2331
f 2327//2327 2330//2330 2230//2230
f 2368//2368 2282//2282 2369//2369
f 2325//2325 2332//2332 2328//2328
f 2331//2331 2282//2282 2368//2368
f 2331//2331 2323//2323 2371//2371
f 2235//2235 2401//2401 2371//2371
f 2326//2326 2372//2372 2172//2172
f 2331//2331 2336//2336 2282//2282
f 2331//2331 2371//2371 2402//2402
f 2372//2372 2237//2237 2172//2172
f 2374//2374 2335//2335 2330//2330
f 2336//2336 2334//2334 2282//2282
f 2286//2286 2237//2237 2372//2372
f 2289//2289 2328//2328 2332//2332
f 2328//2328 2286//2286 2372//2372
f 2333//2333 2288//2288 2374//2374
f 2374//2374 2176//2176 2335//2335
f 2336//2336 2337//2337 2334//2334
f 2373//2373 2340//2340 2336//2336
f 2340//2340 2337//2337 2336//2336
f 2339//2339 2242//2242 2176//2176
f 2376//2376 2403//2403 2341//2341
f 2288//2288 2339//2339 2374//2374
f 2338//2338 2337//2337 2340//2340
f 2375//2375 2382//2382 2340//2340
f 2294//2294 2338//2338 2340//2340
f 2340//2340 2382//2382 2294//2294
f 2341//2341 2293//2293 2376//2376
f 2245//2245 2343//2343 2342//2342
f 2295//2295 2378//2378 2290//2290
f 2382//2382 2249//2249 2294//2294
f 2293//2293 2344//2344 2376//2376
f 2378//2378 2295//2295 2350//2350
f 2376//2376 2344//2344 2381//2381
f 2293//2293 2252//2252 2344//2344
f 2298//2298 2248//2248 2385//2385
f 2343//2343 2345//2345 2342//2342
f 2382//2382 2349//2349 2249//2249
f 2389//2389 2381//2381 2344//2344
f 2386//2386 2385//2385 2248//2248
f 2180//2180 2348//2348 2386//2386
f 2295//2295 2299//2299 2350//2350
f 2254//2254 2383//2383 2351//2351
f 2383//2383 2254//2254 2346//2346
f 2300//2300 2346//2346 2254//2254
f 2346//2346 2300//2300 2349//2349
f 2347//2347 2389//2389 2344//2344
f 2298//2298 2385//2385 2347//2347
f 2351//2351 2383//2383 2387//2387
f 2384//2384 2389//2389 2347//2347
f 2385//2385 2384//2384 2347//2347
f 2299//2299 2355//2355 2396//2396
f 2350//2350 2299//2299 2396//2396
f 2351//2351 2387//2387 2411//2411
f 2351//2351 2411//2411 2302//2302
f 2302//2302 2410//2410 2352//2352
f 2391//2391 2353//2353 2304//2304
f 2355//2355 2412//2412 2396//2396
f 2356//2356 2304//2304 2353//2353
f 2354//2354 2395//2395 2305//2305
f 2395//2395 2394//2394 2397//2397
f 2391//2391 2303//2303 2352//2352
f 2304//2304 2303//2303 2391//2391
f 2354//2354 2356//2356 2353//2353
f 2397//2397 2259//2259 2395//2395
f 2259//2259 2305//2305 2395//2395
f 2397//2397 2428//2428 2424//2424
f 2307//2307 2424//2424 2413//2413
f 2260//2260 2307//2307 2413//2413
f 2306//2306 2308//2308 2357//2357
f 2414//2414 2357//2357 2358//2358
f 2398//2398 2415//2415 2265//2265
f 2262//2262 2309//2309 2363//2363
f 2262//2262 2363//2363 2312//2312
f 2310//2310 2399//2399 2359//2359
f 2265//2265 2415//2415 2364//2364
f 2309//2309 2316//2316 2363//2363
f 2310//2310 2311//2311 2399//2399
f 2415//2415 2416//2416 2364//2364
f 2399//2399 2313//2313 2359//2359
f 2316//2316 2361//2361 2363//2363
f 2399//2399 2311//2311 2362//2362
f 2400//2400 2360//2360 2314//2314
f 2317//2317 2313//2313 2399//2399
f 2362//2362 2317//2317 2399//2399
f 2314//2314 2315//2315 2400//2400
f 2416//2416 2365//2365 2364//2364
f 2319//2319 2417//2417 2271//2271
f 2319//2319 2366//2366 2365//2365
f 2370//2370 2372//2372 2326//2326
f 2371//2371 2401//2401 2402//2402
f 2370//2370 2328//2328 2372//2372
f 2402//2402 2336//2336 2331//2331
f 2329//2329 2341//2341 2403//2403
f 2402//2402 2373//2373 2336//2336
f 2176//2176 2374//2374 2339//2339
f 2375//2375 2340//2340 2373//2373
f 2376//2376 2377//2377 2403//2403
f 2377//2377 2382//2382 2375//2375
f 2376//2376 2381//2381 2377//2377
f 2380//2380 2404//2404 2379//2379
f 2378//2378 2421//2421 2343//2343
f 2350//2350 2421//2421 2378//2378
f 2383//2383 2380//2380 2379//2379
f 2377//2377 2392//2392 2382//2382
f 2381//2381 2392//2392 2377//2377
f 2350//2350 2396//2396 2421//2421
f 2405//2405 2383//2383 2346//2346
f 2390//2390 2385//2385 2386//2386
f 2406//2406 2386//2386 2348//2348
f 2421//2421 2345//2345 2343//2343
f 2404//2404 2407//2407 2379//2379
f 2407//2407 2387//2387 2379//2379
f 2379//2379 2387//2387 2383//2383
f 2381//2381 2388//2388 2392//2392
f 2384//2384 2385//2385 2390//2390
f 2342//2342 2345//2345 2420//2420
f 2349//2349 2409//2409 2346//2346
f 2349//2349 2382//2382 2392//2392
f 2389//2389 2388//2388 2381//2381
f 2386//2386 2394//2394 2390//2390
f 2406//2406 2394//2394 2386//2386
f 2301//2301 2348//2348 2253//2253
f 2301//2301 2342//2342 2420//2420
f 2408//2408 2387//2387 2407//2407
f 2392//2392 2391//2391 2349//2349
f 2393//2393 2388//2388 2389//2389
f 2384//2384 2393//2393 2389//2389
f 2420//2420 2348//2348 2301//2301
f 2187//2187 2342//2342 2301//2301
f 2408//2408 2411//2411 2387//2387
f 2349//2349 2391//2391 2409//2409
f 2390//2390 2393//2393 2384//2384
f 2388//2388 2353//2353 2392//2392
f 2353//2353 2391//2391 2392//2392
f 2393//2393 2353//2353 2388//2388
f 2395//2395 2393//2393 2390//2390
f 2302//2302 2411//2411 2410//2410
f 2410//2410 2409//2409 2352//2352
f 2391//2391 2352//2352 2409//2409
f 2354//2354 2353//2353 2393//2393
f 2395//2395 2354//2354 2393//2393
f 2390//2390 2394//2394 2395//2395
f 2394//2394 2428//2428 2397//2397
f 2412//2412 2306//2306 2440//2440
f 2436//2436 2306//2306 2357//2357
f 2414//2414 2358//2358 2360//2360
f 2415//2415 2398//2398 2425//2425
f 2400//2400 2315//2315 2431//2431
f 2365//2365 2443//2443 2319//2319
f 2319//2319 2443//2443 2417//2417
f 2329//2329 2418//2418 2401//2401
f 2418//2418 2402//2402 2401//2401
f 2373//2373 2402//2402 2418//2418
f 2329//2329 2403//2403 2418//2418
f 2373//2373 2403//2403 2375//2375
f 2377//2377 2375//2375 2403//2403
f 2419//2419 2404//2404 2380//2380
f 2380//2380 2383//2383 2405//2405
f 2407//2407 2404//2404 2419//2419
f 2419//2419 2380//2380 2408//2408
f 2405//2405 2408//2408 2380//2380
f 2433//2433 2348//2348 2426//2426
f 2405//2405 2422//2422 2408//2408
f 2433//2433 2406//2406 2348//2348
f 2420//2420 2426//2426 2348//2348
f 2346//2346 2422//2422 2405//2405
f 2346//2346 2410//2410 2422//2422
f 2410//2410 2346//2346 2409//2409
f 2411//2411 2408//2408 2422//2422
f 2410//2410 2411//2411 2422//2422
f 2423//2423 2421//2421 2396//2396
f 2412//2412 2423//2423 2396//2396
f 2306//2306 2436//2436 2440//2440
f 2398//2398 2413//2413 2429//2429
f 2357//2357 2414//2414 2436//2436
f 2400//2400 2414//2414 2360//2360
f 2415//2415 2425//2425 2416//2416
f 2416//2416 2430//2430 2365//2365
f 2443//2443 2365//2365 2430//2430
f 2417//2417 2437//2437 2431//2431
f 2403//2403 2373//2373 2418//2418
f 2408//2408 2407//2407 2419//2419
f 2420//2420 2427//2427 2426//2426
f 2420//2420 2345//2345 2421//2421
f 2438//2438 2406//2406 2433//2433
f 2406//2406 2438//2438 2428//2428
f 2406//2406 2428//2428 2394//2394
f 2424//2424 2435//2435 2429//2429
f 2413//2413 2424//2424 2429//2429
f 2429//2429 2453//2453 2398//2398
f 2442//2442 2436//2436 2414//2414
f 2425//2425 2398//2398 2453//2453
f 2441//2441 2430//2430 2425//2425
f 2414//2414 2400//2400 2444//2444
f 2416//2416 2425//2425 2430//2430
f 2417//2417 2443//2443 2437//2437
f 2420//2420 2421//2421 2427//2427
f 2438//2438 2449//2449 2428//2428
f 2421//2421 2423//2423 2439//2439
f 2428//2428 2435//2435 2424//2424
f 2444//2444 2442//2442 2414//2414
f 2444//2444 2400//2400 2446//2446
f 2445//2445 2446//2446 2400//2400
f 2437//2437 2445//2445 2431//2431
f 2445//2445 2400//2400 2431//2431
f 2448//2448 2433//2433 2426//2426
f 2426//2426 2432//2432 2455//2455
f 2426//2426 2427//2427 2432//2432
f 2439//2439 2427//2427 2421//2421
f 2449//2449 2434//2434 2428//2428
f 2435//2435 2428//2428 2434//2434
f 2451//2451 2423//2423 2440//2440
f 2423//2423 2412//2412 2440//2440
f 2429//2429 2435//2435 2458//2458
f 2429//2429 2458//2458 2453//2453
f 2453//2453 2441//2441 2425//2425
f 2448//2448 2455//2455 2447//2447
f 2455//2455 2448//2448 2426//2426
f 2448//2448 2456//2456 2449//2449
f 2448//2448 2449//2449 2438//2438
f 2433//2433 2448//2448 2438//2438
f 2427//2427 2439//2439 2450//2450
f 2451//2451 2439//2439 2423//2423
f 2434//2434 2458//2458 2435//2435
f 2440//2440 2436//2436 2452//2452
f 2436//2436 2442//2442 2452//2452
f 2444//2444 2466//2466 2442//2442
f 2443//2443 2441//2441 2459//2459
f 2459//2459 2460//2460 2443//2443
f 2430//2430 2441//2441 2443//2443
f 2437//2437 2443//2443 2460//2460
f 2437//2437 2460//2460 2445//2445
f 2456//2456 2448//2448 2447//2447
f 2432//2432 2462//2462 2455//2455
f 2462//2462 2432//2432 2450//2450
f 2427//2427 2450//2450 2432//2432
f 2457//2457 2458//2458 2434//2434
f 2459//2459 2453//2453 2458//2458
f 2459//2459 2441//2441 2453//2453
f 2466//2466 2452//2452 2442//2442
f 2444//2444 2454//2454 2466//2466
f 2444//2444 2446//2446 2454//2454
f 2456//2456 2447//2447 2461//2461
f 2447//2447 2455//2455 2461//2461
f 2456//2456 2467//2467 2449//2449
f 2467//2467 2470//2470 2449//2449
f 2470//2470 2463//2463 2449//2449
f 2449//2449 2463//2463 2434//2434
f 2439//2439 2465//2465 2450//2450
f 2465//2465 2439//2439 2451//2451
f 2463//2463 2457//2457 2434//2434
f 2476//2476 2465//2465 2451//2451
f 2451//2451 2440//2440 2476//2476
f 2440//2440 2452//2452 2476//2476
f 2475//2475 2459//2459 2458//2458
f 2452//2452 2478//2478 2476//2476
f 2478//2478 2452//2452 2466//2466
f 2446//2446 2482//2482 2454//2454
f 2482//2482 2446//2446 2480//2480
f 2446//2446 2445//2445 2480//2480
f 2445//2445 2460//2460 2480//2480
f 2467//2467 2456//2456 2468//2468
f 2461//2461 2468//2468 2456//2456
f 2462//2462 2461//2461 2455//2455
f 2462//2462 2468//2468 2461//2461
f 2474//2474 2469//2469 2462//2462
f 2450//2450 2474//2474 2462//2462
f 2450//2450 2464//2464 2474//2474
f 2465//2465 2464//2464 2450//2450
f 2457//2457 2475//2475 2458//2458
f 2459//2459 2475//2475 2477//2477
f 2466//2466 2454//2454 2478//2478
f 2459//2459 2477//2477 2460//2460
f 2482//2482 2479//2479 2454//2454
f 2482//2482 2480//2480 2481//2481
f 2467//2467 2468//2468 2483//2483
f 2470//2470 2467//2467 2483//2483
f 2468//2468 2462//2462 2469//2469
f 2468//2468 2471//2471 2483//2483
f 2469//2469 2471//2471 2468//2468
f 2483//2483 2472//2472 2470//2470
f 2469//2469 2474//2474 2471//2471
f 2484//2484 2471//2471 2473//2473
f 2470//2470 2472//2472 2463//2463
f 2474//2474 2473//2473 2471//2471
f 2464//2464 2473//2473 2474//2474
f 2457//2457 2463//2463 2472//2472
f 2491//2491 2473//2473 2488//2488
f 2464//2464 2488//2488 2473//2473
f 2472//2472 2475//2475 2457//2457
f 2472//2472 2489//2489 2475//2475
f 2487//2487 2488//2488 2464//2464
f 2465//2465 2487//2487 2464//2464
f 2487//2487 2465//2465 2476//2476
f 2490//2490 2487//2487 2478//2478
f 2476//2476 2478//2478 2487//2487
f 2489//2489 2477//2477 2475//2475
f 2490//2490 2478//2478 2479//2479
f 2477//2477 2480//2480 2460//2460
f 2478//2478 2454//2454 2479//2479
f 2479//2479 2482//2482 2481//2481
f 2471//2471 2484//2484 2483//2483
f 2472//2472 2483//2483 2485//2485
f 2484//2484 2485//2485 2483//2483
f 2484//2484 2486//2486 2485//2485
f 2484//2484 2473//2473 2491//2491
f 2485//2485 2489//2489 2472//2472
f 2486//2486 2489//2489 2485//2485
f 2491//2491 2486//2486 2484//2484
f 2488//2488 2490//2490 2491//2491
f 2487//2487 2490//2490 2488//2488
f 2492//2492 2489//2489 2486//2486
f 2491//2491 2492//2492 2486//2486
f 2492//2492 2477//2477 2489//2489
f 2491//2491 2481//2481 2492//2492
f 2490//2490 2481//2481 2491//2491
f 2479//2479 2481//2481 2490//2490
f 2480//2480 2477//2477 2492//2492
f 2481//2481 2480//2480 2492//2492
# 5000 faces, 0 coords texture

# End of File
