####
#
# OBJ File Generated by Meshlab
#
####
# Object liver.obj
#
# Vertices: 4962
# Faces: 10000
#
####
vn -0.1412342 -0.5721223 -0.8079164
v -117.3875198 65.8458023 1536.7998047
vn 0.6371261 -0.3499571 -0.6867318
v -114.8782578 67.0601501 1537.7772217
vn -0.0748405 -0.1429788 -0.9868921
v -117.7106400 69.0190964 1536.3580322
vn -0.6291256 -0.3551540 -0.6914236
v -121.0408936 70.3267288 1537.6536865
vn -0.3848195 -0.1047790 -0.9170253
v -122.6208878 76.7501602 1537.0780029
vn 0.4336511 -0.2118321 -0.8758276
v -113.3360291 73.5739594 1536.9077148
vn 0.6993217 -0.2872523 -0.6545497
v -111.4677963 75.4728012 1537.6430664
vn 0.3738247 -0.1759216 -0.9106628
v -111.6952362 78.4916382 1536.4628906
vn 0.0799075 -0.0856114 -0.9931191
v -116.0854797 74.2330704 1535.9002686
vn -0.1210265 -0.0096349 -0.9926025
v -117.2074203 75.5306015 1536.0139160
vn -0.7011875 -0.1217332 -0.7025077
v -125.0117416 85.2266083 1537.7761230
vn 0.3580929 -0.1167322 -0.9263601
v -109.5616150 86.6863327 1536.2376709
vn 0.4696961 -0.0848786 -0.8787385
v -107.3755875 92.7504730 1536.1735840
vn -0.3540611 -0.0643784 -0.9330039
v -124.1567688 87.9140320 1536.8968506
vn 0.0939545 0.0631244 -0.9935733
v -111.5995712 100.0304947 1535.8585205
vn -0.4151518 -0.0638294 -0.9075102
v -126.1874771 98.7671127 1537.1032715
vn 0.2085453 0.0414744 -0.9771329
v -108.5842438 95.6022491 1535.8459473
vn 0.1225208 0.1408203 -0.9824247
v -113.7151642 104.7711945 1536.0516357
vn 0.1248257 0.1311056 -0.9834785
v -109.9785614 105.0883560 1536.7498779
vn 0.4865944 0.0298681 -0.8731173
v -106.3120117 103.1394730 1537.5178223
vn -0.0553187 -0.0192112 -0.9982839
v -122.3197784 108.5645370 1536.0908203
vn 0.1580328 -0.1005513 -0.9823009
v -106.7444153 109.9988174 1537.0471191
vn 0.5794644 -0.0864041 -0.8104045
v -105.4529724 106.9818802 1537.6369629
vn 0.3564482 0.1620251 -0.9201590
v -114.7063751 107.9818954 1536.3502197
vn 0.6004332 -0.1705492 -0.7812765
v -104.7585144 110.9793854 1537.6638184
vn 0.2913634 -0.8875306 -0.3569269
v -112.6753845 110.6407700 1537.9034424
vn 0.1441063 -0.1696576 -0.9749101
v -114.5895386 111.9541168 1536.2092285
vn -0.0691310 -0.4980089 -0.8644120
v -111.1140900 111.2689896 1536.8272705
vn 0.0662453 -0.1663236 -0.9838435
v -109.3671570 113.6209564 1536.1820068
vn -0.5988131 -0.0275238 -0.8004158
v -127.6270905 111.2482376 1536.7026367
vn -0.4690527 0.1219576 -0.8747091
v -126.1917114 120.2329178 1536.5650635
vn 0.4061966 -0.1456116 -0.9021096
v -104.6835709 114.9733810 1536.8167725
vn 0.0049682 -0.0390509 -0.9992249
v -115.4714127 115.0332718 1535.8525391
vn -0.2248656 0.0041280 -0.9743811
v -126.6458893 112.2184525 1536.3404541
vn -0.1300266 0.0701490 -0.9890259
v -120.0989456 129.9682770 1536.0993652
vn -0.4303493 0.1784568 -0.8848462
v -124.2434769 126.5206146 1536.6456299
vn 0.3603423 -0.0740566 -0.9298759
v -102.8605499 126.2141571 1536.2545166
vn 0.1235054 -0.0536933 -0.9908903
v -107.3777161 117.9906082 1535.9017334
vn 0.1749619 0.0094048 -0.9845303
v -103.6384583 131.2865601 1535.9726562
vn 0.6031021 -0.0068579 -0.7976345
v -101.9736862 129.9525452 1536.5762939
vn 0.4966448 0.0664469 -0.8654067
v -102.3398666 134.1604462 1536.4614258
vn 0.8391549 -0.0103981 -0.5437932
v -101.3640442 130.1600494 1537.3830566
vn -0.3818532 0.2560687 -0.8880411
v -118.2021179 137.2985687 1536.6563721
vn 0.5085441 0.1173673 -0.8529993
v -102.6993637 145.2034912 1537.4519043
vn -0.1779048 0.4093797 -0.8948509
v -108.0256195 148.3076782 1536.4166260
vn -0.5267875 0.4214065 -0.7381813
v -116.8422928 140.3680115 1537.1575928
vn 0.2673733 0.2669399 -0.9258805
v -105.4921417 148.6371918 1536.8253174
vn -0.4877030 0.5101506 -0.7084436
v -110.2377853 147.4137421 1537.0551758
vn 0.0017284 0.0930711 -0.9956580
v -108.3201752 145.7551880 1536.1024170
vn 0.3373249 -0.5221549 -0.7833046
v -116.5694427 65.8450165 1537.1129150
vn -0.4824387 -0.6854526 -0.5453510
v -117.7808380 65.2192230 1538.1483154
vn 0.6490364 -0.2282224 -0.7257178
v -110.0997772 80.0460587 1536.9713135
vn 0.7839026 -0.2075350 -0.5851716
v -108.7911453 82.3710175 1537.7938232
vn -0.6461377 -0.1058779 -0.7558413
v -126.3522491 93.0335999 1537.6103516
vn -0.7731557 -0.0910529 -0.6276462
v -127.9382248 98.1556473 1538.5980225
vn 0.7387613 0.0108630 -0.6738796
v -105.1321869 100.2238846 1538.1435547
vn 0.8315213 -0.0830709 -0.5492464
v -102.8312683 104.1013184 1541.3233643
vn -0.6280565 -0.0701860 -0.7749961
v -127.3235245 102.9664459 1537.2539062
vn -0.0214719 0.7049636 -0.7089185
v -112.0906601 107.8263092 1537.5014648
vn -0.6175836 0.2195979 -0.7552267
v -111.2233810 108.7032089 1537.7000732
vn -0.8547421 0.0475116 -0.5168738
v -128.6943665 112.1488113 1538.2067871
vn 0.7220405 -0.1507166 -0.6752347
v -114.2883301 109.9007187 1536.4967041
vn -0.8107634 0.1335439 -0.5699376
v -127.6337662 117.7635040 1537.6505127
vn -0.6182060 0.3441660 -0.7066619
v -121.8164825 132.9104767 1537.2845459
vn -0.1312981 0.5503127 -0.8245707
v -107.0751801 149.4973297 1537.0133057
vn -0.7181657 -0.1751866 -0.6734595
v -123.8294144 76.7694931 1537.8256836
vn 0.8602619 -0.2224930 -0.4587443
v -105.5576096 87.7987213 1540.9891357
vn 0.7708862 -0.1963208 -0.6059642
v -106.7859802 91.4614639 1537.0587158
vn 0.7056977 -0.1508720 -0.6922632
v -103.1676025 117.9233017 1537.3183594
vn 0.7273031 -0.1382501 -0.6722478
v -102.4001312 122.9228897 1537.0649414
vn 0.8079907 -0.0996940 -0.5806998
v -101.6000366 126.1097107 1537.4334717
vn -0.7362783 0.2748514 -0.6183454
v -125.3838959 126.3189011 1537.5675049
vn 0.6413998 0.2235286 -0.7339218
v -100.7720032 149.9283905 1539.8780518
vn -0.2880111 0.7580965 -0.5850978
v -106.1785889 153.9912567 1540.6005859
vn 0.1367774 0.6851751 -0.7154210
v -103.7784958 153.4894714 1539.7861328
vn 0.4049196 0.4603211 -0.7900283
v -102.9752121 152.5363159 1539.3841553
vn 0.4755406 -0.6348025 -0.6090049
v -115.4151077 63.3504524 1540.2802734
vn 0.7745520 -0.4073043 -0.4839138
v -111.9944611 65.7320938 1542.8167725
vn 0.8218200 -0.3096558 -0.4782523
v -109.9528122 72.2536774 1541.7116699
vn -0.8724479 -0.1834374 -0.4529740
v -128.0754242 84.1087265 1542.7458496
vn 0.7260480 -0.2198232 -0.6515613
v -107.9204941 87.4104080 1537.3417969
vn 0.7502042 -0.0448843 -0.6596811
v -105.9071655 95.8010025 1537.3546143
vn -0.4324444 -0.6004461 0.6726488
v -114.7245560 101.2216568 1543.6029053
vn 0.4000082 -0.0010083 0.9165111
v -114.8004532 101.1338196 1543.4704590
vn -0.8845777 -0.0406037 -0.4646221
v -131.2864990 104.8615036 1543.1789551
vn 0.9253331 -0.1788384 0.3343285
v -113.5535812 109.8533478 1542.3548584
vn -0.8754280 0.2247869 -0.4278980
v -129.5417633 125.0440140 1543.8513184
vn -0.8397807 0.3369245 -0.4257350
v -128.0749359 130.5252991 1544.4985352
vn -0.7200870 0.4817520 -0.4993894
v -122.7603226 138.2711334 1542.5357666
vn 0.7630067 0.0497296 -0.6444748
v -101.6074524 137.8870850 1537.5806885
vn -0.6529721 0.5620688 -0.5076476
v -117.6058121 143.8525238 1541.2957764
vn -0.0869140 -0.7814844 -0.6178415
v -116.3290863 60.9930840 1542.7189941
vn -0.4660533 -0.7182208 -0.5166752
v -117.4986496 57.3291206 1548.5288086
vn -0.7644745 -0.3176689 -0.5609503
v -123.2552032 73.0309372 1538.5769043
vn 0.8574463 -0.2868307 -0.4272165
v -107.1156921 77.3131485 1543.6342773
vn -0.8589111 -0.1456610 -0.4909731
v -128.7506714 91.3023071 1541.4006348
vn -0.9100006 -0.0893144 -0.4048726
v -132.8498535 101.0144348 1546.9526367
vn 0.8808272 -0.1123142 -0.4599228
v -102.9124222 96.6098709 1542.7001953
vn -0.2637894 -0.3321163 0.9056014
v -113.3554611 98.7704849 1544.6645508
vn -0.7936214 -0.5953720 -0.1252892
v -112.2059250 109.6797638 1542.2402344
vn -0.1531621 -0.4669984 0.8708926
v -118.1574554 113.9886703 1544.9201660
vn -0.7379999 0.6708667 0.0727606
v -118.9220352 114.6045380 1544.9754639
vn 0.0309934 -0.0430264 -0.9985931
v -118.4417114 114.1873703 1544.8382568
vn 0.8533064 -0.1414256 -0.5018636
v -99.7439117 113.5121536 1544.4304199
vn 0.8640369 -0.1167347 -0.4897073
v -99.1767349 122.6266098 1543.0906982
vn 0.7747633 0.1005650 -0.6242023
v -98.4916229 149.4127045 1542.4635010
vn -0.5767617 0.6587622 -0.4830926
v -110.9610367 151.0384064 1541.9196777
vn 0.6060576 0.3540067 -0.7123015
v -98.6190338 153.1404724 1543.6169434
vn 0.2444264 0.6985926 -0.6724761
v -101.8516312 155.7712555 1543.2875977
vn -0.3056445 0.8176708 -0.4878483
v -106.1470108 154.5791321 1541.5698242
vn 0.4456699 -0.6932021 -0.5664356
v -115.0607834 59.6437912 1544.8305664
vn 0.5654793 -0.6438516 -0.5154496
v -114.1195602 56.1237640 1550.2229004
vn 0.7576423 -0.4843060 -0.4375224
v -111.9933853 61.9082489 1546.6417236
vn 0.8809019 -0.1782733 -0.4384410
v -102.6237717 91.7848892 1545.0970459
vn -0.2096010 0.8491964 0.4846986
v -113.0292206 97.9253845 1544.3698730
vn -0.9164783 -0.0360369 0.3984581
v -113.3463287 105.3264923 1547.6043701
vn 0.7475746 0.6632171 0.0357121
v -112.7410889 108.4481659 1541.2005615
vn 0.8367601 -0.1264037 -0.5327802
v -101.8382187 108.7212372 1542.1453857
vn 0.4957035 0.2874950 0.8195271
v -116.0808487 111.7796249 1545.0820312
vn 0.8876452 0.4043505 0.2204241
v -116.0448151 110.7472916 1546.1733398
vn -0.3740337 -0.9117534 0.1697196
v -113.4639130 110.4442520 1543.6400146
vn -0.3539844 -0.8384261 0.4144115
v -115.5142441 111.8085938 1545.0482178
vn -0.4643281 -0.8844805 -0.0457589
v -115.6320038 112.0370789 1546.8530273
vn -0.5424966 -0.5709799 0.6161813
v -118.6078186 114.2716141 1544.9862061
vn -0.9090620 0.1848467 -0.3734142
v -132.5208740 121.7006760 1549.0784912
vn 0.8676849 -0.0876960 -0.4893183
v -98.2347565 126.9866409 1543.9018555
vn -0.1194016 0.8226160 -0.5559192
v -102.5566711 157.7104797 1545.7204590
vn 0.2921217 0.5868113 -0.7551937
v -98.1431122 158.0684662 1546.6079102
vn 0.0029330 -0.8162897 -0.5776353
v -115.7986374 57.2904892 1547.7172852
vn -0.7443425 -0.5077083 -0.4338048
v -123.1823196 63.9779854 1548.2864990
vn 0.8435800 -0.3624891 -0.3962001
v -109.7664032 66.3497696 1546.5770264
vn -0.9919133 0.0803709 -0.0982272
v -113.0297623 98.1389313 1544.5128174
vn -0.9482685 0.2367678 -0.2114896
v -112.7974014 100.5448914 1546.0214844
vn 0.8796575 0.4396019 -0.1815293
v -114.5185623 101.2551117 1545.5330811
vn 0.9901084 -0.0468930 0.1322363
v -114.9022141 102.6150513 1545.8748779
vn -0.4639571 0.7625090 0.4509144
v -113.1560287 106.5213089 1546.5064697
vn -0.9610260 0.2694230 -0.0619715
v -112.4641647 108.1296844 1545.6666260
vn 0.7229432 0.6670203 0.1801026
v -117.2814941 113.0485382 1545.0096436
vn 0.0931002 -0.8605239 -0.5008304
v -116.6280441 112.3746338 1546.6824951
vn -0.7502074 -0.6611561 0.0078503
v -113.4776077 110.6533508 1547.8681641
vn -0.7888921 0.4020014 -0.4648055
v -125.9419937 134.1530609 1543.6422119
vn -0.7550691 0.5193774 -0.4001472
v -123.7509842 140.2818909 1546.5964355
vn 0.8305778 -0.0276636 -0.5562151
v -94.9799652 142.4338379 1547.3956299
vn -0.7447684 0.5551550 -0.3703012
v -122.2410583 148.7886047 1555.8433838
vn -0.5943176 0.6936615 -0.4069650
v -115.1445923 155.0745087 1554.1799316
vn 0.5467307 0.3304725 -0.7693332
v -93.9973145 158.9966736 1549.6353760
vn -0.4495070 0.7766590 -0.4412984
v -107.9034500 158.2832794 1550.4484863
vn 0.8556917 -0.3543948 -0.3770891
v -104.9384537 71.6467819 1553.0258789
vn -0.8708337 -0.2913787 -0.3959131
v -128.1174164 73.1895523 1549.0506592
vn 0.8624378 -0.2725424 -0.4265227
v -103.5106964 80.0758896 1549.5548096
vn -0.9129235 -0.1805463 -0.3660242
v -132.9998016 87.6794434 1552.3345947
vn 0.8687693 -0.1652050 -0.4668480
v -99.9918671 95.2696304 1549.1406250
vn 0.8833914 -0.1318587 -0.4497031
v -100.9177017 97.6786423 1546.3884277
vn 0.2108920 0.8182244 -0.5348209
v -113.9143600 101.3015976 1547.0224609
vn -0.8609415 0.2660678 -0.4335755
v -112.8425217 101.0059891 1546.3409424
vn 0.7539935 0.2453181 0.6093546
v -114.2717743 105.9759521 1547.5126953
vn -0.9123149 0.0628641 -0.4046353
v -133.4935608 111.4873276 1548.2436523
vn 0.8547383 -0.0535062 -0.5162941
v -96.8725815 132.6746063 1545.3005371
vn -0.8137735 0.4687436 -0.3435872
v -127.1218109 139.5265961 1553.0391846
vn 0.8094727 -0.2676723 0.5225950
v -111.0913391 143.3356171 1551.3627930
vn -0.6562362 0.6166331 -0.4348768
v -117.1918945 148.0699158 1546.1939697
vn 0.7446741 0.0829949 -0.6622480
v -93.7031479 154.4460449 1548.7534180
vn 0.2239508 0.6193390 -0.7525061
v -96.2304153 160.9475250 1549.6046143
vn 0.2505175 -0.7695193 -0.5874360
v -114.7807236 52.9050446 1553.8615723
vn -0.8207360 -0.4154217 -0.3921956
v -127.6118240 66.7485580 1553.1203613
vn -0.8917122 -0.3133787 -0.3265626
v -129.6061859 69.7498016 1554.9996338
vn 0.8629553 -0.2163546 -0.4566167
v -101.3020477 88.2350693 1549.3530273
vn 0.8685181 -0.1412427 -0.4751072
v -99.5451355 97.2749252 1549.3128662
vn 0.3727748 0.5237291 -0.7659941
v -115.2362366 103.1011276 1550.2769775
vn 0.9745018 0.2196072 -0.0460310
v -115.3038330 103.1264572 1549.9155273
vn 0.8638766 -0.1258467 -0.4877293
v -99.0584946 103.6906509 1548.3417969
vn 0.9355612 0.3204011 -0.1485545
v -115.4541397 105.8393250 1550.6737061
vn -0.0219137 0.9624594 -0.2705395
v -114.2170715 105.9445724 1552.0614014
vn -0.9356310 0.3146990 -0.1598723
v -113.5293579 106.3746948 1550.5167236
vn 0.8445686 -0.1365585 -0.5177411
v -97.3751297 107.3837814 1550.3981934
vn -0.9955680 -0.0898766 -0.0276849
v -112.8812103 109.1387482 1549.0307617
vn -0.7726277 -0.1801766 -0.6087552
v -111.6677094 142.0166473 1552.1958008
vn 0.6065741 0.5048593 0.6141539
v -111.8725510 141.0375977 1552.9981689
vn 0.8262845 -0.0491643 -0.5611033
v -92.8671494 144.4478912 1550.3643799
vn 0.6405919 0.2570125 -0.7235929
v -89.9314270 163.3674164 1554.2015381
vn -0.1188424 0.7824168 -0.6113105
v -98.5741882 161.8934021 1550.4552002
vn -0.6365820 -0.6282043 -0.4473509
v -120.6155396 56.6610603 1553.1938477
vn 0.8202277 -0.4722769 -0.3227707
v -110.4366379 59.5032806 1552.7143555
vn 0.8455627 -0.3124168 -0.4329199
v -101.9949265 78.5136642 1553.4787598
vn 0.8700038 0.3159688 0.3784934
v -121.4944916 102.7489014 1556.3375244
vn 0.1040657 0.4850634 -0.8682649
v -115.0125504 103.8719559 1550.6323242
vn 0.8258972 0.0304286 0.5629992
v -117.2900772 107.1041183 1555.1447754
vn 0.8692142 -0.4869586 0.0856624
v -116.7425613 108.9106064 1555.1116943
vn 0.8780076 0.4654785 0.1115010
v -115.9881363 107.1101074 1551.6585693
vn 0.8324223 -0.0649908 -0.5503175
v -92.1199646 133.6815948 1552.9187012
vn -0.8833146 0.3715340 -0.2858634
v -132.8270569 134.5787354 1561.1116943
vn 0.4077494 0.6922503 0.5954242
v -110.9146881 138.5847321 1555.4937744
vn 0.6759375 -0.7184734 -0.1640257
v -111.8182755 142.2709045 1553.2939453
vn 0.2961439 0.8502938 -0.4350853
v -110.1755905 144.5686951 1550.4328613
vn -0.7609114 0.4812032 0.4352671
v -110.8367615 141.8858948 1553.3780518
vn 0.2865679 -0.3021422 -0.9091694
v -110.2314682 144.2737732 1550.4426270
vn 0.8005782 -0.0294308 -0.5985051
v -91.7094345 152.6121826 1551.2167969
vn 0.7918349 0.0044381 -0.6107191
v -88.6873856 158.4136200 1555.0200195
vn 0.0493002 0.8255003 -0.5622444
v -91.3746719 166.7465363 1555.9985352
vn 0.4324032 0.5927765 -0.6794435
v -90.0820618 165.9762573 1555.3317871
vn 0.3219091 -0.7635456 -0.5597970
v -114.4006424 51.3269958 1556.0866699
vn -0.2551261 -0.8126117 -0.5239969
v -115.7576599 50.9841385 1556.6425781
vn -0.7775095 -0.5074418 -0.3714593
v -125.4687500 60.7348022 1556.1407471
vn 0.8531035 -0.4584007 -0.2491652
v -107.1240463 63.7167892 1557.1439209
vn 0.3190138 0.8379597 -0.4427797
v -121.4071732 102.6156311 1556.5083008
vn 0.7911571 -0.5852969 0.1774769
v -118.6973953 106.1987000 1556.2760010
vn -0.9391013 0.1247556 0.3201948
v -111.7255096 108.3806763 1556.4873047
vn -0.9438112 -0.0031485 -0.3304701
v -136.4917145 108.4005661 1555.2532959
vn -0.5608649 -0.7699993 0.3041904
v -113.2498169 111.2233047 1555.1069336
vn 0.9677956 -0.1968258 -0.1569440
v -115.8215561 110.8379364 1550.0908203
vn 0.8066024 -0.1533886 -0.5708454
v -94.0875092 109.1435394 1555.0098877
vn 0.5349424 -0.8407670 -0.0833520
v -114.6493378 110.9451218 1553.1807861
vn 0.8307753 -0.1077230 -0.5460844
v -92.7640610 121.8579254 1553.6325684
vn 0.8138989 -0.0295141 -0.5802566
v -88.8071289 133.8101501 1557.6357422
vn -0.8677899 0.3621279 -0.3403000
v -130.5294800 132.6091309 1552.7612305
vn 0.8318927 -0.0555941 -0.5521448
v -89.3558044 139.6016846 1556.3900146
vn -0.7083195 0.2939041 0.6417974
v -110.4795990 138.1387024 1555.9758301
vn -0.8415253 -0.4271146 -0.3307694
v -110.2248993 139.5902100 1556.2556152
vn 0.5436211 -0.7570994 -0.3623210
v -112.1349106 142.1022949 1554.2077637
vn -0.2760096 -0.6831256 -0.6761348
v -110.8988342 140.5153351 1555.6727295
vn -0.5223925 0.7723486 -0.3613638
v -111.1361313 160.2218475 1557.9277344
vn 0.7711788 -0.5153164 -0.3738080
v -112.4516220 54.5569687 1554.6972656
vn 0.8169882 -0.2781299 -0.5051476
v -97.1877518 85.0807190 1558.0469971
vn 0.8404456 -0.1910799 -0.5070894
v -97.4527893 91.0947800 1554.9577637
vn 0.0026058 0.3729774 0.9278368
v -113.9206848 99.0080338 1560.7617188
vn -0.5097241 0.3319979 0.7936994
v -121.0612183 103.0081711 1556.3626709
vn -0.9374501 -0.0942954 -0.3351056
v -135.7078400 102.5314636 1553.9506836
vn -0.4072033 0.4228636 0.8095505
v -120.9809189 103.1991806 1556.7012939
vn 0.4965172 0.5950374 0.6319820
v -114.6531143 103.3115082 1559.5399170
vn -0.0466608 0.9520765 0.3022800
v -117.3100662 105.3161545 1556.6077881
vn -0.2316396 0.1778707 0.9564022
v -108.8807068 105.8962936 1558.9974365
vn -0.5429345 0.3834005 0.7471454
v -110.6809387 106.6854935 1558.3024902
vn -0.9383335 0.1024982 -0.3301884
v -136.2874451 113.6157150 1555.4664307
vn 0.7765768 -0.1035804 -0.6214496
v -89.8667755 119.9852448 1558.0798340
vn -0.8088092 0.2214569 0.5447793
v -109.3878479 134.3299255 1558.7248535
vn 0.1320662 0.6113947 0.7802276
v -109.9780426 133.8485413 1558.5827637
vn 0.9441756 0.3242128 0.0584679
v -110.0665588 133.9024811 1558.6545410
vn 0.3999074 -0.6261757 -0.6693116
v -111.8237839 141.3940582 1555.0444336
vn -0.2538193 0.8263859 -0.5026553
v -99.0291290 165.8425293 1556.4003906
vn 0.3956919 0.7354550 -0.5500308
v -87.7829056 168.3908386 1560.3560791
vn -0.2403383 -0.7677930 -0.5939121
v -115.5236206 47.4150429 1562.2203369
vn 0.8818718 -0.4330803 -0.1863968
v -109.7183609 57.7568054 1559.4163818
vn 0.8199701 -0.4087315 -0.4007339
v -101.2651596 73.2659988 1559.5723877
vn -0.9327125 -0.1342710 -0.3346921
v -134.5283966 91.3549881 1554.6042480
vn 0.8734937 0.2190119 0.4347903
v -113.8780594 97.1039810 1561.5668945
vn -0.9614199 -0.0889467 -0.2603081
v -137.4367065 101.2764053 1559.8002930
vn -0.9732563 0.0532284 0.2234701
v -113.3503342 97.4182281 1561.9178467
vn 0.8242562 -0.1599131 -0.5431662
v -95.3572540 101.7361221 1555.3806152
vn -0.2525588 0.8223451 0.5098652
v -108.6814194 105.8233719 1559.0541992
vn -0.5809814 0.8132051 0.0340314
v -111.1588821 105.7464523 1559.1794434
vn 0.7866682 -0.1613203 -0.5959270
v -93.2876053 105.0222626 1557.2706299
vn -0.5575894 0.6547636 0.5102732
v -113.4907227 103.9336777 1559.2032471
vn -0.4483377 0.8035505 0.3915353
v -113.6072083 106.0314636 1555.6406250
vn 0.4180124 0.5895174 -0.6911837
v -118.0675812 105.6910706 1557.9541016
vn 0.7928776 -0.3766685 -0.4790260
v -118.6261215 106.1248474 1557.5723877
vn -0.9183772 -0.1333779 0.3725502
v -110.6875305 106.9503632 1558.1215820
vn 0.0058689 -0.7718732 -0.6357494
v -110.7216339 107.0242996 1558.7491455
vn -0.3375764 -0.1078228 0.9351023
v -110.6434937 106.8561172 1558.3135986
vn -0.1115094 -0.8304511 0.5458175
v -107.4448242 106.6980209 1560.2528076
vn -0.5920998 0.2524302 0.7653083
v -106.0977402 106.7220764 1560.3288574
vn 0.9111452 -0.1516897 -0.3831510
v -116.4084091 108.9170151 1559.7779541
vn -0.9052321 -0.3235340 0.2754643
v -111.9439240 110.1121597 1556.0673828
vn -0.1920640 -0.8427905 0.5028077
v -112.6417770 114.3115845 1561.8768311
vn -0.4916336 0.1462340 0.8584359
v -105.7655716 125.1876068 1561.1809082
vn -0.8903848 -0.4547239 -0.0210023
v -106.0707321 125.4495697 1563.6882324
vn -0.4040153 0.4020810 0.8216463
v -109.1215210 131.3497162 1560.6578369
vn 0.9686955 0.1258692 -0.2139769
v -111.1225891 138.3588715 1556.7337646
vn -0.9550978 -0.2874616 -0.0717920
v -109.6815567 137.4730682 1557.6638184
vn 0.6723111 -0.2567816 -0.6943061
v -110.5296249 137.1526337 1557.8706055
vn -0.1744925 -0.5539346 -0.8140694
v -109.6978607 136.5234222 1558.5905762
vn -0.8406451 0.4588402 -0.2877180
v -130.2107239 139.7436829 1561.2579346
vn -0.7049661 0.6080862 -0.3650397
v -121.3404694 150.7073517 1556.9981689
vn 0.7992576 0.0961114 -0.5932537
v -86.1199646 162.4713898 1558.6287842
vn -0.4178738 0.8124540 -0.4065711
v -104.9516907 163.4326172 1556.8298340
vn -0.6228293 -0.6810899 -0.3849679
v -119.8843155 51.4962769 1560.2335205
vn -0.7639102 -0.5698990 -0.3027480
v -124.0905838 56.6993103 1559.6722412
vn 0.8561799 -0.4240443 -0.2951990
v -109.2922440 61.6013908 1552.7539062
vn 0.7779763 0.3067943 -0.5482975
v -113.7893372 83.3495178 1562.5512695
vn -0.0546373 0.3994604 0.9151208
v -113.7590256 83.9365845 1562.1262207
vn 0.5794448 0.1112489 0.8073831
v -113.8350067 85.0123444 1561.9735107
vn -0.9299939 -0.2125535 -0.2998872
v -134.9621429 82.3121109 1561.1806641
vn -0.0321800 0.0635462 0.9974599
v -113.6892395 87.8249435 1561.7336426
vn 0.7924513 -0.2408582 -0.5603644
v -93.2009964 88.1312256 1562.5642090
vn 0.9213405 0.0026356 0.3887476
v -113.8594818 89.5600281 1561.9571533
vn 0.8066584 -0.1828918 -0.5620078
v -94.3068848 93.7098007 1559.0722656
vn 0.9292514 0.0091377 0.3693349
v -113.8837891 94.3888702 1562.2810059
vn -0.2301523 0.1287425 0.9646011
v -113.4706879 95.6067352 1561.8094482
vn -0.8223221 0.0286140 0.5683023
v -113.5203629 89.3712692 1561.8112793
vn 0.8068796 -0.1585821 -0.5690317
v -94.4748688 98.5242462 1557.3427734
vn 0.8518866 0.3064862 -0.4246827
v -115.6892166 105.0656662 1560.0025635
vn 0.7388192 -0.1693116 -0.6522881
v -89.7650986 103.4094315 1561.9271240
vn -0.5508473 0.0431428 -0.8334903
v -110.8265457 106.3965454 1559.4948730
vn 0.7017175 -0.0293256 -0.7118516
v -114.8233414 104.4808884 1561.3822021
vn 0.0350984 0.3486371 -0.9366004
v -109.2486267 105.8333817 1559.0869141
vn -0.9760802 -0.0427597 -0.2131645
v -138.3882751 107.0893326 1561.9416504
vn -0.9420149 0.1634422 -0.2930777
v -111.2171173 108.1801605 1559.9870605
vn -0.7271252 0.0011444 0.6865039
v -106.7479935 106.4350510 1559.6547852
vn 0.4577415 -0.1566154 -0.8751825
v -109.0548706 106.5052109 1559.3583984
vn 0.7236127 -0.1257505 -0.6786542
v -86.4352875 113.6929932 1562.9300537
vn -0.8709233 0.4904137 0.0314185
v -109.5102539 113.5690689 1565.9830322
vn -0.9786601 0.0276700 -0.2036143
v -138.4783173 109.6764145 1562.0133057
vn 0.8986087 -0.4367542 0.0418103
v -114.8275452 113.7509384 1561.9240723
vn -0.9549275 0.1478133 -0.2574193
v -137.2781525 117.5577393 1560.3872070
vn 0.7371491 -0.0734569 -0.6717257
v -86.1410522 124.0132904 1561.8425293
vn 0.9430079 0.2708127 0.1933821
v -109.5533829 127.4515686 1564.1540527
vn -0.6643580 -0.3918723 0.6364468
v -107.0420914 126.9540024 1562.3643799
vn 0.4083614 0.1058168 0.9066663
v -108.3121796 128.0592041 1561.6508789
vn -0.9139443 0.2710367 -0.3020679
v -134.1990051 127.7976990 1558.1671143
vn 0.8448159 0.3173978 0.4307491
v -109.2716370 131.4002228 1560.6794434
vn -0.9648589 -0.2488753 0.0843111
v -108.4341888 130.1771393 1562.4205322
vn -0.5959023 -0.5653703 -0.5703130
v -108.9085083 133.2998810 1560.5976562
vn -0.7976626 0.5091461 -0.3232721
v -126.5514221 144.7760010 1559.4549561
vn 0.8435864 -0.0702080 -0.5323840
v -86.7817383 149.6666107 1559.2755127
vn -0.6291181 0.7040492 -0.3294317
v -117.3648071 156.6239014 1560.4760742
vn 0.6906005 0.2977053 -0.6591225
v -83.8738480 166.7012939 1563.1567383
vn -0.2064808 0.9050695 -0.3717728
v -96.2480392 169.9232941 1562.7338867
vn 0.1488730 -0.5390313 -0.8290248
v -112.2315903 44.2278633 1565.1435547
vn 0.3918946 -0.6837543 -0.6155475
v -113.2609787 47.9305267 1561.7346191
vn -0.8499056 -0.4629103 -0.2517433
v -128.2756348 62.3270035 1561.9039307
vn 0.7837750 -0.5422211 -0.3028086
v -102.0052719 67.3302536 1565.7663574
vn -0.8987293 -0.3504457 -0.2635782
v -131.5600128 69.0192337 1562.1270752
vn 0.7900568 -0.3273183 -0.5183368
v -95.5055695 81.9760284 1562.3972168
vn -0.0954861 0.9948813 -0.0330689
v -113.7512207 83.2327728 1562.5219727
vn -0.9479485 -0.1729136 -0.2673847
v -136.3281860 86.8860550 1562.6351318
vn -0.9807036 0.0256823 -0.1938065
v -113.3713837 90.8685303 1562.5487061
vn 0.7622809 -0.2020924 -0.6148874
v -91.3469620 96.3251724 1562.0249023
vn -0.9032804 0.0137270 -0.4288312
v -113.4083176 97.2850494 1562.9114990
vn -0.9193147 0.2695622 -0.2866998
v -112.8277588 104.4675522 1560.8120117
vn -0.3849434 -0.2336112 -0.8928854
v -113.6575699 102.8659897 1562.2673340
vn -0.2028752 0.4598354 -0.8645189
v -113.2652893 108.5653076 1562.0937500
vn -0.5745673 -0.2718521 0.7719902
v -103.0789795 108.6519394 1563.8342285
vn 0.8381228 0.2072563 -0.5045742
v -114.6497650 111.3181458 1562.7448730
vn -0.3623199 -0.7800680 0.5101159
v -102.5348663 109.1756897 1564.7769775
vn -0.7718150 -0.3957863 0.4976492
v -110.6098404 113.5588303 1562.8209229
vn 0.6830950 -0.6473320 0.3381459
v -114.1515884 115.1443100 1564.0849609
vn -0.9536832 0.2030640 -0.2219312
v -137.5998688 123.5015488 1565.5814209
vn -0.7152753 0.6141151 0.3335323
v -105.8799286 124.7063828 1561.9942627
vn 0.9932613 -0.0109626 0.1153770
v -108.9658508 124.5952530 1566.6995850
vn 0.5308800 0.3170694 0.7858966
v -107.8270645 126.4147949 1562.2717285
vn 0.7708142 -0.0517866 -0.6349518
v -86.7903748 128.2437592 1560.7254639
vn 0.7863718 -0.2934737 -0.5435923
v -109.1735382 133.0641632 1560.5345459
vn 0.7752525 0.0429512 -0.6301895
v -82.4882965 135.8187256 1565.8376465
vn -0.4787450 0.2954961 0.8267317
v -96.2861176 147.4435883 1566.9061279
vn -0.6016827 0.7487394 -0.2781498
v -115.8936615 160.0499115 1565.9066162
vn 0.7678667 -0.0664244 -0.6371565
v -80.6630478 161.9564514 1566.2073975
vn -0.0328589 0.9089789 -0.4155450
v -91.2453690 171.2371521 1564.7634277
vn 0.1120532 -0.2748562 -0.9549336
v -102.6211395 37.5245171 1568.3974609
vn 0.0892969 -0.3881874 -0.9172440
v -109.1502762 41.3511009 1566.7080078
vn 0.2569827 -0.1021466 -0.9610026
v -105.5494690 40.3901329 1567.4719238
vn -0.0184048 -0.4887699 -0.8722185
v -111.0725784 42.3788109 1565.9772949
vn 0.6235721 -0.0702646 -0.7786019
v -110.3440628 45.5336494 1565.8942871
vn 0.8154983 -0.4282562 -0.3893061
v -112.4046402 49.6002502 1560.7962646
vn 0.9632628 -0.2030322 -0.1757917
v -110.1653214 53.5454025 1566.8243408
vn 0.7779794 -0.3996764 -0.4847752
v -92.9403534 80.2547226 1567.6464844
vn -0.1669581 -0.3369755 -0.9265919
v -113.7478867 83.7117615 1562.6351318
vn -0.9841169 -0.0036315 -0.1774847
v -113.7801666 88.2478943 1563.0874023
vn 0.1285801 -0.1086027 0.9857346
v -113.7702789 88.1486053 1563.1270752
vn 0.7261169 -0.2530614 -0.6393076
v -88.2576828 92.5225525 1567.0192871
vn -0.9579029 -0.1171915 -0.2620843
v -137.1057281 93.3720779 1562.0427246
vn 0.7685910 -0.2754287 -0.5774140
v -91.5132217 88.0760956 1564.8734131
vn 0.2024019 -0.0070927 -0.9792769
v -113.9860916 98.4398270 1563.4821777
vn 0.4766248 0.0368474 -0.8783343
v -113.9300003 91.4191284 1563.2727051
vn 0.8795610 0.0607847 -0.4718874
v -114.0629807 96.6721420 1563.3782959
vn -0.2660163 -0.2112245 -0.9405422
v -113.7452469 100.2924957 1563.3245850
vn 0.6997598 -0.1808200 -0.6911154
v -86.7555313 105.0305176 1564.6594238
vn -0.4225973 0.8945020 0.1458688
v -103.9483871 107.9118805 1563.5228271
vn 0.3055699 0.8354231 -0.4568319
v -105.1086502 107.8143921 1563.2299805
vn 0.8102385 -0.4166906 -0.4121682
v -105.5813980 108.0539856 1563.0228271
vn -0.7189374 0.0996989 0.6878875
v -107.7754440 117.4938202 1567.4822998
vn 0.0463394 -0.3488767 0.9360223
v -109.2409363 119.2494965 1567.0725098
vn 0.7330152 0.1977521 0.6508324
v -108.5115891 122.5230560 1566.7697754
vn -0.1155535 0.7825574 0.6117609
v -106.4867783 122.4117355 1565.8696289
vn 0.7258760 -0.0104214 -0.6877466
v -81.9558640 127.0238571 1566.0446777
vn 0.9241072 -0.2062575 -0.3216889
v -109.6258392 128.7567749 1564.2529297
vn -0.5513156 -0.6703594 -0.4966582
v -107.7228546 127.4229736 1565.6367188
vn -0.5338326 -0.6032892 -0.5925073
v -108.6364441 130.0789948 1563.9499512
vn 0.3886772 -0.6362665 -0.6664045
v -109.0609894 130.2264252 1563.8615723
vn 0.8164290 0.0057966 -0.5774168
v -85.7381973 138.6338654 1561.8627930
vn 0.8284290 -0.0054602 -0.5600675
v -83.3297195 144.0935059 1565.6544189
vn -0.5640935 0.3845979 0.7306730
v -96.3293152 146.9550018 1567.0989990
vn -0.1623909 0.9833193 0.0819284
v -96.1157990 148.6386566 1566.7205811
vn 0.8332663 -0.0989543 -0.5439444
v -84.1458588 155.6373749 1562.4495850
vn -0.7123447 0.6365470 -0.2955893
v -122.7102585 152.6535492 1563.5744629
vn -0.2583964 -0.6803412 -0.6858332
v -105.9253769 37.7083969 1569.0604248
vn -0.3920353 -0.7749268 -0.4957790
v -109.1286545 39.0914574 1568.9379883
vn -0.4032856 -0.7392423 -0.5393344
v -114.1357651 43.3933525 1566.4813232
vn -0.5914935 -0.7015088 -0.3975184
v -116.7899628 46.0377159 1565.0653076
vn 0.8776860 0.1820728 -0.4433021
v -110.2356262 47.7904091 1566.2747803
vn 0.7745462 -0.5194472 -0.3609055
v -94.2563553 74.7005692 1571.0311279
vn -0.9618075 -0.1251303 -0.2434518
v -138.4887390 87.8381882 1570.5048828
vn 0.6629969 -0.2109853 -0.7182760
v -83.6576767 103.3117294 1568.1271973
vn -0.7351707 0.0616241 0.6750752
v -98.5617142 108.9265060 1569.3785400
vn 0.2472573 -0.9649941 -0.0874659
v -102.6080704 109.4882660 1565.9348145
vn 0.6308963 -0.7548252 -0.1794683
v -104.3186493 108.8823166 1564.4852295
vn -0.0881544 0.9026732 -0.4212007
v -109.9312820 114.3855743 1569.0161133
vn 0.4833984 0.6369311 -0.6005370
v -113.1685638 112.0041809 1565.4130859
vn 0.6432199 0.7651235 -0.0292258
v -115.3103104 115.7723007 1567.8565674
vn 0.6098796 -0.5173445 0.6003346
v -115.0018692 116.4061127 1567.3575439
vn -0.9495187 -0.3120655 0.0320851
v -119.2514114 116.5152512 1568.5358887
vn -0.7938032 0.3972609 0.4605001
v -105.5192032 121.7604446 1567.8153076
vn 0.4914082 -0.5864970 -0.6438472
v -108.4046555 126.4238358 1566.6154785
vn -0.8973612 0.3760930 -0.2308613
v -133.8464355 135.2057037 1565.5499268
vn -0.5015791 0.4444084 0.7422396
v -97.1039963 143.9355621 1568.5028076
vn 0.8562614 -0.1373340 0.4979517
v -97.4894867 145.9035187 1567.6199951
vn 0.6753797 0.2827869 -0.6810976
v -95.9504623 148.4775543 1566.5743408
vn 0.8275108 -0.0808699 -0.5555952
v -81.5762177 150.6283722 1567.6115723
vn 0.7397079 0.0185439 -0.6726726
v -77.0148010 166.7344666 1569.5325928
vn 0.3962490 0.6594312 -0.6388563
v -81.5711975 171.6277008 1567.5766602
vn 0.2978092 0.7301369 -0.6149877
v -84.9719009 170.8633728 1564.9891357
vn -0.3009145 -0.7480758 -0.5914668
v -98.5624466 31.1576748 1572.7487793
vn 0.0353406 -0.4645112 -0.8848618
v -99.4201889 34.2619057 1570.1419678
vn 0.5779595 -0.1063686 -0.8091036
v -94.2920761 31.9799442 1572.3551025
vn 0.6376048 0.4288808 -0.6399386
v -97.3410645 37.2913284 1571.6051025
vn 0.4866076 0.1243802 -0.8647211
v -98.8290176 36.4222717 1569.9169922
vn 0.5677130 0.4220496 -0.7068071
v -104.0449371 41.4079208 1568.6888428
vn 0.6704803 0.3041458 -0.6767212
v -108.8541870 45.4732132 1567.0120850
vn -0.7289073 -0.6383543 -0.2473821
v -121.2420502 48.8268318 1569.6865234
vn 0.7740746 -0.6050977 -0.1861864
v -103.5975266 63.8603554 1568.9739990
vn 0.7527213 -0.6203712 -0.2203412
v -96.5100098 71.0593719 1572.3460693
vn 0.7475829 -0.3514534 -0.5635605
v -89.0890961 85.8839035 1569.1959229
vn -0.9731628 -0.0591264 -0.2223924
v -139.8113708 95.0564804 1573.4400635
vn -0.4752356 0.7790546 0.4089316
v -99.4145737 107.9518890 1569.2858887
vn 0.7712870 0.1399845 -0.6209032
v -100.1186218 108.0860214 1570.1849365
vn 0.6083847 -0.6228853 -0.4918149
v -100.3839951 109.2720261 1569.3239746
vn -0.4413940 -0.7850139 0.4346546
v -98.0883942 109.4856720 1570.2556152
vn 0.6680189 -0.1337465 -0.7320265
v -82.5407639 111.3794556 1567.1876221
vn 0.9545630 0.2908929 -0.0647373
v -114.6054611 114.1232071 1565.8156738
vn -0.4823232 0.8726256 -0.0767385
v -119.0590897 116.6794586 1568.5241699
vn 0.0869361 0.3371504 0.9374283
v -118.3806839 116.6463165 1568.7438965
vn 0.3004633 0.5241700 -0.7968486
v -114.5048523 116.4001236 1569.2915039
vn -0.7391564 0.6226702 0.2567678
v -107.0966263 115.9769211 1569.8100586
vn 0.6459531 -0.0670294 -0.7604287
v -79.3186722 117.2599487 1569.2856445
vn 0.5537574 -0.7500254 0.3616832
v -111.4941711 119.3157883 1568.2053223
vn -0.4158558 -0.8787349 -0.2342840
v -105.8779602 124.7514648 1569.2934570
vn 0.7218491 0.0849048 -0.6868224
v -77.0834732 131.3786011 1571.5302734
vn 0.7440678 0.0613770 -0.6652789
v -80.0996017 131.5115356 1568.3276367
vn -0.8791491 0.4339656 -0.1969030
v -132.8605652 141.1218719 1573.6033936
vn 0.5491397 0.4657772 0.6939000
v -97.2451248 143.8313904 1568.5644531
vn -0.8330902 0.4907208 -0.2552525
v -128.1197815 146.5832062 1566.7244873
vn 0.9779755 -0.1773657 -0.1100237
v -97.5739899 144.9899445 1568.6220703
vn 0.1722842 -0.7534172 -0.6345713
v -97.2504196 143.5484619 1570.6210938
vn -0.4835303 0.1022769 0.8693318
v -96.2125244 147.9503937 1566.9034424
vn -0.7800491 0.5653949 -0.2680522
v -125.5095596 150.8522491 1567.0096436
vn 0.8093724 -0.1478778 -0.5683737
v -80.8917847 155.2196655 1567.5827637
vn -0.5173200 0.8108374 -0.2737201
v -111.5253067 164.3135223 1569.3945312
vn 0.6836947 0.2951784 -0.6674064
v -77.0858612 169.7160339 1569.9833984
vn 0.1606815 -0.6465442 -0.7457628
v -93.5147095 28.5797253 1574.3647461
vn 0.1971401 -0.3932794 -0.8980352
v -96.0470581 32.2831612 1571.5152588
vn -0.5606015 -0.7667408 -0.3127852
v -114.3374329 42.1655579 1569.0460205
vn 0.5507062 0.6612787 -0.5093458
v -101.2802887 43.5637703 1574.0208740
vn 0.5446656 0.7436062 -0.3878006
v -105.4227829 46.0951462 1573.4169922
vn 0.9319344 0.1787161 -0.3155295
v -108.9079971 51.0160942 1573.1005859
vn -0.8079149 -0.5422533 -0.2307270
v -126.9633713 56.2546272 1570.4577637
vn 0.7419884 -0.6402454 -0.1988448
v -101.2224045 66.3096924 1570.0594482
vn -0.9340488 -0.2606966 -0.2441108
v -136.2740936 76.5027466 1570.2799072
vn 0.7637632 -0.4426611 -0.4698053
v -89.3863983 82.3222733 1571.4812012
vn 0.7020616 -0.2899235 -0.6504260
v -85.0634918 93.5268402 1570.0239258
vn 0.4682801 0.8233889 -0.3205378
v -98.5987549 107.6372223 1571.7027588
vn -0.7356035 -0.2085145 0.6445224
v -94.1279984 108.7344818 1573.5384521
vn 0.6237904 -0.0986935 -0.7753355
v -76.5014725 113.2541962 1572.0097656
vn 0.4582959 0.6777344 -0.5750140
v -110.4887695 115.8031235 1571.3962402
vn 0.5415427 -0.8395132 -0.0441497
v -113.6744385 117.6941833 1568.6623535
vn -0.9524810 -0.1220425 0.2790800
v -104.6619186 122.6858902 1569.8081055
vn 0.6816797 0.0063415 -0.7316233
v -77.5533142 123.3743744 1570.4614258
vn 0.9102582 -0.3935797 0.1285499
v -109.9488220 122.0234833 1569.3206787
vn 0.7897662 -0.5619186 -0.2460019
v -109.0072937 123.8311081 1569.3801270
vn 0.3438414 -0.8821267 -0.3219092
v -107.9035034 124.2453384 1570.3477783
vn -0.1662313 -0.9822721 -0.0866529
v -105.7239838 124.1474838 1572.4542236
vn 0.0404019 0.7236470 0.6889868
v -96.6315155 138.9701843 1571.9200439
vn 0.7529504 0.1051979 -0.6496146
v -78.2412949 138.5238800 1571.5817871
vn 0.7947157 0.0343156 -0.6060111
v -80.7709579 143.4203033 1569.0927734
vn 0.7798250 -0.1041041 -0.6172805
v -77.9369049 151.6780243 1572.6480713
vn 0.7566696 -0.1797196 -0.6286113
v -78.0591125 158.8594818 1570.1239014
vn 0.7581925 -0.1103595 -0.6426234
v -73.6558456 163.4124908 1574.0819092
vn -0.3608737 0.8617643 -0.3565564
v -99.1475601 168.3733521 1561.4051514
vn 0.4417521 0.7348118 -0.5146909
v -78.4610443 172.8081207 1571.1657715
vn -0.2854901 -0.7898079 -0.5428619
v -96.3540268 28.9002895 1574.3811035
vn -0.5072066 -0.7906436 -0.3429641
v -105.4857025 34.4240723 1574.2250977
vn 0.8288338 0.3848513 -0.4061086
v -106.4736023 49.4023285 1577.8908691
vn 0.9312543 -0.3212310 -0.1719772
v -109.2847977 55.2364502 1571.6912842
vn -0.9163339 -0.3049454 -0.2595008
v -133.9361115 72.3288422 1566.3651123
vn -0.9462323 -0.1956970 -0.2575796
v -137.1607971 81.1173477 1569.3757324
vn 0.7157006 -0.4049225 -0.5690433
v -84.9416733 88.4593964 1573.0561523
vn -0.9824835 -0.0248750 -0.1846819
v -140.1242065 101.2006683 1573.6016846
vn -0.6416887 0.6218789 0.4488900
v -93.9156113 108.3562393 1574.0699463
vn 0.6130615 -0.2064267 -0.7625901
v -77.7954407 105.5264969 1572.4946289
vn 0.4449920 -0.7699782 -0.4572918
v -95.8320541 108.9187698 1574.5788574
vn -0.3137857 -0.9350830 0.1647984
v -93.6047363 109.0506897 1575.1075439
vn 0.5716954 -0.1324619 -0.8097026
v -74.0377274 109.9734497 1574.3804932
vn 0.5810264 -0.0385568 -0.8129709
v -72.7735138 115.2033310 1574.6851807
vn 0.8415870 0.0969144 -0.5313559
v -110.2949142 118.4816055 1573.5520020
vn -0.7891472 0.3759052 0.4857386
v -104.8794098 118.3279724 1570.6033936
vn 0.5906615 -0.3341026 -0.7345029
v -113.5454559 117.1954346 1569.6472168
vn -0.7721314 -0.6317649 0.0684558
v -104.9261856 123.7094727 1570.7360840
vn -0.9399380 0.2895062 -0.1808387
v -136.8965454 129.6439667 1570.4061279
vn -0.1378514 0.7823228 0.6074274
v -96.1051254 135.2819824 1577.1982422
vn -0.7320857 0.3383068 0.5912690
v -96.5297318 139.4854736 1571.6196289
vn 0.7676654 0.5500751 0.3287965
v -96.8862152 137.7296295 1574.0212402
vn 0.9607114 0.2150255 0.1754928
v -97.3639603 140.3797913 1572.1226807
vn -0.9575102 -0.2114385 -0.1961326
v -96.8519897 143.6885681 1569.9995117
vn -0.7562324 0.6158327 -0.2210490
v -125.1422806 153.0561676 1571.2573242
vn 0.7698385 0.1195668 -0.6269390
v -71.5606155 166.3562927 1576.4932861
vn 0.6618605 0.5271331 -0.5329834
v -76.3751526 171.6584930 1571.9309082
vn -0.3583027 0.9153815 -0.1835647
v -99.9656067 172.2281342 1575.7938232
vn -0.2957419 0.9277312 -0.2277093
v -95.1956177 173.6439972 1573.9018555
vn 0.2068877 0.9059436 -0.3694099
v -82.3341141 175.2165833 1573.5640869
vn -0.2089005 -0.8727498 -0.4412124
v -91.8762589 25.6144409 1578.5952148
vn 0.3064278 -0.6513347 -0.6941651
v -90.6971893 26.2802010 1577.5747070
vn 0.7557919 0.2185442 -0.6172658
v -93.6532211 33.1584015 1573.2647705
vn -0.6786799 -0.7045725 -0.2072953
v -117.3065033 42.9781113 1574.3880615
vn 0.8145369 -0.5560728 -0.1652656
v -107.0969849 59.2926941 1568.6782227
vn -0.8558230 -0.4632206 -0.2302033
v -130.4236145 60.7007141 1573.2434082
vn -0.8929257 -0.3912244 -0.2227718
v -133.8674316 66.4807434 1575.9464111
vn 0.7638406 -0.6372654 -0.1021784
v -101.5710678 64.6310349 1578.0257568
vn 0.7333480 -0.6729459 -0.0966680
v -97.2945099 69.4770050 1575.6827393
vn 0.7706625 -0.5699661 -0.2849878
v -92.1485367 76.0526047 1573.8916016
vn 0.7267434 -0.6544604 -0.2086281
v -86.4964676 80.5024719 1579.4765625
vn 0.6465832 -0.3008738 -0.7010029
v -80.2391510 97.1396027 1573.3514404
vn -0.0643018 0.9966176 0.0511742
v -97.4079666 107.4583511 1572.2764893
vn 0.5710821 -0.2108546 -0.7933509
v -74.5970688 106.3488922 1574.6912842
vn -0.7049236 0.2086256 0.6779072
v -90.5403290 107.8221817 1579.2230225
vn 0.7394240 0.1471249 -0.6569675
v -96.0696640 108.1556473 1575.0352783
vn -0.9848535 0.0615644 -0.1620908
v -139.6353607 113.2394180 1570.9367676
vn 0.0513589 -0.9918060 -0.1169752
v -97.0142059 109.6681366 1572.2302246
vn -0.5013816 0.8022579 0.3240352
v -101.4432831 117.5249023 1578.0764160
vn 0.6331837 0.3443590 -0.6931776
v -96.3160477 120.0655823 1574.1815186
vn -0.0150463 0.9897669 0.1418982
v -97.9731903 120.3432999 1576.2716064
vn -0.8380886 0.0194360 0.5451878
v -101.8154831 120.0233536 1574.8676758
vn 0.6411581 -0.0088446 -0.7673578
v -73.2625275 120.2829666 1574.1737061
vn 0.0639833 -0.6144038 -0.7863931
v -96.4018326 119.9351654 1574.1799316
vn 0.8543513 -0.4237337 -0.3008882
v -110.1685410 120.4901886 1572.8176270
vn 0.6474764 0.0714350 -0.7587301
v -73.7828674 123.8061371 1573.8847656
vn 0.6867217 0.1204187 -0.7168770
v -74.0400620 131.4883423 1574.7003174
vn 0.8047727 -0.4503448 -0.3866917
v -96.8628616 140.1178284 1574.8089600
vn -0.9759421 -0.2158501 0.0307535
v -96.2421112 141.0918121 1572.7087402
vn 0.7345278 0.0503578 -0.6767074
v -75.3073807 144.4808502 1575.9735107
vn 0.7516048 0.3972267 -0.5265940
v -71.5505066 169.6970062 1577.8503418
vn 0.6392633 -0.2300194 -0.7337804
v -92.3414078 28.8395939 1574.8524170
vn -0.7167404 -0.6828929 -0.1412108
v -120.8790817 44.7404823 1582.5567627
vn 0.9456468 -0.0979367 -0.3100978
v -108.9808578 54.2734795 1573.9281006
vn 0.2147185 0.2888874 -0.9329737
v -124.9062576 69.1434784 1578.6694336
vn -0.9178694 -0.3370864 -0.2094962
v -136.5179443 70.6657486 1579.7613525
vn 0.7290440 -0.6716093 -0.1320449
v -92.0141678 74.9115982 1578.2913818
vn 0.7361993 -0.5532730 -0.3897431
v -85.4556961 82.4471893 1578.0290527
vn 0.6860024 -0.6284973 -0.3665949
v -82.3051605 84.8123245 1580.5090332
vn 0.6680752 -0.5271946 -0.5251108
v -82.6275558 87.5581360 1576.6038818
vn 0.6357604 -0.4346637 -0.6378685
v -77.8296509 92.1144714 1578.2770996
vn -0.9784433 -0.0239175 -0.2051261
v -140.6610107 98.7210617 1576.7380371
vn 0.5995421 -0.3009370 -0.7416105
v -75.6416702 99.2695312 1576.3271484
vn 0.0983060 0.9948176 -0.0259597
v -92.5296249 107.9441528 1577.5587158
vn 0.6587916 0.5535562 -0.5094793
v -92.9754486 108.2792816 1578.3051758
vn 0.5070621 -0.0936093 -0.8568112
v -69.0636673 111.3589096 1577.4799805
vn -0.2079982 0.9662417 -0.1520323
v -107.4384842 115.6780472 1572.5028076
vn 0.5225763 0.0178269 -0.8524061
v -67.5862961 115.8200531 1578.0817871
vn -0.7781789 0.5894081 -0.2168774
v -96.8225861 120.1466293 1575.6387939
vn -0.3991958 0.9153957 0.0518981
v -97.2319870 120.2613297 1577.1535645
vn 0.2125643 -0.8752435 0.4344711
v -97.8445282 120.2960358 1576.0770264
vn -0.4576201 -0.8478252 0.2679112
v -101.9242401 122.6311493 1578.3365479
vn 0.5882219 0.1009276 -0.8023769
v -68.8379669 124.7601013 1577.8808594
vn 0.4638335 0.7020388 0.5403702
v -95.8872986 133.3369751 1579.9996338
vn 0.2961143 -0.9470906 -0.1238383
v -95.6929016 139.1130219 1579.2330322
vn 0.1362701 -0.8689122 -0.4758382
v -96.2981491 139.7845306 1575.8226318
vn 0.7216661 -0.0958360 -0.6855754
v -74.2110519 151.1662903 1577.1802979
vn -0.6973064 0.6821841 -0.2199743
v -122.3656845 157.1148376 1574.1807861
vn 0.7257724 -0.0234650 -0.6875346
v -69.3803940 163.5897827 1578.7814941
vn -0.6213629 0.7513061 -0.2223676
v -117.6024857 162.0952148 1576.4595947
vn -0.1205804 0.9282516 -0.3518657
v -87.5480652 175.5284424 1573.4932861
vn 0.1204940 -0.7255217 -0.6775687
v -88.3676987 24.1733646 1580.5869141
vn -0.6153051 -0.7634291 -0.1964070
v -113.6634750 38.5465317 1579.5343018
vn 0.5351394 0.5223668 -0.6638966
v -94.0873566 42.5626678 1579.8320312
vn 0.8861519 -0.3690772 -0.2802089
v -105.5486069 58.3742256 1579.4772949
vn 0.9376714 -0.1190389 0.3264997
v -124.4838181 68.9333267 1579.5850830
vn 0.7675923 -0.2814185 0.5758521
v -125.7299423 69.2347412 1579.1093750
vn 0.6881132 -0.7088993 -0.1547970
v -87.1333313 79.1565781 1582.5759277
vn -0.9649594 -0.0535903 -0.2568686
v -140.9872131 92.7030945 1578.5908203
vn 0.5890719 -0.5922306 -0.5497793
v -74.2414322 91.7188950 1582.5250244
vn 0.6822721 0.7308165 0.0202995
v -93.8491364 96.1721344 1582.1495361
vn 0.5020279 -0.5290163 -0.6841854
v -92.8956375 95.4353867 1580.4036865
vn -0.8414865 -0.5222352 -0.1384589
v -93.0466614 95.5623322 1580.6098633
vn 0.7690750 0.0439635 0.6376447
v -93.9078903 96.8501129 1581.5898438
vn -0.9718677 0.0236757 -0.2343346
v -141.4686584 103.0258331 1580.3394775
vn 0.4907624 -0.4356993 -0.7545319
v -69.2171402 98.4991989 1581.0714111
vn 0.5581284 -0.4313834 -0.7088026
v -72.9992065 96.4132462 1579.5065918
vn 0.3959646 -0.3316652 -0.8562770
v -66.4964066 102.7486420 1580.6364746
vn 0.5068388 -0.2235390 -0.8325531
v -70.8151245 106.0157928 1577.2786865
vn 0.4446601 -0.2172244 -0.8689597
v -67.6990967 106.0555344 1578.9899902
vn -0.9785552 0.0477763 -0.2003676
v -141.7278137 108.8818970 1582.3967285
vn 0.7279088 0.3684915 -0.5782411
v -90.3096313 107.8247833 1581.8886719
vn -0.6517172 -0.5994079 0.4647311
v -90.6859894 108.6371231 1579.3820801
vn 0.6682909 -0.4867575 -0.5625428
v -92.9523087 108.7699127 1578.3715820
vn 0.0765912 -0.9900032 -0.1184373
v -89.0565872 108.8452835 1582.2104492
vn 0.4442067 0.7740478 -0.4511436
v -107.1161194 117.0008163 1576.4368896
vn 0.4760048 0.0503749 -0.8779988
v -63.0654144 113.8930435 1580.6002197
vn -0.9743678 0.1634130 -0.1546081
v -138.7248230 122.4712906 1570.9781494
vn -0.6126543 0.7407883 0.2754770
v -98.4418488 118.1073380 1582.0098877
vn -0.9420249 0.3343123 0.0287113
v -97.4986954 120.2651672 1579.2082520
vn 0.8512002 -0.2320857 -0.4707384
v -107.9268951 121.2547379 1578.4613037
vn -0.0621922 -0.1213196 0.9906632
v -99.3106689 120.4476624 1576.3911133
vn 0.5568565 -0.7429560 -0.3713856
v -103.1810455 122.7913132 1583.1022949
vn 0.0141167 -0.9998906 -0.0044148
v -102.8222656 123.3437424 1580.5622559
vn 0.6255786 0.1630245 -0.7629381
v -70.1645889 130.1790161 1577.8355713
vn 0.5924097 0.1700797 -0.7874793
v -65.5296402 127.8217773 1580.8498535
vn 0.9714088 0.2371414 -0.0113525
v -96.9588623 135.2748413 1579.1597900
vn -0.8785156 -0.4657266 0.1063448
v -95.3002396 138.6907654 1577.6031494
vn 0.6533842 0.0878227 -0.7519150
v -71.3730316 141.9489899 1579.4730225
vn 0.6426638 -0.0673459 -0.7631827
v -71.3830948 150.7282562 1579.8566895
vn 0.6938100 -0.1832190 -0.6964615
v -71.9459534 156.7370758 1577.8347168
vn -0.5832950 0.7942974 -0.1698782
v -116.5726471 165.0341034 1584.4384766
vn -0.4797423 0.8516752 -0.2109426
v -108.7343826 168.0308838 1575.8939209
vn -0.2434527 0.9598678 -0.1392284
v -89.5245743 176.0484467 1578.3167725
vn -0.0089746 0.9612543 -0.2755171
v -85.7162933 176.3628540 1575.1875000
vn 0.1171358 0.9828966 -0.1421042
v -80.9838791 178.0174408 1587.2913818
vn 0.4524333 -0.4556380 -0.7666148
v -85.7783203 23.1590271 1582.2031250
vn 0.6665839 -0.1596569 -0.7281317
v -88.6059723 26.3842869 1579.2597656
vn 0.7060131 0.1458389 -0.6930199
v -86.3390427 31.9334068 1582.3206787
vn -0.4853312 -0.8320349 -0.2686474
v -100.3942566 28.6801052 1581.0135498
vn 0.3521537 0.6985235 -0.6229388
v -96.0281754 45.8971672 1581.6958008
vn 0.6945996 0.7182264 0.0410163
v -125.6934814 69.1766586 1579.1970215
vn 0.1330925 -0.9191790 -0.3706703
v -124.9033813 69.0809631 1578.7570801
vn -0.9372981 -0.2803655 -0.2070448
v -138.8991241 75.9567871 1582.7525635
vn -0.9506702 -0.2168726 -0.2217935
v -140.6307526 82.8739166 1582.1258545
vn -0.4395157 0.7722591 -0.4587396
v -93.4043961 95.9091492 1581.7878418
vn -0.8981886 0.2953762 -0.3255922
v -93.0093842 95.5364456 1580.6423340
vn -0.9081509 0.0074904 -0.4185761
v -93.6381454 97.0462646 1582.5474854
vn -0.3768844 -0.4499250 0.8096454
v -94.7781982 99.4435043 1583.0152588
vn 0.6528839 -0.0584150 0.7552022
v -95.2530518 99.3620224 1583.0371094
vn 0.7543269 -0.0893027 0.6503968
v -95.5878983 103.0769501 1583.3419189
vn 0.0464300 -0.5288126 0.8474677
v -95.5254135 103.2511215 1583.3276367
vn 0.2215079 0.9730537 -0.0640379
v -89.7726898 107.2364731 1581.2208252
vn 0.3927603 -0.2043502 -0.8966495
v -63.6464882 106.3691101 1580.8905029
vn -0.4553949 0.7435569 0.4896311
v -87.8485794 107.2419586 1581.8511963
vn 0.4036362 -0.0303618 -0.9144157
v -57.7844887 107.8152771 1582.8104248
vn 0.0113769 -0.9938093 -0.1105158
v -91.7006607 109.0705032 1579.0844727
vn 0.4342422 -0.0881714 -0.8964706
v -65.3430328 109.9625473 1579.5174561
vn 0.4168770 -0.0060816 -0.9089426
v -61.1501808 110.2494659 1581.3334961
vn 0.5154207 0.1224044 -0.8481501
v -58.7182808 114.0487976 1583.0515137
vn -0.9834481 0.0899138 -0.1573070
v -141.1387634 112.5715485 1580.1225586
vn 0.5517737 0.1395732 -0.8222319
v -61.4626198 119.9364700 1582.1595459
vn 0.6290358 -0.6862741 -0.3651600
v -107.2395020 122.2652435 1578.4786377
vn 0.5619676 0.1277892 -0.8172286
v -64.3537064 122.8476105 1580.7253418
vn 0.5808112 0.1789928 -0.7941159
v -64.5581741 132.8887939 1582.7567139
vn 0.5861734 0.1755954 -0.7909279
v -61.7718697 129.4573212 1584.1170654
vn 0.1804067 0.6371645 0.7493163
v -94.1004715 128.5063324 1583.3812256
vn -0.4782652 0.4328623 0.7641287
v -93.5116196 131.4516296 1581.9265137
vn 0.7364802 0.4835961 0.4730030
v -94.9537430 128.3420258 1584.2980957
vn -0.8201624 0.1274405 0.5577567
v -94.4153900 134.9963684 1579.5976562
vn 0.6703722 0.1532321 -0.7260310
v -71.7463913 137.4504089 1578.2600098
vn 0.9510265 -0.1943115 -0.2403991
v -96.9825058 137.0002594 1578.7033691
vn 0.6021957 0.1839546 -0.7768662
v -68.2320709 133.8995056 1580.4207764
vn -0.8670549 0.4699623 -0.1653822
v -132.7664642 145.6379547 1583.8237305
vn 0.6499022 -0.1441243 -0.7462274
v -68.2119827 159.0516663 1580.6212158
vn 0.6991342 0.2930137 -0.6521920
v -65.9101334 166.3404846 1583.2047119
vn -0.4196698 0.8798220 -0.2231382
v -103.6314392 170.3950043 1574.3825684
vn 0.5440707 0.7607457 -0.3539111
v -71.4461594 174.5345459 1584.0706787
vn -0.3256044 -0.8972465 -0.2982122
v -89.7251968 22.1930046 1584.9594727
vn 0.0445444 -0.7875118 -0.6146877
v -83.3997116 20.4634552 1586.3062744
vn 0.6955970 0.3040322 -0.6509295
v -90.4840164 36.1997757 1579.2672119
vn 0.3560807 0.4578319 -0.8146144
v -89.7443619 46.8278503 1585.3735352
vn 0.5979845 0.6591671 -0.4559751
v -105.5425339 48.8155289 1578.8535156
vn 0.9020588 0.0145210 -0.4313689
v -105.3825073 54.6406479 1581.6618652
vn 0.8307067 -0.5283908 -0.1752988
v -103.2254868 62.0203590 1580.3510742
vn 0.3147410 0.9436792 0.1020188
v -123.8647690 67.7944489 1583.9862061
vn -0.7903023 0.4801806 0.3805903
v -121.9992981 67.9343414 1585.1875000
vn 0.7373332 -0.6687680 -0.0953370
v -96.8930283 69.3161392 1584.9450684
vn 0.6069438 -0.6845803 -0.4036944
v -76.0846481 89.0692062 1583.7403564
vn 0.9391472 0.3403874 -0.0462491
v -95.4152908 98.6836548 1583.5559082
vn 0.3475937 -0.3768255 -0.8585926
v -61.9812317 102.7712708 1582.6463623
vn -0.3007287 -0.6233083 0.7218373
v -95.5131912 103.6010971 1583.7214355
vn 0.2658917 -0.2829849 -0.9215320
v -55.8536034 104.3346786 1584.0538330
vn 0.4218424 0.0609246 -0.9046199
v -54.2092934 106.2191238 1584.3466797
vn -0.9676660 0.1848963 -0.1715689
v -140.8784790 122.8511353 1587.8281250
vn -0.7541415 -0.1900992 0.6285960
v -96.1487045 121.9587326 1584.8331299
vn -0.4702124 -0.8758829 0.1083036
v -97.5657654 120.3174973 1578.2762451
vn -0.1586794 0.5586478 0.8140845
v -93.3704224 127.7787323 1583.9266357
vn -0.6431095 0.1337119 0.7540102
v -90.0485077 132.5371246 1584.1850586
vn 0.8578487 -0.2104841 -0.4688199
v -95.5923004 131.3716431 1583.7727051
vn -0.6301674 -0.4296202 0.6467732
v -86.8304214 130.8345490 1586.2390137
vn -0.9511733 0.2739969 -0.1421098
v -138.6543732 131.5210419 1586.1706543
vn -0.8183742 -0.4567473 0.3487773
v -92.4010544 136.6322021 1582.8443604
vn 0.2658298 -0.6738648 -0.6893771
v -94.1374512 138.0102386 1582.7283936
vn -0.9214010 0.3563729 -0.1549793
v -136.0213776 136.6705627 1580.0491943
vn -0.3696264 -0.8898628 -0.2674334
v -94.4988327 138.8544159 1581.5615234
vn 0.1691944 -0.9506286 -0.2601511
v -95.0858994 139.2132263 1580.9349365
vn 0.6004260 0.1138182 -0.7915391
v -67.8165588 140.1831818 1582.0635986
vn -0.7848807 0.5956663 -0.1707162
v -127.2880859 154.1372375 1584.7093506
vn 0.6258950 -0.1372039 -0.7677438
v -67.7507553 155.3099060 1581.7926025
vn 0.0287308 -0.8318203 -0.5543010
v -86.1744156 22.1574631 1583.0955811
vn -0.2616973 -0.9372598 -0.2303445
v -86.7292862 20.5010052 1587.6378174
vn 0.3496697 -0.5456645 -0.7615651
v -78.3543930 19.8810310 1587.3872070
vn 0.5089515 -0.2100662 -0.8347698
v -82.0838623 22.6659145 1585.4528809
vn 0.6519436 0.1142930 -0.7496044
v -82.0532990 28.2548676 1585.6228027
vn 0.6539575 0.1407188 -0.7433289
v -82.4076920 32.0723534 1586.1838379
vn -0.5981247 -0.7814353 -0.1777802
v -109.7363510 34.4118080 1584.0634766
vn -0.3534623 -0.2865689 -0.8904733
v -108.1131592 42.6000252 1586.6462402
vn -0.8633794 -0.2902289 0.4127266
v -107.9063034 42.7543907 1587.3687744
vn -0.7592315 -0.6235278 -0.1864958
v -125.1891403 50.3266830 1579.4343262
vn -0.8611367 -0.4661452 -0.2028600
v -133.1319427 60.3018456 1583.8728027
vn -0.9045763 -0.3735926 -0.2053542
v -136.2808990 65.6621475 1586.9001465
vn -0.8674487 -0.4037015 0.2907884
v -122.2452621 69.0364914 1584.6135254
vn -0.2605310 -0.9566981 0.1298172
v -123.1485825 69.7048569 1583.8771973
vn 0.3186358 -0.9462718 -0.0551449
v -124.6160355 69.3647842 1581.5178223
vn 0.6413870 -0.7230147 -0.2566563
v -80.6408081 84.4971085 1584.8583984
vn 0.1754078 0.7804798 -0.6000695
v -94.3924637 96.7280426 1583.3171387
vn 0.4884339 -0.6415806 -0.5914447
v -67.6531219 95.1118393 1584.8557129
vn 0.4006246 -0.5403849 -0.7399216
v -63.4789543 99.4254532 1583.9704590
vn 0.2840816 -0.6689996 -0.6868314
v -57.9146881 100.2306442 1585.7877197
vn 0.2003183 -0.5813115 -0.7886378
v -51.6673737 101.7935333 1585.9929199
vn -0.9908779 -0.1344837 0.0086754
v -94.6380005 100.0339508 1583.9106445
vn 0.4193658 -0.1055457 -0.9016610
v -51.1511574 103.0167160 1585.6286621
vn 0.4721429 -0.2193028 -0.8538076
v -48.5095444 101.5350876 1587.1793213
vn 0.9714270 0.2112898 -0.1081026
v -96.0062790 101.3429260 1584.8415527
vn -0.9085298 0.1119330 -0.4025477
v -94.8462753 103.1604538 1586.0998535
vn -0.3759563 0.8422695 0.3863144
v -84.5270615 107.0885849 1585.3557129
vn 0.4455545 0.8273720 -0.3419603
v -86.9544525 107.3460999 1584.7515869
vn 0.8853247 -0.2119137 0.4138754
v -96.3917847 106.1773300 1585.9499512
vn -0.6476548 0.2966075 0.7018314
v -83.1538849 107.6914673 1586.2895508
vn 0.6985461 0.2346660 -0.6759921
v -48.8542824 108.5398788 1588.5943604
vn -0.7147915 -0.4687268 0.5190071
v -95.4269791 106.8388672 1586.5922852
vn 0.7321990 0.0519330 -0.6791080
v -86.7477264 107.9538651 1585.6926270
vn 0.6800869 -0.2627988 -0.6844113
v -89.0097580 108.2456055 1583.2889404
vn -0.2975623 -0.9189038 0.2589836
v -86.2947617 108.4558868 1584.3115234
vn 0.5863130 0.2068423 -0.7832327
v -55.4604836 117.2022705 1585.8962402
vn -0.9692176 0.1360924 -0.2051736
v -142.4379425 113.6589050 1587.8052979
vn 0.2763394 0.9312915 -0.2373452
v -102.3107300 117.3956375 1581.5708008
vn -0.2360322 0.9671052 0.0948492
v -100.7447433 117.3145676 1580.6129150
vn 0.8149979 0.3587021 -0.4550948
v -102.7426910 119.3915482 1584.6364746
vn 0.7589886 0.3102174 -0.5724522
v -107.0689011 119.6327362 1579.4157715
vn -0.8324718 0.3805095 0.4027446
v -96.6285172 119.2280807 1584.5067139
vn -0.3424999 -0.7675139 0.5418637
v -97.5176773 123.2707214 1584.6390381
vn 0.2033119 -0.9746110 0.0937952
v -99.6424713 123.8199921 1585.2241211
vn -0.6247727 0.4023195 0.6691773
v -92.4946976 127.3490219 1584.8367920
vn -0.2417178 0.3264237 0.9137944
v -85.4690552 129.4178162 1586.6810303
vn -0.1287874 0.5093925 0.8508426
v -88.8267288 131.0196533 1585.1539307
vn 0.9632517 0.2582895 0.0737081
v -95.8224716 130.8972473 1582.9431152
vn -0.0899653 0.4235956 0.9013729
v -89.5969696 129.5058441 1587.1663818
vn 0.5567867 -0.5909683 -0.5837339
v -93.9184570 130.0845795 1586.4538574
vn -0.7203691 -0.6239651 0.3028795
v -88.2843552 132.5717773 1586.1230469
vn -0.5814993 -0.7883160 -0.2010385
v -90.7402954 135.0775146 1584.8739014
vn 0.1366384 -0.6430230 -0.7535591
v -92.4303436 135.8058167 1584.9682617
vn 0.5677350 -0.0228891 -0.8228931
v -62.9661789 148.0075836 1586.0521240
vn 0.5870368 -0.0345677 -0.8088219
v -66.5716782 149.7263489 1583.4533691
vn 0.5570789 -0.0614937 -0.8281797
v -62.1601143 152.9312134 1586.0786133
vn 0.6522014 0.0067187 -0.7580160
v -63.1800461 161.0633698 1584.6372070
vn 0.0704329 0.8539882 -0.5155031
v -76.5544739 164.0101318 1586.1959229
vn -0.4340591 -0.8034351 -0.4075350
v -76.1864166 162.8894958 1587.1740723
vn -0.5278481 0.8285135 -0.1869273
v -113.6954346 166.2090912 1580.5443115
vn 0.3753350 0.8968597 -0.2340220
v -73.1299210 175.7085114 1584.7625732
vn 0.2649962 0.9568937 -0.1188763
v -75.6620102 177.1164551 1588.1834717
vn 0.6435824 -0.2057903 -0.7371921
v -77.6641159 20.2001095 1587.7231445
vn -0.5385172 -0.8256373 -0.1682929
v -102.2957153 28.4371395 1586.4631348
vn 0.6108621 0.2098341 -0.7634246
v -85.3448257 37.7929268 1584.7906494
vn 0.4603279 0.1829773 -0.8686873
v -82.8117599 48.3819580 1588.6737061
vn 0.5543780 0.8041101 -0.2146439
v -107.8644867 42.7693481 1587.1362305
vn -0.4126733 -0.8490323 0.3299166
v -107.0399094 42.9888306 1588.8510742
vn 0.3555250 0.2658902 -0.8960494
v -85.0369492 47.3999825 1587.3754883
vn 0.1293764 0.6282201 -0.7672035
v -91.8596191 49.2548485 1586.5989990
vn 0.1971252 0.4091272 -0.8909302
v -86.7845383 49.5961914 1587.7044678
vn -0.8138457 -0.5554767 -0.1705899
v -129.9068909 55.2078743 1583.4549561
vn 0.2725447 0.2428890 -0.9309803
v -83.0876389 53.4039192 1589.7342529
vn -0.1429097 0.4115647 -0.9001063
v -83.3181305 58.6764488 1591.5467529
vn 0.9070416 -0.1906999 -0.3753787
v -103.7192917 58.3651009 1584.8529053
vn -0.3182704 0.9191444 0.2321156
v -121.4992218 67.2467117 1587.6669922
vn 0.8279432 0.5400397 -0.1512191
v -123.2317123 67.5604858 1587.3934326
vn 0.9227594 -0.2902002 -0.2535726
v -124.3084946 68.9698105 1583.9395752
vn 0.6985110 -0.6940489 -0.1742941
v -93.2156677 72.5584717 1588.3697510
vn 0.5805663 -0.7656788 -0.2769093
v -76.2470398 86.9703064 1588.0493164
vn 0.5263019 -0.7522262 -0.3964368
v -68.4236145 92.9091949 1587.3560791
vn 0.4447485 -0.7353599 -0.5113165
v -61.8012123 97.2486725 1587.1282959
vn 0.5049604 0.4133210 -0.7577473
v -95.5978546 101.5038528 1585.6549072
vn 0.0641102 0.4476405 -0.8919125
v -94.7865906 98.4503098 1584.3507080
vn -0.9819821 0.0180905 -0.1881058
v -145.3701782 98.9733353 1593.5684814
vn -0.5400347 0.3690290 -0.7564260
v -95.0348740 101.9265442 1585.8635254
vn 0.3496392 -0.5282028 -0.7737921
v -44.5241394 99.5380783 1590.7347412
vn 0.9759213 0.1758585 -0.1290405
v -96.1215439 103.9938965 1586.0749512
vn -0.9440415 -0.2157792 0.2494495
v -94.8285217 103.6356430 1584.8829346
vn 0.4244630 0.8559842 -0.2951648
v -83.0469589 106.8822250 1589.0142822
vn -0.5565613 0.6755070 0.4836629
v -81.3658142 107.2288895 1588.8443604
vn -0.9664267 0.0856960 -0.2422304
v -142.5650940 107.8889694 1585.5979004
vn -0.5858592 -0.5557426 0.5898467
v -82.3813171 108.5650787 1586.7697754
vn 0.5968218 -0.4877926 0.6370730
v -96.3673172 108.4151993 1587.4040527
vn 0.3030322 -0.8766804 -0.3736349
v -87.0214233 108.4799805 1584.9661865
vn 0.3675938 -0.8440252 -0.3905077
v -83.4670029 108.2611389 1588.6501465
vn -0.9027084 0.0836529 0.4220425
v -94.8087616 112.0774536 1591.2780762
vn -0.3605692 -0.5804012 0.7301537
v -95.5617294 109.6634064 1588.5498047
vn 0.8339335 -0.3059820 0.4592710
v -96.3571396 110.7899323 1589.6608887
vn 0.2768438 0.9609101 -0.0030530
v -99.2862244 116.8844910 1587.2109375
vn 0.6938614 0.6815258 -0.2325487
v -100.6905441 117.7006683 1587.4694824
vn -0.6368991 0.4313456 0.6389841
v -92.7530899 117.9668503 1590.5588379
vn -0.7484436 0.3496206 0.5635580
v -92.0742264 121.5178604 1589.2331543
vn 0.8090129 -0.1816542 -0.5590169
v -103.1471634 121.2826767 1584.4125977
vn -0.4295820 0.3364613 0.8380054
v -93.3847580 123.8290253 1586.6734619
vn -0.2696864 -0.5082963 0.8178656
v -95.6639023 124.3499374 1586.0657959
vn -0.2418607 0.4295217 0.8700659
v -82.2157822 127.8568726 1588.0427246
vn 0.1758690 0.8941964 0.4116831
v -85.2131195 128.6354370 1587.4869385
vn -0.5841435 -0.2331572 0.7774408
v -81.5338440 127.8015976 1588.4244385
vn 0.2884210 0.8094776 0.5114288
v -89.1128540 129.0507355 1587.2924805
vn 0.9193428 -0.0685770 0.3874353
v -89.5133438 129.0137024 1587.9492188
vn 0.6064968 0.1708815 -0.7765058
v -58.7410736 129.0040131 1586.1999512
vn 0.8949385 -0.4177401 -0.1567751
v -95.1845093 127.9234543 1587.0169678
vn -0.8287597 0.4197431 0.3700987
v -90.0396957 129.9788361 1586.4056396
vn -0.5324942 -0.8078725 0.2525708
v -81.3987885 128.3368835 1589.2474365
vn 0.4347565 -0.3114169 -0.8449890
v -91.7788849 131.7196503 1587.0975342
vn 0.2001327 -0.6346145 -0.7464659
v -90.4837875 133.8895264 1586.6732178
vn 0.0789371 0.3353045 0.9387971
v -120.9577026 135.1289673 1589.2252197
vn -0.0179037 -0.6664155 -0.7453656
v -121.6788330 136.7717896 1588.6218262
vn 0.5811130 0.0968588 -0.8080384
v -59.8958626 140.5854950 1587.8813477
vn -0.2195350 0.7648500 -0.6056475
v -121.6902542 136.9623566 1588.4431152
vn 0.5841308 0.0941853 -0.8061764
v -62.8051567 141.3082581 1585.9060059
vn -0.8328905 0.5163478 -0.1991947
v -128.2516479 148.6906281 1572.0401611
vn -0.7150698 0.6760125 -0.1779956
v -122.7312698 158.5410309 1581.1721191
vn 0.6644468 0.2235156 -0.7131277
v -58.3414612 162.6035767 1588.8697510
vn 0.6031673 0.6588386 0.4495788
v -75.8898239 162.1491852 1587.8829346
vn -0.7721600 0.1179340 0.6243882
v -74.8202744 161.2227936 1589.0949707
vn -0.8305224 -0.5345678 0.1564290
v -75.5457687 162.5225830 1588.4356689
vn 0.6295413 0.6886848 -0.3597097
v -63.6385574 170.7387543 1589.1101074
vn 0.6411831 0.6154135 -0.4584217
v -68.3983231 172.1428070 1584.6284180
vn -0.1047683 0.9877473 -0.1156676
v -84.8458099 177.9291534 1586.7801514
vn -0.4393350 -0.8775846 -0.1919120
v -95.2419891 24.2359543 1587.2609863
vn 0.6323074 0.1150990 -0.7661198
v -79.0911026 25.7596340 1587.6293945
vn -0.1091361 0.9888145 0.1016627
v -107.2789688 42.6800308 1588.4196777
vn -0.2834658 0.9082484 -0.3077857
v -108.0068893 42.7636528 1586.9387207
vn -0.7792447 -0.6124691 -0.1328886
v -129.2152252 53.0285759 1588.8039551
vn 0.4175179 0.7207685 -0.5533279
v -101.6642532 50.2449303 1584.7598877
vn 0.1392046 0.5335944 -0.8342057
v -89.1046066 51.5223808 1588.2839355
vn 0.6985670 0.2427991 -0.6730919
v -100.2149658 55.1213112 1591.1861572
vn 0.7927610 -0.5684596 -0.2199630
v -98.6506195 66.4875641 1588.9605713
vn 0.2612177 -0.7038265 -0.6606010
v -47.0358315 99.6713028 1589.1524658
vn -0.9659676 0.0791200 -0.2462655
v -144.5575409 103.2947006 1591.2624512
vn 0.7469919 -0.0821254 -0.6597412
v -83.1621552 107.6772537 1589.5375977
vn 0.0850208 -0.9940411 0.0682177
v -78.4832306 108.1939545 1592.3553467
vn -0.5290745 -0.7584989 0.3804730
v -81.0999451 108.6342087 1588.3304443
vn 0.6237468 0.2248790 -0.7485783
v -50.7520866 110.6741409 1587.4582520
vn 0.6804165 0.2557268 -0.6867585
v -51.8589706 115.3229065 1588.3343506
vn 0.6416910 0.1839302 -0.7445820
v -54.8351555 123.9298859 1588.3409424
vn 0.2274105 0.9405738 0.2522011
v -79.0584488 125.8683243 1591.4066162
vn 0.6401525 -0.7226646 -0.2606927
v -99.7537994 123.2921066 1587.9312744
vn -0.8667299 -0.0201305 0.4983714
v -88.7593002 123.9575348 1592.7396240
vn -0.1437493 0.6608103 0.7366586
v -78.3965683 126.3251953 1590.5156250
vn -0.7961046 0.3564540 0.4890379
v -90.0463867 125.5122986 1589.1933594
vn 0.5711067 0.7071121 -0.4169287
v -82.9555206 127.1777267 1590.5394287
vn -0.8105253 0.3205666 -0.4901896
v -89.1402054 128.7001038 1588.9038086
vn -0.8265883 -0.4413004 -0.3492932
v -89.2037277 128.5950012 1589.5042725
vn 0.0010417 0.9981759 0.0603651
v -87.9796219 128.7239838 1587.9409180
vn 0.0620456 -0.4593442 -0.8860887
v -89.3879242 129.0831451 1588.9422607
vn -0.9366919 -0.1176667 0.3297919
v -89.3982849 128.9935608 1587.4916992
vn 0.0315691 -0.8925047 -0.4499319
v -90.4857025 130.1647797 1588.0256348
vn 0.4063380 -0.4494481 -0.7955412
v -90.4284439 130.1432495 1588.0841064
vn -0.4363548 -0.8617826 -0.2586991
v -84.5921631 129.8388214 1589.2901611
vn 0.0986244 -0.7778782 -0.6206278
v -87.5781860 131.8008423 1589.9002686
vn -0.2868517 0.4516801 0.8448084
v -120.7250061 134.6886597 1589.4669189
vn -0.9261859 -0.3285295 0.1850625
v -120.7159729 134.7766876 1589.5751953
vn -0.4769026 0.4338033 0.7644466
v -92.2462540 155.5425568 1591.0007324
vn 0.5936419 0.0756858 0.8011623
v -93.2307510 153.1747894 1592.1784668
vn 0.9399266 0.1946210 -0.2804654
v -92.0119934 156.2313080 1590.6533203
vn 0.6676035 0.2403429 -0.7046566
v -53.8455162 158.7996368 1591.7534180
vn 0.5388794 0.0171297 -0.8422088
v -56.6866455 155.9743195 1589.4555664
vn -0.2599472 0.7331355 0.6284425
v -73.9871140 159.5261536 1590.6706543
vn 0.8548791 0.5169030 0.0446426
v -75.5168076 161.4194794 1588.9221191
vn -0.9056581 -0.3858340 0.1758284
v -74.5562363 161.5326385 1589.9855957
vn 0.9131902 -0.1252087 -0.3878227
v -75.4134979 161.8431091 1589.6137695
vn -0.6629497 -0.0011286 -0.7486631
v -76.6774292 163.8474884 1586.1680908
vn 0.6770595 0.4796606 -0.5581363
v -62.5687332 168.2188568 1587.5980225
vn -0.3990258 0.9074301 -0.1317156
v -104.1453552 172.1134796 1586.3671875
vn -0.0495827 -0.9044268 -0.4237378
v -81.0045319 19.2108746 1587.8782959
vn -0.5336955 -0.8418169 -0.0807054
v -100.4597092 26.4215927 1592.8455811
vn 0.6461166 0.0866335 -0.7583061
v -75.1019974 29.0917053 1591.8964844
vn -0.5960684 -0.7963323 -0.1027491
v -106.6606522 31.0042133 1590.0367432
vn 0.7234508 0.6446471 -0.2470811
v -106.0416183 42.9406395 1594.1187744
vn 0.5585689 0.0956480 -0.8239250
v -79.3638687 40.9940948 1589.7260742
vn -0.6606966 -0.7410730 -0.1195441
v -114.9183350 38.1569977 1587.3640137
vn 0.0676729 0.7338850 -0.6758944
v -95.8908539 51.8423004 1588.6834717
vn 0.6722499 0.4748695 -0.5679604
v -101.3507385 53.0742035 1588.3537598
vn 0.4556298 0.8892550 -0.0403378
v -121.5309067 66.7732239 1592.8583984
vn 0.1023197 0.2967715 -0.9494511
v -81.1203918 59.0409660 1591.5389404
vn 0.9197649 -0.3021433 -0.2504833
v -123.0751572 68.9508972 1588.5316162
vn 0.2094634 -0.9640118 -0.1637261
v -122.9702377 69.5299835 1587.5343018
vn 0.5609746 -0.7094576 -0.4265881
v -80.7621841 81.9039612 1594.3312988
vn 0.0165389 -0.9118194 -0.4102582
v -45.8138695 97.1378632 1593.7098389
vn 0.1825347 -0.8971782 -0.4021844
v -52.2478943 97.2882004 1592.3712158
vn 0.1692965 -0.6943123 -0.6994777
v -40.0282860 97.5363312 1593.2491455
vn 0.5050660 0.0092568 -0.8630311
v -42.2654724 99.4634171 1591.8088379
vn 0.6526352 0.1320384 -0.7460785
v -45.4442482 102.0070190 1589.6347656
vn 0.0295811 0.9962553 0.0812430
v -81.0919952 106.7275009 1590.6268311
vn 0.1595222 0.5370740 -0.8283141
v -95.8585587 105.7554398 1587.8961182
vn 0.8529846 0.2894627 -0.4343139
v -80.0704117 106.8932571 1593.1392822
vn -0.9680619 0.1904939 -0.1629979
v -95.2248688 107.8453903 1588.5578613
vn -0.5031716 0.1341837 0.8537055
v -73.9346924 109.5413208 1594.1877441
vn 0.9877953 0.1031260 -0.1167286
v -96.4859390 109.8008347 1590.1188965
vn -0.5512339 0.0871366 0.8297883
v -77.4909134 107.9147644 1592.8309326
vn 0.7862187 0.5535349 0.2746986
v -96.7578888 115.2096863 1591.9193115
vn -0.2861515 0.7575886 0.5866660
v -95.8508911 116.5587540 1589.7541504
vn -0.0764183 0.0061709 0.9970568
v -95.4479523 114.2203827 1591.0635986
vn 0.8548875 0.5114769 0.0869412
v -98.3254852 116.8447418 1593.4149170
vn -0.3634045 0.1045974 0.9257411
v -71.8398590 113.2992249 1595.4089355
vn -0.6253228 0.5099453 -0.5907006
v -81.8097916 119.5558624 1593.5190430
vn 0.1836300 0.2728224 0.9443771
v -71.5246964 119.7694092 1593.6768799
vn -0.3481557 0.3337654 0.8760071
v -70.7620316 117.5579834 1594.2114258
vn -0.7823727 0.2275480 0.5797543
v -81.2775116 119.4065323 1593.1579590
vn -0.4444826 0.0795450 0.8922488
v -69.0441513 122.2336044 1593.4499512
vn 0.0549669 0.1133284 0.9920360
v -73.4454498 123.4313812 1592.6295166
vn 0.6760333 -0.5655608 0.4723559
v -96.2369766 125.7267303 1586.8454590
vn -0.1663738 -0.2480712 0.9543482
v -73.6626816 124.6395416 1592.7896729
vn -0.9558970 0.2384095 -0.1715280
v -141.2154541 126.2292023 1592.9985352
vn -0.3536858 -0.2555996 0.8997640
v -69.5797577 125.6329956 1593.5957031
vn 0.6603729 0.1174726 -0.7416925
v -50.2551193 127.0262909 1593.1204834
vn -0.8178444 -0.5004016 -0.2841285
v -89.4253006 127.1579056 1591.3416748
vn -0.3482394 -0.9373903 0.0053751
v -77.0414276 126.4094925 1592.0745850
vn 0.6502195 -0.7203529 -0.2414672
v -95.0905533 126.3494644 1592.3187256
vn 0.2512928 0.7006298 -0.6678098
v -86.6315384 129.2937012 1589.3446045
vn 0.1874546 -0.1936280 -0.9630000
v -85.0001755 129.2122803 1590.1069336
vn 0.1412857 -0.5237828 -0.8400536
v -82.5409851 128.5257721 1591.3416748
vn -0.1120611 -0.7157471 -0.6893101
v -87.3798218 131.7580414 1590.0572510
vn -0.5263002 0.4673809 0.7103262
v -119.4211044 132.1024170 1592.3715820
vn 0.6278243 0.1444486 -0.7648342
v -54.5911255 131.1745911 1590.1654053
vn 0.9378309 -0.0005974 -0.3470920
v -120.3774033 133.3536987 1592.0159912
vn 0.2131408 -0.7449059 -0.6322074
v -121.0823898 135.5626068 1590.0932617
vn -0.9729595 0.0209352 -0.2300252
v -121.6908340 136.7126007 1588.6572266
vn -0.9245023 0.3487475 -0.1538528
v -137.6877441 138.4227753 1594.9172363
vn 0.5782802 0.0763971 -0.8122534
v -52.8547554 138.2216187 1592.5386963
vn 0.5550745 0.0145687 -0.8316730
v -54.9341774 142.6630096 1591.4978027
vn 0.5430680 -0.0325167 -0.8390589
v -57.6290741 146.4060059 1589.6466064
vn 0.6674539 0.6921812 0.2745734
v -93.5368805 151.8677216 1593.2149658
vn -0.1842733 0.5024719 0.8447280
v -92.7239151 152.6862335 1592.2819824
vn 0.5451654 -0.0655366 -0.8357629
v -55.9572601 151.2402496 1590.2685547
vn 0.9085162 0.2008242 0.3664261
v -93.9717255 152.4398956 1592.7375488
vn 0.6116600 0.0553443 -0.7891825
v -53.6117096 155.9364624 1591.4067383
vn 0.6412064 0.0163201 -0.7671949
v -51.6317596 153.0397949 1593.0450439
vn 0.1064496 0.6659896 0.7383267
v -73.2289810 158.2703247 1591.9547119
vn -0.2694137 0.5817252 0.7674712
v -68.1987991 157.5900116 1593.9768066
vn -0.1840914 0.8296312 -0.5270887
v -92.1848679 156.5023956 1590.4936523
vn -0.5607242 -0.8274469 -0.0303320
v -73.4254303 158.4445190 1591.7810059
vn 0.9350809 0.3090502 -0.1735272
v -74.7069931 160.5324249 1591.6843262
vn -0.6594931 0.7349758 -0.1577321
v -120.1066742 163.1704254 1588.7304688
vn 0.5383223 -0.6675952 -0.5143206
v -74.8613434 161.6520233 1590.5997314
vn -0.4799552 -0.7958342 -0.3691761
v -74.5977097 161.6935425 1590.7042236
vn 0.7058514 0.4986390 -0.5031232
v -56.6267090 164.6583862 1592.0905762
vn -0.5034405 0.8538761 -0.1320732
v -115.1715927 168.0584869 1597.0531006
vn 0.5094255 0.8381957 -0.1947144
v -66.1980972 173.2194824 1591.2778320
vn 0.4976141 -0.5658551 -0.6574103
v -72.9140091 18.3785877 1594.3902588
vn 0.1188986 -0.6361941 -0.7623124
v -43.0160942 19.3164597 1595.6105957
vn 0.2426777 0.1649096 -0.9559876
v -42.3472099 20.1269741 1595.5362549
vn 0.6788058 -0.1071772 -0.7264542
v -73.4369888 20.7912941 1592.6654053
vn 0.6292220 0.0902672 -0.7719660
v -77.9168854 32.4764099 1590.0952148
vn -0.8959342 -0.0345146 0.4428439
v -105.1634750 42.9116249 1591.7003174
vn 0.9469383 -0.2426858 -0.2107400
v -106.1273727 43.6508980 1594.3096924
vn 0.4045646 0.0049332 -0.9144961
v -72.1955261 55.1906357 1594.3752441
vn 0.3106865 0.6051376 -0.7329955
v -99.3165894 54.5183792 1591.4486084
vn 0.4601313 0.0861170 -0.8836645
v -78.0367584 48.7372627 1591.2872314
vn 0.2781567 0.1521867 -0.9484029
v -75.6808548 60.6600418 1593.4512939
vn -0.1463813 0.5531497 -0.8201207
v -88.5274734 55.1199150 1590.7370605
vn 0.7909256 -0.0919226 -0.6049686
v -100.3915863 59.2213402 1590.9348145
vn 0.0402150 0.3298216 -0.9431863
v -79.2196960 64.9173813 1593.7967529
vn 0.8724959 -0.3326935 -0.3578632
v -101.4554443 61.8856354 1587.8696289
vn -0.6432334 0.6934658 0.3245862
v -119.0418015 66.7661972 1593.7797852
vn -0.9236772 -0.3349060 -0.1861678
v -138.7978668 69.4701385 1591.8532715
vn -0.1022612 0.4414823 -0.8914236
v -79.7979202 66.2685242 1594.3466797
vn 0.0554648 0.3968406 -0.9162102
v -75.0406418 68.2531815 1595.3856201
vn -0.3927553 -0.9167681 0.0726610
v -119.6296158 68.1652832 1593.3850098
vn -0.9444922 -0.2706522 -0.1862310
v -142.2352905 77.6590576 1596.0488281
vn 0.6571429 -0.7276812 -0.1965792
v -87.8321915 77.3582840 1590.3867188
vn -0.9581050 -0.1652517 -0.2339374
v -142.0285339 86.9562149 1584.5032959
vn 0.5590543 -0.7851449 -0.2664694
v -70.2838364 90.5910721 1589.3762207
vn 0.5340178 -0.8386691 -0.1070482
v -66.8480988 92.5010223 1591.4719238
vn 0.3985815 -0.8787998 -0.2623808
v -61.3543854 95.3248978 1591.4371338
vn 0.1746594 -0.9686672 -0.1765728
v -58.2677994 95.3156967 1594.4471436
vn -0.9744058 -0.0432206 -0.2206025
v -144.9183502 95.9302673 1591.3795166
vn -0.1522536 -0.4163314 0.8963744
v -125.0285110 103.0406418 1594.0709229
vn -0.2606463 0.9389488 0.2245857
v -126.0017776 103.0052185 1593.9638672
vn -0.3640574 -0.1699398 0.9157416
v -123.6486206 103.1888733 1594.6988525
vn 0.5438113 0.5260044 -0.6539027
v -96.0053329 107.6003036 1589.2694092
vn 0.1157615 0.9038329 -0.4119287
v -95.2483673 113.3138657 1595.3151855
vn 0.5817628 -0.6039962 0.5447391
v -74.8457336 111.6818085 1595.1520996
vn -0.6805329 0.4290521 0.5939608
v -92.7438736 115.3783569 1592.2258301
vn 0.3905915 -0.3826271 0.8372782
v -81.7693100 119.5514145 1593.4824219
vn -0.8351792 0.1555043 0.5275360
v -68.2887192 121.9219131 1594.1267090
vn 0.7170528 0.1507654 -0.6805183
v -49.0942535 121.6750717 1593.2711182
vn 0.9993837 0.0341267 0.0082244
v -98.8265610 118.8233948 1593.8947754
vn 0.8795201 -0.3429375 -0.3299067
v -99.3589935 121.7437820 1591.1918945
vn 0.2182035 0.6946535 0.6854515
v -75.2984619 123.8585739 1592.9880371
vn 0.6964335 -0.6935230 -0.1844079
v -96.8846741 124.2278900 1593.7924805
vn 0.3752206 0.9240873 -0.0726091
v -81.7679443 126.4925995 1590.7912598
vn 0.1822039 0.3046926 0.9348605
v -117.6362381 126.9859619 1595.3698730
vn -0.4811434 -0.5833089 0.6544095
v -75.1462555 125.5168381 1592.3110352
vn 0.1163497 0.5773039 0.8081974
v -118.6481934 129.1740875 1594.3112793
vn -0.2267480 -0.8548362 -0.4667340
v -90.2283783 128.8799896 1589.9213867
vn -0.2596971 -0.8795438 -0.3986981
v -80.1933136 127.6617432 1591.6553955
vn 0.2725564 -0.9172611 -0.2904224
v -93.0201721 126.1270676 1595.6805420
vn -0.0734106 -0.9558427 -0.2845623
v -90.8079529 126.9499435 1594.5980225
vn 0.9264224 0.3763984 -0.0081176
v -119.7939682 131.2242737 1593.1896973
vn -0.9315405 -0.1777635 0.3172259
v -119.1930161 132.2836456 1592.6524658
vn -0.7141857 -0.5780276 -0.3947443
v -118.8343124 131.8049011 1594.0925293
vn -0.6406342 -0.7091905 -0.2943411
v -120.0080185 133.6478577 1592.2331543
vn -0.2313402 0.5651057 0.7919200
v -88.7453156 146.3230133 1597.8485107
vn 0.5917331 0.0023623 -0.8061305
v -49.5212593 147.1346130 1594.7758789
vn -0.0783784 0.5924336 0.8017976
v -91.3843231 149.9559326 1594.4338379
vn -0.1128369 -0.5618028 -0.8195398
v -91.5609436 151.4891205 1595.9228516
vn 0.7215587 -0.5928825 -0.3575522
v -92.5715942 154.5296021 1592.2623291
vn -0.0381380 0.7972165 0.6024877
v -71.2882156 157.3176727 1593.5500488
vn 0.2318210 0.5473072 0.8041853
v -92.0944748 156.0663605 1590.8356934
vn 0.6713698 0.6192042 0.4072453
v -72.4560165 156.7570648 1595.0062256
vn 0.2322438 0.0724080 0.9699587
v -73.4867935 158.5883942 1591.8522949
vn -0.9931463 0.1168344 0.0032066
v -67.5114441 157.4794922 1594.2507324
vn 0.6445898 0.7025834 -0.3014639
v -60.1394768 169.1547699 1593.1048584
vn -0.3210634 0.9430215 -0.0873430
v -100.2890320 174.2997589 1592.1787109
vn 0.0324843 0.9970965 -0.0688715
v -82.4232101 178.7223358 1592.5239258
vn 0.2593454 -0.8669813 -0.4255391
v -74.7010498 17.5069618 1594.0198975
vn -0.0915043 -0.9708795 -0.2214045
v -77.3451004 17.0934238 1594.6270752
vn -0.2171225 -0.7602836 -0.6122310
v -48.7764397 19.1147690 1595.9089355
vn -0.3551942 -0.3100529 -0.8818755
v -53.2728157 20.6505852 1597.1689453
vn 0.2442293 0.1024162 -0.9642940
v -36.1826439 19.0646648 1596.7275391
vn -0.0022286 -0.2229619 -0.9748247
v -46.3651161 19.8658905 1594.2026367
vn -0.2863527 -0.1623647 -0.9442669
v -47.1485100 19.8784046 1594.4367676
vn 0.0340967 0.5209284 -0.8529192
v -46.9770813 24.5766582 1597.5520020
vn 0.6320443 0.0072448 -0.7748984
v -71.3183594 37.6933441 1595.6574707
vn -0.6438370 0.7618686 0.0709245
v -105.1393661 42.7183723 1592.1452637
vn -0.2381946 -0.9375576 0.2534741
v -104.5343018 44.5812645 1596.3952637
vn 0.7735855 -0.6323118 0.0418014
v -104.8044891 44.6102524 1597.7684326
vn 0.3609156 -0.9293018 0.0783466
v -105.9829712 44.0178490 1593.3591309
vn 0.5309498 -0.0938097 -0.8421948
v -68.7180710 45.9688454 1596.8023682
vn 0.5248202 0.0000691 -0.8512132
v -74.0613785 47.2028694 1593.5451660
vn -0.7851986 -0.6053766 -0.1303164
v -132.5547028 54.3720398 1602.7008057
vn 0.2862842 0.2261452 -0.9310745
v -94.8932648 58.8112831 1595.5534668
vn 0.3369214 0.0030133 -0.9415280
v -69.9028015 59.3263550 1595.2633057
vn 0.3357655 -0.0517074 -0.9405254
v -65.5553741 60.7384415 1596.8142090
vn -0.2332514 0.3944527 -0.8888200
v -90.2214890 62.0954781 1595.8342285
vn 0.2595113 0.0871312 -0.9618015
v -70.1483154 63.6640930 1595.4002686
vn 0.2891396 0.0656450 -0.9550335
v -66.4496078 64.2930603 1596.5247803
vn 0.2486585 0.1452390 -0.9576402
v -69.6208572 64.3670731 1595.5886230
vn -0.6611297 -0.1527743 0.7345526
v -115.9427109 66.6888428 1598.2438965
vn 0.7755721 -0.4064159 -0.4830259
v -97.6377563 66.1388550 1592.3720703
vn -0.2276864 0.4216342 -0.8777149
v -82.3990097 63.7948227 1593.7773438
vn 0.9347934 0.2040220 -0.2907515
v -121.8611221 67.5582962 1594.6864014
vn 0.6651626 -0.1571097 -0.7299830
v -96.7916183 64.4521408 1593.9945068
vn 0.1865714 0.2758432 -0.9429219
v -73.8312454 66.9143524 1595.0480957
vn 0.3098219 -0.9288473 -0.2031090
v -121.5721588 68.5719528 1593.5744629
vn 0.6932875 -0.5424190 -0.4744830
v -93.8770599 69.6215439 1594.2161865
vn 0.5964344 -0.7341960 0.3243797
v -66.7261963 93.1559906 1596.3839111
vn -0.7134839 0.3363164 -0.6146804
v -125.3722534 93.6418839 1596.2702637
vn -0.8264416 0.5511497 -0.1150142
v -125.3280869 93.2937012 1596.6513672
vn 0.2505523 -0.9334977 0.2565261
v -63.0107307 94.7957687 1595.7312012
vn -0.1621748 0.6459809 0.7459276
v -125.3290634 92.9496078 1596.0767822
vn 0.1590608 -0.9810265 -0.1108454
v -52.7560463 96.0993652 1595.8553467
vn 0.6613191 -0.2310168 0.7136444
v -125.0397949 96.5732880 1597.2038574
vn 0.4146399 -0.4194230 -0.8075631
v -38.2570076 97.6012115 1593.7261963
vn -0.5725594 0.2507436 0.7805789
v -124.3885498 97.6818161 1597.2014160
vn 0.1031911 0.5349697 0.8385458
v -124.1447449 100.3699341 1595.9667969
vn -0.4990969 0.4829135 0.7195115
v -122.7694778 101.5647812 1595.8089600
vn 0.5332617 0.5809629 -0.6149099
v -32.8263245 98.5767517 1598.4425049
vn 0.5782055 0.3148473 -0.7526948
v -37.6489487 98.5164185 1594.2855225
vn -0.6907360 0.7230021 0.0123191
v -121.4913483 101.3287964 1597.9238281
vn 0.6106495 0.3923578 -0.6878682
v -41.5625153 101.6477661 1593.0761719
vn 0.4024107 0.8606457 0.3120172
v -77.3479919 105.0378113 1596.6175537
vn 0.6270536 0.5678592 -0.5332352
v -38.3411789 102.1484070 1596.8735352
vn -0.4107157 0.7048647 0.5783411
v -78.1410141 106.4047470 1593.1928711
vn -0.4612635 0.6139019 0.6405938
v -119.4004440 103.5019836 1596.8676758
vn -0.0392533 0.6229944 0.7812408
v -75.2611084 104.4536591 1596.4925537
vn -0.7592294 -0.1380998 -0.6360024
v -126.1668854 102.9479980 1593.8271484
vn -0.4560466 0.2335867 0.8587542
v -110.8815155 106.4997482 1596.0144043
vn -0.1463363 -0.0993225 0.9842362
v -119.2680664 104.3283768 1596.6146240
vn 0.1025051 0.1354218 0.9854713
v -114.1497574 106.6806564 1597.1512451
vn -0.6916740 0.1839307 0.6983957
v -72.1982803 106.9946365 1596.8109131
vn 0.6320081 -0.5705829 -0.5244055
v -80.3287430 107.3050842 1592.7125244
vn -0.0696955 0.0658432 0.9953930
v -111.1378937 106.6911850 1595.9049072
vn -0.0815683 -0.3641698 0.9277537
v -111.0788422 110.3279114 1598.0173340
vn 0.7106625 0.4529465 -0.5383292
v -42.4069710 106.5647507 1595.7028809
vn 0.3377499 -0.5279342 0.7792371
v -114.0401306 108.4009933 1597.6912842
vn -0.8284774 0.4508370 -0.3322215
v -95.4039917 109.7757950 1591.0397949
vn 0.7040395 0.7030102 -0.1005240
v -96.1830826 113.6611252 1594.9848633
vn -0.3382792 0.9293516 -0.1478950
v -92.9415970 113.8598557 1595.7302246
vn 0.7804151 0.2209830 -0.5849093
v -46.8524971 114.5093613 1593.8839111
vn -0.6065832 0.7152276 0.3471403
v -91.3435364 114.7476578 1595.7552490
vn -0.6176348 0.4126356 0.6695216
v -89.8916092 118.4847794 1593.0808105
vn 0.8198546 0.0149106 0.5723777
v -73.5867538 116.3039627 1595.9833984
vn 0.6113042 0.4697342 0.6369120
v -99.4447479 116.3646927 1596.3503418
vn 0.0452877 0.1210808 0.9916090
v -104.9270706 117.7654190 1597.7630615
vn 0.9333199 -0.2591694 -0.2484860
v -73.8296967 116.0144348 1597.4390869
vn -0.3582540 0.2440616 0.9011593
v -85.5241318 119.9476700 1595.0214844
vn 0.4285441 -0.0530079 0.9019646
v -83.6196213 120.1257629 1594.9248047
vn 0.2341323 0.4760415 0.8476831
v -115.0783615 121.9918213 1596.7924805
vn -0.1848269 0.1039751 0.9772555
v -112.9647827 121.6452408 1596.4708252
vn 0.8109536 -0.5833850 -0.0449035
v -98.2479782 122.1190262 1596.0346680
vn 0.7791359 0.1239231 -0.6144839
v -47.5458069 120.2409286 1594.8115234
vn -0.9657692 0.1688801 -0.1968995
v -144.3908844 115.5227890 1598.2912598
vn 0.9170560 0.1980381 0.3461058
v -117.8213959 119.8662949 1598.7036133
vn 0.8217898 0.5694386 -0.0200320
v -74.8044891 122.8425217 1594.7238770
vn 0.7116422 0.0725790 -0.6987830
v -47.5611725 124.9621658 1595.3198242
vn -0.3412672 -0.0481860 0.9387305
v -114.9958191 123.6688766 1596.2644043
vn -0.6047824 -0.7847660 0.1355753
v -88.2656708 125.2429047 1596.3485107
vn 0.6007721 0.2835721 -0.7474355
v -77.2754974 125.5098801 1593.6326904
vn -0.5502067 -0.8114068 0.1972098
v -112.9489441 122.4320297 1597.7189941
vn -0.8725070 -0.4627618 -0.1567893
v -118.0837326 127.7372284 1595.2106934
vn -0.9634008 0.0922491 0.2516924
v -67.5997696 126.0915146 1596.0473633
vn 0.3325425 -0.2029647 -0.9209890
v -80.1593704 126.9846344 1592.3245850
vn 0.5507931 -0.8341537 0.0285412
v -72.8198242 126.4516830 1594.9023438
vn 0.8937986 0.4322941 0.1193560
v -118.4767075 128.1369629 1595.2926025
vn 0.7071161 0.0124086 -0.7069887
v -45.8620834 128.8497162 1597.2229004
vn -0.6317742 -0.2339898 0.7389926
v -68.4586105 127.6982422 1594.9702148
vn 0.7115090 -0.0649690 -0.6996671
v -118.4901657 128.5782776 1595.8308105
vn 0.1784058 -0.4571391 0.8713182
v -68.3283997 131.1041718 1596.5053711
vn 0.6250061 0.0859098 -0.7758783
v -49.2697716 132.7825317 1594.7164307
vn 0.2876114 -0.6144269 -0.7346831
v -119.6408310 132.7917938 1593.2530518
vn -0.8680432 -0.0205697 0.4960623
v -66.8022003 135.6338196 1598.5008545
vn -0.2291460 -0.2110707 0.9502323
v -69.3102875 142.1763153 1597.6879883
vn 0.3220469 -0.2289287 0.9186281
v -70.9717941 142.9584045 1597.8403320
vn -0.9169970 -0.1786364 0.3566589
v -90.4185333 149.6833191 1595.5456543
vn 0.8791035 0.2351604 -0.4145802
v -91.6089096 149.8517914 1595.9293213
vn -0.4734048 0.7654603 0.4358424
v -71.7554779 154.5279846 1596.7895508
vn 0.7515771 0.1462713 -0.6432236
v -48.8835068 152.5049133 1595.6905518
vn 0.7679490 -0.2973954 -0.5672833
v -93.1746445 152.5352020 1594.1558838
vn -0.9101124 0.1231142 0.3956493
v -91.8999710 153.1144409 1593.0466309
vn 0.4581624 0.6310415 0.6259983
v -72.1435471 154.0895996 1597.2297363
vn 0.7520971 0.2312296 -0.6171570
v -51.3762703 157.3892059 1593.9252930
vn 0.0138029 0.9426570 0.3334777
v -67.8479309 157.5111694 1594.2750244
vn 0.1620397 -0.7331174 -0.6605166
v -73.9563904 159.3889923 1593.9073486
vn -0.3177530 -0.9046778 -0.2838858
v -72.4150543 158.4223785 1594.5153809
vn -0.4915130 0.6781869 0.5463309
v -74.2821655 160.0310059 1593.0792236
vn -0.5990099 0.7897304 -0.1323363
v -118.8395767 165.7088623 1597.3171387
vn -0.4109173 0.9053706 -0.1070104
v -108.2418060 171.8244781 1597.6898193
vn 0.2520403 0.9669350 0.0388907
v -76.4350128 177.7483063 1597.3447266
vn 0.1368252 0.9887462 0.0604955
v -80.1913986 178.5781097 1597.1972656
vn -0.0589062 0.9966038 0.0575399
v -84.2494431 178.7606049 1596.8117676
vn -0.1342015 -0.9783292 -0.1576766
v -76.4276276 16.0564651 1600.5378418
vn 0.4645323 -0.5328556 -0.7073010
v -24.5092297 16.1690178 1599.9555664
vn 0.1496435 -0.9002073 -0.4089421
v -69.3372116 16.5185051 1598.9825439
vn 0.0886066 -0.5961096 -0.7979989
v -36.0440559 17.9891758 1597.1074219
vn 0.0468225 -0.7797497 -0.6243382
v -30.6819000 16.3044109 1599.3360596
vn 0.2671640 -0.6902559 -0.6724359
v -65.5222855 17.3703251 1599.5726318
vn -0.0369683 -0.8719887 -0.4881282
v -55.9641838 17.3214836 1600.9848633
vn 0.3162565 -0.0123071 -0.9485939
v -25.3444214 16.5296249 1599.4755859
vn 0.1984803 -0.2466561 -0.9485601
v -30.0218124 17.2005138 1598.8127441
vn 0.3449659 0.5492593 -0.7611260
v -27.8204079 17.8735752 1599.5412598
vn -0.3878447 -0.9179589 -0.0832356
v -90.2423935 20.5618076 1596.7236328
vn 0.4877287 -0.2872792 -0.8243733
v -67.5703125 19.2576122 1597.2613525
vn 0.0373852 -0.5094723 -0.8596746
v -60.3117752 18.9329071 1599.5787354
vn 0.4303153 0.1890138 -0.8826678
v -65.1048965 22.3991814 1598.6091309
vn -0.1914167 0.0459552 -0.9804325
v -59.4818459 21.9848537 1598.6419678
vn 0.2422823 0.5468176 -0.8014298
v -41.3493538 23.1029243 1597.6334229
vn -0.1979809 0.3069474 -0.9309065
v -58.6781654 26.0632668 1599.4311523
vn -0.1809668 0.2595921 -0.9486111
v -55.3152924 23.1931953 1597.9172363
vn -0.6501753 -0.7530970 -0.1005834
v -115.9478226 37.5176315 1598.7747803
vn -0.4063359 0.8667030 0.2893388
v -105.0509033 44.0811272 1598.5881348
vn 0.4649983 -0.1161011 -0.8776658
v -66.9245453 49.8823166 1597.2961426
vn 0.3643494 -0.1232429 -0.9230714
v -63.7727585 56.9837456 1597.9891357
vn -0.0628924 0.5384880 -0.8402829
v -94.4728699 58.1986809 1595.2929688
vn -0.8548170 -0.4906238 -0.1690447
v -134.4702759 60.3122330 1590.1109619
vn 0.3984487 -0.0763112 -0.9140105
v -67.3520508 56.0746689 1596.5006104
vn 0.3218885 -0.0999079 -0.9414915
v -62.8488541 60.5056839 1597.7554932
vn -0.0724243 0.9805236 0.1825603
v -118.8138809 66.1313019 1597.1530762
vn -0.5292397 0.4421088 0.7241860
v -113.0050430 65.8586578 1599.7518311
vn 0.2791291 0.0334529 -0.9596707
v -62.1931496 64.9261551 1597.7958984
vn 0.1978934 0.2718208 -0.9417812
v -68.8951874 67.2359314 1596.6606445
vn 0.1907247 0.1229516 -0.9739133
v -65.2173386 67.8556671 1597.3481445
vn -0.8049303 -0.3838330 0.4525036
v -118.2771988 67.6121063 1594.9544678
vn 0.1598581 0.2019028 -0.9662715
v -68.2621613 68.1280899 1597.0007324
vn 0.1781766 0.2673832 -0.9469738
v -71.1302872 69.8657761 1596.7567139
vn 0.7951535 -0.2843104 -0.5356292
v -121.3395844 67.8042526 1596.0213623
vn 0.0734165 -0.9765807 -0.2022378
v -119.2428131 68.0037384 1597.0152588
vn 0.1774249 0.1369718 -0.9745559
v -64.4492264 69.7285156 1597.6386719
vn 0.2892799 0.1010333 -0.9518978
v -59.3068504 67.3068008 1598.7629395
vn -0.1340863 0.3694775 -0.9195147
v -80.7937241 70.2850113 1596.9250488
vn 0.1112747 0.2225426 -0.9685519
v -69.7126541 71.6517715 1597.3708496
vn 0.0489366 0.3437597 -0.9377817
v -74.0899506 71.3895645 1596.8569336
vn 0.2624895 0.2032945 -0.9432765
v -61.9033928 72.9804382 1598.7004395
vn 0.5885989 -0.6192366 -0.5197090
v -88.2529526 74.8293457 1595.0273438
vn 0.0278504 0.1772683 -0.9837685
v -76.4084320 75.1632080 1597.9738770
vn 0.1642908 0.2251846 -0.9603648
v -69.8465805 79.1942825 1599.1204834
vn 0.5524888 -0.6949200 -0.4602634
v -83.5756836 79.8091049 1594.3133545
vn 0.6157390 -0.5569615 -0.5573683
v -74.8173828 84.6193771 1596.9384766
vn -0.9659360 -0.1322922 -0.2224104
v -144.0695343 91.5958099 1589.7532959
vn 0.6007905 0.7545565 -0.2639987
v -125.4311600 93.1250687 1596.3664551
vn 0.0135630 -0.9410218 -0.3380741
v -41.2780113 96.4996338 1595.1805420
vn 0.4567824 0.0236070 -0.8892652
v -30.6586552 97.3951187 1599.4459229
vn -0.8934990 0.4446834 -0.0625791
v -123.9218369 97.7550430 1598.0483398
vn 0.0271766 -0.1283775 0.9913530
v -67.2242966 97.5939255 1598.8261719
vn 0.3141172 0.4112706 0.8556792
v -73.4483795 99.0130081 1599.5958252
vn 0.9049435 0.2308234 0.3574885
v -124.8271408 100.4905167 1596.5406494
vn -0.2059005 0.8438160 0.4955599
v -108.1046066 105.0480652 1599.1672363
vn -0.1411714 0.1850747 0.9725317
v -70.6982040 101.3058853 1598.4793701
vn -0.5031794 0.8598186 0.0867326
v -115.4102936 103.9890366 1598.7287598
vn -0.2177316 0.9362065 0.2758812
v -113.2129135 105.3816071 1598.1046143
vn 0.0955684 0.9953580 0.0113621
v -110.4131622 105.6590576 1597.9711914
vn 0.5296147 -0.8283359 -0.1826690
v -120.7814713 104.2697906 1598.1016846
vn 0.7085244 0.6242169 -0.3291603
v -38.0400276 105.2559433 1601.6546631
vn 0.2659623 -0.8554928 0.4442928
v -119.9981766 104.5731277 1596.8572998
vn -0.7467920 -0.2507437 0.6159784
v -109.7385101 106.9449692 1597.2561035
vn -0.9716135 -0.2334447 0.0383510
v -70.9098740 108.0702209 1599.6856689
vn -0.9693714 0.1255014 -0.2111124
v -144.3265686 108.4963837 1593.1342773
vn -0.9016137 0.2409790 0.3591961
v -70.9426880 113.0632172 1596.4121094
vn 0.2476577 0.9662312 0.0711547
v -97.2340851 114.0208359 1598.1977539
vn 0.0264264 0.8112298 0.5841301
v -102.2314377 114.2458267 1599.1849365
vn -0.4033336 0.8631813 0.3037104
v -88.8309631 115.1456528 1598.3051758
vn -0.8587664 0.3678981 -0.3566107
v -117.9741745 119.6596146 1598.8840332
vn -0.0701917 0.7826950 0.6184349
v -84.4585724 118.2548065 1596.5892334
vn 0.0939767 0.2562585 0.9620291
v -108.0271072 118.3342133 1597.3028564
vn -0.9036756 0.3427658 0.2566751
v -69.7766342 116.7518234 1595.8883057
vn 0.1960059 0.9185417 0.3433116
v -112.9872208 119.8659210 1598.7543945
vn -0.0159188 0.1658562 0.9860215
v -110.9140625 120.8214722 1596.8682861
vn -0.8433467 0.1812881 -0.5058666
v -69.4065781 118.9083710 1597.9807129
vn -0.0243172 -0.6227557 0.7820384
v -105.0579376 119.1674347 1598.0700684
vn 0.6511528 -0.5125323 0.5597416
v -100.0130310 119.7627792 1596.9714355
vn 0.7709215 0.0117712 -0.6368214
v -74.2607574 122.9013596 1596.0886230
vn -0.3820109 -0.9236879 -0.0294666
v -82.0149460 119.6096497 1593.7770996
vn -0.9678779 0.2509318 -0.0156739
v -68.2272186 120.7829590 1595.6143799
vn -0.3807520 -0.6800709 0.6265234
v -108.9366226 120.5557556 1597.4471436
vn -0.5296057 -0.6816427 0.5048573
v -84.6636734 122.1567764 1596.5098877
vn 0.3787659 -0.5766367 -0.7238968
v -75.9641037 125.3954239 1594.2692871
vn -0.0790155 -0.9933136 -0.0841708
v -90.4420624 126.2165680 1598.0306396
vn -0.9760398 0.0701915 0.2059601
v -66.6549835 129.5345917 1598.1063232
vn -0.8568900 -0.2413336 0.4555191
v -118.1539764 127.6519012 1596.2714844
vn -0.3142745 -0.4857068 -0.8156718
v -118.7181244 130.9920349 1594.7906494
vn -0.8625785 0.0880232 0.4982072
v -66.1306152 138.9056549 1599.1807861
vn 0.6727455 0.0077325 -0.7398336
v -44.3795662 133.7399292 1598.5769043
vn 0.5335516 0.1508436 0.8322072
v -68.1945114 138.6431732 1597.7890625
vn -0.3040768 -0.0609257 0.9506973
v -67.8367996 138.4449615 1597.7470703
vn 0.5884101 0.0056376 -0.8085430
v -47.2710304 141.3109741 1596.3737793
vn -0.7350174 -0.2613418 0.6256595
v -65.3199463 142.1383057 1600.0694580
vn -0.0201370 -0.5404734 0.8411201
v -70.2790833 142.9969482 1597.6816406
vn -0.3178590 -0.7652313 0.5598096
v -66.6174011 142.8473206 1599.6779785
vn 0.4896397 0.6557255 0.5746975
v -89.1042404 144.6423950 1599.5639648
vn 0.6923528 0.1233345 -0.7109404
v -46.3492165 146.7720490 1597.2950439
vn 0.7274519 0.1320776 -0.6733270
v -43.6933174 144.0639648 1599.2528076
vn 0.5520939 0.7008387 0.4516830
v -90.9195480 148.5516663 1595.8460693
vn 0.1493622 -0.5691752 -0.8085361
v -90.8097458 149.5237885 1596.9465332
vn -0.6562012 0.5631013 0.5023116
v -71.6440430 150.6908112 1600.5240479
vn -0.7375358 -0.6228531 -0.2609501
v -90.0100937 148.6903992 1597.1662598
vn 0.2475876 -0.5611463 -0.7898198
v -92.1457062 152.3960266 1595.2241211
vn -0.9653947 0.0947069 -0.2429888
v -71.6257401 154.7845612 1597.6271973
vn -0.4515481 0.4625059 0.7630155
v -74.0142059 159.5184326 1593.7556152
vn -0.2596616 -0.6734551 -0.6921229
v -71.0337524 157.0442505 1595.9012451
vn 0.7564585 0.4613579 -0.4635940
v -51.2985878 161.2654877 1596.3735352
vn -0.2710714 0.9623684 -0.0191645
v -93.5232086 176.8722382 1598.2316895
vn -0.1821215 0.9832409 -0.0083099
v -87.5855484 178.3382874 1595.9857178
vn -0.1772122 0.9794105 0.0966997
v -91.8131714 177.0807495 1602.3192139
vn 0.0470437 -0.9746022 -0.2189465
v -67.8576355 15.2673874 1603.0701904
vn 0.5591290 0.2635302 -0.7860831
v -24.6246815 16.4173775 1599.8199463
vn 0.3616492 0.4187392 -0.8329870
v -33.9069748 19.4546280 1597.7005615
vn -0.4760361 -0.8762006 -0.0752479
v -95.7738876 23.3703728 1594.9353027
vn 0.1440606 -0.1113791 -0.9832809
v -62.4989548 20.2316589 1598.7471924
vn -0.1483172 0.3374044 -0.9296023
v -57.0052223 31.8076897 1601.3691406
vn 0.6327437 0.0927682 -0.7687845
v -68.5690308 30.4358921 1597.4235840
vn -0.5915356 -0.8032533 -0.0697841
v -109.8636627 32.4041443 1601.2852783
vn -0.7034464 -0.7007360 -0.1188789
v -120.9520798 41.9492989 1600.5173340
vn 0.0593832 -0.6834407 -0.7275867
v -80.1786499 42.3548470 1601.6696777
vn -0.1056292 0.9696525 -0.2204916
v -105.5863800 42.8008575 1594.3343506
vn -0.1856225 -0.1979307 -0.9624800
v -55.9378586 44.4469872 1601.2825928
vn 0.6444786 -0.0475993 -0.7631394
v -67.5680923 38.2935944 1598.9431152
vn -0.7150241 0.6914932 -0.1028480
v -104.1777344 45.3213043 1601.1358643
vn 0.4238251 -0.2220586 -0.8781015
v -62.4928436 48.5637779 1600.0819092
vn 0.4584227 -0.1570673 -0.8747448
v -64.2461624 51.4594574 1598.5643311
vn 0.0836390 -0.0869532 -0.9926952
v -55.1101532 52.7952805 1600.4852295
vn 0.3194529 -0.1412787 -0.9370113
v -61.3059731 55.3374405 1599.1120605
vn -0.0092988 -0.0458683 -0.9989042
v -46.1029778 53.8123055 1600.7623291
vn 0.0238378 -0.0423107 -0.9988201
v -47.1379509 58.9810524 1600.5454102
vn 0.2362404 -0.1135267 -0.9650400
v -58.9505615 57.4647217 1599.6000977
vn 0.1044802 -0.0143583 -0.9944234
v -40.5694656 55.5622330 1600.7425537
vn 0.0735595 0.0028688 -0.9972867
v -49.4464951 61.4246979 1600.3400879
vn 0.1051392 0.0419860 -0.9935708
v -40.6212540 60.1908875 1600.7458496
vn -0.2743205 0.9410394 0.1979725
v -112.8703232 65.2123184 1601.7237549
vn 0.1823764 0.0953659 -0.9785930
v -36.6937752 63.2096100 1601.4931641
vn 0.2806462 -0.0535087 -0.9583186
v -59.6999855 63.0607224 1598.5864258
vn 0.2126323 0.1140252 -0.9704565
v -92.9704285 62.7665329 1596.4362793
vn 0.1529293 0.0492284 -0.9870102
v -50.7749481 64.8059082 1600.2956543
vn 0.0981245 0.2232123 -0.9698185
v -39.8931732 66.3647537 1601.5975342
vn 0.1210268 0.2241248 -0.9670163
v -50.8333130 67.1203842 1600.4799805
vn 0.2142766 0.0246731 -0.9764614
v -55.8884163 64.4254532 1599.5369873
vn -0.3644720 -0.8882532 0.2795830
v -115.5267181 67.4586411 1600.0795898
vn -0.0473539 0.1017772 -0.9936795
v -85.2778854 70.1950760 1597.8148193
vn 0.2293371 0.0172620 -0.9731939
v -90.3382111 67.7962189 1597.7366943
vn 0.5010254 -0.3790541 -0.7780049
v -91.1744003 70.0727615 1596.7421875
vn 0.0314585 -0.0091425 -0.9994633
v -82.5899429 72.6510162 1597.9249268
vn 0.1735224 -0.0609327 -0.9829431
v -80.3148193 75.5536880 1597.9808350
vn 0.4087178 0.4113486 -0.8147038
v -59.8021507 75.6739883 1600.2222900
vn 0.2347193 -0.0964938 -0.9672620
v -76.5059814 79.4672012 1598.2866211
vn 0.2294024 0.3561447 -0.9058342
v -64.2258682 76.8581696 1599.2344971
vn -0.9608403 -0.2366289 -0.1441969
v -144.6199493 82.6732559 1601.4124756
vn 0.3977005 -0.4201556 -0.8156615
v -82.8988342 77.6275101 1596.3323975
vn 0.3919491 -0.0379642 -0.9192032
v -73.1722641 82.4874802 1598.9251709
vn 0.4487900 -0.4076471 -0.7952430
v -76.9437485 81.7893829 1597.4592285
vn -0.9676318 -0.1844031 -0.1722912
v -144.8040466 85.1720505 1599.2376709
vn 0.7835179 -0.5728812 -0.2406386
v -72.2763290 87.5735321 1597.2117920
vn 0.2371461 -0.3630557 -0.9010839
v -19.2605629 92.0942230 1602.9085693
vn -0.6341680 0.6657444 -0.3932116
v -125.0880432 93.7763367 1597.5537109
vn 0.4881370 0.1388508 0.8616512
v -70.1880951 94.3250275 1599.9379883
vn 0.4308520 -0.4796258 0.7644119
v -66.4651718 94.7595901 1597.7277832
vn 0.3815846 -0.6673778 -0.6395312
v -35.1212006 96.7778931 1596.3504639
vn 0.2469975 -0.5846303 -0.7727870
v -31.5171204 95.9649124 1599.4400635
vn 0.0078398 -0.7911845 0.6115273
v -63.5672531 95.9313583 1598.0080566
vn 0.4940092 0.1552160 0.8554899
v -127.4720001 96.8932571 1600.4176025
vn 0.3312142 0.2731336 -0.9031584
v -25.9158516 95.9433670 1601.1044922
vn 0.3679208 0.4297308 0.8246004
v -76.8094330 97.3596954 1601.9248047
vn -0.2916576 -0.4332055 0.8528006
v -65.7647018 98.0403137 1599.2393799
vn -0.6271499 -0.5622003 0.5390862
v -68.4923325 102.7970047 1599.8900146
vn 0.9043112 -0.4104516 -0.1172639
v -125.0488205 99.1572571 1598.0386963
vn -0.6021807 -0.2141357 0.7691062
v -69.6948090 102.9327774 1598.8920898
vn -0.3683922 0.8951959 -0.2508217
v -119.1610031 103.1039047 1598.6396484
vn 0.3097975 -0.2905269 -0.9053285
v -124.1830215 99.0258102 1599.2318115
vn 0.6774139 -0.5168708 -0.5234072
v -124.7216873 102.8633423 1595.6031494
vn 0.4363277 -0.3831132 -0.8141514
v -121.5550613 103.0271378 1599.6125488
vn -0.6749303 0.1775514 0.7162015
v -108.3720551 105.6343613 1598.5747070
vn -0.8990384 -0.1688972 -0.4039848
v -109.4573364 107.4768219 1599.1922607
vn -0.8195683 -0.0562298 0.5702159
v -109.8165207 109.5626450 1598.5074463
vn 0.8368871 -0.5062408 -0.2081831
v -75.9462662 110.7374420 1598.4995117
vn -0.2996800 0.1993887 0.9329716
v -108.5513306 112.3712540 1598.8817139
vn -0.3529692 0.6726570 0.6503425
v -106.2979736 112.7968674 1599.6789551
vn 0.6326069 -0.6845474 0.3622202
v -114.9349442 109.1032639 1599.2166748
vn 0.4933772 -0.3522826 0.7952836
v -110.3512039 113.3425751 1599.2875977
vn 0.8559341 -0.5027294 0.1209952
v -113.5903091 111.3967438 1601.3179932
vn -0.9126217 -0.0350125 -0.4073030
v -71.1393661 112.7843475 1599.0588379
vn 0.3962630 0.1891117 0.8984500
v -108.9752197 115.3818130 1598.5208740
vn -0.3964456 0.8712471 0.2894123
v -83.6291885 117.4240265 1598.5330811
vn 0.8884099 0.4260722 0.1708520
v -110.8199844 117.7746201 1599.5914307
vn 0.8371868 0.1251594 -0.5324035
v -45.5390053 118.2887039 1597.2258301
vn 0.4151340 -0.1517785 -0.8970101
v -71.8890991 119.5296249 1598.5677490
vn -0.1432701 -0.8899072 0.4330578
v -117.9066772 118.8879318 1599.3972168
vn 0.4662555 -0.8838189 -0.0383416
v -98.8725967 121.4932938 1600.1922607
vn -0.9616078 0.2101018 -0.1765437
v -143.2972260 122.4386063 1600.4438477
vn -0.1322625 -0.9900634 0.0477615
v -106.0718765 119.8547058 1599.6044922
vn 0.8359438 0.3453502 0.4265340
v -116.7327042 123.3031387 1597.2563477
vn 0.6698928 -0.2738719 -0.6900999
v -72.2283020 125.5510406 1597.2918701
vn 0.7864378 0.0132805 -0.6175267
v -45.4933167 124.0477829 1597.5926514
vn 0.2751356 -0.0102528 -0.9613508
v -70.7676086 124.5762558 1598.3776855
vn 0.5851417 -0.3177154 -0.7461006
v -116.5089340 122.5981979 1598.3259277
vn -0.6643384 0.2393458 -0.7080735
v -68.5995026 124.2667618 1598.0046387
vn -0.3032420 -0.8159255 -0.4922498
v -113.3176880 122.5145874 1599.0920410
vn 0.8398306 -0.0884427 -0.5355954
v -41.7623863 126.3414993 1602.4776611
vn 0.4496413 -0.2930987 -0.8437511
v -117.0829544 125.6909027 1597.3780518
vn -0.8915985 0.3656858 -0.2670696
v -67.3400345 126.6791611 1597.8715820
vn 0.8224013 -0.1685580 -0.5433639
v -69.4703293 130.6242218 1598.8063965
vn 0.7844781 -0.0415274 -0.6187646
v -42.4261131 132.0546722 1600.6253662
vn 0.8803369 -0.2908243 0.3747374
v -69.0221939 132.1951752 1597.6401367
vn -0.9041876 0.3659000 -0.2203682
v -65.8088379 139.2945862 1601.2749023
vn 0.8145120 -0.0049500 -0.5801257
v -41.9034958 136.4768524 1601.2565918
vn -0.9355299 0.0753550 0.3451167
v -64.7077560 142.3724213 1601.3758545
vn 0.9233614 0.3235200 -0.2067332
v -69.3334808 139.3596191 1599.8460693
vn 0.9237574 0.2822796 -0.2588254
v -71.7704468 142.8786621 1598.3203125
vn -0.8319519 0.1420379 0.5363593
v -87.4345932 143.9631042 1600.2768555
vn 0.9449619 0.3219156 -0.0584583
v -90.5409470 147.0315399 1598.5621338
vn -0.0205889 -0.9994965 -0.0241458
v -71.4962692 143.2538300 1598.3167725
vn -0.8892850 0.4331681 -0.1467573
v -136.0338135 145.3059845 1601.3115234
vn -0.8751389 -0.0637697 0.4796514
v -88.5669022 146.3991852 1597.9160156
vn -0.9723795 0.1784465 0.1504496
v -71.5831451 151.4301147 1599.8795166
vn 0.9374078 0.2499809 0.2424380
v -72.6224365 153.9004669 1598.3593750
vn -0.7961111 0.5823285 -0.1646229
v -130.1284790 155.6656036 1602.4420166
vn 0.0119020 0.2400751 0.9706814
v -72.7936554 156.1848145 1597.4132080
vn -0.7071068 0.6892806 -0.1577726
v -124.1829453 160.4003143 1595.2604980
vn 0.4929871 0.8626751 -0.1129405
v -62.8086891 172.6233215 1598.7723389
vn 0.0888334 -0.9569125 -0.2764546
v -62.0454063 15.7512541 1603.4005127
vn -0.0565974 -0.9201856 -0.3873696
v -47.4136696 17.3813000 1599.0689697
vn 0.0848762 -0.8221025 -0.5629773
v -60.7312012 16.7090530 1601.4040527
vn 0.1097673 0.3427185 -0.9330033
v -63.2508087 26.6716747 1600.7971191
vn 0.2727118 0.4166948 -0.8671757
v -41.2252121 29.0310841 1601.8758545
vn -0.3412346 0.3995173 -0.8508496
v -58.0137177 32.0142403 1601.7269287
vn 0.5269755 0.2213322 -0.8205541
v -64.0555344 26.3446751 1600.3186035
vn 0.1902257 0.4911509 -0.8500500
v -45.4631996 27.8212986 1599.8088379
vn 0.0899174 0.3037513 -0.9484988
v -49.8043900 31.5341759 1601.2149658
vn -0.0168191 0.2788261 -0.9601943
v -51.6243744 31.5531826 1601.0665283
vn -0.2550468 0.2211743 -0.9412933
v -56.5843735 33.9774628 1601.9946289
vn -0.3280044 -0.0205713 -0.9444522
v -56.6059990 39.4789314 1602.5269775
vn 0.6912230 -0.0210897 -0.7223338
v -64.7127991 37.8451118 1601.3413086
vn -0.3586608 0.9334391 0.0073425
v -81.1092148 41.6755791 1602.5086670
vn -0.7349430 -0.0462349 -0.6765509
v -57.6202698 41.7116776 1603.0952148
vn 0.0826577 -0.1088644 -0.9906141
v -48.3579292 42.5026283 1601.6231689
vn -0.0806263 0.6216117 0.7791652
v -80.8306503 41.7793236 1602.0970459
vn -0.0260777 -0.1199424 -0.9924383
v -52.9054451 43.0158043 1601.3135986
vn 0.0632980 0.3996674 0.9144722
v -79.7723846 42.9401169 1601.5902100
vn 0.7128437 0.5824851 -0.3905957
v -81.4170074 41.5712433 1602.7302246
vn -0.3982341 0.1918764 0.8969911
v -78.3579254 45.3515396 1601.8476562
vn 0.8418692 -0.4987553 0.2061539
v -79.3137360 44.1436768 1602.2618408
vn -0.3617349 -0.2955448 -0.8841952
v -57.3443336 45.5033684 1601.3559570
vn 0.0639262 -0.1835858 -0.9809229
v -45.5633430 45.2233772 1601.4196777
vn 0.2137013 -0.2306645 -0.9492764
v -38.6906395 46.8029938 1601.9776611
vn -0.9169180 -0.1317544 0.3766992
v -103.5369568 46.5738449 1602.4908447
vn -0.3413561 -0.0775884 0.9367263
v -78.0547638 46.2635956 1601.8052979
vn 0.2690831 -0.2256007 -0.9363219
v -34.9841309 47.6843796 1602.6835938
vn 0.1321627 -0.1779070 -0.9751319
v -41.5809174 48.2871284 1601.0151367
vn -0.5065476 -0.6856796 0.5227363
v -103.7588730 46.9159851 1602.4771729
vn 0.8952093 -0.2778203 0.3484484
v -78.2481384 47.1449776 1602.6816406
vn 0.0263952 -0.0814485 -0.9963280
v -48.9205055 45.0196419 1601.3763428
vn 0.5982928 -0.7107099 0.3700505
v -104.0124817 47.6447449 1603.5909424
vn 0.0273599 -0.4173448 0.9083363
v -77.8153381 48.0870857 1602.6896973
vn 0.0371859 -0.0876582 -0.9954563
v -52.5453987 48.2308235 1600.9516602
vn -0.0134838 -0.1283056 -0.9916430
v -55.8278122 48.2124329 1600.9296875
vn 0.0495174 -0.0917666 -0.9945486
v -42.1536713 49.1300468 1600.8590088
vn 0.1938383 -0.0973758 -0.9761889
v -38.1794662 50.8062325 1601.3354492
vn 0.3801931 -0.4616098 0.8014796
v -78.0785751 50.1931648 1603.8372803
vn 0.2557865 -0.1047536 -0.9610411
v -34.7827873 51.5722008 1601.9449463
vn 0.0709836 -0.0366932 -0.9968023
v -41.5783615 52.0870476 1600.7064209
vn 0.2408084 -0.0089771 -0.9705312
v -35.1771088 55.3529701 1601.7393799
vn 0.1659465 -0.1691625 -0.9715173
v -59.6702766 51.9675598 1600.0529785
vn 0.0361891 -0.0632487 -0.9973415
v -50.3305893 53.0602150 1600.8574219
vn 0.1123058 -0.0437989 -0.9927080
v -52.3870735 57.7593422 1600.5321045
vn 0.1712696 -0.0865611 -0.9814143
v -56.1679573 60.4791298 1599.8060303
vn 0.0518955 0.1445779 -0.9881317
v -44.1086121 63.6098633 1600.8342285
vn 0.6317866 0.7181332 -0.2917715
v -117.6755676 65.6238708 1601.0412598
vn 0.2239884 0.1492752 -0.9630920
v -32.6278229 64.9995575 1602.5953369
vn -0.7519303 -0.2783867 0.5975798
v -112.8870316 65.9752121 1599.8771973
vn 0.0892380 0.3768323 -0.9219729
v -45.0504761 67.9540024 1601.6658936
vn 0.7114947 -0.4402641 -0.5476705
v -117.9814301 66.8362961 1600.7967529
vn 0.3571312 0.3566487 -0.8632839
v -53.9163666 70.5554886 1601.0035400
vn 0.1591752 0.3364947 -0.9281350
v -38.0058746 69.0365372 1602.5522461
vn 0.4500320 0.3955626 -0.8006257
v -56.8994370 73.6951370 1600.9584961
vn 0.4795893 0.5874236 -0.6518648
v -60.1332512 78.2869873 1601.9509277
vn 0.3554416 0.4448062 -0.8220760
v -67.8912659 80.8375473 1600.1728516
vn 0.4645505 0.5674713 -0.6798303
v -65.0381165 85.2728195 1605.5015869
vn 0.9096577 0.0266083 -0.4145057
v -71.1259613 86.9401550 1601.6550293
vn 0.9151813 -0.3874284 0.1110964
v -70.7910843 89.9830093 1599.2119141
vn 0.8565425 0.1312332 0.4991122
v -71.1350555 91.8254623 1600.7659912
vn 0.1466107 -0.2428299 -0.9589260
v -24.2576656 94.1787262 1601.5327148
vn 0.2030255 -0.2854477 -0.9366431
v -26.8076591 95.1972046 1600.7565918
vn 0.4498599 0.7692398 -0.4537580
v -126.5498505 95.2967224 1598.7878418
vn -0.0525103 -0.9874595 -0.1488845
v -45.5350952 96.0666275 1598.1091309
vn -0.1053468 -0.8845740 -0.4543467
v -34.5299873 94.4740448 1601.3953857
vn -0.9876567 -0.0694310 -0.1404052
v -146.6602173 93.7718048 1604.2644043
vn -0.7544001 0.4050755 -0.5165215
v -125.0481796 94.2152557 1597.7468262
vn 0.5837818 0.6380738 0.5020564
v -73.5133972 94.0196609 1602.8627930
vn 0.0141876 -0.9917490 0.1274071
v -53.3196754 96.1454544 1598.4044189
vn 0.7246950 -0.2649246 -0.6361070
v -127.7108231 96.8290939 1600.5676270
vn 0.1554906 0.0903558 -0.9836963
v -18.8529778 95.6596832 1602.6051025
vn 0.7793676 -0.0392731 -0.6253349
v -12.6028233 98.7345734 1603.9143066
vn -0.5899539 0.3363217 -0.7340587
v -125.0128632 97.0433044 1599.0876465
vn -0.1518687 -0.9435579 -0.2943373
v -127.6141968 96.8218231 1600.5034180
vn 0.2468769 0.7427775 -0.6223611
v -25.5257568 97.4061356 1602.2990723
vn 0.3859108 0.1559125 -0.9092658
v -12.9071789 98.8285599 1603.6737061
vn 0.7407039 0.1255051 0.6600047
v -78.0600815 101.6813507 1601.2590332
vn 0.5350377 0.7713599 -0.3445847
v -33.8519249 101.8324280 1602.0729980
vn 0.5517461 -0.3775171 0.7436782
v -81.7127228 100.4869919 1604.0865479
vn -0.3260286 -0.7641033 0.5566431
v -62.0953789 98.5589600 1601.8222656
vn -0.3754396 0.3908395 -0.8404105
v -122.3697357 101.6391144 1599.4686279
vn -0.2738670 0.7798428 -0.5628873
v -115.6911469 103.9705658 1599.0019531
vn 0.0970869 0.0011019 -0.9952753
v -120.6692810 103.6537399 1599.7164307
vn 0.9987679 -0.0482987 0.0114020
v -77.6761017 104.7204666 1599.7235107
vn -0.8370144 -0.5050644 0.2105159
v -69.0545120 104.5956573 1601.1970215
vn 0.6057544 -0.4984583 -0.6201621
v -116.8969040 106.8652115 1599.8177490
vn -0.5524642 0.4157427 0.7224551
v -104.6298294 104.8323364 1601.9411621
vn 0.1224879 0.4371733 -0.8909973
v -115.6659088 106.6448441 1600.4426270
vn 0.4065750 0.0383671 -0.9128115
v -108.8338928 105.7447281 1599.4489746
vn 0.8696280 -0.4171559 -0.2640608
v -77.8055038 108.0205307 1597.4709473
vn -0.3745704 -0.9210474 0.1066239
v -107.2933578 105.4727097 1599.7584229
vn -0.2068329 0.7082016 -0.6750337
v -111.5501938 106.9974365 1599.8925781
vn -0.6794340 0.7158468 -0.1610366
v -109.5363007 109.2165604 1601.1253662
vn 0.6549699 -0.5681247 -0.4982457
v -76.0910263 108.3010941 1601.4542236
vn 0.8249183 0.2992842 -0.4795194
v -43.7392044 110.2973633 1596.6500244
vn -0.5433035 -0.4926289 -0.6798074
v -72.0568008 108.6226273 1601.6551514
vn 0.5345851 -0.4241040 -0.7309956
v -73.4598160 113.9759598 1599.3975830
vn -0.3248393 0.9322081 0.1595854
v -84.3374405 116.1135025 1602.4348145
vn 0.8934348 -0.4482851 0.0285454
v -110.6386948 116.0093079 1601.5949707
vn -0.1965975 -0.1929899 -0.9613035
v -71.9897842 114.4425812 1599.5675049
vn 0.5559306 0.2207035 -0.8013933
v -111.3684845 119.9505081 1599.8662109
vn 0.0593887 0.6623589 0.7468291
v -117.6977615 119.5827942 1599.2210693
vn -0.2759247 -0.0260699 -0.9608257
v -70.2988434 119.6992950 1598.7567139
vn 0.0998422 -0.3889733 -0.9158227
v -113.6264267 122.2147827 1599.3812256
vn -0.9748577 0.1364651 0.1761523
v -81.3522949 119.9297714 1599.3269043
vn -0.7231016 -0.4926375 0.4841821
v -81.1516495 122.1820068 1602.4123535
vn 0.4191392 -0.8710473 -0.2561232
v -94.3274689 125.7393112 1595.7757568
vn 0.1619516 0.2412650 -0.9568505
v -68.1369705 129.6517334 1599.7923584
vn -0.3233168 0.3432714 -0.8818339
v -68.5403671 126.2493973 1598.9267578
vn -0.8183635 0.2790872 -0.5023858
v -66.7361908 129.6225586 1599.2141113
vn -0.9875612 0.1150751 -0.1071473
v -66.4528122 135.3731842 1600.1401367
vn 0.9674304 0.0225507 -0.2521308
v -68.8607483 135.6131287 1600.0212402
vn -0.9400826 0.3143687 -0.1319739
v -140.1619110 136.1427002 1604.9197998
vn 0.4254081 0.7482082 0.5091292
v -88.1206207 140.2978363 1603.6702881
vn 0.6437081 0.0801176 -0.7610657
v -67.7248917 140.3942108 1602.3621826
vn -0.9300934 -0.3443073 0.1279796
v -86.4394226 142.3827972 1603.2579346
vn 0.8522024 -0.4531516 0.2615432
v -71.9764938 143.2829590 1598.1627197
vn 0.2136074 -0.9751761 -0.0583387
v -67.5101013 143.0439148 1600.8031006
vn 0.5633079 -0.4676052 -0.6811972
v -68.9169464 142.2910614 1600.9251709
vn 0.8004061 -0.2710151 -0.5346971
v -90.3536148 147.2005920 1599.1157227
vn 0.7182303 0.4578721 0.5239260
v -72.3127975 149.4677887 1601.8966064
vn 0.0450357 -0.7782612 -0.6263237
v -89.2703400 146.0875549 1600.8530273
vn -0.8609381 0.4819883 -0.1627053
v -133.0121002 148.4106293 1593.8505859
vn -0.5910229 -0.5706501 -0.5701318
v -72.3108063 151.6251831 1601.2277832
vn -0.3660111 -0.5654922 -0.7390903
v -72.1763306 154.3378143 1599.2152100
vn -0.7161074 0.6793528 -0.1602190
v -127.4157944 159.7144470 1605.7261963
vn 0.3696924 0.9288852 -0.0223572
v -68.0699921 174.9069519 1597.2360840
vn 0.1779779 -0.8529315 -0.4907461
v -22.9310894 14.2628098 1603.7275391
vn -0.0553308 -0.9357290 -0.3483529
v -29.8277454 13.6119699 1605.2314453
vn -0.0641321 -0.8980805 -0.4351305
v -35.7317886 16.2740173 1599.6499023
vn 0.4562086 -0.4123070 -0.7885916
v -21.0157928 14.8914700 1604.2634277
vn 0.5945208 0.4099399 -0.6917329
v -20.8447189 16.0177097 1604.4652100
vn 0.5636713 0.6470089 -0.5134727
v -23.5537815 20.1729507 1606.3144531
vn 0.3714433 0.4795315 -0.7950342
v -38.1172600 27.1914158 1602.0543213
vn 0.1681205 0.2182755 -0.9612967
v -46.1373291 32.4745216 1601.7607422
vn 0.6155663 0.1048365 -0.7810810
v -62.1113586 34.8100204 1603.8242188
vn -0.0233838 0.4605007 -0.8873513
v -61.7479134 30.6616383 1602.8920898
vn 0.3399999 0.1081530 -0.9341857
v -39.1782455 33.2395782 1603.8406982
vn -0.5545400 0.2148042 -0.8039556
v -58.3738403 34.7340355 1603.1651611
vn 0.1130533 -0.0090948 -0.9935473
v -47.4129524 38.7917137 1602.1092529
vn -0.0147073 -0.0046240 -0.9998811
v -51.2244186 38.5001640 1601.7960205
vn 0.1713754 -0.0662123 -0.9829783
v -42.5607872 39.5574112 1602.7990723
vn 0.2594202 -0.1880146 -0.9472865
v -37.6386261 42.8330307 1603.2618408
vn 0.5498078 0.7856173 -0.2837550
v -104.4665070 45.5125580 1602.7296143
vn 0.1408566 -0.1942956 -0.9707773
v -43.3632011 43.0098228 1602.1750488
vn 0.7204412 -0.2675516 -0.6398287
v -63.7841492 41.3906097 1601.6149902
vn 0.2973993 -0.2152077 -0.9301825
v -35.5474968 42.1574211 1604.1036377
vn -0.1340522 -0.5391887 -0.8314479
v -59.2455215 46.4730988 1601.5955811
vn 0.9771459 -0.2097012 -0.0348061
v -104.5373611 46.8807755 1603.5623779
vn 0.3095166 -0.4606649 -0.8318578
v -60.4583626 46.5082893 1601.5603027
vn -0.9016940 -0.1235280 0.4143535
v -77.5177841 48.0775490 1602.9118652
vn -0.6831574 -0.4870704 0.5441124
v -77.7665405 50.2292633 1603.9075928
vn 0.3372332 -0.0917111 -0.9369434
v -31.4723949 52.2672768 1602.9904785
vn 0.3332082 -0.0337087 -0.9422505
v -28.7360477 57.1712456 1603.7467041
vn -0.8801297 -0.4488807 -0.1545248
v -136.8283234 61.9515381 1598.0549316
vn 0.2951164 0.0036454 -0.9554543
v -30.0231171 62.2221680 1603.1798096
vn -0.6473316 0.6684666 0.3662160
v -110.1086426 65.9950943 1604.9858398
vn 0.6775599 0.4347062 -0.5932480
v -116.1503143 65.5751114 1603.4747314
vn 0.2382281 0.1641760 -0.9572323
v -30.0730820 66.5053253 1603.4738770
vn 0.6297265 -0.4154768 -0.6563715
v -114.4419327 66.4535370 1604.9190674
vn 0.2903827 0.0377505 -0.9561657
v -23.9990387 66.3543167 1605.4708252
vn -0.0047147 0.5024569 -0.8645894
v -42.2401009 69.4249191 1602.5408936
vn 0.0610112 0.5161868 -0.8543002
v -38.0026283 70.8403473 1603.3321533
vn 0.1897644 0.4275451 -0.8838522
v -51.8277664 69.0702591 1601.0926514
vn 0.4627574 0.6471929 -0.6058027
v -52.7458000 72.3481522 1603.1079102
vn -0.0369155 0.7545999 -0.6551460
v -43.9464836 72.8119659 1605.3923340
vn 0.0244766 0.4412651 -0.8970429
v -34.3316612 72.6150589 1604.7019043
vn 0.5819147 0.6126411 -0.5348328
v -55.8758240 75.0947037 1602.9724121
vn 0.7155277 0.1033599 -0.6908957
v -71.6288910 84.9322815 1600.0297852
vn 0.5295910 0.5877891 -0.6115859
v -67.1422958 87.8919678 1606.1599121
vn 0.1194794 -0.5648457 -0.8165011
v -20.8370667 89.8367081 1603.9888916
vn -0.1040592 -0.6808617 -0.7249821
v -29.7523937 92.9376068 1602.3648682
vn 0.4509416 -0.2825295 -0.8466575
v -15.4099951 94.7505722 1603.5925293
vn 0.2728020 0.7810695 0.5617024
v -80.1314774 95.9262772 1604.5516357
vn 0.3849031 0.3053814 0.8709718
v -82.5068665 97.2750702 1604.2924805
vn -0.1249261 -0.9785632 -0.1637302
v -40.8880005 95.0298996 1602.8605957
vn 0.4633262 0.2205778 0.8582973
v -85.2609406 97.1964798 1605.2918701
vn -0.1567931 -0.9517386 0.2638364
v -54.7164383 97.2834396 1602.0598145
vn 0.0063119 0.6166363 -0.7872229
v -20.4294338 97.6354218 1603.1647949
vn -0.1356121 0.5511710 -0.8232982
v -16.2729435 99.1521149 1603.7828369
vn 0.3295135 0.9223494 -0.2017240
v -107.2706375 104.6950607 1600.4865723
vn -0.5212317 -0.8391225 0.1555342
v -64.2445984 101.6157379 1604.9609375
vn 0.6042818 -0.7805593 0.1599083
v -79.1225510 103.3091125 1604.9487305
vn 0.5771070 0.2229976 -0.7856333
v -105.0816422 104.9471512 1602.8400879
vn 0.4290426 -0.7505932 -0.5025261
v -102.1818390 104.5927429 1603.8864746
vn 0.7048478 -0.6433482 -0.2988189
v -77.3120117 105.5628891 1603.3262939
vn -0.9847332 0.0647535 -0.1615788
v -146.1443787 104.5508041 1599.8511963
vn 0.8114281 0.5661132 -0.1452600
v -37.6884384 108.0235062 1612.8466797
vn -0.0604635 -0.9980378 -0.0162735
v -104.4638519 104.9481964 1603.2684326
vn 0.6624265 0.4030912 -0.6314339
v -113.9260254 108.9119263 1602.6375732
vn 0.3282217 -0.7027756 -0.6311712
v -75.2501755 106.7202072 1603.8248291
vn 0.1328710 -0.6149555 -0.7772870
v -74.3739777 108.4979630 1602.3709717
vn -0.9776876 0.1257437 -0.1682723
v -146.2920227 112.4967575 1605.3759766
vn -0.0726597 0.9767312 -0.2017841
v -95.7561874 114.2181778 1600.8776855
vn -0.1759865 0.9822373 -0.0651055
v -89.6595917 114.6591949 1600.6699219
vn 0.8933313 -0.4368469 0.1054708
v -113.1479721 113.0632095 1603.7583008
vn 0.1894743 -0.6323215 -0.7511784
v -109.4715500 120.4439240 1601.1447754
vn -0.0384535 -0.8678953 -0.4952565
v -107.2411270 119.6719894 1601.7866211
vn 0.8791616 0.0266894 -0.4757758
v -43.2078018 118.4768219 1601.1762695
vn -0.4643287 -0.8296662 0.3099238
v -84.7796478 124.6398926 1601.5570068
vn -0.9423871 0.2963589 -0.1551710
v -141.3194122 130.0224609 1600.3720703
vn -0.4160892 0.3072231 -0.8558527
v -67.2646866 131.3282776 1600.5278320
vn 0.4827144 0.2086684 -0.8505554
v -67.5145264 135.6728058 1601.9843750
vn -0.4770042 -0.7195808 0.5046487
v -63.8275833 144.0994720 1603.8009033
vn -0.5679055 -0.7887609 -0.2352436
v -86.5459137 142.2595978 1605.2869873
vn 0.3912728 0.2459163 0.8868093
v -72.2727051 145.9137726 1604.7500000
vn 0.9180540 0.2643446 -0.2954636
v -40.4952316 145.7020111 1607.1068115
vn 0.9881006 -0.1120724 -0.1053428
v -72.7049561 149.8884888 1602.8604736
vn 0.8427199 0.2570823 -0.4730031
v -44.1233978 149.9751282 1601.3851318
vn 0.6576287 -0.4900035 -0.5722073
v -72.5892487 152.1108856 1600.8317871
vn 0.5789350 0.7968714 -0.1727149
v -57.7570763 169.7961884 1601.5184326
vn -0.3486485 0.9357632 -0.0528340
v -107.4909515 172.3224030 1599.9925537
vn 0.2750539 0.9497641 0.1493104
v -72.2856140 175.8254395 1604.0269775
vn -0.0230257 0.9829971 0.1821721
v -85.1773300 177.5567169 1604.5296631
vn 0.3656527 -0.6028154 -0.7091627
v -17.2777977 13.6923351 1605.4938965
vn 0.0165800 -0.9067261 -0.4213941
v -20.6195354 12.6517181 1607.1395264
vn -0.1123704 -0.9784641 -0.1731501
v -44.0804825 13.7298460 1611.3824463
vn 0.8362420 0.1162957 -0.5358868
v -17.0309010 14.0034552 1605.5108643
vn -0.3253148 -0.9433012 -0.0659787
v -83.8524475 17.5425625 1604.5227051
vn -0.4247470 -0.9043385 0.0419757
v -88.6980743 19.5537872 1607.5386963
vn 0.4823294 0.6065385 -0.6320359
v -30.4375324 23.1535206 1603.1890869
vn 0.5239106 0.4092835 -0.7469971
v -33.4259682 28.5587425 1605.3033447
vn -0.6212006 -0.7786585 -0.0883222
v -115.8669434 36.4413109 1606.5207520
vn -0.7730134 0.2008500 -0.6017554
v -78.6362610 43.8214111 1605.6115723
vn -0.7768657 0.6244129 0.0811688
v -81.3896332 41.6110458 1602.7562256
vn -0.9210440 0.3871019 -0.0427803
v -78.2412643 44.6218948 1604.2093506
vn 0.8333440 -0.3023821 -0.4627125
v -79.0447845 44.1833038 1605.3920898
vn 0.8151198 0.3857096 -0.4322128
v -104.1361694 46.9184761 1605.4062500
vn 0.3608364 -0.2622028 -0.8950122
v -31.7638798 42.6348686 1605.1915283
vn -0.2938006 0.9536819 -0.0645920
v -102.6048279 46.4383011 1605.4626465
vn -0.4315258 0.6831759 0.5891147
v -100.8832626 46.4346504 1607.0852051
vn 0.3348057 -0.2059889 -0.9194965
v -31.4183064 48.7649651 1603.6207275
vn 0.4060032 -0.3235928 -0.8546631
v -26.0996799 43.9338112 1607.1857910
vn -0.9410456 0.0584799 -0.3331867
v -77.5164185 47.9520721 1604.0925293
vn 0.4027025 -0.2255972 -0.8870945
v -26.2623806 47.7634239 1605.8612061
vn 0.9198269 -0.3760825 -0.1117157
v -103.1280518 49.9834595 1607.4639893
vn 0.3986152 -0.1382514 -0.9066380
v -26.4128704 50.7833176 1605.2110596
vn -0.9647841 -0.0997956 -0.2433775
v -77.6862793 50.0186501 1604.4031982
vn 0.9619335 -0.0240141 0.2722268
v -78.6148148 50.6174088 1604.8671875
vn -0.9765252 -0.1847140 0.1108124
v -79.1177979 54.0139427 1606.6728516
vn -0.8404812 -0.5277308 -0.1228480
v -136.2063141 58.9202843 1605.2933350
vn -0.3918766 -0.1959890 -0.8988999
v -87.7907944 60.7530708 1606.5902100
vn 0.4059910 -0.0716463 -0.9110643
v -23.5388660 57.4332123 1605.7221680
vn 0.0456364 -0.2359561 0.9706916
v -79.6228333 57.8560905 1607.5592041
vn -0.9092383 -0.1928514 0.3689093
v -87.7625427 60.8014030 1606.9602051
vn -0.1487666 0.9885531 -0.0251267
v -109.9353638 65.7418518 1606.9262695
vn -0.9043191 -0.4036370 -0.1388677
v -139.4010010 64.8624496 1605.3535156
vn -0.6804745 -0.3207107 0.6588621
v -109.6392136 66.9061966 1605.2319336
vn 0.1960474 -0.9647940 -0.1753225
v -114.1638947 67.5437775 1602.8402100
vn 0.3003428 0.1257746 -0.9455025
v -19.6663952 75.5004654 1607.0263672
vn 0.0962829 0.2427290 -0.9653043
v -26.9882030 73.0846939 1605.4151611
vn -0.0909654 0.4237644 -0.9011931
v -28.9213753 79.3083420 1607.8956299
vn -0.1861631 0.7598253 -0.6229036
v -40.9420357 74.3071899 1606.7727051
vn -0.2436210 0.5632598 -0.7895488
v -31.8306847 77.7600861 1607.5771484
vn 0.5326365 0.5613095 -0.6334273
v -60.0690041 83.4634857 1607.3065186
vn 0.3124342 -0.4855701 -0.8164598
v -19.9441261 85.3453827 1607.9055176
vn 0.8254389 0.4378633 -0.3562672
v -70.1918793 89.0084915 1603.8808594
vn 0.5935464 0.7111665 -0.3767559
v -70.5958252 90.8806915 1606.6370850
vn -0.4113284 -0.7115132 -0.5696998
v -32.6834373 90.4814606 1606.7926025
vn -0.3670768 -0.8335848 -0.4127844
v -37.8816376 92.8501358 1607.5642090
vn 0.4488041 0.6874486 0.5709547
v -85.7765503 96.2665405 1606.3164062
vn -0.2528605 -0.9422913 -0.2194280
v -42.1367798 94.5561600 1606.4692383
vn -0.1676279 -0.9858338 0.0057105
v -47.3193588 96.0883484 1602.6650391
vn -0.3120586 -0.8987401 0.3080353
v -60.9029083 99.5076981 1604.0994873
vn 0.4821782 -0.3485840 0.8037372
v -85.9688873 100.1259079 1606.2735596
vn -0.3159520 -0.9364258 -0.1525814
v -62.9903183 100.8802872 1608.8701172
vn -0.0940269 0.9848658 0.1455961
v -105.2714539 104.5667572 1601.7531738
vn 0.6546549 0.3863543 -0.6497364
v -101.6114655 104.6583023 1604.3841553
vn -0.4909129 0.6554114 0.5739690
v -100.3696136 104.6010284 1605.6483154
vn -0.2857130 0.3851196 0.8775255
v -97.1979065 103.5875702 1608.4176025
vn 0.4171470 0.8334295 -0.3624688
v -101.6563187 104.8076324 1605.1010742
vn 0.2464072 -0.8359525 0.4903743
v -84.7303848 102.1100922 1607.6743164
vn -0.4718260 -0.8772788 -0.0881033
v -67.2611237 103.3281021 1604.8070068
vn -0.5152543 -0.7718009 -0.3726077
v -69.6278534 104.8925171 1604.2598877
vn 0.6487796 0.4257114 -0.6307573
v -12.5362501 103.8737183 1606.6717529
vn 0.8995314 0.3454110 -0.2674592
v -40.2839355 110.3265228 1604.6306152
vn 0.7022822 0.7028085 -0.1134011
v -113.4429321 109.9252014 1604.7886963
vn -0.3479483 0.9374779 0.0081931
v -104.1741333 112.9675140 1602.6822510
vn 0.0300433 0.9852499 -0.1684640
v -87.1342850 115.6730423 1605.6557617
vn -0.1871103 0.5127031 -0.8379291
v -101.3412857 114.7054596 1605.5609131
vn 0.8899898 0.1864886 -0.4161013
v -43.1787872 114.0722427 1600.0417480
vn -0.5803413 0.7565135 0.3014819
v -82.1952057 117.5291824 1601.7297363
vn 0.4225032 -0.6382029 -0.6435745
v -108.6866837 117.0993729 1604.0882568
vn -0.7655694 0.3266834 0.5542395
v -79.0929413 118.8283615 1604.3742676
vn -0.9633209 0.2061533 -0.1717957
v -145.2691956 118.3202362 1605.2379150
vn -0.6378040 0.2858899 0.7151735
v -76.8657074 119.0374985 1606.5378418
vn 0.4059199 -0.4121196 -0.8157123
v -96.3678513 119.8681564 1607.0369873
vn 0.4382760 -0.8183919 -0.3716837
v -97.0627670 121.7301712 1604.0367432
vn -0.5958753 -0.4572022 0.6602263
v -75.7889175 123.1155701 1608.9156494
vn 0.9239446 -0.1698846 -0.3427326
v -38.1791496 123.5442047 1610.3262939
vn 0.2426018 -0.0173796 0.9699703
v -63.6465225 122.7752838 1606.7955322
vn 0.4570218 -0.8574972 -0.2362832
v -95.3816071 123.5596771 1601.1866455
vn -0.5843967 -0.6014237 0.5447661
v -78.4610901 123.8437500 1606.4207764
vn -0.8735714 0.1357065 0.4673937
v -63.3278160 122.8375015 1606.8621826
vn -0.9543769 0.2523068 -0.1597063
v -143.2870483 125.8354034 1604.3580322
vn -0.3574887 0.2194450 -0.9077697
v -67.2278748 136.0088806 1602.1107178
vn -0.0274971 0.6903697 0.7229341
v -87.4369965 141.1731415 1602.2031250
vn -0.6005662 0.4568979 0.6561741
v -86.0181198 139.9183197 1604.0061035
vn 0.9053034 0.0868302 -0.4157960
v -39.3825684 137.7610321 1605.6818848
vn -0.0913626 0.3506624 -0.9320347
v -66.8847427 139.5304260 1602.5633545
vn 0.8133030 0.2557840 0.5226019
v -90.2148972 140.2917480 1607.0013428
vn 0.9047004 0.3485208 0.2450519
v -88.8786316 141.8595428 1603.0998535
vn -0.6445686 0.7363750 -0.2056289
v -63.7654915 143.1612244 1604.2972412
vn 0.3353679 0.7163143 0.6119006
v -72.1234894 143.7265930 1606.9285889
vn 0.7481520 -0.6314037 -0.2039561
v -88.8968201 142.3364410 1604.7568359
vn 0.8358923 0.1227143 -0.5350004
v -42.5327835 143.0075684 1600.5050049
vn -0.8895507 0.1774768 0.4209530
v -71.4633484 142.9441376 1608.2543945
vn -0.0457842 -0.9170086 -0.3962311
v -87.5883102 142.5532074 1605.6204834
vn 0.9897920 0.1157529 0.0831453
v -72.6330643 145.2995605 1606.7163086
vn -0.6477827 -0.7617934 0.0069646
v -62.7126007 147.9634705 1610.4248047
vn 0.5560614 -0.5925007 -0.5828710
v -72.4326782 147.8372803 1605.4014893
vn 0.8368115 0.3560433 -0.4159083
v -46.8184853 156.6000366 1600.5451660
vn 0.8075660 0.5367901 -0.2443227
v -47.4363747 160.8719177 1604.7343750
vn -0.6213037 0.7703364 -0.1434002
v -121.2694397 165.0458984 1604.2254639
vn 0.7129204 0.6378165 -0.2914357
v -51.4359703 163.4137268 1599.5407715
vn -0.4497246 0.8888559 -0.0876526
v -114.5250549 169.6711578 1606.1860352
vn 0.3644856 0.9307330 0.0297741
v -62.4635353 172.6154175 1604.1228027
vn 0.1394073 0.9652816 0.2209006
v -78.5915833 176.9075317 1605.5734863
vn 0.3951395 -0.7832574 -0.4799715
v -17.2137012 13.2655897 1606.2794189
vn 0.9533215 0.1507741 -0.2616209
v -17.0181751 13.9438972 1605.9348145
vn 0.0569949 0.3648372 -0.9293253
v -60.7367210 34.1573296 1604.5860596
vn 0.3932869 -0.1182921 -0.9117743
v -34.3802681 35.9981651 1605.7038574
vn 0.1072212 0.2459060 -0.9633452
v -60.5708427 34.8932877 1604.9006348
vn 0.4659238 0.1992355 -0.8621023
v -60.7686768 38.7928619 1605.1964111
vn 0.4570015 -0.1864221 -0.8697106
v -30.1894150 38.8016701 1607.2060547
vn -0.6557508 -0.7472836 -0.1075093
v -119.6017761 39.3263245 1608.8132324
vn -0.6548509 0.3924990 -0.6458443
v -60.0513573 39.8132248 1605.5134277
vn 0.7229962 -0.4440019 0.5292814
v -59.7143402 41.9451180 1607.4273682
vn 0.1918105 0.4138503 -0.8899083
v -78.8788757 43.7722092 1605.6746826
vn 0.5461861 0.4495236 -0.7068304
v -101.9863968 47.7456818 1608.4520264
vn 0.4810857 0.8572168 -0.1836737
v -101.1988678 46.3646507 1607.6484375
vn -0.2119463 -0.0356975 -0.9766292
v -78.1007004 47.8016510 1604.6501465
vn -0.8525446 0.0323658 0.5216514
v -100.9089127 47.8057632 1606.7613525
vn 0.9344378 0.0775540 -0.3475794
v -78.3114319 47.9684486 1604.5097656
vn 0.4617702 -0.1412527 -0.8756803
v -21.8500671 52.6198502 1607.1853027
vn 0.5595924 -0.2138204 -0.8007104
v -18.4167709 50.9024773 1609.4960938
vn -0.9894553 -0.1446172 0.0080002
v -78.9565277 53.7676239 1607.0345459
vn 0.1623697 -0.5684794 0.8065155
v -100.5811234 52.2564812 1607.8289795
vn 0.9660831 0.2257583 0.1253660
v -79.2241974 54.8826790 1606.9752197
vn 0.4600060 -0.1337786 -0.8777800
v -18.6213837 56.1862564 1608.3546143
vn 0.4470721 0.1533025 0.8812633
v -81.8359604 59.5830994 1608.9522705
vn -0.8945083 -0.2681333 0.3577143
v -78.9130936 58.3977394 1608.0499268
vn 0.4599408 -0.8841327 0.0822424
v -87.1281128 61.1435547 1607.6704102
vn -0.4686661 -0.5493177 0.6918108
v -79.2150650 58.8305855 1607.9296875
vn 0.1191963 0.9814336 -0.1502677
v -114.5538406 65.0309296 1603.3851318
vn -0.1989745 0.9428428 0.2673137
v -104.9195251 66.1412125 1609.9643555
vn -0.1416001 -0.5002947 0.8541982
v -86.1923447 61.8049927 1608.0115967
vn 0.4602325 -0.1216835 -0.8794198
v -20.6391525 60.9542503 1606.8970947
vn 0.3592998 -0.0557437 -0.9315559
v -20.3628902 64.2964783 1606.5085449
vn 0.9608536 -0.1481264 -0.2341345
v -111.0565491 67.1037369 1608.5531006
vn -0.5882961 0.2982416 0.7516380
v -106.4781799 67.0241089 1607.9272461
vn -0.2179750 -0.9317095 0.2905241
v -109.8222656 67.6256714 1606.0988770
vn -0.3896186 -0.6352804 0.6667954
v -106.2345657 67.6025009 1608.2302246
vn 0.0724034 0.9035009 -0.4224263
v -49.0507851 72.2642365 1604.9569092
vn 0.3404919 0.1067856 -0.9341639
v -13.3537188 74.3620911 1609.0303955
vn -0.3833966 0.8619843 -0.3316477
v -42.0553970 74.9852600 1608.7442627
vn 0.1731106 0.1395788 -0.9749618
v -22.8833427 74.2221909 1605.9360352
vn 0.1500910 0.2538155 -0.9555367
v -21.1449127 77.7005310 1607.0524902
vn 0.1981612 0.0896841 -0.9760579
v -20.4464588 81.6724167 1608.2114258
vn -0.1594302 -0.5123466 -0.8438501
v -26.3813496 87.1726761 1605.8073730
vn 0.4735762 -0.4996167 -0.7253336
v -16.6417809 91.3149185 1604.4920654
vn -0.2863038 -0.5956981 -0.7504492
v -27.6126995 87.8056717 1605.7762451
vn -0.9786106 -0.1816584 -0.0965476
v -147.2234802 89.1883926 1611.5607910
vn 0.4184013 0.9075282 -0.0365115
v -74.3553925 93.5272598 1606.1945801
vn -0.2707216 -0.9612249 0.0525041
v -53.1705093 97.7416153 1606.9547119
vn 0.5338930 0.3958329 0.7471777
v -89.0758286 97.8364258 1608.8645020
vn 0.2075645 0.4489980 0.8690903
v -94.5964355 101.6020660 1609.6900635
vn -0.4321072 0.7247191 -0.5367175
v -19.3512363 102.8970490 1610.3255615
vn 0.3127886 -0.3520369 0.8821754
v -88.7472610 101.2885056 1608.2603760
vn 0.8765440 0.4110221 -0.2504627
v -98.4303894 104.1973801 1609.3989258
vn -0.1526217 -0.4169859 0.8960075
v -93.1401978 102.9025803 1609.5128174
vn 0.3898552 0.9178899 -0.0741019
v -100.4087067 104.3488312 1606.4165039
vn -0.2040448 -0.7987294 -0.5660363
v -72.3171005 104.8156128 1606.2230225
vn -0.0455945 0.5916916 -0.8048741
v -12.9827328 103.6571045 1606.3640137
vn -0.0086508 -0.9903137 0.1385782
v -100.3137436 104.9535294 1606.2945557
vn 0.4038896 0.6218583 -0.6709437
v -12.6550770 106.0071182 1608.2708740
vn -0.5099561 0.8234903 -0.2486133
v -108.1757660 110.5685806 1605.6784668
vn -0.2695263 0.9322994 -0.2411916
v -110.5458527 110.1784897 1607.4337158
vn 0.8122604 -0.1307700 0.5684472
v -114.8033600 111.4223251 1608.1529541
vn 0.3865680 0.8719766 0.3003698
v -113.9983063 110.3561783 1607.9943848
vn -0.5961534 0.4632230 -0.6557633
v -108.5258331 111.3174210 1607.1730957
vn -0.4413233 0.5516970 -0.7077176
v -104.6815720 113.4046097 1605.3509521
vn 0.5397540 -0.8412017 -0.0323300
v -113.9889069 112.2489929 1607.9388428
vn -0.1194275 0.7581769 -0.6410187
v -98.2359543 115.3019485 1604.5694580
vn 0.9334092 0.0012632 -0.3588115
v -41.5370331 117.3532944 1604.8516846
vn 0.1367856 -0.3325468 -0.9331143
v -103.6097336 116.8348083 1605.5445557
vn 0.3113180 -0.7888734 -0.5298679
v -101.9953766 119.4066315 1603.9754639
vn 0.2805037 -0.0883106 -0.9557818
v -99.3177795 118.5084229 1606.0181885
vn 0.9322287 -0.2299933 -0.2793792
v -39.3062248 120.3843460 1608.9179688
vn -0.7830960 0.1015056 0.6135613
v -74.7888412 119.2836227 1608.2446289
vn -0.4280158 0.8944347 -0.1295729
v -63.4086609 122.8429108 1607.0013428
vn 0.8695470 -0.0286078 -0.4930210
v -39.6610031 131.9109192 1604.8709717
vn 0.9425358 0.0343427 -0.3323357
v -37.6304054 132.5770111 1609.0627441
vn 0.3992119 0.8316371 0.3860177
v -86.3507233 136.9522705 1608.7736816
vn 0.5872769 0.7889103 0.1809045
v -97.0455017 141.9251862 1608.7918701
vn 0.1671185 0.3253276 0.9307166
v -95.3071594 141.2754822 1608.4262695
vn 0.2537012 0.1744020 0.9514303
v -92.5902786 140.5516815 1608.6040039
vn 0.2269866 0.3576627 0.9058447
v -96.7076416 141.8277893 1608.5187988
vn 0.3772202 -0.9021599 0.2093145
v -90.0838013 141.5272675 1607.8723145
vn -0.1660571 -0.8721060 0.4602784
v -92.4560928 141.8646088 1609.5201416
vn 0.7912998 -0.1901045 -0.5811238
v -64.5721893 143.7166748 1604.8687744
vn 0.2614492 -0.1684758 0.9504001
v -98.3984833 143.4684296 1608.9920654
vn 0.2118118 0.7578027 -0.6171474
v -64.0046082 143.6912994 1605.2983398
vn -0.9147909 0.3963388 -0.0779308
v -138.1889343 143.2412720 1610.6672363
vn 0.1487971 -0.5814201 0.7998813
v -100.1227264 145.1175842 1610.1356201
vn 0.6035374 -0.7894950 0.1115364
v -64.3106918 144.2579498 1604.5640869
vn -0.9999328 -0.0115900 0.0004881
v -72.0174713 146.9673767 1604.9302979
vn -0.5530695 -0.6296009 0.5456344
v -62.3740005 146.0194550 1607.3487549
vn -0.5697205 -0.6343889 -0.5224647
v -72.2925186 147.3566742 1605.9227295
vn 0.1726406 -0.7027920 -0.6901294
v -72.1770477 144.9598389 1608.5434570
vn 0.8826168 0.3608442 -0.3012956
v -43.8728065 153.5133514 1604.5343018
vn 0.6895394 0.7239656 -0.0202293
v -50.2480698 165.0533600 1609.3638916
vn -0.5309300 0.8390341 -0.1188912
v -117.3194046 167.9019775 1604.3527832
vn -0.2627472 0.9644853 0.0270562
v -99.7745361 174.9197235 1605.4832764
vn 0.1531381 -0.9166746 -0.3691294
v -15.5531836 11.4606342 1611.2878418
vn -0.1158785 -0.9916708 -0.0562242
v -73.2447968 14.3039970 1609.7769775
vn 0.5793254 0.6398454 -0.5049555
v -18.9743462 16.3099785 1606.3082275
vn -0.4735040 -0.8806880 0.0135195
v -95.6796646 23.0846367 1606.7633057
vn -0.4932567 -0.8671797 0.0685373
v -102.3415146 26.9277229 1612.0694580
vn -0.5277125 -0.8493447 0.0115372
v -106.7180710 29.5927353 1611.5944824
vn 0.5472335 0.0783027 -0.8333092
v -32.8500099 31.2303333 1606.7050781
vn 0.5807390 -0.3619811 -0.7291858
v -24.3813553 38.7387619 1610.8238525
vn 0.4915924 -0.3160118 -0.8114638
v -26.4301205 39.3238411 1609.1041260
vn -0.7194842 -0.2289505 0.6556861
v -59.8613243 41.9365730 1607.4420166
vn 0.7399584 -0.3411043 0.5797495
v -99.2521133 45.4280014 1608.8572998
vn 0.4891706 -0.3926553 -0.7788029
v -23.9511719 42.1410637 1608.9799805
vn 0.6233324 -0.3916265 -0.6768201
v -19.2486248 44.9058647 1611.1566162
vn 0.8512742 -0.4246953 -0.3081659
v -59.4872971 43.9226074 1605.5499268
vn 0.1930359 -0.2920941 -0.9367060
v -78.8790512 43.9491234 1605.6594238
vn 0.5419728 -0.3599303 -0.7594180
v -21.4624519 44.6125641 1609.4554443
vn -0.7212555 -0.6771409 -0.1458452
v -126.1890182 45.6184616 1609.8990479
vn -0.1882274 -0.6512812 -0.7351213
v -99.6951065 45.6403236 1608.3986816
vn 0.5080291 -0.2430057 -0.8263503
v -21.3965645 47.6584969 1608.3782959
vn -0.3651845 0.3345923 -0.8687280
v -78.8223877 52.4960899 1606.4947510
vn 0.9118530 0.3274891 -0.2475381
v -79.1071777 54.3436699 1607.2961426
vn -0.9966071 0.0401549 -0.0718460
v -100.6049423 49.2451324 1608.2393799
vn -0.4835191 0.3806759 -0.7882228
v -79.2055969 55.8454056 1608.1998291
vn 0.5438853 -0.2056162 -0.8135790
v -16.8837414 54.0518303 1609.7796631
vn 0.7181395 -0.6277460 0.3003511
v -101.6253128 52.0271301 1608.4879150
vn -0.8111920 -0.1369314 0.5685220
v -100.4755325 51.6737556 1607.5880127
vn 0.2789109 0.8701012 -0.4063652
v -87.0462418 60.9506683 1607.5731201
vn -0.8502688 -0.4666564 -0.2434643
v -79.3444748 59.2202339 1608.9050293
vn -0.1311018 0.5489493 0.8255102
v -84.1643829 61.2754211 1608.9545898
vn -0.3398861 -0.5859007 0.7356615
v -81.4020691 61.0323372 1609.3509521
vn 0.3722068 0.8573332 -0.3555868
v -110.5226746 66.0752029 1608.0295410
vn -0.3654766 -0.5034660 0.7829105
v -84.1669617 62.7873535 1609.2204590
vn -0.9238651 -0.3386236 -0.1783463
v -82.9538879 63.5323982 1611.5496826
vn 0.4400388 -0.1952953 -0.8764848
v -11.0511513 64.9460068 1610.4682617
vn 0.2152054 -0.9757764 0.0393313
v -110.2363663 67.7520142 1607.6374512
vn -0.2714860 -0.3435289 0.8990458
v -102.5943985 68.0748672 1610.8000488
vn 0.3501191 -0.0308714 -0.9361964
v -12.1522312 69.8438492 1609.2958984
vn 0.4013522 -0.1387205 -0.9053580
v -10.6257372 67.5924072 1610.1008301
vn 0.3047511 0.6513609 0.6948782
v -51.0697708 71.5586243 1611.3094482
vn 0.3782682 -0.0910597 -0.9212065
v -15.7944841 66.9509125 1608.3463135
vn 0.1996526 0.9593990 0.1992298
v -50.7975121 72.5186539 1609.4630127
vn -0.4395025 0.8943446 0.0835780
v -45.8332062 73.5627365 1610.5478516
vn 0.6077467 0.7525089 -0.2537207
v -52.4114456 73.7723389 1606.2829590
vn 0.4537218 0.1271086 -0.8820317
v -8.4217291 75.4868088 1611.1340332
vn 0.4919147 0.2520079 -0.8333739
v -7.9129701 77.3993149 1611.8341064
vn 0.3913368 0.1793662 -0.9025981
v -14.9580755 81.4956055 1610.0313721
vn -0.1303363 0.2034547 -0.9703704
v -24.7216167 80.9055023 1608.0853271
vn -0.5569922 -0.3783642 -0.7393242
v -34.0542831 85.6929474 1611.4842529
vn -0.5243267 -0.4834270 -0.7009850
v -36.0922470 86.8761368 1612.3164062
vn 0.7411484 -0.3989598 -0.5399354
v -13.7571239 88.0636902 1610.4930420
vn 0.2098298 0.9596197 0.1873541
v -85.9509583 95.4721985 1608.3869629
vn 0.0884517 0.9266020 -0.3654930
v -78.2553787 95.2994614 1608.9873047
vn 0.1912289 0.9753049 0.1105072
v -79.4324112 94.9784927 1606.4923096
vn 0.9103838 -0.2066223 -0.3584809
v -9.4500866 95.8838272 1612.5528564
vn -0.9904658 -0.1014329 -0.0932145
v -147.5914001 91.1505661 1612.0649414
vn -0.3023306 -0.9206619 -0.2469372
v -55.6071434 98.4692078 1610.0220947
vn 0.3577280 0.8988747 -0.2530910
v -29.3866081 100.7134018 1606.0239258
vn 0.4060803 0.8051874 0.4321714
v -97.4532700 103.1491165 1608.8411865
vn -0.0448274 -0.7926583 -0.6080160
v -74.8658447 102.8570633 1609.3680420
vn -0.4379795 -0.5993376 0.6700510
v -97.1308365 105.1996689 1608.5250244
vn -0.1530515 0.7578477 -0.6342257
v -13.2727146 106.7997360 1609.1383057
vn -0.6492154 0.4630095 -0.6034415
v -111.4235306 110.6382141 1609.5101318
vn -0.2289358 -0.3266205 -0.9170101
v -106.9496918 114.4922943 1606.2741699
vn 0.1751500 -0.8096404 -0.5601830
v -109.6000748 115.1263428 1606.2047119
vn -0.0605158 0.9919569 -0.1111730
v -78.7019501 115.8230209 1612.7080078
vn -0.4668043 0.8473355 0.2532121
v -74.8058701 117.0291214 1612.1416016
vn -0.3712356 0.8927953 0.2551486
v -78.5984344 116.0622864 1609.6152344
vn -0.6941952 0.0440895 0.7184352
v -75.0796280 119.0643463 1607.7482910
vn 0.6330255 0.0349227 -0.7733428
v -91.1836395 119.8865128 1608.9686279
vn 0.6112556 0.7479713 0.2586610
v -64.2319717 122.6828766 1607.9550781
vn 0.5276123 -0.7195919 -0.4514562
v -91.2690201 123.3512192 1606.8933105
vn 0.6663192 -0.7446188 0.0395175
v -88.2125168 124.6952286 1610.9921875
vn 0.9102402 -0.0994604 -0.4019582
v -38.1498795 129.6066895 1608.1794434
vn -0.1424056 -0.9827445 0.1180420
v -85.6314087 125.5150223 1604.2225342
vn 0.3004440 -0.9533974 0.0276903
v -86.0652924 125.4737778 1609.2031250
vn -0.9457608 0.2986510 -0.1278437
v -143.5546570 126.9842987 1608.3787842
vn -0.1774476 0.5893040 0.7881835
v -83.5252609 135.9550323 1609.2872314
vn 0.1803078 0.6770740 0.7134844
v -82.4372177 133.7774048 1611.0090332
vn 0.9516483 0.0994320 -0.2906525
v -38.0787849 136.6834717 1608.7565918
vn -0.8297207 -0.0053106 0.5581536
v -83.6307297 137.5667877 1608.3457031
vn 0.4607307 0.8665562 0.1918535
v -90.8703003 139.3316498 1609.4704590
vn -0.2349948 0.6382170 0.7331142
v -69.3440018 138.0422821 1612.7607422
vn 0.2158010 0.7311235 0.6472159
v -70.8510590 140.1344299 1610.8459473
vn -0.7562540 0.2003661 0.6228430
v -70.0270844 140.6404572 1610.8652344
vn -0.7892863 -0.6116897 0.0535063
v -84.1459808 139.5335083 1608.8873291
vn -0.2016616 -0.9183137 -0.3406354
v -88.2983398 141.4206390 1609.8187256
vn 0.6776941 0.6674471 0.3086179
v -98.7891464 143.3737335 1609.4398193
vn -0.8936991 -0.4406218 0.0845832
v -69.1864243 140.5105591 1613.0590820
vn 0.1762412 0.4391372 0.8809640
v -48.8713264 141.3993988 1612.6945801
vn -0.7964399 -0.5868588 -0.1458778
v -71.1599350 142.8210907 1610.2081299
vn 0.3732105 0.2564981 0.8915843
v -49.2794800 143.8194733 1611.3463135
vn -0.8588610 0.0267266 0.5115110
v -48.6326447 141.3876801 1612.9353027
vn 0.6137278 -0.5995984 0.5136341
v -49.4594955 145.0674896 1610.7062988
vn -0.3168931 -0.7173579 0.6204647
v -96.5086899 143.4460449 1609.6074219
vn 0.9230924 -0.1271278 -0.3629587
v -72.4678116 144.2504883 1608.8140869
vn -0.8203284 -0.1145389 0.5603055
v -49.3267708 144.9382019 1610.8050537
vn 0.3919934 0.9107420 -0.1299627
v -102.6264267 146.1887207 1611.6091309
vn -0.8221827 0.5597882 -0.1032122
v -130.9850311 156.6491394 1610.7220459
vn 0.6111414 0.7915214 0.0002890
v -53.9765816 168.4172974 1608.4534912
vn 0.4622932 0.8781819 0.1228074
v -56.6344719 170.1330414 1608.3940430
vn -0.1014281 0.9654280 0.2401273
v -95.4988480 175.0462952 1613.6259766
vn -0.0213616 0.9722190 0.2330962
v -88.1644592 176.3133850 1610.0686035
vn -0.0720525 -0.9654346 -0.2504888
v -27.1985054 11.7483616 1610.4996338
vn 0.0033579 -0.9998772 0.0153093
v -66.9740448 13.9262381 1614.9118652
vn -0.2638344 -0.9643343 0.0212323
v -77.2302628 15.1558132 1610.0510254
vn -0.4548676 -0.8852667 0.0969451
v -97.6086960 24.2982540 1611.2545166
vn 0.5859544 0.5713658 -0.5746291
v -27.9388332 25.6593552 1608.2209473
vn 0.6186876 -0.1453866 -0.7720676
v -27.4239559 31.5433388 1611.0030518
vn -0.6897358 -0.7134486 -0.1235135
v -122.3778763 41.6885300 1609.7585449
vn -0.4444960 -0.5055878 0.7394622
v -58.8504066 45.5271683 1607.0750732
vn -0.9072067 -0.2656465 0.3262024
v -99.7443619 45.5894775 1608.5831299
vn -0.6269318 -0.7533066 0.1987100
v -59.4086609 44.0850906 1605.6990967
vn -0.9104810 0.4112973 -0.0431153
v -56.9443054 50.2675438 1611.4748535
vn -0.2918490 -0.5819827 0.7590259
v -56.6448975 51.2098351 1612.3515625
vn -0.5037814 0.3773468 -0.7770545
v -101.0776443 49.2108917 1609.1745605
vn 0.9079115 -0.1797758 -0.3786521
v -101.7615509 51.9545135 1610.3366699
vn -0.9388004 0.3331306 0.0876230
v -98.5334396 57.1179352 1611.4030762
vn 0.6623228 0.6509678 -0.3709034
v -80.6797409 56.6089630 1608.8677979
vn -0.0637567 -0.4058799 0.9116998
v -98.4287567 58.2874718 1610.6876221
vn -0.9034511 0.0720265 -0.4225970
v -78.8500748 57.6529007 1608.5029297
vn 0.8849676 -0.4229456 0.1948063
v -99.0899811 58.5286293 1612.2574463
vn 0.3522422 0.5769942 -0.7368876
v -81.0758972 58.0914497 1609.8723145
vn 0.4874427 -0.2035080 -0.8491079
v -13.7455616 59.2864227 1610.5140381
vn 0.4326377 0.6826277 -0.5889348
v -83.5835876 61.1972504 1610.4903564
vn 0.0298856 -0.5668319 0.8232912
v -98.2275772 58.9187584 1611.1577148
vn 0.6362733 0.5262737 -0.5640853
v -86.3408585 61.6649895 1609.1855469
vn 0.5283639 -0.2271858 -0.8180576
v -8.5113535 62.4948235 1612.7481689
vn 0.0898753 0.0091785 0.9959108
v -53.3663445 62.8120270 1612.8992920
vn -0.3755921 0.7345341 0.5651462
v -102.7638397 66.4125214 1610.9578857
vn 0.1688640 0.9399587 -0.2965850
v -108.5963821 66.2906265 1610.6676025
vn 0.2722029 0.0805738 0.9588605
v -51.7548866 67.5720291 1613.7823486
vn -0.3782074 0.3118350 0.8716181
v -98.0499954 68.6434402 1612.1414795
vn 0.4743408 -0.5893533 0.6539600
v -85.8015442 65.3131104 1611.2861328
vn 0.9903389 0.0812393 0.1123792
v -111.0478439 68.0891037 1612.1003418
vn -0.1194953 -0.4426250 0.8887092
v -85.8110199 72.1782532 1615.0771484
vn -0.5156382 -0.5019789 0.6943591
v -84.4174881 67.0095520 1612.5878906
vn 0.9394699 0.2915535 0.1799802
v -51.5468941 72.5807800 1611.2843018
vn 0.0447459 -0.8039421 0.5930219
v -98.7817230 70.2042999 1612.1324463
vn -0.2749403 -0.2032276 0.9397374
v -98.3366089 69.6318893 1611.8037109
vn 0.0489670 -0.9795786 -0.1950081
v -109.0944977 68.6030350 1612.4196777
vn 0.5263597 -0.1016113 -0.8441686
v -9.2204094 68.5326309 1610.7620850
vn 0.8319686 0.3103083 -0.4599316
v -53.4571571 78.7073135 1611.9241943
vn 0.6963079 0.4574752 -0.5530567
v -57.4775200 80.7470169 1607.7082520
vn -0.5344359 0.6229008 -0.5712904
v -35.7934990 80.1248322 1611.8576660
vn -0.4788400 0.0409117 -0.8769484
v -31.2877922 83.2624893 1610.4781494
vn 0.0452936 -0.2481397 -0.9676648
v -22.8021507 83.8423462 1607.6831055
vn -0.2448075 -0.0126690 -0.9694889
v -28.2485676 83.0189819 1609.7348633
vn 0.5629508 0.3507794 -0.7483584
v -10.9289551 83.9699707 1612.8519287
vn 0.4039684 -0.0159374 -0.9146342
v -18.3380375 84.7737732 1608.7744141
vn 0.3986229 0.4602195 -0.7932830
v -59.5395737 87.9312668 1611.6129150
vn 0.3544920 0.5981197 -0.7187408
v -66.7219772 92.1203156 1611.0928955
vn -0.4612911 -0.6376178 -0.6169717
v -33.8231506 90.0182648 1608.2026367
vn 0.4001677 0.5790581 -0.7103222
v -64.1360168 89.6740646 1610.3867188
vn 0.7312747 -0.4187450 -0.5384142
v -13.9299755 92.2417145 1606.4783936
vn 0.2994539 0.7413542 -0.6006008
v -73.2235947 94.7932739 1610.3453369
vn 0.3151016 0.5913166 0.7423313
v -94.7998123 95.4487991 1613.9185791
vn -0.3426088 -0.8397694 -0.4211966
v -43.8883018 94.0752563 1610.1954346
vn 0.9196673 -0.0667599 -0.3869821
v -10.3320112 97.9778366 1609.4873047
vn -0.3097784 -0.9169541 -0.2514608
v -49.4770508 96.4664078 1609.6022949
vn -0.1834026 -0.8243266 -0.5355830
v -62.4242630 99.9052582 1611.5194092
vn 0.0024511 -0.6573486 -0.7535827
v -70.1931076 100.2720413 1611.2257080
vn 0.0482138 -0.5889993 -0.8066940
v -66.3320541 98.9997101 1613.0570068
vn -0.1857532 -0.8542811 -0.4854890
v -68.7999878 102.5735474 1608.1739502
vn 0.9837942 0.1754820 -0.0368110
v -98.3193970 104.1486435 1613.6379395
vn 0.1353824 -0.9370806 -0.3217946
v -77.5532532 103.5480728 1607.4643555
vn -0.1445269 -0.8924467 0.4273768
v -90.2045517 103.5108490 1610.8830566
vn 0.8911081 -0.4537886 0.0015298
v -98.1864777 105.4092102 1610.0275879
vn -0.4569488 -0.6193592 0.6384293
v -98.0220337 105.1492081 1607.7161865
vn -0.5567032 -0.2758830 -0.7835625
v -111.9016113 111.4253845 1610.0743408
vn 0.1699669 0.9647192 -0.2010677
v -84.1423035 115.7132111 1609.2607422
vn 0.4816461 -0.8001508 0.3574574
v -118.9481049 110.9914703 1612.4058838
vn -0.0284597 -0.8745152 -0.4841624
v -112.7358856 112.2976608 1609.5777588
vn -0.1666077 0.9785976 0.1207836
v -80.5073547 115.6017303 1608.8964844
vn 0.4010591 0.7810762 -0.4786143
v -84.9475937 116.8830185 1611.4351807
vn 0.2775131 0.6728744 -0.6857308
v -91.1080246 117.4910507 1607.7923584
vn -0.0751323 0.6198739 0.7810964
v -63.6190529 122.6984940 1606.7938232
vn -0.5197152 0.3088130 0.7965743
v -69.3351669 121.4527664 1614.1048584
vn -0.5935157 -0.3330245 0.7326894
v -72.4408798 122.9735031 1611.6038818
vn 0.4936008 -0.5930682 0.6361041
v -64.1833115 123.2785339 1607.1137695
vn -0.1878381 -0.7961261 0.5752391
v -77.0815887 126.0595245 1611.6300049
vn 0.0057077 -0.5013387 0.8652323
v -91.6633606 125.7039413 1614.0220947
vn 0.2050384 0.6731756 0.7104886
v -100.2406082 128.4976654 1613.2449951
vn 0.2502773 0.0161926 0.9680389
v -100.9791870 129.2357025 1612.7937012
vn 0.5741312 -0.6195565 0.5352786
v -101.1191254 129.3766785 1612.8665771
vn 0.5236240 0.0534350 0.8502721
v -78.8145905 128.6384735 1613.9433594
vn -0.4195201 0.1393797 0.8969817
v -79.4033356 132.4791412 1612.3172607
vn -0.7641428 -0.2979868 0.5720925
v -79.5522308 133.9743042 1612.3258057
vn 0.6305030 0.7529534 0.1884864
v -83.9028549 134.0552673 1611.9801025
vn 0.5515510 0.8094643 -0.2013931
v -88.0145187 137.7496338 1610.5620117
vn -0.1887531 0.5052636 0.8420695
v -48.3707047 138.6721039 1613.7940674
vn 0.7864645 0.5643278 0.2510131
v -69.6433258 137.3693695 1614.0028076
vn 0.4266177 0.8141019 -0.3939992
v -92.5716019 140.2534485 1610.6514893
vn 0.8824068 0.4613215 0.0924170
v -71.6239090 141.2659302 1610.1414795
vn -0.4080851 -0.8055384 -0.4296214
v -83.8548431 138.7512817 1611.3739014
vn 0.9403136 0.2226284 -0.2573850
v -38.7959671 141.9579620 1609.4180908
vn 0.9991100 -0.0031042 -0.0420654
v -48.9657936 141.1726379 1613.1660156
vn -0.9384707 -0.0727925 0.3376006
v -61.2472954 145.4777374 1608.9456787
vn 0.4755580 0.7909709 -0.3849802
v -98.2664719 143.1585388 1610.4217529
vn -0.3775874 -0.9244853 -0.0524846
v -94.7874908 143.0586395 1610.6031494
vn 0.8441017 -0.3145445 0.4342282
v -62.3346558 147.0583191 1610.6069336
vn 0.3680740 0.9132629 -0.1745636
v -102.1334915 145.8934021 1611.7332764
vn -0.8927803 0.1814094 -0.4123519
v -61.2200966 145.4936676 1609.0103760
vn -0.8868294 0.4588098 -0.0550194
v -136.0384064 148.0525970 1611.9887695
vn -0.2643485 -0.7846934 -0.5606927
v -49.3425446 144.9559021 1610.8134766
vn -0.3261310 -0.9129562 0.2452542
v -99.2044220 145.3064880 1610.7061768
vn -0.6668612 -0.7113050 0.2221288
v -62.0099297 147.1452789 1609.2446289
vn -0.3269397 -0.0397986 0.9442069
v -107.6035995 148.3037567 1612.7363281
vn -0.4843580 -0.7461256 -0.4568302
v -102.4001389 146.0506744 1611.4907227
vn 0.9085442 0.2945295 -0.2963105
v -62.7912674 147.5982056 1610.0063477
vn -0.4222409 -0.9064256 -0.0102590
v -106.9385452 148.0099030 1612.8112793
vn -0.1167615 -0.3724502 0.9206778
v -95.2108841 158.5722809 1614.2858887
vn -0.6312351 0.7692285 -0.0991451
v -124.1099777 164.1607208 1611.9753418
vn 0.5290997 0.8000695 0.2827406
v -53.0776634 167.0386047 1611.4123535
vn 0.2615986 0.9276797 0.2664142
v -67.0007095 173.1049957 1610.4691162
vn 0.3353420 0.9092782 0.2464930
v -60.0843010 171.3228455 1609.3504639
vn 0.1655456 0.9352695 0.3128350
v -76.4882126 175.0406647 1610.9526367
vn 0.6054770 -0.3964490 -0.6900911
v -14.0057478 11.7782316 1611.8420410
vn -0.1262334 -0.9639301 -0.2343160
v -34.9516907 12.6747875 1610.5460205
vn 0.6349847 0.6126933 -0.4705331
v -18.2350674 19.3797398 1612.0296631
vn -0.3665649 -0.9260519 0.0897671
v -82.6388931 17.0286350 1610.4204102
vn -0.4207688 -0.8880078 0.1854612
v -92.2476883 22.0971241 1614.4125977
vn 0.5881891 0.1491386 -0.7948530
v -23.8613834 27.9801693 1614.1560059
vn 0.6253263 -0.2851437 -0.7264021
v -24.1727123 34.8715057 1612.5972900
vn -0.5680001 -0.8228087 -0.0190166
v -115.6956329 35.2883835 1615.6215820
vn 0.6095212 -0.3631945 -0.7046799
v -20.4000340 39.4049339 1613.9124756
vn 0.6234707 -0.3200097 -0.7133569
v -17.0437279 48.2466202 1611.5020752
vn 0.6142394 -0.3617559 -0.7013150
v -14.1795883 49.0755463 1613.7335205
vn -0.7758913 -0.6241516 -0.0918016
v -130.5513306 48.8828163 1617.0102539
vn 0.4352686 0.3694741 -0.8209934
v -101.7188492 50.6431541 1610.2121582
vn -0.8051035 0.3631390 0.4689761
v -55.3986626 51.7581367 1614.6075439
vn 0.2977788 0.3486913 -0.8886744
v -100.6342239 53.2551346 1611.6613770
vn -0.7791908 -0.6137340 -0.1272495
v -132.2969513 52.7598953 1608.8361816
vn -0.8238178 -0.5637281 -0.0594549
v -135.5161743 54.8905411 1621.7484131
vn 0.4193180 -0.0223869 0.9075634
v -54.0208664 60.5545998 1613.0565186
vn -0.2133496 0.2877685 -0.9336334
v -81.1082535 59.5335922 1610.4742432
vn -0.7084523 -0.3267190 -0.6255798
v -81.5313263 61.9194908 1611.0932617
vn 0.1759366 0.1693385 0.9697272
v -54.2895355 59.5979118 1613.2517090
vn -0.1363260 0.3995365 -0.9065241
v -83.3051987 62.7424393 1611.6718750
vn 0.3318713 -0.1769008 0.9265892
v -52.8923187 64.1775513 1612.9730225
vn 0.8604903 -0.0997326 0.4996098
v -97.3542023 63.5800514 1614.5620117
vn 0.3619674 0.6579269 -0.6603876
v -85.0772476 64.3753586 1612.6778564
vn 0.1603211 0.8920872 0.4224662
v -99.1150360 65.9988174 1613.6812744
vn 0.9474834 0.0584027 -0.3144271
v -86.2043152 63.8240433 1610.2971191
vn -0.9773379 -0.1707792 0.1250802
v -83.9019089 67.5942230 1613.9504395
vn 0.1782938 0.8649089 -0.4691951
v -110.4693069 67.8801956 1613.0200195
vn -0.3930750 0.1867591 0.9003405
v -95.9999542 64.6481171 1614.7258301
vn 0.1750362 -0.9582822 0.2259594
v -110.7861633 68.5759888 1612.7572021
vn 0.9957262 -0.0854849 0.0349535
v -52.2572441 72.0245056 1615.1195068
vn 0.7454847 0.1550074 0.6482479
v -113.4486160 68.7006607 1614.3961182
vn 0.7759861 -0.1559504 -0.6111669
v -113.6631165 68.7654572 1614.6259766
vn 0.0194162 -0.7308926 0.6822162
v -92.6723785 71.3721695 1614.6046143
vn 0.0736858 -0.9622955 0.2618357
v -103.9358826 68.8509140 1611.6400146
vn -0.0155198 -0.2780549 0.9604399
v -90.1259766 71.8939896 1615.2248535
vn 0.1316095 -0.2076309 0.9693134
v -87.8043442 71.3174438 1614.6279297
vn -0.4963635 0.6879506 0.5294784
v -47.5775337 71.4697113 1612.8099365
vn 0.2965539 -0.9549997 0.0055886
v -100.7953796 70.0121765 1613.0869141
vn -0.7299371 -0.3424850 0.5915200
v -84.6041794 70.5803757 1614.8488770
vn -0.9412792 -0.3057809 -0.1431483
v -142.0839233 73.1424255 1603.1059570
vn 0.5602179 0.0258188 -0.8279428
v -4.8187866 73.2074280 1613.2930908
vn 0.6401011 0.2427127 -0.7289453
v -53.9798965 82.4056320 1612.8937988
vn 0.5614581 -0.3851632 -0.7324030
v -14.7824621 86.4902573 1610.7844238
vn 0.4974783 0.3246257 -0.8044461
v -56.9211693 85.8011475 1612.0186768
vn 0.1318034 0.1400989 -0.9813257
v -57.4289246 91.5250397 1613.4765625
vn 0.1686042 0.2666695 -0.9489257
v -64.5165482 94.9295807 1613.6684570
vn 0.1801634 0.9400820 0.2894597
v -89.3306656 95.8069763 1611.4989014
vn -0.4271296 -0.7270682 -0.5375241
v -38.4318085 91.7594681 1610.0511475
vn 0.0429989 0.8866444 0.4604486
v -93.5003357 95.1156540 1613.7429199
vn -0.0765773 0.9802118 -0.1825398
v -87.5289001 95.7119370 1612.5548096
vn 0.2664950 0.3594007 -0.8943218
v -69.4604111 95.9143829 1612.4693604
vn -0.2267642 0.6987996 -0.6784225
v -84.2396774 96.6625595 1612.9821777
vn -0.2711065 -0.7774566 -0.5675055
v -49.6937485 95.2290039 1612.2745361
vn 0.0293758 0.6022416 -0.7977732
v -77.0733871 96.5777512 1610.8793945
vn 0.8081675 0.0536263 0.5865062
v -96.3202896 96.5940094 1614.6286621
vn -0.2909430 0.2294812 -0.9288114
v -81.9985046 98.5163345 1613.5367432
vn -0.1030056 -0.1564748 -0.9822960
v -77.0015106 99.6437454 1611.8516846
vn 0.7809381 0.4605731 0.4219100
v -96.1998978 99.9943848 1612.2025146
vn -0.3097313 -0.3927789 -0.8659049
v -80.7784576 99.8375549 1613.0361328
vn 0.1452416 -0.1611472 -0.9761847
v -70.5811386 97.8414841 1612.5234375
vn -0.2135702 -0.6918335 -0.6897494
v -57.0665016 97.6233368 1612.4670410
vn -0.1747124 -0.7947809 -0.5812048
v -81.0400620 102.0130692 1610.9514160
vn -0.0521185 -0.9977438 -0.0423201
v -83.8541870 102.7899475 1610.1132812
vn -0.5714703 0.6562954 -0.4926440
v -16.3473511 106.5341873 1611.8325195
vn -0.4612786 -0.8422624 0.2789552
v -91.5530090 104.8066330 1612.9046631
vn -0.3739065 -0.8749246 -0.3077351
v -87.5531921 102.9690323 1613.0900879
vn -0.4663667 0.8163939 -0.3405921
v -20.5735188 103.5707321 1612.9459229
vn 0.1367151 0.8012998 0.5824326
v -119.7196503 107.8759689 1613.3730469
vn -0.3208020 0.9468486 0.0237468
v -113.0056000 109.6758957 1609.9995117
vn 0.7337746 -0.4047559 0.5456625
v -124.0865936 107.7118454 1616.8433838
vn 0.8978128 0.3151771 -0.3075641
v -9.7937450 106.9407654 1615.9704590
vn 0.5812740 0.2784628 0.7645777
v -121.0472641 108.4615860 1613.4619141
vn 0.6994740 -0.2659721 0.6633211
v -120.0189209 109.8711166 1612.4138184
vn -0.3176212 0.7673221 -0.5570760
v -13.9974995 110.3375473 1614.0516357
vn 0.2778091 0.8158764 -0.5071173
v -12.9589796 110.4051056 1614.0366211
vn 0.1487806 -0.9888595 0.0046126
v -119.6349716 111.3620682 1614.7354736
vn -0.0480109 -0.9726800 -0.2271312
v -117.0969238 111.5086746 1613.0928955
vn -0.5120047 0.7720665 0.3765165
v -72.2929077 117.9938965 1614.2198486
vn 0.9896182 -0.0314670 -0.1402347
v -40.2190132 115.6245117 1610.5651855
vn 0.6498473 0.5065603 -0.5666527
v -87.2871628 120.8341827 1613.6602783
vn -0.1946926 0.8436759 0.5003058
v -65.9656601 122.1907501 1614.7733154
vn -0.3515879 -0.5029593 0.7895681
v -68.6357956 124.3286057 1614.6738281
vn 0.5272111 -0.0282657 0.8492641
v -66.5362091 123.0339584 1614.1844482
vn 0.2427239 0.8754995 0.4178346
v -96.9041519 126.5018692 1614.6882324
vn 0.9120995 0.2804738 0.2990134
v -88.4787750 124.4332352 1613.4514160
vn 0.3174271 -0.9291295 0.1896272
v -86.7130356 125.9044495 1612.3452148
vn 0.6334532 -0.7145053 0.2970172
v -64.5052109 123.4476395 1608.2375488
vn 0.4957021 -0.7493120 0.4391026
v -88.0591660 125.4229965 1613.1564941
vn 0.0217771 -0.9992602 -0.0316987
v -86.9663773 126.2496338 1614.9572754
vn -0.3910258 -0.5585101 0.7315499
v -73.8392792 127.0349884 1613.4110107
vn -0.2339101 -0.9069600 -0.3502994
v -98.2033463 127.2163696 1614.1312256
vn -0.0443734 -0.9639475 0.2623667
v -90.3689117 126.2223511 1614.9276123
vn -0.1718311 -0.2250694 0.9590714
v -75.6378174 128.9153137 1613.8404541
vn 0.7922032 0.3614465 -0.4917016
v -83.6057434 133.9587708 1613.2944336
vn -0.9363733 0.3400340 -0.0870749
v -140.9589539 136.5887451 1612.6423340
vn 0.4930845 0.2935314 -0.8189670
v -87.1429367 138.0234985 1611.7144775
vn 0.9363201 0.0537830 -0.3470045
v -70.1142349 138.7269592 1614.0659180
vn -0.7562307 -0.6500353 0.0746282
v -80.5261765 136.0678864 1612.5483398
vn -0.3147064 -0.7464808 -0.5862817
v -81.4892502 136.5081482 1613.3457031
vn 0.9823405 0.1335700 0.1310203
v -49.1305733 137.8806763 1614.8255615
vn -0.8577383 0.1370206 0.4954902
v -47.8053284 139.1462860 1614.1385498
vn 0.2779364 0.4714615 -0.8369441
v -92.9865570 141.0804901 1611.2286377
vn 0.0033160 -0.2719705 -0.9622999
v -87.5383148 139.2996063 1611.7338867
vn 0.9628971 0.2122122 -0.1667188
v -37.5349541 140.6484375 1614.0201416
vn 0.1447987 0.8049705 -0.5753745
v -100.9357071 145.6743317 1611.7385254
vn -0.3124236 -0.5169564 -0.7969615
v -95.7298355 143.1180878 1611.2974854
vn -0.2453655 -0.8576452 -0.4519297
v -90.8261337 141.4573975 1611.0256348
vn 0.5313094 -0.5417648 -0.6513074
v -70.9013290 141.5741882 1611.9512939
vn -0.2430197 0.4183220 -0.8751847
v -104.5672455 146.7669525 1613.0063477
vn -0.3465953 -0.8216697 -0.4524718
v -99.5537186 145.3511505 1611.3823242
vn 0.6227655 0.4915838 0.6086941
v -48.9027901 143.6259460 1612.9298096
vn 0.4355110 0.8984818 0.0553223
v -106.8598862 147.9567871 1612.8188477
vn 0.2773122 -0.4307293 0.8588191
v -103.5457535 146.3375702 1612.6256104
vn -0.2495198 0.5922742 -0.7661273
v -62.8059502 147.6564331 1611.2028809
vn 0.9290673 0.3408771 -0.1436552
v -40.1676712 149.0642395 1613.4932861
vn 0.9402164 0.2370900 0.2445025
v -63.9798546 149.1561432 1612.5319824
vn 0.8517054 -0.3848736 0.3556265
v -107.8417282 148.4232178 1612.6507568
vn 0.4396968 0.2723697 0.8558514
v -64.0835571 149.3855286 1612.8127441
vn -0.6825288 0.5199804 0.5135903
v -64.1713409 149.4221802 1612.8186035
vn -0.8031858 0.5950392 -0.0286550
v -130.1166687 158.2851410 1613.5462646
vn -0.6090682 -0.5913767 0.5284976
v -93.4523468 157.4434052 1615.0292969
vn -0.0751339 0.2464654 -0.9662348
v -94.6169281 158.2573242 1614.2916260
vn 0.8912398 -0.4479294 0.0710706
v -96.8844833 159.3404236 1614.3975830
vn 0.8635068 0.4969560 -0.0859692
v -43.7552834 157.4158173 1611.9985352
vn 0.8086834 0.5823901 -0.0827832
v -45.8455887 160.4165039 1609.9433594
vn 0.5073563 -0.6274080 -0.5907189
v -9.3713808 10.6016817 1615.4400635
vn -0.1552899 -0.9834003 0.0938558
v -71.1897202 13.9868269 1614.4202881
vn -0.0298369 -0.9937242 -0.1078055
v -53.7467041 14.1284590 1614.4527588
vn 0.7467189 0.2712907 -0.6072992
v -13.1739578 13.0969048 1612.7978516
vn 0.6661862 0.4894685 -0.5626869
v -13.4791441 16.3794060 1614.9409180
vn -0.3928787 -0.8876618 0.2402144
v -87.3729782 20.0416431 1615.2290039
vn 0.5847118 0.5037130 -0.6359130
v -19.1639671 22.5703449 1614.4892578
vn -0.3927647 -0.8891386 0.2348798
v -95.8169556 24.8846550 1618.7440186
vn 0.5928189 0.5338479 -0.6029695
v -21.5169296 23.9524937 1613.4859619
vn 0.5426318 0.3605162 -0.7586691
v -20.5648384 25.1166821 1615.0338135
vn 0.6497734 0.3334544 -0.6830834
v -24.2157555 27.6313763 1613.6931152
vn 0.5696765 0.0177696 -0.8216770
v -20.1278210 30.2746525 1616.4998779
vn 0.6038573 -0.1922643 -0.7735572
v -23.4127178 33.6027527 1613.7115479
vn 0.6024509 -0.3307928 -0.7263808
v -17.2032642 40.0531387 1616.2530518
vn 0.8847791 0.1234520 -0.4493613
v -56.4424782 51.6724167 1612.7310791
vn 0.8353430 -0.1669299 -0.5237714
v -54.4488983 50.3863182 1617.5117188
vn 0.3704756 0.4598624 0.8070158
v -47.2803230 51.4473648 1617.6376953
vn 0.9210922 -0.2666867 0.2836678
v -55.7289734 54.4486465 1614.7816162
vn -0.7184506 0.5169188 -0.4654284
v -99.7939911 54.9746284 1612.5300293
vn 0.5442822 -0.3527557 -0.7611310
v -11.1397495 51.1782608 1615.1359863
vn -0.5771378 0.1347357 0.8054553
v -54.0996857 54.9415894 1615.1018066
vn 0.4707942 0.2726985 -0.8390402
v -98.5448227 58.3086319 1614.5555420
vn 0.3471504 -0.1713877 0.9220157
v -55.1337395 55.3962631 1614.6712646
vn 0.5665881 -0.2751772 -0.7766953
v -13.5368176 53.6253777 1612.4752197
vn -0.8673520 0.4841011 -0.1155277
v -97.4532166 58.9987183 1614.0285645
vn 0.5244746 -0.2841916 -0.8025967
v -8.3202925 57.9259033 1614.3366699
vn 0.5215153 -0.2721471 -0.8086767
v -4.2361512 58.7354622 1616.7464600
vn 0.5349113 -0.2132446 -0.8175553
v -4.8615346 63.4948196 1614.8393555
vn -0.8701026 -0.4880662 -0.0686496
v -138.9919281 61.1353798 1616.7904053
vn 0.5452871 0.7937167 -0.2695847
v -99.2993546 66.5569839 1615.9318848
vn 0.5235584 0.8466308 0.0954099
v -86.8552475 67.8474960 1615.6965332
vn 0.9154048 -0.2323030 0.3287390
v -52.6114044 67.4116669 1614.9403076
vn -0.8763629 0.2736590 0.3963571
v -95.8525391 62.8127556 1615.2857666
vn 0.2268871 0.5816794 -0.7811347
v -106.6587296 67.2724075 1613.0794678
vn -0.3424422 0.5912162 0.7302033
v -91.1449051 68.1491928 1616.0819092
vn -0.5382929 -0.2128459 -0.8154369
v -113.0813904 68.6155014 1614.2092285
vn -0.1156241 -0.0432789 -0.9923497
v -109.9649887 68.0143585 1613.0976562
vn 0.5637894 -0.0311406 0.8253313
v -87.0786285 69.6629944 1614.4157715
vn 0.5150073 -0.1170011 -0.8491633
v -3.9292309 69.1109085 1614.3050537
vn -0.6764048 0.3639617 0.6403190
v -48.4363708 67.0877075 1615.9656982
vn 0.3437324 -0.8100053 -0.4751206
v -104.6939545 68.5218124 1613.6151123
vn 0.1456465 -0.9574443 0.2491740
v -96.1237030 71.1727371 1614.0880127
vn 0.5299248 -0.8411762 0.1077145
v -93.4396820 72.5358124 1617.7344971
vn -0.8015490 0.5936503 0.0714038
v -42.9713936 75.0756378 1615.6661377
vn 0.4265019 -0.6898093 0.5850294
v -88.2298355 76.3748245 1618.3712158
vn -0.6237807 0.7770431 -0.0842722
v -42.3592415 75.8715286 1612.9287109
vn -0.7164562 0.6358150 -0.2871061
v -39.9878883 78.7139511 1616.2432861
vn -0.8209549 0.2782514 -0.4986075
v -38.1399612 81.9395218 1617.1650391
vn 0.7268013 0.0574118 -0.6844441
v -52.1904335 81.2794266 1614.3522949
vn 0.4962537 -0.1702534 -0.8513202
v -50.5247688 84.2100830 1615.3261719
vn -0.3020906 -0.6141887 -0.7290498
v -41.2133179 86.0433273 1616.3609619
vn 0.7417676 0.0919168 -0.6643284
v -12.8892908 86.7439117 1612.0379639
vn 0.1587256 -0.2990528 -0.9409430
v -46.9795647 87.1061783 1615.9903564
vn 0.8849842 -0.0259472 -0.4648976
v -11.6649437 88.2149963 1614.9217529
vn -0.1108550 -0.4765674 -0.8721209
v -43.2580872 87.2680969 1615.8939209
vn 0.1936159 -0.1856756 -0.9633470
v -49.6750717 89.7878418 1614.9731445
vn -0.3991024 -0.5258614 -0.7511239
v -40.5402451 89.4130707 1613.9432373
vn -0.3370531 -0.6095585 -0.7175192
v -41.2051277 90.2591934 1613.6298828
vn 0.2826431 0.4444764 0.8500315
v -98.4304581 91.7388763 1615.6166992
vn -0.0838110 -0.3468758 -0.9341590
v -55.1012650 95.6849823 1613.2701416
vn 0.8698188 -0.3310633 -0.3658039
v -9.4148502 92.7605896 1615.6247559
vn -0.4983454 0.8546727 0.1455553
v -94.2409439 93.9654236 1616.4244385
vn 0.1085100 0.2215375 -0.9690959
v -61.5465813 93.6067276 1613.6745605
vn -0.0599398 -0.3746157 -0.9252407
v -47.8908691 91.6614609 1614.5549316
vn -0.4403964 0.8550048 -0.2738937
v -91.3787460 95.7247162 1615.2271729
vn -0.2420327 -0.6169140 -0.7488907
v -47.5798378 93.2147217 1613.7038574
vn -0.9951923 -0.0000033 -0.0979399
v -147.8384857 101.3404388 1612.4315186
vn 0.9591564 -0.2230593 -0.1739642
v -96.6801147 98.7379837 1616.5712891
vn -0.3422646 0.1847818 -0.9212549
v -85.8743744 98.6216278 1614.8024902
vn 0.0588756 -0.2062637 -0.9767236
v -65.6116867 97.6889801 1613.6688232
vn 0.0326273 0.9545025 -0.2964128
v -26.7057190 101.3166962 1609.9337158
vn -0.4487916 -0.3900529 -0.8040180
v -87.1325073 101.1164017 1614.8599854
vn 0.9435472 0.1147193 -0.3107380
v -8.6199741 100.3861771 1614.9156494
vn -0.3389162 0.9350210 0.1042660
v -121.7717285 106.2147980 1616.4226074
vn 0.4089649 0.1880622 0.8929616
v -125.1314316 105.7099762 1617.1723633
vn -0.8919977 -0.4462192 0.0723090
v -93.3867950 107.3793716 1617.2050781
vn -0.3142722 0.9442754 0.0978626
v -117.7498856 107.6086960 1614.1354980
vn 0.9657084 -0.2098953 0.1528111
v -98.2504272 106.1635361 1613.9727783
vn 0.4192684 -0.7616759 0.4940283
v -97.4543228 107.2246017 1613.5831299
vn -0.3796890 -0.7460366 0.5470518
v -95.4786682 107.9651108 1615.0183105
vn 0.7094193 0.5792726 -0.4014569
v -11.7572680 109.2958298 1613.7243652
vn -0.9925992 0.0737859 -0.0964490
v -147.7423706 109.2563095 1613.4056396
vn 0.4907947 -0.5192126 0.6996706
v -98.1933136 109.2771072 1615.4930420
vn -0.5511289 -0.4963351 -0.6707522
v -116.1975098 110.5216370 1614.1590576
vn -0.1646715 0.9863421 0.0035346
v -75.1699448 116.5755310 1615.3088379
vn -0.9811211 0.1474782 -0.1251062
v -146.7981110 113.9565964 1609.8331299
vn 0.2377578 0.9712802 0.0092801
v -93.9055481 125.4195328 1615.8117676
vn -0.8172653 -0.5740249 -0.0507230
v -64.4493866 123.4635849 1610.9139404
vn -0.4961247 -0.7148209 0.4928400
v -70.4518127 128.3495026 1617.6180420
vn 0.1427668 -0.9896691 -0.0131422
v -85.3192902 126.4121399 1614.0054932
vn 0.3875301 0.7720806 0.5036983
v -103.4731674 128.0303497 1617.3833008
vn -0.2572010 -0.9650136 0.0509554
v -97.4123993 127.3601837 1614.9288330
vn 0.7851650 -0.5534183 0.2779282
v -101.4912415 128.9299927 1614.0908203
vn -0.2262681 0.6587502 0.7175311
v -67.8210602 134.6467743 1616.3640137
vn -0.6317747 -0.5375695 0.5584620
v -75.6635666 131.1988525 1614.8878174
vn 0.6875045 0.6090099 0.3955308
v -68.1840134 133.5806885 1617.6936035
vn -0.8700480 -0.0691689 0.4880903
v -66.2865448 133.8193359 1618.2990723
vn -0.8094019 0.2045477 0.5504807
v -67.9921570 135.7820892 1615.3919678
vn 0.3939882 0.7293580 0.5592943
v -48.9685249 137.5159912 1614.7639160
vn 0.0706545 -0.5257326 -0.8477105
v -84.4623032 137.6542664 1612.7957764
vn -0.9097060 -0.3999928 -0.1115390
v -47.2061005 138.9279022 1616.2957764
vn -0.3736156 -0.7606529 -0.5308660
v -69.2665863 140.3686371 1614.0439453
vn -0.8615589 -0.4664148 -0.2004335
v -48.2234802 140.9472961 1614.0114746
vn 0.3754636 -0.6562288 -0.6545158
v -48.5933342 140.8515320 1614.2982178
vn -0.6877193 0.4835441 0.5415047
v -48.9569435 143.6516266 1612.8933105
vn -0.5656003 0.3335927 0.7541965
v -107.5813522 148.3326874 1613.3905029
vn -0.4164390 -0.8755378 0.2449740
v -107.5141220 148.2957306 1613.3782959
vn -0.5102788 0.2897173 0.8097404
v -84.1458740 153.1444702 1618.2740479
vn 0.4171091 0.8889576 0.1891416
v -91.9503250 156.3671417 1615.9620361
vn -0.3565922 0.1347540 0.9244909
v -84.8277054 154.6600037 1617.3758545
vn -0.3145348 -0.3977095 0.8619136
v -88.8261337 155.4741974 1616.9687500
vn -0.5043991 -0.8617397 0.0546475
v -94.2004547 157.9214478 1614.9858398
vn -0.7183225 0.6947070 -0.0373501
v -127.5806046 161.2566681 1614.0404053
vn 0.6240603 0.7475100 0.2275468
v -47.5667038 161.4518890 1615.5686035
vn 0.3378435 0.8290973 0.4454879
v -60.4799156 166.8983459 1619.4340820
vn -0.1413624 0.9700810 0.1973818
v -99.0298233 174.5009308 1614.1446533
vn 0.5705117 -0.3726178 -0.7318965
v -10.1958389 10.8751173 1614.4858398
vn -0.3346770 -0.9111896 0.2402603
v -79.0045319 16.5491180 1615.1375732
vn -0.5395982 -0.8419226 -0.0005067
v -111.9021988 32.8308105 1614.1575928
vn 0.5935099 -0.1852593 -0.7832145
v -19.0029583 34.6860924 1616.7979736
vn -0.6154414 -0.7850664 -0.0700194
v -118.2469635 37.1949463 1615.3059082
vn -0.6650944 -0.7429191 -0.0756344
v -123.5757904 41.5945282 1617.0545654
vn 0.6004208 -0.3828771 -0.7020683
v -15.9591484 43.3370438 1615.6463623
vn 0.5317028 -0.3560900 -0.7684348
v -12.6430721 46.0358810 1616.9675293
vn -0.4264485 0.2182409 0.8777885
v -46.8012733 51.3803864 1617.6340332
vn 0.2435686 0.9567799 0.1588918
v -46.2335129 49.8482437 1619.4392090
vn -0.2089763 -0.5974301 0.7742133
v -45.0962601 49.7762222 1619.7415771
vn -0.0514917 -0.8977947 0.4373937
v -54.3922348 50.2755737 1617.7210693
vn 0.4964245 -0.3376807 -0.7997090
v -8.5917854 50.8678169 1616.9949951
vn -0.5161781 0.8514764 -0.0924561
v -53.9100380 51.0255241 1618.3724365
vn 0.4867569 -0.3081607 -0.8173768
v -6.3277130 51.0042534 1618.3377686
vn 0.5015987 -0.2967246 -0.8126212
v -4.6454406 54.6239586 1617.9931641
vn 0.8000830 0.5220062 -0.2955957
v -55.6473160 52.8952980 1617.9395752
vn 0.0227645 0.4910099 0.8708565
v -49.9794083 53.4083672 1618.3945312
vn -0.2841561 -0.1671787 0.9440904
v -46.9732437 51.5605698 1617.5737305
vn -0.6013278 0.4609462 0.6526359
v -51.5569992 53.6789780 1617.4246826
vn -0.1056078 0.5490769 0.8290728
v -41.2876129 54.8857574 1620.4281006
vn 0.5190099 -0.3118091 -0.7958667
v -7.2505569 55.1113853 1616.1893311
vn -0.7250314 0.2145030 0.6544601
v -49.5295029 60.1990280 1617.4248047
vn 0.9255865 -0.1874202 -0.3288819
v -99.4351959 57.4194984 1613.2890625
vn 0.6795768 0.3491864 -0.6451699
v -96.8240433 61.9346886 1616.6260986
vn 0.5497887 -0.1450911 -0.8226063
v 0.7779757 67.4251633 1617.5640869
vn -0.1648626 0.8649040 -0.4740901
v -85.3211975 67.4709167 1616.1904297
vn -0.7714569 0.4657928 -0.4334644
v -84.2687225 67.5998459 1615.3068848
vn 0.4977085 -0.0342878 -0.8666664
v -101.0930710 68.2753830 1616.0966797
vn 0.7763501 0.3954816 -0.4907900
v -98.0206299 65.7937088 1617.4560547
vn 0.4680851 -0.4988248 -0.7294314
v -102.5253983 68.5362549 1615.3284912
vn 0.5477989 0.0358828 -0.8358402
v 0.7388209 72.2960205 1617.1680908
vn -0.9553500 0.2920306 0.0449938
v -83.8385620 70.2653122 1617.1037598
vn 0.4363332 -0.8665459 -0.2423049
v -97.2960358 70.6705017 1616.2489014
vn -0.2465216 -0.3637049 0.8983017
v -85.0096207 74.4927139 1616.3925781
vn 0.9540268 -0.0698282 -0.2914738
v -52.0047264 76.6868057 1615.4276123
vn 0.5474321 0.2665330 -0.7932706
v -3.3762674 77.9288330 1615.2602539
vn -0.6930375 0.2758583 0.6660340
v -78.3533096 78.5802765 1621.9176025
vn -0.4879762 -0.2391696 0.8394505
v -82.8577881 78.2104568 1617.7906494
vn -0.7762299 0.1317945 -0.6165204
v -36.1258888 83.0197601 1614.4078369
vn 0.6704063 -0.3288734 -0.6651298
v -49.9713745 80.7028122 1617.0993652
vn -0.7153474 -0.3016838 -0.6302896
v -37.5139809 82.7982101 1616.2469482
vn 0.1751346 -0.5075848 -0.8436146
v -45.6715279 85.8237991 1616.8226318
vn -0.9940111 -0.1000866 -0.0438713
v -148.0829773 92.4059372 1619.5153809
vn 0.9334499 0.0247146 -0.3578552
v -6.3456893 95.4729156 1622.0092773
vn 0.8739846 -0.3988227 0.2776535
v -98.7956161 93.7429810 1617.7335205
vn -0.5823713 0.3033340 -0.7542096
v -90.8604279 97.5667343 1616.8997803
vn 0.1021259 0.9649748 -0.2416485
v -133.9067841 99.6902390 1619.6154785
vn 0.5125925 0.1715701 0.8413160
v -133.8177185 100.1017227 1617.0438232
vn -0.4133939 0.6630134 0.6241144
v -133.7331543 100.0952606 1617.0858154
vn 0.0333266 -0.1580353 0.9868709
v -129.9698029 102.5663986 1619.0402832
vn 0.9319091 0.3143265 -0.1809540
v -97.0998001 101.0180740 1615.7653809
vn -0.4147550 -0.0879562 -0.9056722
v -92.8493958 99.3346710 1618.1540527
vn -0.4706214 0.7666058 0.4368423
v -129.8963928 102.2196732 1619.2871094
vn -0.5130116 0.8580912 -0.0223285
v -126.5530396 103.6189041 1619.9536133
vn -0.5977180 -0.1430552 -0.7888399
v -91.5930634 102.7616730 1617.3712158
vn -0.5714583 0.7918659 -0.2153692
v -21.6761646 104.3174286 1617.4438477
vn -0.0556598 0.7909693 0.6093190
v -124.5715103 105.1351624 1617.4309082
vn 0.9387512 0.2289902 -0.2575067
v -98.4133682 106.3338089 1618.0527344
vn 0.7955784 0.6021092 -0.0672281
v -37.5688438 108.9576721 1620.2299805
vn -0.6043499 0.6762721 -0.4212094
v -118.0680542 107.7419815 1615.4327393
vn -0.7100717 0.6146834 -0.3434565
v -17.8458652 107.6289673 1615.8807373
vn -0.6970394 -0.6054544 -0.3841368
v -90.9095535 104.1400681 1615.8029785
vn -0.7702748 0.6152202 -0.1678718
v -19.0570469 108.1589813 1620.5241699
vn -0.7037268 0.1546211 -0.6934415
v -118.3624191 108.7047195 1616.4464111
vn 0.5696656 -0.6685034 0.4781050
v -122.9798584 110.7169876 1618.3387451
vn -0.6592027 -0.5822116 -0.4759007
v -120.6046219 110.4544296 1617.9260254
vn 0.8542558 -0.3852450 0.3490463
v -98.5986176 109.6582870 1616.4439697
vn -0.4243005 -0.5239995 0.7385077
v -94.8754959 111.7309113 1618.5258789
vn 0.2204183 -0.7564338 0.6158115
v -97.2728119 111.5197449 1617.9361572
vn -0.3430444 0.8722907 0.3484672
v -66.8289032 117.1017532 1621.5030518
vn -0.4870911 0.7294691 0.4802261
v -66.8971024 118.6271820 1618.1904297
vn 0.5710482 0.7353131 -0.3649913
v -87.7369766 123.1818695 1616.1475830
vn -0.6126363 0.7524196 0.2419536
v -64.7176514 122.5487823 1615.5528564
vn -0.8953445 -0.0287402 0.4444460
v -63.6557922 122.7236710 1619.6057129
vn 0.2958538 0.5195646 -0.8015754
v -88.0548553 124.4319305 1617.4863281
vn -0.9580916 0.2530531 -0.1342560
v -144.7181091 123.4637604 1609.5593262
vn 0.2996223 0.9075578 0.2942199
v -100.0902328 126.9051437 1616.2812500
vn -0.1517106 -0.8776571 0.4546449
v -66.3516998 124.0672684 1615.3420410
vn 0.9271137 -0.1670896 -0.3354718
v -35.7706223 126.0314331 1616.2531738
vn 0.0146457 0.5311320 -0.8471625
v -96.6416321 126.1540451 1617.7512207
vn 0.4268909 -0.8922389 0.1472211
v -80.1515503 127.3353500 1614.4600830
vn -0.4348246 -0.6497971 0.6234512
v -66.7984467 127.4917603 1619.0574951
vn -0.1089241 -0.9496011 -0.2939276
v -90.5491333 126.2624664 1616.7762451
vn -0.3066961 -0.7385482 -0.6004033
v -101.0958710 127.1047134 1618.6166992
vn -0.2314811 -0.8506207 -0.4720814
v -98.1713638 126.8251648 1617.6319580
vn 0.7592080 0.1092966 -0.6416054
v -80.6538773 130.4625549 1616.9556885
vn -0.4727029 -0.8808054 0.0270902
v -100.6974258 129.1578369 1613.0793457
vn 0.5328097 -0.3127424 -0.7863244
v -80.5805283 131.9580383 1616.8797607
vn 0.9649783 0.1789543 -0.1918130
v -68.3766327 133.8834381 1618.7073975
vn -0.5243045 -0.8424083 0.1243102
v -74.7548676 131.4216919 1617.0438232
vn -0.8497739 0.3644559 0.3808623
v -47.2756500 137.1080933 1617.0009766
vn -0.3192031 -0.8972445 -0.3050603
v -78.1750946 133.2071838 1615.9919434
vn 0.3739934 -0.3939069 -0.8396228
v -82.0049057 134.4203491 1614.5854492
vn -0.2349300 -0.6872250 -0.6874080
v -68.5440598 136.7849426 1617.0783691
vn 0.7615055 -0.4445016 -0.4717286
v -48.4888535 138.3061523 1617.2968750
vn -0.6602485 -0.6054841 -0.4443658
v -47.2051239 137.6773224 1618.3297119
vn 0.3275838 -0.5666974 -0.7560046
v -69.3435974 139.4469147 1614.9219971
vn 0.2236861 0.7125680 0.6649898
v -88.7740402 155.0002441 1617.0931396
vn 0.1402453 0.6692526 0.7296795
v -85.5273972 152.9448395 1618.1352539
vn 0.6071308 0.7394594 -0.2908471
v -89.0081329 155.0751801 1617.9154053
vn 0.6224078 0.5718924 -0.5343665
v -92.8565369 157.1462860 1615.9270020
vn 0.1884754 -0.9001764 -0.3926316
v -88.2900543 155.5755768 1617.9803467
vn 0.1177920 -0.3968910 0.9102761
v -86.6605988 156.1467896 1617.2778320
vn -0.7977024 -0.1726421 0.5778110
v -83.9504242 155.7502899 1618.1204834
vn 0.4398838 0.8772268 0.1922897
v -96.5066910 159.1431122 1614.4328613
vn 0.2402555 -0.5228729 -0.8178516
v -92.7078323 157.2194366 1616.0476074
vn 0.7929147 0.5836087 0.1751778
v -44.1759186 157.9089203 1617.0399170
vn -0.1875624 -0.9820678 0.0190575
v -84.8938599 158.6854401 1618.1440430
vn 0.6379884 0.6776143 0.3657999
v -45.4013062 158.9609375 1617.9493408
vn 0.4422657 0.7724700 0.4557314
v -54.4922905 163.9921875 1619.4134521
vn -0.5424570 0.8399276 -0.0161897
v -120.8271027 166.7824860 1614.6478271
vn 0.2396769 0.8738642 0.4229851
v -69.3477097 170.6076660 1617.9589844
vn -0.3347894 0.9403422 0.0606014
v -112.4188843 171.2048035 1614.3328857
vn -0.1459863 0.9305872 0.3357013
v -104.5478897 171.8706055 1620.4277344
vn -0.0015857 -0.9786661 -0.2054513
v -12.3131752 9.4661150 1618.3629150
vn 0.2523355 -0.8842944 -0.3928743
v -5.6589937 8.8886080 1621.8306885
vn -0.0356502 -0.9763676 -0.2131559
v -20.8396301 10.7128181 1613.4667969
vn 0.5720817 -0.4274943 -0.6999794
v -5.0487556 10.4108448 1620.3283691
vn -0.1203730 -0.9875324 -0.1014400
v -27.6182632 10.9963875 1615.3593750
vn -0.1329134 -0.9856575 -0.1039871
v -37.3733482 12.4476490 1613.5638428
vn -0.1675615 -0.9441769 0.2836427
v -66.3918610 14.8402748 1619.8748779
vn -0.0604451 -0.9967547 0.0531639
v -62.1037102 13.8937607 1618.3468018
vn -0.2508928 -0.9305730 0.2666207
v -73.0325012 14.9083605 1616.6026611
vn 0.6226472 0.4286484 -0.6546534
v -10.2526503 17.4349365 1618.8264160
vn 0.5559475 0.2024013 -0.8061985
v -14.0777559 26.0715237 1620.1982422
vn 0.5456854 -0.0956575 -0.8325126
v -15.4737558 33.2099190 1619.7307129
vn -0.4665705 -0.8737028 0.1376787
v -109.2170181 31.8892403 1621.4969482
vn 0.5411854 -0.3257479 -0.7752462
v -14.9662638 39.9347763 1618.2401123
vn -0.6733125 -0.7392689 -0.0114856
v -124.4312286 42.1305466 1620.7907715
vn 0.3931063 -0.3025852 -0.8682798
v -9.1941900 42.9916801 1619.9014893
vn 0.4577045 -0.3324465 -0.8246126
v -11.9628944 45.2732391 1617.6486816
vn -0.7199630 -0.6865153 -0.1017353
v -127.5860672 45.5248451 1616.2030029
vn 0.4433625 -0.3181326 -0.8379865
v -7.0815253 46.2216148 1619.7181396
vn 0.4759389 0.8406575 0.2584130
v -47.0424271 50.3811646 1619.0029297
vn -0.9895799 -0.1335094 0.0539155
v -44.8989029 51.3119354 1620.0227051
vn 0.9988637 -0.0234210 -0.0415067
v -57.8687706 55.5469208 1618.7170410
vn -0.9637320 -0.1897526 0.1876557
v -47.8349915 55.3786354 1620.6215820
vn -0.6884850 -0.1144668 0.7161605
v -48.7171860 55.6334000 1619.2291260
vn 0.0011969 -0.7593420 0.6506907
v -41.5410957 55.5864067 1621.4399414
vn 0.9455016 -0.3248782 0.0219275
v -56.3555260 58.8309174 1620.8475342
vn 0.5207677 -0.2246360 -0.8236138
v 1.3470111 62.1392250 1619.1578369
vn 0.9209914 -0.2423175 0.3050528
v -55.2643852 58.9122581 1615.9046631
vn -0.2812068 0.6452460 -0.7103382
v -96.5927124 61.7850876 1616.5998535
vn -0.8290869 0.1848513 0.5276789
v -47.0382423 59.3927269 1621.3023682
vn -0.6472815 0.7425020 -0.1723873
v -94.7638168 64.2399902 1617.3076172
vn 0.5068944 0.7643849 -0.3984643
v -95.9878387 64.8649292 1619.5516357
vn -0.4363312 0.8951787 0.0909407
v -91.2772446 66.4523621 1619.5681152
vn -0.0037164 0.8291371 0.5590330
v -89.4103699 68.0118332 1616.4108887
vn 0.5161843 -0.0062855 -0.8564546
v 5.4646082 71.9486923 1620.0688477
vn -0.6371009 0.7011830 -0.3200702
v -85.0045166 69.3093872 1619.0534668
vn -0.9039850 0.3541842 0.2395092
v -44.4227829 70.4613800 1619.8226318
vn -0.7715637 0.6360850 0.0092340
v -81.8249512 73.2336731 1621.5570068
vn 0.5732777 -0.0435261 -0.8182042
v 10.8310909 72.3957443 1623.1624756
vn -0.8224273 0.1540784 0.5476068
v -82.5794067 73.9933167 1618.6204834
vn -0.7899866 0.1783070 -0.5866241
v -42.8064919 77.3679810 1621.6195068
vn 0.4992355 0.2892491 -0.8167612
v 1.5690283 78.6410446 1618.7794189
vn -0.2968669 -0.3380120 0.8930947
v -76.8184204 82.2346268 1622.8427734
vn -0.8136077 0.3606910 -0.4560093
v -40.4289093 80.3559952 1620.0903320
vn 0.5276746 0.4014143 -0.7486161
v 6.2652731 79.7071152 1621.8450928
vn 0.4305524 -0.6890110 0.5829995
v -85.5196304 78.3369293 1618.0130615
vn 0.0631849 -0.4884760 0.8702867
v -84.3257446 78.1013184 1617.2049561
vn 0.8474413 -0.0137817 -0.5307102
v -10.3688412 88.9112015 1617.4556885
vn 0.5241581 0.4712439 -0.7093572
v -6.1923008 83.0489044 1615.9403076
vn -0.3644536 0.8661556 0.3419766
v -101.0550079 89.4109802 1621.2166748
vn -0.5520852 0.8328444 0.0396501
v -97.8365631 91.4405212 1618.6525879
vn 0.4161010 0.6069169 0.6771350
v -98.6859894 91.5664749 1615.8315430
vn -0.7041031 0.5921916 -0.3918521
v -95.8238068 93.4466553 1619.8720703
vn -0.6817951 0.2610911 -0.6833645
v -93.9834595 95.4097443 1619.6635742
vn 0.7569125 -0.6204375 -0.2052825
v -97.9041672 95.3859177 1619.4464111
vn 0.3745795 -0.1463767 -0.9155676
v -94.8791656 99.5615311 1618.3104248
vn 0.9496731 -0.3123625 0.0234680
v -134.2065887 100.5547791 1619.8105469
vn 0.5329491 0.8341657 -0.1418904
v -32.0609703 103.7929993 1617.9360352
vn 0.0180246 0.2992167 -0.9540150
v -95.0339508 101.8570709 1619.0114746
vn -0.2205738 0.9176708 -0.3304959
v -23.2915936 102.3386765 1611.8636475
vn 0.5889086 -0.7635672 0.2648619
v -129.9639893 103.1843414 1619.7266846
vn 0.7358872 0.4135709 -0.5361242
v -97.1774750 104.5920715 1618.9718018
vn 0.7701437 0.5909279 -0.2401729
v -10.2460728 111.4224319 1621.1383057
vn -0.9649988 -0.0118127 0.2619882
v -93.4192123 110.5906830 1619.6077881
vn 0.9586706 0.2696278 -0.0908379
v -39.4845390 112.2681427 1613.2034912
vn 0.8779876 0.3895390 0.2782035
v -126.5666122 113.3621216 1622.9468994
vn -0.2574386 -0.3638043 0.8951938
v -92.9464645 114.0144043 1620.7205811
vn 0.2515165 0.8990922 -0.3582913
v -79.1993942 117.0097504 1616.7863770
vn 0.2747369 -0.8890011 0.3663288
v -95.8341599 114.5490875 1621.2445068
vn 0.5367793 0.7789292 -0.3242487
v -12.8769665 113.8803864 1620.8026123
vn -0.0021275 0.8182531 -0.5748542
v -14.4676399 113.8033905 1619.6857910
vn -0.6665301 -0.5616570 0.4901828
v -90.0344086 116.3034744 1621.7011719
vn 0.5189558 0.4762795 -0.7098188
v -82.6644363 121.4168396 1618.5976562
vn -0.6293599 0.5409150 0.5579581
v -63.2540207 119.5229416 1621.7513428
vn -0.9634838 0.2470419 -0.1032923
v -145.8092194 122.2851868 1615.3004150
vn 0.8653690 -0.4339942 -0.2505705
v -36.2453918 123.6161804 1617.4450684
vn 0.7626399 -0.5209832 -0.3833497
v -34.2877998 124.5385132 1620.8983154
vn -0.7198408 -0.6199778 0.3121808
v -64.8480072 124.1458740 1617.4945068
vn 0.1389900 0.9563233 -0.2571528
v -99.0797272 126.4873886 1617.9600830
vn 0.0987161 0.9950804 -0.0083833
v -105.3420410 127.4247894 1619.5209961
vn 0.0600474 0.7917699 -0.6078608
v -93.9882202 125.7679596 1617.2281494
vn -0.2537661 0.3509411 -0.9013563
v -101.1542282 126.9001083 1618.7760010
vn -0.0390166 -0.4431540 -0.8955960
v -92.8640366 126.2169189 1617.3696289
vn 0.3180282 -0.1432769 -0.9371926
v -84.6567688 124.5249176 1618.5789795
vn 0.0711178 -0.8349794 -0.5456663
v -85.8634872 125.3244705 1617.7510986
vn 0.9062375 -0.0877439 -0.4135632
v -34.4385605 126.5348434 1618.8706055
vn 0.8432426 -0.0663912 -0.5334175
v -32.6390800 125.9248734 1622.2713623
vn 0.5739160 0.4915576 0.6549745
v -109.0499496 128.0891876 1620.5167236
vn 0.4763886 -0.6238599 0.6195586
v -109.4834366 128.3837738 1620.8710938
vn -0.0441278 -0.9876153 0.1505612
v -69.8716583 129.2558289 1620.5747070
vn 0.9549502 0.1260199 -0.2686803
v -35.1540985 130.8760986 1618.0910645
vn -0.3213700 -0.8573478 -0.4020896
v -103.7514114 128.0220642 1617.6212158
vn 0.4449030 -0.4212321 -0.7903321
v -77.4103775 130.3249817 1619.2479248
vn -0.0089284 -0.9907692 0.1352655
v -107.1303024 128.4467773 1619.7933350
vn 0.1874290 0.6960356 0.6931125
v -47.9051285 134.8587189 1618.8645020
vn -0.2109642 -0.8978885 -0.3863810
v -74.0553589 130.8952942 1619.1940918
vn -0.6007300 0.5340053 0.5949469
v -47.2149734 133.1242065 1620.5838623
vn 0.9535711 0.2866041 0.0925224
v -48.3179436 135.5467834 1618.5745850
vn 0.9668553 0.2186409 -0.1318595
v -36.2660255 137.8348083 1618.8638916
vn 0.8085730 -0.2493106 -0.5329672
v -68.7568359 135.5421295 1617.9853516
vn -0.8481781 -0.5277566 -0.0454630
v -67.7335052 136.1411133 1616.8206787
vn 0.8462188 -0.4079584 -0.3427590
v -48.2600555 135.4183502 1620.3817139
vn 0.9477463 0.3179082 0.0266730
v -38.1873550 145.3601227 1619.1352539
vn -0.6624986 0.0767160 0.7451244
v -80.4423370 147.1753235 1622.0318604
vn 0.0291609 0.5648564 0.8246739
v -81.1340408 146.8748474 1621.8895264
vn -0.4925768 0.1666972 0.8541546
v -82.1327438 149.5141602 1620.6165771
vn 0.3761983 0.6246416 0.6843229
v -83.1064453 149.9454041 1620.3112793
vn -0.8741537 0.4850555 0.0240105
v -135.6131439 148.8950195 1617.4726562
vn 0.8711204 0.4657072 0.1557761
v -41.2412338 152.3031006 1618.5114746
vn 0.4735969 -0.0286213 -0.8802766
v -90.9020386 156.2373657 1617.0950928
vn -0.4365547 0.8994450 0.0204621
v -115.2610550 170.0208893 1614.2094727
vn -0.4475027 0.8516662 0.2727745
v -117.6416168 167.9380188 1621.7656250
vn -0.2501612 0.9620308 0.1091609
v -107.8780594 172.4912720 1614.6435547
vn 0.0623138 0.9305910 0.3607180
v -85.7775269 174.3128510 1616.2313232
vn 0.1357880 0.8877456 0.4398517
v -80.4074402 171.6124725 1620.7185059
vn 0.6869783 0.3242599 -0.6503202
v -6.9806819 12.0193348 1618.6508789
vn -0.0125527 -0.9997783 0.0169040
v -57.3360214 13.9151316 1619.6254883
vn -0.3110281 -0.8718482 0.3783414
v -78.2131729 18.7348881 1621.8269043
vn 0.5967452 0.3737276 -0.7100865
v -11.3368759 20.9810982 1620.2100830
vn 0.5324878 0.0265332 -0.8460218
v -15.4559975 30.2263451 1619.8415527
vn 0.3932624 -0.2288627 -0.8904867
v -12.0584774 35.7936859 1621.3269043
vn 0.4474412 -0.2801539 -0.8492998
v -12.8686266 37.2683792 1620.3975830
vn 0.3743992 -0.2272972 -0.8989779
v -5.1934514 40.3153152 1622.1544189
vn 0.4730341 -0.2416628 -0.8472531
v -2.7620444 45.1192741 1622.2593994
vn 0.1872533 0.7839042 -0.5919717
v -46.2625580 50.2972908 1620.5618896
vn 0.4930702 -0.2804539 -0.8235457
v -3.3084321 50.1682777 1620.3688965
vn -0.4807010 0.1629921 0.8616033
v -72.4092026 49.6855965 1623.7712402
vn -0.3661263 0.7859316 0.4982601
v -45.0662193 49.7727280 1619.7310791
vn 0.2910010 0.7796282 -0.5545253
v -52.7592468 53.0013428 1621.2990723
vn -0.1866168 0.8173716 0.5450485
v -41.1590309 54.2016182 1621.1370850
vn 0.1198809 0.9500005 -0.2883188
v -50.5142517 52.7420692 1620.8784180
vn -0.8716146 -0.2734606 -0.4068257
v -44.9823074 51.4880486 1620.1944580
vn -0.7802234 0.6231651 0.0540067
v -41.1255150 54.2115631 1621.3635254
vn 0.5433545 -0.2802427 -0.7913469
v 1.8522633 53.8523254 1622.5427246
vn 0.9476358 0.3121869 0.0672748
v -57.8375931 55.2218666 1618.4895020
vn 0.1180089 -0.0008262 0.9930122
v -71.7240753 57.3919029 1623.9643555
vn -0.8518994 -0.4617834 0.2470296
v -41.2642555 55.1642532 1621.0301514
vn 0.5289244 -0.2915797 -0.7970071
v -0.3992204 55.6931305 1620.2716064
vn 0.9438018 -0.3074795 0.1212215
v -55.2612228 61.8783302 1620.2606201
vn 0.5620887 -0.2862387 -0.7759663
v 7.2374558 59.7630997 1624.0336914
vn -0.9120900 -0.3982612 -0.0973649
v -141.2267761 65.6488113 1615.4847412
vn -0.9955765 0.0858242 0.0382323
v -45.0156517 64.5641785 1623.3476562
vn 0.6583312 0.7127318 0.2421026
v -96.3870163 65.7317734 1622.0822754
vn 0.5408630 -0.2209600 -0.8115689
v 4.6902738 62.7490959 1621.1286621
vn -0.3434529 0.9353091 -0.0850703
v -88.2990494 67.7407532 1619.6522217
vn -0.3456698 0.9050981 -0.2476083
v -86.8792877 68.0227356 1618.9609375
vn 0.8160063 -0.4017268 -0.4156312
v -97.6018066 69.1618729 1618.8685303
vn -0.9666307 0.1682087 -0.1932123
v -43.9123421 71.4993210 1622.4531250
vn 0.9386797 -0.3394815 -0.0602725
v -52.5999451 69.1258163 1619.3377686
vn 0.6179520 -0.7441798 -0.2536372
v -91.9958725 73.5111771 1622.1781006
vn -0.7151542 0.6666331 0.2101303
v -78.6959000 76.3732071 1623.2619629
vn -0.9629989 -0.2545283 -0.0885918
v -144.3112183 76.1913528 1614.2584229
vn 0.5243677 0.2370833 -0.8178203
v 8.4054270 77.2960281 1622.3046875
vn -0.7402698 -0.3002108 -0.6015597
v -40.0581627 82.2606964 1620.2512207
vn 0.3672544 -0.5040575 -0.7816971
v -44.7421684 82.5113297 1619.4217529
vn 0.1433489 -0.3015318 -0.9426185
v -43.3134041 79.4827042 1621.7105713
vn -0.5296004 -0.1578501 -0.8334308
v -40.6724930 81.8310394 1621.2816162
vn 0.1837407 -0.8607911 0.4746346
v -79.6891632 82.1809464 1622.3000488
vn 0.4645719 0.5561874 -0.6890781
v -2.8729734 85.4878464 1620.1506348
vn -0.7969173 0.5861116 -0.1462740
v -100.9648285 89.2869720 1623.7659912
vn 0.7916870 0.1314291 -0.5966223
v -8.3191633 90.3503876 1620.6437988
vn -0.4687615 -0.0908671 -0.8786386
v -95.2480240 95.6783142 1620.4510498
vn 0.1824163 -0.7171281 -0.6726453
v -96.9263153 95.1982346 1621.1645508
vn -0.3547728 0.9346957 0.0219126
v -133.8418427 99.7379227 1619.3389893
vn 0.8589941 -0.1962699 -0.4728712
v -134.1358337 100.6289215 1620.2832031
vn 0.2253809 0.9598597 -0.1669519
v -29.9740887 102.5598068 1616.3403320
vn -0.1942677 0.9803691 -0.0337139
v -25.6208248 104.5751724 1628.4359131
vn -0.7386194 -0.0020646 -0.6741195
v -93.7353745 105.3349609 1619.0490723
vn -0.6181619 0.6647171 -0.4195557
v -123.0956421 106.1124573 1619.3143311
vn -0.5525745 0.4382581 -0.7089367
v -124.1445770 106.5816803 1620.9440918
vn -0.3487216 0.2618448 -0.8999059
v -94.9427948 103.7978745 1619.8110352
vn -0.7455410 0.4475321 -0.4938457
v -93.8702545 110.3517532 1621.1295166
vn 0.9476569 -0.2375738 0.2133195
v -125.5522537 108.8484039 1620.2731934
vn 0.9995275 -0.0060136 -0.0301449
v -98.9665070 109.6496735 1618.9780273
vn -0.6856200 0.6230131 -0.3765369
v -15.9413595 111.8979187 1618.3026123
vn 0.9331869 0.3573335 0.0384071
v -126.0520782 110.3911362 1622.6782227
vn -0.1511557 -0.9108454 0.3840739
v -125.9100952 113.0358200 1622.3062744
vn -0.1973613 -0.9656811 0.1688449
v -122.4185181 111.3376541 1619.3121338
vn 0.0096345 0.9972413 0.0736005
v -70.6381378 116.4521637 1621.0341797
vn 0.9936234 -0.1040899 -0.0433340
v -39.7082024 115.4820328 1618.3358154
vn -0.7976695 -0.3206329 0.5108013
v -127.4679565 114.4547806 1622.7635498
vn -0.4181073 -0.7495008 -0.5132592
v -127.9192200 115.1178055 1622.5048828
vn -0.9556532 0.2937300 -0.0212081
v -89.7310944 115.4253082 1623.4475098
vn 0.2800778 -0.8958899 0.3448734
v -93.5769958 115.2915573 1621.8334961
vn -0.6267563 -0.1295099 0.7683774
v -90.0588455 116.2270966 1621.6575928
vn 0.1270922 0.9545068 -0.2697490
v -14.9530182 115.7679825 1622.5153809
vn 0.6145827 -0.7284064 -0.3028407
v -34.4600334 122.5585861 1624.7987061
vn 0.5339572 0.0391329 -0.8446054
v -80.3778076 122.6607819 1620.5109863
vn 0.1364312 -0.2555652 -0.9571170
v -87.5902481 125.1905365 1617.7949219
vn 0.5037820 -0.5608588 -0.6569940
v -80.1724243 125.9428024 1619.3951416
vn 0.2252446 0.9598034 0.1674585
v -107.0002365 127.4765396 1619.8222656
vn 0.8809851 -0.1863149 -0.4349163
v -79.4825516 128.2324371 1617.7832031
vn -0.7039962 -0.3728966 0.6044315
v -63.4147148 126.3591080 1621.0217285
vn -0.4116364 0.1531058 0.8983953
v -65.3016968 130.4108734 1620.7481689
vn 0.1727955 -0.5812345 0.7951781
v -67.6926727 129.6593475 1620.2362061
vn -0.0884934 0.6692896 0.7377129
v -47.7155952 129.5430298 1623.7465820
vn 0.7195545 0.2980641 0.6272154
v -67.3315048 130.6875916 1620.3850098
vn -0.8869469 -0.2189591 0.4066722
v -64.5302658 131.4538116 1621.2532959
vn 0.0844943 -0.7429430 -0.6640003
v -76.4402008 131.4065094 1618.7642822
vn -0.9480572 0.3054969 -0.0886528
v -143.4970551 130.1957245 1616.0433350
vn -0.7924653 -0.6082390 -0.0452121
v -65.0716476 132.4705353 1620.6395264
vn 0.0292303 -0.7549999 -0.6550730
v -47.3989868 135.5902405 1621.0677490
vn 0.9487678 0.3137209 0.0376688
v -36.8585930 140.6334229 1621.2084961
vn 0.7053817 0.6442338 0.2956342
v -81.7928009 146.7121277 1622.4427490
vn 0.8996361 0.4177500 0.1270425
v -39.4179993 148.5526428 1619.2315674
vn -0.9087574 -0.2621372 0.3247216
v -81.9025192 150.7589417 1621.1877441
vn 0.4701078 -0.2729405 -0.8393462
v -86.9094238 154.4079895 1619.4731445
vn -0.7170019 -0.5892455 -0.3724219
v -82.2319260 151.6069641 1622.1639404
vn -0.9478794 -0.2671198 0.1736998
v -83.0204010 154.2602081 1619.7666016
vn -0.8749432 -0.4000302 -0.2728559
v -84.5643311 157.6460266 1618.4642334
vn 0.5797191 -0.6338347 -0.5120345
v -84.9254990 158.6465912 1618.1513672
vn 0.6477799 0.5619521 0.5143843
v -44.2603149 154.0353241 1622.0943604
vn -0.6319800 0.7626448 0.1377472
v -124.1675034 164.3603516 1618.7578125
vn -0.5399553 0.8071529 0.2386473
v -121.1306992 166.1531982 1620.5572510
vn -0.2173300 0.9216164 0.3215446
v -110.1713181 170.4762726 1621.3710938
vn 0.0099989 0.9066138 0.4218428
v -91.2600174 172.5060883 1620.8302002
vn -0.0513987 0.9020469 0.4285670
v -98.8888092 171.2714996 1623.1364746
vn 0.0711283 -0.9845164 -0.1602133
v -5.8879037 8.3575020 1623.5762939
vn 0.6278825 -0.4392167 -0.6425358
v -0.4923791 9.6577053 1624.0832520
vn 0.6468859 -0.0637086 -0.7599210
v -2.2460625 10.3185892 1622.3637695
vn -0.1559542 -0.9866891 -0.0460746
v -41.2898788 12.8249731 1616.8961182
vn -0.1525803 -0.9717167 0.1802385
v -58.4797974 14.2587976 1622.9625244
vn -0.0767825 -0.9888392 0.1276774
v -57.1972198 14.0369740 1623.1619873
vn 0.6295449 0.2846242 -0.7229539
v -7.0285344 20.3389034 1623.6252441
vn 0.5726013 0.1704131 -0.8019272
v -10.1343908 23.7061081 1622.2192383
vn -0.4173834 -0.8943274 0.1611510
v -103.8036575 28.8704872 1620.2337646
vn 0.4223620 -0.0784029 -0.9030301
v -10.0758438 31.9387283 1622.5555420
vn 0.3991277 -0.2689075 -0.8765762
v -4.4097409 34.1198921 1624.4991455
vn -0.4966106 -0.8587556 0.1261619
v -115.5639954 35.8775101 1624.6411133
vn 0.3297211 -0.2487607 -0.9107152
v -8.3234348 35.9147873 1622.4453125
vn 0.4990593 -0.2820609 -0.8193787
v -0.7124215 37.0362282 1625.1956787
vn -0.5866680 -0.8088107 0.0405701
v -120.0651855 38.6548729 1623.2022705
vn 0.5353053 -0.2010551 -0.8203810
v 0.1403309 39.0962677 1625.1749268
vn 0.1125904 0.4648224 -0.8782162
v -37.8392448 39.6756630 1623.3905029
vn 0.4095573 -0.2421652 -0.8795561
v -3.0455434 38.4403114 1623.5098877
vn -0.3966742 -0.6364326 -0.6615157
v -37.8410797 39.6127663 1623.3991699
vn 0.4470652 0.7947190 0.4105538
v -38.2384453 41.3961906 1624.0273438
vn 0.5227318 -0.1893078 -0.8312124
v 1.3582426 46.2550621 1624.4078369
vn 0.5777448 -0.2017984 -0.7908782
v 4.1205168 44.8989067 1626.7459717
vn -0.2971555 0.3805422 -0.8757204
v -46.0226059 50.6094780 1620.7825928
vn 0.5390029 0.8393845 -0.0700681
v -73.1202393 49.8467445 1624.8106689
vn -0.6098819 0.1723122 -0.7735326
v -72.4226761 49.9488220 1623.8046875
vn -0.9489065 0.3059042 -0.0774529
v -72.1361694 51.4380074 1625.1353760
vn -0.1560711 0.6709663 -0.7248765
v -49.0910416 53.6024780 1622.2608643
vn 0.2805170 -0.9569236 -0.0748830
v -41.2027740 54.6385345 1620.5142822
vn -0.7996323 0.2377071 -0.5514379
v -48.1878166 54.5849762 1622.1683350
vn 0.5331591 0.7858042 -0.3134537
v -54.8730431 56.5828323 1624.8787842
vn 0.3351913 0.7797802 0.5287623
v -44.7002792 57.3668327 1625.4392090
vn -0.9717851 0.1271682 0.1986503
v -71.9336243 55.0036354 1624.3559570
vn 0.9597998 0.1803125 -0.2151090
v -56.2904663 57.6369705 1622.9102783
vn -0.8823665 0.4656126 0.0680758
v -47.1588707 57.0670815 1622.5698242
vn -0.8415854 -0.5184144 0.1515937
v -41.3753548 56.9667778 1624.6671143
vn 0.1879221 -0.1656227 0.9681190
v -71.3390121 58.8694382 1624.1409912
vn -0.6844238 0.4747557 0.5533274
v -45.8165245 58.6662216 1623.1514893
vn -0.6322215 0.0694013 0.7716732
v -44.6378479 59.4225388 1623.9023438
vn -0.2280752 -0.5374317 0.8118799
v -42.9938431 58.0660019 1624.3814697
vn 0.5091072 -0.4896830 0.7078280
v -70.4719391 61.3390160 1625.1419678
vn 0.9177465 -0.3927602 0.0589992
v -54.1947479 65.0948639 1622.9533691
vn 0.9621120 -0.2274457 0.1503626
v -55.7870674 62.3663063 1625.6605225
vn -0.2214400 0.9556912 0.1939557
v -94.8326187 65.3600235 1622.9191895
vn -0.6176794 0.7765255 -0.1244197
v -92.2843704 66.1587601 1625.3240967
vn 0.5760531 -0.2282297 -0.7849039
v 9.3250856 63.7787857 1624.1939697
vn 0.6531133 0.0301046 0.7566615
v -100.7332611 67.0633774 1626.2407227
vn 0.8900535 -0.4180600 0.1817438
v -97.3305969 68.7075806 1622.5695801
vn -0.9308883 -0.3598948 -0.0626326
v -142.7047424 67.8576431 1621.5716553
vn 0.1472671 -0.1192534 0.9818814
v -64.3221741 72.2103271 1625.4197998
vn 0.4578772 -0.8057933 -0.3755604
v -51.0919189 69.2767258 1624.8143311
vn 0.6254518 -0.5157396 0.5855107
v -64.4201279 72.8343658 1625.8443604
vn 0.7837230 -0.3894383 -0.4838555
v -50.2091713 74.4796295 1621.2365723
vn 0.5778558 -0.8138499 0.0610833
v -86.8203964 78.5392838 1620.9772949
vn -0.4928601 0.3942392 0.7756703
v -71.3060226 82.3573532 1625.1745605
vn -0.1643098 -0.3250732 -0.9313054
v -41.4649506 80.8946152 1621.7989502
vn 0.4379491 0.5756373 -0.6905378
v 2.2963393 84.8517609 1622.8978271
vn 0.4416686 0.5932795 -0.6730143
v 6.4446521 85.2469406 1625.8922119
vn 0.5453309 -0.8296634 -0.1194690
v -80.1817093 82.2094269 1623.5249023
vn 0.7788341 0.2951798 0.5534315
v -100.9234009 90.0517502 1620.3740234
vn -0.2202606 -0.2181993 0.9507231
v -72.4191666 84.1716385 1624.4620361
vn 0.0633465 -0.6570939 0.7511424
v -72.0841064 86.6057129 1625.8295898
vn 0.8027714 -0.1921480 0.5644796
v -104.6245041 88.1323624 1624.6389160
vn 0.7046573 0.2188563 -0.6749519
v -7.3737116 90.7822113 1621.8608398
vn 0.6153493 0.5709149 -0.5435084
v -3.7112610 92.1995010 1625.6103516
vn 0.8189219 -0.4607239 0.3421995
v -101.8772202 90.7499466 1622.0906982
vn 0.5763070 -0.7936072 -0.1950843
v -101.7083130 91.3480225 1624.0483398
vn -0.2748081 -0.4228964 -0.8635041
v -98.6471863 93.1844330 1623.0917969
vn 0.2342897 0.5908380 -0.7720225
v -133.6169281 100.5947266 1620.5974121
vn -0.4650108 0.8804392 -0.0926925
v -129.0686951 102.2567444 1621.7150879
vn -0.0735257 0.2333215 -0.9696159
v -129.5199432 102.3652954 1623.2801514
vn 0.5792780 -0.7617862 -0.2900325
v -129.7373047 103.2740784 1621.5765381
vn 0.7653654 -0.6420221 -0.0449831
v -126.6990738 106.5789566 1619.8411865
vn 0.2704897 -0.3320499 -0.9036472
v -125.7055435 106.1732788 1621.3605957
vn 0.0644765 0.5251688 -0.8485520
v -96.5259323 106.8757553 1621.1636963
vn 0.2492237 0.8269620 -0.5040054
v -124.8194885 108.8865051 1622.4962158
vn -0.7508729 0.3633968 -0.5514823
v -123.0561066 109.7573929 1621.8953857
vn -0.2319053 0.6167825 -0.7521963
v -96.6278534 110.5995026 1623.4187012
vn 0.8462310 0.5044498 -0.1715328
v -7.7309051 109.5710373 1626.2866211
vn 0.7333516 0.5784875 -0.3571382
v -98.2103577 111.1402969 1623.4853516
vn -0.8252102 0.3284547 0.4595061
v -92.5571899 112.2395325 1621.0263672
vn -0.9928375 0.1124367 -0.0403941
v -147.8693542 112.0686798 1619.3781738
vn -0.6476635 0.7042611 -0.2907719
v -90.2230988 114.8261566 1623.4776611
vn 0.4892159 -0.7786037 0.3929939
v -98.5515976 114.0910568 1625.4293213
vn -0.2807524 0.8363077 -0.4709221
v -15.1692524 115.4621964 1621.6889648
vn -0.5232046 -0.7881120 -0.3242473
v -126.4913254 113.4433594 1623.2918701
vn 0.6262325 -0.6861924 0.3700985
v -128.2266541 115.4037094 1622.3127441
vn 0.6606306 -0.6993054 0.2730189
v -97.4412003 113.7744370 1621.7147217
vn 0.4900108 0.6532378 -0.5772086
v -78.0163574 118.4037704 1620.1707764
vn 0.3106712 0.8929339 -0.3258106
v -73.6945953 117.2309875 1621.3789062
vn 0.2459979 -0.8328078 -0.4958994
v -94.2572861 114.7378235 1623.5677490
vn -0.6300257 -0.7698862 0.1017001
v -90.0204086 116.7014084 1623.8066406
vn 0.8929068 -0.4398157 -0.0963311
v -38.5978622 118.1600189 1622.5233154
vn 0.1766444 -0.9818176 0.0695051
v -90.4310455 116.7172775 1623.5139160
vn 0.5821493 0.8085111 -0.0860936
v -13.6254177 115.4223480 1625.3929443
vn -0.6676437 0.1863415 0.7207834
v -59.3767624 120.8894653 1624.5959473
vn -0.7221965 0.0693380 0.6882038
v -60.8105888 122.4217529 1622.5635986
vn -0.8201722 -0.1832314 0.5419815
v -60.1706276 123.0136414 1623.4129639
vn 0.6341372 0.6278812 -0.4512595
v -111.3051376 128.7354584 1622.5285645
vn 0.5004588 -0.4224540 -0.7556942
v -76.5368500 127.0245285 1621.5866699
vn -0.2497638 0.5275810 -0.8119584
v -106.9238968 127.9304047 1620.6518555
vn -0.8211019 -0.5027153 0.2703129
v -62.5276031 128.7159576 1624.4381104
vn -0.6314887 -0.2747594 0.7250719
v -63.8565407 127.5001373 1621.2149658
vn -0.3637508 -0.6384185 -0.6783120
v -106.4549789 128.0016327 1620.4534912
vn 0.8350901 0.3713928 0.4058225
v -48.5524483 131.6120453 1622.5329590
vn 0.5283812 -0.5293993 -0.6637391
v -71.9597321 126.3850555 1625.0133057
vn 0.4904726 -0.7801498 -0.3883336
v -68.9188309 129.1715240 1624.4392090
vn -0.3118654 -0.7676233 -0.5599057
v -108.8505173 128.4005280 1621.4899902
vn 0.2131947 -0.7765920 -0.5928346
v -72.8194427 128.7483215 1621.9052734
vn 0.7866486 -0.4562913 -0.4159112
v -111.3093491 128.7445679 1622.5300293
vn 0.5339747 -0.7578167 -0.3749466
v -67.2119522 130.6094666 1623.3145752
vn 0.3419991 -0.6528630 -0.6758747
v -67.1212769 133.0540619 1621.1940918
vn -0.6247572 -0.7625083 -0.1681059
v -63.6274719 130.1265869 1624.5439453
vn -0.9896792 0.0663417 0.1270196
v -46.8824463 134.1056061 1620.7037354
vn -0.1917999 -0.8034043 -0.5636970
v -66.0175247 132.4803619 1621.7343750
vn -0.6640072 -0.5577822 -0.4979695
v -47.0293236 134.1863861 1622.4514160
vn 0.1461494 0.6671550 0.7304414
v -78.5882568 143.5526428 1624.6545410
vn 0.8020958 0.5044100 0.3197075
v -38.1170998 141.5228119 1625.0623779
vn -0.8367705 0.5195916 0.1727422
v -137.2003021 144.9752502 1627.5632324
vn 0.7891319 0.6024590 -0.1196416
v -84.0796204 150.9278412 1620.7385254
vn 0.7616421 0.4803918 0.4348851
v -41.4680405 150.0433197 1622.2637939
vn 0.7101728 -0.0381679 -0.7029921
v -83.2868652 151.1001587 1622.3374023
vn 0.1578154 -0.4723257 -0.8671809
v -84.0088348 153.8284760 1620.8227539
vn -0.8220516 0.5488216 0.1517430
v -131.3548431 155.0499268 1623.8392334
vn -0.7550035 0.6454835 0.1154163
v -128.5183258 159.6335602 1620.3082275
vn -0.6238360 0.7314970 0.2752104
v -126.6551285 161.2430420 1621.8951416
vn 0.3499225 0.7596070 0.5482257
v -61.4560966 163.1006317 1626.2042236
vn 0.2706107 0.8065696 0.5255619
v -67.0868912 165.4273987 1625.8835449
vn -0.3141754 0.8819000 0.3514914
v -115.1078415 168.6761017 1622.7547607
vn -0.1059571 -0.9918054 -0.0713800
v -18.8947697 9.1638861 1624.7589111
vn -0.1207043 -0.9926664 0.0066343
v -44.3039207 13.0608864 1622.8925781
vn -0.1220987 -0.9731472 0.1951319
v -55.0506210 14.3098030 1625.2694092
vn -0.0901751 -0.9918925 0.0895421
v -51.4575615 13.8032446 1624.8945312
vn -0.2476943 -0.8706898 0.4249080
v -68.3336716 17.8147430 1626.2420654
vn 0.5078065 -0.0734026 -0.8583384
v -7.2850823 28.6182137 1624.3214111
vn 0.0957797 -0.0019098 0.9954007
v -23.1147766 30.5296593 1626.4310303
vn 0.5077195 -0.2954558 -0.8092754
v -0.6365806 32.0477180 1627.3593750
vn 0.9160330 0.3994247 -0.0366519
v -38.2224731 39.6625290 1625.2557373
vn -0.1013623 0.5779315 0.8097659
v -35.2111588 36.3404045 1626.6475830
vn -0.6102634 -0.7821339 0.1258774
v -123.5857162 41.6678848 1628.7683105
vn -0.8584192 -0.4287514 0.2815825
v -37.4378357 40.2207260 1624.6081543
vn -0.8442121 -0.4490213 0.2927218
v -38.3316727 41.4578819 1623.9056396
vn -0.6521479 -0.7461291 0.1341440
v -126.8204041 44.6770287 1630.9139404
vn -0.7840533 0.4397197 -0.4380720
v -72.5647659 49.9572182 1624.1751709
vn -0.7477539 -0.6638781 -0.0114012
v -131.0424652 48.7064514 1626.4410400
vn 0.5676439 -0.2865160 -0.7718089
v 7.0228834 54.1948357 1626.0339355
vn 0.5596818 0.8231606 0.0957232
v -42.9953613 55.1941261 1627.6488037
vn 0.9921407 -0.0858637 0.0910189
v -71.9823837 54.4082260 1624.3665771
vn -0.1647419 0.9601709 -0.2256813
v -49.7525749 55.9263535 1626.4686279
vn 0.2570365 0.8066444 -0.5322190
v -52.3692741 54.4070206 1623.6678467
vn 0.1586009 0.4935096 0.8551574
v -97.5693741 60.4262619 1627.1207275
vn -0.9267629 -0.3427006 0.1538406
v -44.5842628 62.0304146 1625.3890381
vn -0.8638230 0.1344151 0.4855331
v -45.8495331 61.7157898 1622.3577881
vn 0.5447611 0.4639284 0.6985741
v -98.2526093 64.2393188 1624.9610596
vn 0.8013177 -0.5464449 0.2434914
v -71.0427780 61.5045853 1625.7849121
vn -0.7302833 0.6739519 0.1116925
v -94.3065948 64.4339294 1625.7335205
vn 0.8363668 0.3995711 0.3752781
v -99.6174622 63.4835892 1627.0229492
vn 0.9705430 -0.0743189 0.2291790
v -56.0058136 62.9362907 1627.0920410
vn -0.8084595 0.3846346 0.4454768
v -69.2798996 62.9901237 1625.4899902
vn 0.7943759 -0.5802031 0.1798094
v -53.2485962 67.3210907 1624.4982910
vn -0.9809468 0.1085247 -0.1611391
v -44.6203842 67.3522415 1623.3629150
vn 0.7551525 -0.3870201 -0.5291126
v -66.0353775 68.4747238 1625.5758057
vn -0.5633854 0.6758525 -0.4752056
v -88.4464264 68.9318390 1623.4897461
vn 0.8458298 -0.5210505 0.1143607
v -68.9151840 64.4317780 1626.5267334
vn -0.7532403 0.6464416 -0.1214180
v -66.0100708 68.9097137 1626.9466553
vn 0.6477758 -0.0610963 0.7593773
v -55.3607635 67.4239731 1627.2866211
vn -0.5553151 0.4380347 0.7069306
v -64.6436996 71.0052948 1625.6180420
vn -0.4473488 0.3979255 -0.8009585
v -88.6867142 69.6369247 1624.1973877
vn -0.0962213 -0.8364742 0.5394927
v -52.3111992 69.0028152 1626.7779541
vn 0.5983946 0.0209726 -0.8009270
v 13.5783930 73.5358200 1625.2507324
vn -0.9632716 -0.2680275 0.0164064
v -143.7192841 70.2744522 1628.3018799
vn -0.4067270 0.6695599 -0.6215004
v -84.3748703 72.5350494 1624.6450195
vn 0.9058067 -0.3835381 0.1800354
v -65.7193756 70.3511200 1626.8103027
vn -0.1525947 -0.3802346 -0.9122152
v -45.8703690 71.3354111 1624.4346924
vn -0.0090420 0.1546258 0.9879318
v -57.6387024 73.3570175 1627.0611572
vn -0.7170142 -0.0913434 -0.6910478
v -44.7576561 70.7934723 1624.0473633
vn 0.3900677 -0.4780466 -0.7869681
v -49.0424614 74.1602478 1622.5202637
vn -0.2603211 -0.0489798 0.9642790
v -61.3581429 74.3443527 1626.3409424
vn 0.1542616 -0.4576831 0.8756310
v -61.6831207 75.0757446 1626.5261230
vn -0.0136217 -0.3219109 0.9466720
v -57.3063164 78.9386444 1627.5246582
vn 0.4909628 0.3733366 -0.7871311
v 12.5176134 80.5292435 1626.5079346
vn 0.5418071 -0.7871542 -0.2946751
v -85.6541901 79.1777725 1622.4320068
vn -0.9772038 -0.2122955 -0.0018165
v -146.2388306 80.9994125 1626.9371338
vn -0.0483263 0.7760675 0.6287956
v -103.9757843 86.1551819 1624.7341309
vn -0.4864815 0.7151607 0.5018774
v -66.1125488 84.3461075 1627.9101562
vn 0.7162529 0.2122473 0.6647804
v -106.0658112 84.8980103 1626.6901855
vn -0.4372049 0.1337076 0.8893673
v -68.0161591 84.9641953 1625.9744873
vn 0.2804778 -0.7944576 0.5386738
v -75.1150208 84.8769760 1624.9058838
vn 0.9314429 -0.2809553 0.2312538
v -106.7144852 86.6898346 1627.9206543
vn -0.9880421 -0.1518918 0.0264914
v -147.7614899 88.8081055 1628.2050781
vn 0.7505785 -0.6383967 0.1705335
v -105.3188400 88.5518036 1626.2363281
vn 0.4668147 0.6777281 -0.5681275
v -0.2728807 89.8999481 1626.4212646
vn 0.4648810 -0.8156117 0.3444754
v -72.5254898 87.8172836 1627.7011719
vn -0.7403389 0.1779337 -0.6482577
v -100.6778183 90.2640305 1624.4639893
vn 0.0471804 -0.7438423 -0.6666878
v -101.8729019 90.7010956 1625.0483398
vn 0.8435609 0.0689699 -0.5325863
v -5.3424354 92.8730927 1624.0339355
vn 0.1363970 0.4156588 -0.8992351
v -129.8354492 102.1944733 1623.2547607
vn 0.7778046 0.6260355 0.0556734
v -37.2737312 109.4745102 1629.8443604
vn 0.2640644 0.9644331 0.0117851
v -125.7673721 109.1777573 1627.4451904
vn 0.4082817 0.8108100 -0.4193964
v -98.4867859 111.8271332 1625.4421387
vn 0.9839137 0.1607354 -0.0779624
v -126.3214798 110.6301346 1625.6583252
vn 0.9619067 -0.1670557 -0.2163974
v -126.3662720 111.7084961 1625.3553467
vn 0.9695706 -0.1018398 0.2226245
v -98.5222092 112.6477509 1624.1164551
vn 0.6466668 0.6660530 0.3717466
v -126.8482971 113.8499222 1623.0738525
vn -0.6411161 -0.7334263 -0.2259559
v -123.8607635 111.9528046 1622.5400391
vn 0.2254711 0.1629531 -0.9605255
v -92.6392365 114.6255035 1624.7277832
vn -0.4060161 0.3840494 -0.8292509
v -94.3554611 113.1576385 1623.9499512
vn 0.1614953 0.9801639 -0.1148827
v -68.0671310 116.2405014 1625.1398926
vn -0.1292841 0.9907423 -0.0414174
v -89.8718567 116.7617798 1625.5261230
vn -0.3779973 0.7030989 0.6023040
v -60.4394417 117.6077499 1626.3461914
vn 0.6130558 0.2478489 -0.7501557
v -77.3348389 121.1141968 1622.7969971
vn 0.6304569 -0.0609776 -0.7738255
v -73.8944626 122.3091736 1625.2556152
vn -0.4416199 0.5895509 0.6763148
v -47.2248573 126.6608810 1626.1273193
vn -0.9746029 0.2232067 -0.0181112
v -146.5375671 122.0992966 1623.5939941
vn -0.3281806 -0.5664148 -0.7559576
v -110.7165146 128.6891174 1622.3389893
vn -0.8561169 0.3452740 0.3845124
v -46.8425522 129.8651123 1624.4118652
vn 0.8455103 0.1220132 -0.5198320
v -30.3911972 126.1193619 1625.4725342
vn -0.9520541 0.3058706 -0.0060194
v -144.9964752 127.4788895 1623.6485596
vn 0.9653423 -0.2083454 -0.1571830
v -48.7215157 132.3649445 1623.0872803
vn 0.8894603 0.3674046 -0.2717983
v -33.2593727 131.5503387 1624.6887207
vn -0.0202785 0.5981277 0.8011443
v -76.5369644 140.9753571 1626.7092285
vn 0.8108218 0.5617229 0.1644247
v -80.4083786 144.6660156 1624.8720703
vn -0.5880302 0.2083735 0.7815376
v -78.4261398 144.0106506 1624.4069824
vn -0.8877535 0.4537548 0.0774614
v -139.1684570 141.9062195 1626.1608887
vn -0.8209509 -0.4213387 0.3853743
v -77.8099442 143.9829559 1625.3762207
vn 0.6409602 -0.1256725 -0.7572162
v -80.9868011 147.6157379 1625.2381592
vn -0.7274304 0.6177441 0.2987260
v -130.2860107 156.1326599 1625.0275879
vn 0.4893550 0.6720635 0.5557538
v -51.6129074 158.9105225 1623.7808838
vn 0.5726814 -0.7949674 -0.2001571
v 5.5797005 10.0722647 1631.4824219
vn 0.6929474 -0.4885563 -0.5302233
v 2.6082191 9.8913212 1627.6086426
vn -0.1850078 -0.9762253 0.1129439
v -41.1465645 12.7559776 1628.7036133
vn 0.7015093 0.1126861 -0.7036950
v 2.1415882 10.7033253 1626.9385986
vn 0.6215759 0.3662858 -0.6924437
v -0.4508418 15.9581480 1627.7476807
vn -0.2736292 -0.8458939 0.4578107
v -76.2767868 19.9181385 1625.5715332
vn -0.2954272 -0.8930440 0.3394044
v -89.2633743 23.8894672 1623.7416992
vn 0.0411308 0.8119556 0.5822683
v -23.0491142 29.1173000 1627.5695801
vn 0.3598574 0.3243752 0.8748049
v -23.1713924 30.0286827 1626.3675537
vn -0.5697707 0.7846095 -0.2444369
v -21.3027630 27.9754848 1630.7808838
vn -0.3705540 -0.8937100 0.2529271
v -100.5239334 28.4408875 1624.7020264
vn 0.5093637 -0.2266106 -0.8301785
v -3.3463395 30.6898918 1626.1791992
vn 0.4755013 0.7237868 0.5000312
v -27.5484200 30.6893024 1630.0430908
vn -0.9349684 0.2155408 0.2817378
v -21.1011944 30.8428097 1629.3182373
vn 0.5378833 -0.1912143 -0.8210472
v -0.9107043 28.0894375 1628.4874268
vn -0.0347818 0.3605152 0.9321046
v -31.8368759 33.6361885 1629.4271240
vn 0.5451460 0.7917573 0.2755653
v -33.7863235 33.9033852 1629.4570312
vn -0.4331108 -0.3249362 0.8407328
v -22.4273720 32.2417717 1627.0788574
vn 0.2731282 -0.5076593 0.8171188
v -22.9408722 32.0762329 1626.9739990
vn -0.7221333 -0.1472500 0.6759000
v -34.3979454 36.1096802 1627.2260742
vn 0.8944376 -0.2723473 -0.3546948
v -38.3671722 40.2359619 1625.2241211
vn -0.7060229 -0.7000260 -0.1072163
v -36.3524055 38.9201851 1626.6425781
vn -0.3561166 -0.1600130 0.9206393
v -99.6778946 48.2219429 1629.8431396
vn -0.0383882 0.2548193 0.9662264
v -99.4971771 49.7637253 1628.7753906
vn -0.3343541 0.7961934 -0.5042652
v -72.9260559 51.3036804 1627.0742188
vn 0.5652077 -0.2423046 -0.7885612
v 4.5154991 50.7683220 1625.3328857
vn -0.4408279 0.2773906 0.8536540
v -98.1851044 54.2440834 1628.0507812
vn 0.3364091 0.9220002 0.1916888
v -41.2872238 54.3612175 1627.9921875
vn -0.9987975 -0.0489468 0.0027729
v -40.9103317 55.3580017 1624.2827148
vn 0.4841099 0.0425223 0.8739734
v -98.4215927 55.0296555 1627.9318848
vn 0.3450690 0.9378036 -0.0381036
v -45.0842285 56.5035248 1628.5603027
vn -0.8710894 0.3671584 -0.3261870
v -71.9602432 53.0853806 1628.0135498
vn -0.8499891 -0.3141984 -0.4228450
v -42.2261009 58.3170700 1629.0946045
vn -0.9754623 0.2152265 0.0463779
v -70.8776703 55.8190460 1626.3554688
vn 0.7315632 0.6794172 -0.0566355
v -56.0017929 57.9763756 1627.1820068
vn -0.9538670 0.3002211 0.0022857
v -69.7107697 61.2581520 1626.2048340
vn 0.3569935 0.9152709 -0.1866408
v -54.0985641 57.1066513 1628.8934326
vn 0.8766223 -0.3625888 -0.3163272
v -71.9925156 59.6281090 1626.6732178
vn -0.2719692 0.9535528 0.1294981
v -47.6115837 56.6745300 1626.9293213
vn 0.9870108 0.0361658 0.1565302
v -56.3654900 58.7595024 1627.6049805
vn -0.8578430 -0.5135862 0.0182904
v -42.4743195 59.4227486 1627.5332031
vn -0.6624463 0.4890907 0.5674109
v -97.1174088 60.2369614 1627.3968506
vn 0.9714138 -0.1900822 0.1422113
v -72.4144592 58.0414047 1625.8841553
vn 0.9446931 0.1952661 0.2634884
v -56.5273895 66.0650330 1629.2330322
vn -0.8581185 -0.3021866 -0.4151095
v -45.8278008 65.2472153 1626.1986084
vn 0.7035630 0.5713689 0.4225360
v -101.2766342 66.1200485 1627.1875000
vn -0.4311426 -0.6281452 -0.6477266
v -47.9813004 67.8737106 1626.8996582
vn -0.9236295 -0.3824693 0.0250167
v -142.6860352 67.0834503 1628.8135986
vn 0.4964470 0.1298604 0.8582987
v -105.8476715 69.2427139 1629.0284424
vn 0.4280489 -0.7315723 0.5306374
v -100.3165588 68.2097244 1626.5498047
vn -0.0119099 -0.0862031 -0.9962064
v -89.1422119 71.6177597 1624.7412109
vn 0.3450812 -0.8949164 -0.2829198
v -95.7372665 69.7643661 1625.3641357
vn -0.0516857 -0.6038114 -0.7954498
v -94.3116608 69.1060562 1626.7003174
vn 0.5861065 0.0602502 -0.8079908
v 17.2078991 75.2544098 1628.0233154
vn 0.3749386 -0.5865344 -0.7179126
v -90.6917877 73.2423401 1623.8348389
vn -0.4714834 0.7433140 -0.4745396
v -81.3983994 74.8855667 1625.2833252
vn 0.2254819 0.0811264 -0.9708638
v -82.6909637 76.1914597 1626.4323730
vn 0.8481798 -0.5164315 -0.1178543
v -63.7798004 75.1531143 1628.7142334
vn 0.6726830 -0.6298491 0.3883138
v -62.5250969 76.4921112 1628.5850830
vn -0.5760282 0.8167669 0.0329165
v -75.7134323 78.3595505 1625.6029053
vn -0.3785809 -0.1402690 0.9148777
v -56.2994728 74.9978638 1627.3444824
vn 0.4729818 -0.4381577 -0.7643991
v -84.1603165 77.5312729 1625.4887695
vn -0.5299929 0.8234649 0.2025170
v -71.8788376 80.9142456 1626.1982422
vn -0.4299082 0.9028726 -0.0003824
v -68.4101639 82.5286255 1628.6436768
vn 0.4176248 0.4052686 -0.8132323
v 19.0859966 84.7605057 1632.8304443
vn 0.6225764 -0.1940906 -0.7581078
v -75.5678864 82.9183197 1629.2302246
vn -0.2825021 -0.1885890 0.9405460
v -54.3982162 84.2989502 1629.6049805
vn -0.6167469 0.7613299 0.2000000
v -103.7197571 85.5391846 1626.4204102
vn 0.3887138 0.5778118 -0.7176595
v 11.8211298 84.8744736 1628.8801270
vn -0.4018333 0.1560607 0.9023165
v -63.8354149 86.4384537 1627.9035645
vn -0.0090451 -0.7223973 0.6914190
v -65.6733093 90.0389709 1629.0465088
vn -0.2520019 -0.3392890 0.9062991
v -65.7649384 87.2214813 1627.2233887
vn -0.5372840 -0.6836196 -0.4939537
v -102.3048477 89.0355148 1627.0555420
vn 0.6334677 -0.7737195 0.0087619
v -103.7939301 89.6097946 1624.9838867
vn -0.9984432 -0.0546528 0.0111439
v -148.5760498 95.8097534 1626.5367432
vn 0.9412239 0.1722947 -0.2905375
v -5.7359290 100.9502640 1625.3372803
vn -0.5652075 0.8204065 -0.0864507
v -21.9758778 105.8375168 1625.3391113
vn 0.4752721 0.8798128 -0.0067677
v -32.7099838 105.7343140 1629.8039551
vn -0.9994311 0.0281559 -0.0185714
v -148.5071564 103.6449661 1621.9222412
vn -0.8829873 0.4678598 -0.0379568
v -125.7242966 109.2403183 1627.6921387
vn -0.9022754 -0.1770022 -0.3931531
v -124.3152161 110.9776154 1624.7761230
vn -0.6310266 -0.6473289 -0.4275169
v -124.8888092 111.6617508 1625.4636230
vn -0.1292077 0.1932301 -0.9726086
v -90.1251755 116.4172745 1625.5742188
vn -0.1393128 0.9683712 0.2070004
v -64.2437897 116.3589478 1626.0417480
vn -0.5422601 -0.0646663 -0.8377185
v -99.6864777 114.9387131 1629.3745117
vn 0.9444165 0.2716701 0.1851293
v -39.4128494 113.7031479 1632.1135254
vn 0.5577900 -0.0386326 0.8290826
v -89.7806931 116.6978760 1625.6689453
vn -0.2406285 0.8700572 0.4302308
v -54.3170242 118.8496552 1627.8354492
vn -0.3542474 0.2990852 0.8860344
v -55.8712807 118.9321060 1627.2301025
vn -0.4712411 0.2154634 0.8552820
v -53.9450188 118.9756088 1627.6352539
vn -0.5320004 -0.4105306 0.7405676
v -53.8555069 119.0931931 1627.8018799
vn -0.5939572 0.1992411 0.7794343
v -53.3033905 119.2286987 1628.4754639
vn -0.6129605 -0.3663604 0.7000425
v -54.3148232 120.4431229 1628.0750732
vn -0.5625661 -0.2323709 0.7934250
v -56.1214600 121.1119690 1627.1176758
vn 0.6834565 -0.7140654 -0.1516510
v -36.0125122 120.8174362 1625.7570801
vn -0.6909013 -0.4884282 0.5330041
v -59.2141418 125.0934372 1626.3953857
vn 0.6692330 -0.5706122 -0.4759506
v -29.3212299 125.1978912 1627.4344482
vn 0.3763033 0.7119493 0.5928947
v -47.8098755 126.2882996 1626.6263428
vn -0.9364634 0.2653724 0.2293773
v -46.4149055 126.3101273 1628.0834961
vn 0.9109936 0.2902826 0.2929619
v -48.5467834 128.4823761 1625.5047607
vn 0.6722947 -0.7316828 -0.1125173
v -67.0774155 127.6427765 1629.6037598
vn -0.0684360 -0.9843390 -0.1624599
v -63.8269997 128.9125061 1627.9743652
vn 0.5334592 -0.6048350 -0.5912665
v -48.2687225 131.3399506 1625.0489502
vn -0.9605533 -0.2320522 -0.1532614
v -46.5590706 129.7535095 1626.2421875
vn -0.3740469 -0.6844712 -0.6257700
v -46.9925880 130.5011292 1626.1625977
vn -0.3819771 0.1491199 0.9120619
v -74.3633347 138.5923615 1628.1191406
vn 0.8678495 0.4744401 0.1474584
v -36.2937164 138.7486267 1625.2987061
vn 0.9370816 0.2731934 -0.2173555
v -80.2474213 143.9734802 1626.3253174
vn 0.4592941 -0.5352359 -0.7089227
v -79.4558334 144.4438477 1626.9172363
vn 0.6438410 0.5433613 0.5387275
v -44.1746254 147.1348572 1628.4804688
vn -0.5983654 -0.6163197 -0.5119659
v -79.9519958 147.2339935 1625.3691406
vn -0.0603376 -0.5916597 -0.8039268
v -80.8129959 148.1271820 1625.0687256
vn 0.5369024 0.5943211 0.5987638
v -50.2607803 153.3375092 1628.6730957
vn -0.5880256 0.6934776 0.4163107
v -125.7117462 158.8151245 1627.7309570
vn 0.3921624 -0.8687947 -0.3023315
v 0.7867159 9.1920280 1626.2647705
vn 0.2861708 -0.9488355 -0.1334823
v 2.8740079 9.0790834 1630.3405762
vn -0.2032772 -0.9729801 0.1094908
v -32.8785477 11.4632845 1630.8643799
vn 0.5631830 0.0983166 -0.8204626
v 5.2929511 12.8585701 1630.4345703
vn 0.5240045 0.2935862 -0.7995164
v 0.8005099 16.7519951 1629.2082520
vn 0.6008185 0.0274690 -0.7989134
v -4.9146609 23.9048271 1626.0728760
vn 0.5355940 0.0086306 -0.8444316
v -0.1378466 22.9239712 1629.8586426
vn -0.2560126 -0.8308004 0.4941945
v -82.4832382 24.1203308 1629.3011475
vn -0.0205586 0.9586005 0.2840115
v -22.2221394 28.1223869 1629.6893311
vn 0.4341936 -0.1351215 -0.8906279
v 1.2011687 25.2940197 1630.3781738
vn -0.9110312 0.1992171 -0.3610188
v -21.2213306 28.3280525 1630.7940674
vn 0.1984557 -0.3136792 0.9285585
v -27.7322311 31.6102276 1629.7829590
vn 0.4200643 -0.7780671 0.4670734
v -24.7379189 32.4377823 1628.6226807
vn -0.8526976 0.3861810 0.3518113
v -18.6668034 35.1022072 1631.6795654
vn 0.8265485 0.5527076 -0.1064520
v -36.0267296 36.6336060 1627.9119873
vn -0.7038098 -0.6209461 0.3450765
v -32.5820694 34.9869843 1629.3922119
vn 0.6840358 -0.7069161 0.1799019
v -22.0310421 34.3684998 1629.6857910
vn -0.5150306 -0.2958921 0.8044820
v -20.7714653 34.6698227 1629.1690674
vn 0.6547537 -0.3070573 -0.6906615
v -36.8789368 38.4613876 1627.7791748
vn -0.5254098 -0.8297772 0.1881866
v -120.0069427 39.1941414 1628.9858398
vn -0.0838175 0.1755543 0.9808952
v -51.5862389 42.8244438 1630.4877930
vn 0.0140238 0.0390883 0.9991374
v -50.9120178 45.9446564 1630.3300781
vn 0.9899511 0.0244187 -0.1392859
v -51.7380104 43.1505203 1631.0629883
vn -0.4641984 -0.7704780 -0.4369021
v -99.9432831 47.9184074 1629.1629639
vn 0.5628350 -0.1549578 0.8119143
v -50.7050438 48.2471390 1630.7789307
vn -0.6114377 -0.0560202 0.7893071
v -50.3363037 47.6502075 1630.6846924
vn 0.6763237 0.6894535 -0.2593070
v -73.1921692 50.3077202 1625.5416260
vn 0.5897624 -0.2870611 -0.7548352
v 12.3985929 59.3341789 1628.0330811
vn 0.9861445 -0.1613703 0.0384543
v -72.8252258 53.2293777 1627.5850830
vn -0.6719145 -0.6910374 -0.2664549
v -41.1374130 54.0897217 1628.7055664
vn -0.8370696 0.1669138 -0.5210127
v -97.5619507 54.8480797 1629.3402100
vn -0.9344616 0.2582192 0.2451620
v -97.4733047 54.7365685 1628.6873779
vn 0.6665182 0.5392662 -0.5147285
v -72.8176346 53.0839081 1629.6783447
vn 0.2292838 0.1808694 -0.9564074
v -72.8113022 53.1071968 1629.7098389
vn -0.5371652 -0.6944106 -0.4787980
v -41.2445526 53.9346695 1631.2606201
vn 0.9873814 -0.1005627 0.1223322
v -98.8567963 54.9752426 1628.8305664
vn 0.6317287 -0.3586979 -0.6872079
v -72.1030350 55.9777184 1628.0029297
vn -0.5656751 -0.0196193 -0.8243948
v -71.3917694 56.4219475 1627.8894043
vn 0.8755205 0.0424237 -0.4813150
v -98.3269272 58.3292732 1629.6488037
vn 0.0245068 -0.0877076 -0.9958448
v -57.2694550 58.3637543 1630.3046875
vn 0.9186396 0.1656787 0.3586808
v -98.4586792 59.4586258 1628.2561035
vn -0.9346132 0.2879261 -0.2087987
v -97.0908737 59.5245094 1629.0595703
vn 0.6952783 0.6530235 -0.3002473
v -57.2936745 58.3448944 1630.4326172
vn -0.6604621 0.4145150 -0.6260728
v -69.2266464 63.2913246 1627.0076904
vn 0.9725784 -0.2276686 -0.0475206
v -56.3137474 60.8347626 1630.4873047
vn 0.6064640 -0.4057727 -0.6837763
v -70.3732376 61.9071045 1627.0067139
vn 0.6071246 0.2079094 -0.7669247
v -100.5294571 65.5121078 1629.2956543
vn -0.0409592 -0.6987035 -0.7142379
v -98.1404037 64.8517151 1630.1390381
vn -0.8618079 0.2598165 -0.4356404
v -95.0619583 64.2777405 1628.1115723
vn 0.2448733 0.8801563 -0.4066472
v -104.8360138 68.0163269 1629.8743896
vn 0.5266581 0.7816790 0.3340797
v -105.7202606 68.4040451 1629.6520996
vn -0.5163004 -0.1464134 -0.8437992
v -94.6893234 66.1006546 1628.0584717
vn -0.1889523 -0.9512528 -0.2437525
v -100.8364868 68.6648102 1628.4221191
vn -0.1551138 -0.6421604 -0.7507129
v -98.4738312 68.3868942 1628.2274170
vn 0.1223068 -0.4173139 0.9004944
v -67.2681122 67.1932373 1628.1339111
vn 0.3727851 -0.0051549 0.9279034
v -109.5293503 71.3115234 1630.4309082
vn 0.5658070 -0.1242557 -0.8151214
v 17.7400532 68.9531250 1629.1390381
vn 0.3531356 0.9353068 0.0222827
v -60.1338310 71.6262436 1629.2291260
vn -0.3316297 0.7147877 0.6157112
v -60.2284126 72.2518997 1627.8381348
vn -0.7664248 -0.6081515 -0.2067484
v -49.9459496 67.9978180 1629.5651855
vn 0.0014759 -0.6875439 0.7261413
v -106.0088348 70.0175934 1629.3765869
vn 0.1197478 -0.6450706 0.7546818
v -110.1939545 71.7781067 1630.7847900
vn -0.0154964 0.3813708 -0.9242923
v -81.3880920 76.2771835 1626.6199951
vn -0.2363764 0.8266509 -0.5106609
v -73.6951675 80.7500381 1628.4663086
vn -0.8469551 -0.2659160 0.4603866
v -54.0322151 75.2515259 1629.7502441
vn 0.5426689 -0.3786786 -0.7497420
v -80.3461151 79.4848328 1626.7346191
vn -0.4484639 0.8904692 0.0771024
v -107.7923813 81.9936371 1630.3515625
vn 0.2488560 0.2452862 -0.9369661
v -76.8698502 80.6617966 1628.5019531
vn 0.4693728 -0.2559039 0.8451050
v -58.4498329 82.3384018 1629.6645508
vn -0.4717303 -0.1254350 0.8727753
v -56.2347603 78.2950363 1627.5964355
vn -0.1558639 -0.8229228 -0.5463557
v -108.8824310 81.4946747 1630.3437500
vn -0.6394311 0.7684391 0.0250863
v -104.7049713 84.0394897 1631.5061035
vn -0.7032570 0.0233309 0.7105528
v -53.2534714 84.0595932 1630.3342285
vn 0.9365922 -0.3485602 0.0360688
v -107.2923431 85.6352463 1629.9915771
vn -0.2576666 0.3991865 0.8799194
v -61.1935196 85.6549530 1629.4003906
vn 0.0539451 0.1713683 0.9837291
v -59.4585075 85.1297302 1629.7030029
vn -0.2764171 -0.2434884 0.9296811
v -54.9566498 87.4758606 1630.2425537
vn -0.8749298 -0.3183308 -0.3649154
v -103.0754852 87.3839722 1629.9102783
vn -0.2213961 -0.3124257 0.9237825
v -58.5692139 89.9885254 1630.2252197
vn 0.2054608 -0.8974725 0.3902935
v -68.0314865 90.1925888 1629.6632080
vn -0.2672283 0.7427930 0.6138791
v -126.6033096 106.0640030 1631.6951904
vn 0.2971687 0.7024692 0.6467054
v -126.3034134 107.5423431 1629.4019775
vn -0.2939115 0.7485005 0.5944436
v -126.1355057 108.0220490 1628.8150635
vn 0.9860766 -0.1555022 0.0589247
v -125.7494812 109.0457230 1627.7966309
vn 0.9317940 -0.2569155 0.2564262
v -126.6380310 107.5768738 1630.7287598
vn -0.1002766 -0.8262081 -0.5543690
v -126.1024017 108.1206970 1628.6739502
vn 0.0077008 0.7688282 0.6394090
v -125.8249207 109.2923813 1629.3660889
vn -0.0650199 -0.2962988 -0.9528796
v -125.5828552 110.1531296 1628.5196533
vn 0.5570649 0.7702658 -0.3104341
v -99.7722015 114.3138275 1628.4500732
vn -0.9328066 0.3445811 -0.1055265
v -19.2805195 110.1250458 1632.0656738
vn -0.2750997 0.5618410 -0.7801633
v -99.5865555 114.7784882 1629.2609863
vn 0.2583847 0.9606414 -0.1020070
v -65.9679565 116.3947830 1628.5614014
vn -0.2280649 0.8755714 0.4258652
v -58.7177048 116.2724075 1629.1481934
vn -0.2750482 -0.9609023 -0.0318628
v -97.7694626 114.4825211 1626.7211914
vn -0.3766761 0.7776613 0.5033469
v -54.3818779 116.4002457 1631.9296875
vn 0.8539500 0.3306754 -0.4017750
v -68.6386032 119.7395859 1630.7365723
vn 0.6239554 0.4648052 -0.6282005
v -72.5182953 119.3677444 1625.5340576
vn -0.9733101 0.2207316 0.0628095
v -146.8101349 120.3867340 1630.3486328
vn 0.4211551 -0.8894174 -0.1776662
v -30.8776398 123.1164322 1630.4544678
vn 0.9326423 0.0381872 -0.3587758
v -27.0503254 124.7457428 1630.7612305
vn -0.2871042 -0.8800483 0.3782673
v -54.1126862 126.2844925 1633.4290771
vn 0.8292558 -0.2004247 -0.5216942
v -69.8871002 123.3957672 1629.4764404
vn 0.8129203 -0.5349531 -0.2301863
v -48.5006256 127.2740097 1628.7044678
vn 0.8747837 0.3447341 -0.3404584
v -28.1320400 125.6685333 1628.9916992
vn -0.0250308 -0.8192381 -0.5729071
v -47.3354378 127.7034378 1629.3828125
vn -0.9316903 0.3623737 0.0252682
v -142.2882080 134.8565826 1626.2021484
vn -0.0139255 0.4563205 0.8897066
v -71.6646118 132.8330536 1630.3868408
vn 0.5180441 0.7031851 0.4869917
v -71.1305237 130.5852051 1632.6796875
vn -0.0649809 0.3982010 0.9149938
v -73.4040680 134.8585815 1629.2136230
vn 0.3843586 0.6301262 0.6746922
v -75.1584396 134.1445770 1630.3948975
vn -0.5994533 -0.1991505 0.7752385
v -71.0336914 133.8739777 1630.7167969
vn -0.8964772 0.4223820 0.1338731
v -141.0783997 137.5932617 1629.2326660
vn 0.4798236 0.2704100 0.8346543
v -79.8729095 137.3468323 1631.5197754
vn 0.5656298 0.5299417 0.6318424
v -77.5944138 139.9365387 1628.3630371
vn 0.6956011 0.5665568 0.4417608
v -39.8073578 138.7799683 1632.0751953
vn -0.7235091 -0.1522008 0.6733272
v -74.9905930 140.3250427 1627.6594238
vn -0.3711403 -0.9262748 -0.0653460
v -77.9222107 144.6562805 1626.8951416
vn -0.5074401 -0.8016389 -0.3160374
v -75.1817703 144.2805786 1630.5827637
vn -0.8099444 0.5497070 0.2044808
v -134.5512390 148.9290619 1627.7131348
vn 0.4117044 0.6807228 0.6059009
v -58.3170624 159.1996002 1628.9238281
vn 0.2890982 0.7250572 0.6250715
v -65.0974045 162.0583801 1629.3588867
vn -0.4218338 0.7654730 0.4859088
v -117.6179276 165.2439270 1626.5513916
vn 0.1948303 0.8295380 0.5233621
v -76.2232895 167.8775787 1626.0860596
vn -0.2572250 0.8119919 0.5239318
v -110.7873840 165.6052246 1630.3121338
vn -0.1434931 0.8525516 0.5025590
v -106.9317245 166.5752106 1630.2137451
vn -0.0202039 0.8488488 0.5282496
v -99.0138092 166.9416046 1630.7148438
vn 0.1292135 0.8221055 0.5544785
v -81.2875290 167.3763123 1628.4400635
vn 0.0313698 -0.9994826 -0.0071142
v -6.2781506 7.8265023 1631.8592529
vn 0.7039880 -0.7079412 -0.0567468
v 9.1754494 12.8707905 1633.8343506
vn -0.2221712 -0.9420779 0.2512552
v -43.8333588 13.5438995 1629.9019775
vn -0.1555740 -0.9514964 0.2654269
v -47.2083702 14.1198759 1629.4012451
vn 0.7030948 -0.3923168 -0.5930811
v 6.1430473 10.8603640 1631.3272705
vn -0.1916837 -0.9282489 0.3187653
v -56.7550964 15.1571131 1627.4688721
vn -0.2440684 -0.8800187 0.4074282
v -57.8921318 16.5705490 1630.2685547
vn 0.5497588 0.1984851 -0.8113994
v -0.2423622 19.2074127 1629.2730713
vn -0.2512771 -0.8540816 0.4554169
v -92.1842270 28.1535473 1631.1452637
vn -0.2981482 -0.8881621 0.3496794
v -93.4751740 26.8378048 1627.3813477
vn -0.2831175 -0.8539939 0.4365077
v -87.1499939 25.5694218 1629.1835938
vn 0.4208374 0.8692564 0.2594018
v -31.2817650 32.2345810 1630.5563965
vn -0.2854153 -0.8832471 0.3720385
v -99.8352509 30.5497208 1631.5054932
vn -0.8945436 0.3457903 0.2832325
v -20.3168907 32.7284050 1629.7366943
vn -0.2740114 -0.9444753 -0.1813401
v -27.6243229 32.3729706 1631.3156738
vn 0.4611885 -0.2218182 -0.8591285
v 2.5176938 31.2082958 1629.5085449
vn 0.5775047 -0.2351395 -0.7817914
v 3.6018302 37.3060455 1628.2004395
vn -0.4443757 -0.8539503 0.2707382
v -115.3184280 37.1060104 1630.8870850
vn 0.5346684 -0.2038652 -0.8201029
v 5.3452044 36.3632507 1629.8118896
vn -0.7139183 0.2012411 0.6706883
v -17.2036400 38.1009903 1632.5212402
vn 0.4095103 -0.5272031 -0.7445524
v -35.4648590 37.1377716 1629.4598389
vn -0.2281680 -0.3393919 0.9125528
v -17.6052685 38.9308205 1632.3276367
vn 0.3227362 -0.6905184 0.6473219
v -19.1848545 37.9118805 1631.6322021
vn 0.6717383 -0.7289529 0.1318916
v -18.4737148 40.1686821 1634.2272949
vn 0.3834306 0.8317547 0.4014538
v -51.7976112 42.2167397 1630.6263428
vn 0.3266667 -0.2057746 0.9224672
v -14.1025743 43.6762810 1633.8276367
vn -0.9465949 0.1858907 0.2634440
v -50.1663017 45.6395226 1631.4094238
vn 0.9953098 -0.0614653 0.0747030
v -51.5285416 46.2259750 1631.7941895
vn 0.4880703 -0.8008685 0.3469827
v -99.6042557 48.0679016 1629.7363281
vn -0.7563574 -0.6496565 0.0766163
v -132.2043915 50.1236649 1630.9276123
vn -0.9798813 0.1464417 0.1356005
v -49.8122215 51.1772957 1631.9643555
vn -0.1657954 -0.0201509 0.9859543
v -10.5897865 52.4643288 1633.1708984
vn -0.9446619 0.2850395 -0.1623772
v -98.6029510 51.8193703 1629.4311523
vn 0.4070341 -0.2775954 -0.8702093
v -99.8896408 48.0521278 1629.1276855
vn 0.7616737 -0.1599240 -0.6279153
v -99.1911392 50.7094612 1629.7354736
vn 0.5297307 0.8481643 -0.0016811
v -40.3654556 53.2963943 1630.5189209
vn 0.4708000 -0.3547375 0.8077802
v -10.6787262 52.8077583 1633.2807617
vn 0.5235521 -0.2444522 -0.8161718
v 14.3304319 52.4398422 1632.0449219
vn 0.1951088 0.7860886 0.5865128
v -41.2548637 54.0047798 1631.2751465
vn 0.0998628 -0.9099107 -0.4026039
v -40.6298332 53.4158783 1629.9619141
vn 0.5424761 -0.8102157 -0.2219691
v -40.3837776 53.3038864 1630.4525146
vn 0.5729943 -0.2431559 -0.7826575
v 9.7420959 50.8205185 1629.3916016
vn -0.2302246 -0.3708778 0.8996924
v -10.0593405 54.1384087 1633.8277588
vn 0.5499812 0.8303984 0.0892144
v -41.0671616 53.7646637 1630.0217285
vn -0.3799243 0.1045710 -0.9190879
v -98.7764282 52.0469475 1629.7482910
vn 0.2318664 0.6161571 0.7527207
v -49.9885788 54.8353539 1631.3854980
vn 0.2994344 0.9422637 0.1499271
v -50.9779472 55.8399162 1629.2233887
vn -0.3744231 -0.4614456 -0.8042856
v -42.2380486 55.1150322 1630.2641602
vn -0.7023937 0.6194358 -0.3506314
v -47.6969261 56.5954323 1631.7083740
vn -0.3655580 0.9268810 -0.0851998
v -46.9647827 56.4864769 1629.6767578
vn -0.4626593 0.5571671 -0.6895732
v -97.7717743 59.5757217 1630.0692139
vn -0.2543338 0.4271324 -0.8676821
v -44.9954414 57.8524857 1630.8228760
vn 0.5456967 -0.2877102 -0.7870438
v 14.5859022 57.7530174 1630.4605713
vn -0.5784338 -0.3005880 -0.7583278
v -45.3142014 60.4003067 1630.9714355
vn 0.4402288 0.4102064 -0.7987048
v -56.6659470 58.6208305 1630.6431885
vn -0.8361670 -0.5473161 0.0356359
v -136.6283875 56.0249748 1630.5335693
vn -0.8255166 0.3752602 -0.4215474
v -97.1082611 61.3378754 1631.9545898
vn 0.5025045 0.6565382 -0.5625361
v -54.7922134 58.5772324 1631.9042969
vn -0.7257712 -0.4471517 -0.5227921
v -43.3269615 60.0514488 1629.6218262
vn 0.5749669 -0.1947467 -0.7946614
v 15.5316000 66.1607132 1628.0070801
vn 0.9176746 -0.3369227 -0.2106097
v -100.0020752 63.8001671 1630.4625244
vn -0.7324973 -0.5526531 -0.3975203
v -45.3144608 62.4149704 1629.1875000
vn 0.5240385 -0.2083937 -0.8258061
v 20.4710808 64.5777130 1632.0065918
vn -0.5723503 -0.5467113 -0.6111645
v -96.5864258 64.0582657 1630.4656982
vn 0.9713917 0.1664014 -0.1694364
v -56.8294640 66.9009781 1632.5648193
vn -0.2564957 0.2122488 -0.9429531
v -103.4141617 68.1460266 1629.9658203
vn 0.7964665 -0.2343656 -0.5574172
v -65.3900299 71.2126160 1628.9608154
vn -0.7633166 0.6296889 0.1443598
v -66.2396317 69.5327377 1628.5581055
vn -0.3721295 -0.9272098 -0.0424452
v -104.1581497 69.9866028 1630.1267090
vn 0.5158502 0.2454467 -0.8207645
v -62.2860146 73.6534119 1630.5350342
vn 0.5151802 -0.0796689 -0.8533711
v 22.4396744 70.7983551 1632.0823975
vn 0.3520557 0.8740938 0.3346891
v -117.8917236 73.7752457 1634.0806885
vn 0.2689716 -0.4190240 0.8672216
v -114.4296799 72.8532715 1632.9027100
vn 0.3192254 0.6166621 0.7195992
v -122.5772705 75.4677658 1633.6293945
vn -0.1703489 -0.9381840 0.3013173
v -114.0999069 73.8212280 1634.1893311
vn 0.8839504 -0.4334531 -0.1753571
v -64.8636551 73.3503952 1628.2137451
vn 0.4388885 -0.3649377 0.8210953
v -122.6923370 75.5966873 1633.6081543
vn 0.6903457 0.0582991 -0.7211269
v -61.2639008 76.1153564 1631.5563965
vn -0.5631028 -0.1300046 0.8160968
v -108.8902664 81.4993362 1630.3594971
vn 0.5347111 0.2644179 -0.8026003
v 16.7403011 78.5625610 1628.4676514
vn -0.9300054 0.1937922 0.3123051
v -53.1145058 80.1677170 1632.1536865
vn -0.0705759 0.8194498 -0.5687892
v -69.9732437 82.7636490 1630.7375488
vn -0.8706706 0.2953696 0.3933060
v -49.2238464 87.6871338 1635.1175537
vn -0.0977663 0.9424551 0.3197190
v -63.0327187 84.1729660 1630.7247314
vn -0.9069332 0.4211853 -0.0086745
v -103.7641983 85.3155518 1631.3325195
vn 0.2303600 0.7770994 0.5857054
v -60.9187508 83.9972229 1630.8386230
vn -0.8649570 -0.5012946 -0.0235206
v -103.7584763 86.6311722 1633.8692627
vn -0.0902414 -0.9607398 -0.2623654
v -104.4395905 88.2948990 1630.0325928
vn 0.7145392 -0.6640870 -0.2200505
v -75.7355347 84.7865448 1627.4320068
vn 0.7044582 -0.7013091 -0.1091063
v -106.1509552 87.1524963 1632.9443359
vn -0.4695064 -0.3169633 0.8240741
v -51.0177917 90.8265533 1633.3552246
vn 0.2773816 0.8021284 -0.5288188
v 8.1733084 91.2717972 1634.1306152
vn -0.2236685 -0.5683773 0.7917826
v -56.0146217 92.1193619 1631.9941406
vn 0.5145020 0.7957276 -0.3195392
v -1.5179673 94.8509140 1633.0167236
vn -0.0738142 -0.6573843 0.7499315
v -60.0851440 91.3052979 1630.5847168
vn 0.1769006 -0.9125803 0.3686509
v -62.3497086 91.8487625 1631.6439209
vn 0.1543374 0.9855762 -0.0694228
v -29.0628948 104.3889160 1629.0549316
vn -0.3801283 0.8634880 0.3314982
v -127.0647125 106.9711075 1631.5888672
vn -0.9201605 -0.2938080 0.2588079
v -127.0691299 106.8945007 1631.5965576
vn -0.8582558 -0.1606682 -0.4874246
v -126.2994537 107.2778702 1630.9468994
vn -0.1318915 -0.4943981 -0.8591712
v -125.8263245 109.2492371 1629.3779297
vn -0.9949716 0.0800936 0.0601383
v -147.7443390 112.7604980 1629.3986816
vn 0.0067480 0.9848606 0.1732168
v -60.1987534 115.5828018 1630.8450928
vn 0.4460569 -0.4254035 -0.7874422
v -101.1999893 116.0096512 1630.3436279
vn 0.6513207 0.7544307 0.0813378
v -11.5413408 113.7914658 1631.8022461
vn 0.1569385 -0.9875982 0.0045004
v -100.9769516 115.9122849 1629.9534912
vn -0.8058026 0.1257927 0.5786695
v -53.2505722 119.0864334 1628.5196533
vn -0.5812665 0.7310441 -0.3573568
v -16.7496014 117.0947113 1629.8139648
vn 0.6217918 0.7142653 0.3212477
v -11.7639132 112.2848053 1639.2214355
vn -0.6325584 0.2692433 0.7262079
v -51.7055511 119.6370697 1630.8033447
vn -0.0478278 0.5797260 -0.8134066
v -16.9244957 118.0925064 1629.8026123
vn -0.2284995 0.9734799 -0.0111785
v -17.1437569 118.1215134 1631.1850586
vn -0.2653257 0.1277223 0.9556617
v -50.5836983 121.3601990 1631.2050781
vn -0.2367772 0.6499916 0.7221133
v -47.4800377 123.2784348 1631.0671387
vn 0.5104728 0.2159903 0.8323256
v -49.2559166 124.3902969 1630.8572998
vn 0.9744301 -0.1175464 -0.1914914
v -68.5562668 124.2566605 1632.5386963
vn -0.5378907 -0.8223922 0.1853231
v -61.3158073 127.9265442 1627.9718018
vn 0.9297790 0.1994451 0.3094070
v -68.3644791 126.3410034 1633.1331787
vn 0.4718113 -0.4384314 0.7649655
v -66.9660416 128.5293274 1631.1257324
vn -0.0415104 0.2113870 0.9765206
v -69.2764664 131.3695831 1631.2993164
vn -0.0989645 -0.9401535 0.3260634
v -63.5525169 129.5759430 1631.2681885
vn -0.3702955 -0.7594795 0.5348572
v -65.3838959 130.5755463 1632.7857666
vn 0.8577986 0.5124516 -0.0396859
v -32.7875290 131.8466797 1628.1669922
vn 0.9048972 0.4253960 -0.0141209
v -34.8307762 135.5934601 1625.6243896
vn 0.2593226 0.8068784 0.5307533
v -83.3397064 135.7410278 1634.1071777
vn 0.7597929 0.5732595 0.3067384
v -36.1445465 136.6417236 1628.6906738
vn 0.3916329 0.5241634 0.7562250
v -91.7440491 138.5485382 1633.3533936
vn 0.0539012 0.0511761 0.9972340
v -89.7568970 139.2199860 1632.5489502
vn 0.0128843 0.0739492 0.9971788
v -86.1150208 138.4285889 1632.9351807
vn 0.3192147 -0.0578545 0.9459148
v -91.8124237 139.7714386 1632.9045410
vn 0.8174595 0.0835715 0.5698911
v -92.6361008 139.6893005 1633.5069580
vn -0.8826213 -0.4223908 0.2063143
v -73.8577347 140.6955872 1630.1387939
vn -0.4077523 -0.9110073 -0.0616755
v -75.2680054 144.3466644 1630.4827881
vn -0.4648562 0.7516820 0.4678492
v -120.5619659 161.4824371 1629.6850586
vn -0.1929622 -0.8568830 0.4780347
v -48.6022797 17.1384220 1636.0325928
vn 0.4417673 -0.2195069 -0.8698611
v 11.7811308 16.8325253 1633.8913574
vn 0.5380649 -0.3511363 -0.7662830
v 12.9823408 17.6000195 1634.1800537
vn 0.7797430 -0.5651286 -0.2695002
v 14.7031260 19.2405586 1634.8726807
vn 0.3631543 0.1519499 -0.9192553
v 5.2433496 18.8443661 1631.6499023
vn -0.2925998 -0.8364382 0.4634182
v -63.5053024 18.5072803 1630.6865234
vn -0.2704854 -0.8044503 0.5288643
v -59.0751076 18.8167343 1633.6733398
vn 0.6821979 -0.5492975 -0.4825748
v 16.7384834 22.4025688 1635.0787354
vn 0.2540298 -0.0739974 -0.9643615
v 12.3871450 20.1207409 1633.7707520
vn 0.3634327 0.0560871 -0.9299306
v 2.9935930 21.8269577 1631.3018799
vn -0.2437093 -0.7875189 0.5660564
v -75.3812561 24.9465008 1633.7102051
vn 0.7909681 -0.4480712 -0.4166556
v 21.3789673 27.3106976 1635.1878662
vn 0.2827656 0.0103093 -0.9591337
v 6.8637772 21.3922310 1632.4494629
vn 0.1734871 0.8561858 -0.4866705
v -23.1869259 28.7386818 1631.5617676
vn 0.1885220 -0.0633464 -0.9800239
v 17.8269176 27.3215504 1634.2834473
vn 0.5318598 -0.4250952 -0.7324064
v 20.0877361 25.8024464 1635.0319824
vn -0.2168108 -0.8053868 0.5516750
v -80.5241089 26.6106186 1633.8964844
vn 0.3970841 0.9078666 -0.1345455
v -28.1420708 30.7650490 1631.1383057
vn 0.1472531 -0.0149353 -0.9889861
v 13.5618076 29.4794064 1633.6761475
vn 0.1538501 0.0329371 -0.9875451
v 17.3813496 29.8254929 1634.1472168
vn 0.3279716 -0.0980746 -0.9395829
v 6.2021537 26.6450272 1631.9748535
vn 0.7254800 -0.2392210 -0.6453311
v 21.9617786 28.8507137 1635.0817871
vn 0.8715065 -0.1512152 -0.4664875
v 23.6240921 33.2345238 1635.8308105
vn 0.6543210 0.7328168 -0.1866642
v -32.7732925 33.0235710 1631.5976562
vn 0.1043529 0.0513933 -0.9932116
v -25.4208183 30.3804035 1632.9394531
vn 0.1987996 -0.0428735 -0.9791020
v 11.6421556 29.1416473 1633.4387207
vn -0.3444859 -0.8700746 0.3525618
v -104.0953674 32.7881508 1633.2827148
vn 0.4811272 -0.4964477 -0.7225346
v -23.0089378 32.7916908 1631.6176758
vn -0.4591891 0.6563022 -0.5986758
v -21.3132706 32.3361778 1631.7669678
vn -0.6682158 0.7433012 -0.0314831
v -20.2531586 33.7217522 1636.3331299
vn 0.2980329 -0.0479773 -0.9533492
v 11.0107002 33.7259712 1633.0447998
vn -0.4175569 -0.8684422 0.2673097
v -110.6437759 34.5027657 1629.9083252
vn 0.3853889 0.0162168 -0.9226118
v 22.9796352 32.9939728 1635.3833008
vn 0.4235751 -0.1233865 -0.8974185
v 8.5353947 34.1749763 1632.0208740
vn -0.4563630 -0.8641438 -0.2121046
v -33.4990616 36.0169144 1630.7047119
vn 0.7781819 -0.5514405 -0.3005768
v -18.9821281 39.5288544 1634.8282471
vn -0.7240752 0.3504133 0.5940754
v -13.4559774 39.1408501 1635.7380371
vn -0.1729017 0.7481952 -0.6405537
v -51.4143257 42.6788521 1631.3085938
vn -0.2157501 0.9086275 -0.3575585
v -51.5867538 42.3143768 1630.9282227
vn -0.5944536 0.1654003 0.7869357
v -13.8802252 43.3370361 1633.8579102
vn 0.7993478 -0.5842792 0.1402172
v -15.6944714 42.6236382 1634.8139648
vn 0.5045746 -0.1551650 -0.8493105
v 10.2158232 41.6596413 1631.8248291
vn 0.5178930 -0.1670396 -0.8389783
v 11.8488770 46.7452927 1631.8928223
vn -0.0951303 -0.0326787 0.9949283
v -12.3341341 46.7647324 1633.4519043
vn -0.8147174 0.3900341 -0.4290792
v -50.3662720 44.9851303 1632.5374756
vn 0.3561592 -0.0821538 -0.9308069
v 12.7710733 40.2818222 1633.3195801
vn -0.4128549 0.5446687 0.7299911
v -11.2325497 48.9445000 1633.4648438
vn 0.2152786 0.6424524 -0.7354659
v -99.4624557 49.0175323 1629.8878174
vn 0.9932153 -0.0544276 0.1027674
v -51.0301590 51.4416084 1632.5494385
vn 0.8090947 -0.2913334 0.5103830
v -12.9130840 48.8202324 1634.9802246
vn -0.7189403 0.1516231 -0.6783327
v -50.0450706 50.8230629 1632.7308350
vn -0.1517763 0.1888222 -0.9702114
v -39.7383690 53.0275078 1632.3502197
vn 0.4388387 -0.1640635 -0.8834612
v 15.8220758 51.1932373 1633.3096924
vn -0.8087603 0.2579117 0.5285720
v -10.5888357 50.3171310 1633.5692139
vn -0.7468444 0.2975147 -0.5947340
v -49.0535927 53.6851120 1632.9843750
vn 0.6646761 0.3983485 -0.6320792
v -40.7224388 53.2900391 1631.8588867
vn -0.9163245 -0.3080901 0.2557927
v -39.8529739 53.1150627 1631.9678955
vn -0.7082271 0.3069226 -0.6357774
v -39.6717033 53.0140152 1632.3619385
vn 0.4231851 -0.2070764 -0.8820623
v 19.8980255 55.4816933 1634.3177490
vn 0.4632317 0.2409051 -0.8528664
v -50.3310013 55.5938034 1633.5461426
vn 0.6264694 -0.3927034 0.6732906
v -10.0900145 57.5621529 1636.5295410
vn -0.5790335 0.0677261 -0.8124859
v -48.1908798 57.8840370 1633.1812744
vn 0.2773633 0.9090909 -0.3108432
v -56.0429688 58.0644264 1630.2183838
vn 0.3051847 -0.0548364 0.9507130
v 5.3333492 58.1825027 1636.4029541
vn 0.4397124 -0.2274328 -0.8688655
v 21.6318951 59.2382011 1634.1733398
vn -0.3813970 -0.3392225 0.8599213
v -9.0617342 57.4001770 1636.1794434
vn 0.4945359 -0.2648240 -0.8278301
v 17.3321266 56.9425888 1632.3919678
vn 0.8272472 0.5612810 0.0250141
v -99.1137085 60.5676231 1630.9073486
vn 0.2906344 -0.0961478 0.9519912
v 5.2650495 60.8244438 1636.6473389
vn -0.8807083 -0.4692047 0.0648065
v -140.0297546 61.8216515 1632.3640137
vn 0.8511111 0.4151243 -0.3213749
v -55.9616203 61.3384857 1632.6984863
vn 0.9815325 0.1723354 0.0830337
v -56.4641609 63.4787178 1631.5660400
vn -0.6210946 -0.2870416 -0.7292796
v -48.5568085 62.4888115 1632.7371826
vn 0.4091664 0.9059121 0.1091152
v -111.9766922 71.1732101 1632.7668457
vn 0.2548756 0.9275662 -0.2732387
v -108.8724670 69.6650772 1631.9151611
vn -0.3583480 0.2972824 -0.8849914
v -107.0992813 70.3817596 1632.6572266
vn 0.5737159 0.0978545 -0.8131880
v -56.9135895 69.5611954 1633.5563965
vn 0.6935351 0.3715326 -0.6172298
v -59.5750732 72.4199982 1632.0997314
vn 0.4792736 0.6615018 0.5768121
v -114.9809723 72.5207367 1633.1986084
vn 0.3397755 0.9346892 -0.1044448
v -116.5051804 73.0518646 1635.2924805
vn -0.5783393 -0.5225725 -0.6264517
v -106.7169952 70.5297928 1632.3637695
vn -0.8180866 -0.3467871 -0.4587733
v -50.9546013 68.3070831 1632.1860352
vn -0.9474031 -0.2452137 -0.2056636
v -53.0273285 73.6537323 1632.1523438
vn -0.2675799 -0.9585819 0.0975798
v -118.7725525 74.1154785 1634.1853027
vn -0.3614326 0.9206386 -0.1476186
v -123.3563843 75.8142090 1634.5855713
vn -0.3762141 -0.9263597 0.0179124
v -110.1243591 72.1675034 1632.3657227
vn -0.9257131 0.1741332 -0.3357574
v -53.3844528 77.4894867 1633.2312012
vn -0.2819463 -0.9586905 0.0376667
v -122.3614197 75.6060715 1634.0168457
vn 0.9544696 -0.2556872 -0.1536617
v -60.7700768 79.3523636 1631.9222412
vn 0.5150074 0.1826936 -0.8374906
v 21.3124199 78.3177261 1631.6196289
vn -0.0116438 0.9820062 -0.1884895
v -105.6157761 83.9589233 1634.3024902
vn 0.9027740 -0.0126611 -0.4299289
v -106.8769608 83.8592453 1632.7802734
vn 0.9208226 0.1783216 0.3468245
v -60.2530212 82.5579071 1631.7357178
vn -0.0605239 0.9636271 -0.2603070
v -65.3525314 83.9568787 1631.7017822
vn 0.3753613 0.1495888 -0.9147279
v 27.3121548 79.1997147 1634.7403564
vn 0.2382721 0.4276974 -0.8719526
v 19.5504818 88.3233948 1634.6081543
vn 0.8191887 -0.4781801 -0.3166603
v -72.3507233 88.4362717 1631.1535645
vn -0.7282387 -0.0114469 0.6852280
v -49.6317406 89.1217194 1633.9578857
vn 0.5353484 -0.8426488 -0.0578367
v -71.3080521 89.4948349 1631.4368896
vn 0.3193461 -0.9437826 -0.0853956
v -66.9055023 90.9574280 1632.5629883
vn -0.9962239 0.0448769 0.0743237
v -148.4252014 100.1407547 1631.6221924
vn 0.0524274 0.9941313 0.0946282
v -27.5091457 104.1112595 1634.3983154
vn -0.2511518 -0.2901325 0.9234424
v -126.6172562 105.9907379 1631.8270264
vn 0.1115877 -0.9882528 -0.1044258
v -126.5959854 105.9561310 1631.7674561
vn 0.9521389 0.2710861 -0.1412230
v -5.9010916 105.8975296 1628.8089600
vn 0.9118367 0.4105260 0.0047313
v -6.5026293 108.0182724 1629.7248535
vn 0.7987709 0.5980886 0.0652313
v -7.8561263 110.2810822 1630.6063232
vn -0.9796727 0.1818020 -0.0847915
v -18.8572655 115.6899261 1636.9414062
vn -0.8178129 -0.3349941 -0.4679328
v -100.9977188 115.7856750 1630.0456543
vn 0.3454889 0.9373464 -0.0449360
v -61.2081184 115.4104233 1635.7645264
vn 0.5409107 0.7645746 -0.3504873
v -68.1379700 117.3794937 1628.3027344
vn 0.9330636 -0.3578648 -0.0364028
v -38.8905487 116.8655319 1626.2907715
vn -0.3047570 0.5737611 0.7602115
v -48.0189972 115.2454605 1637.3231201
vn -0.5513234 0.5067060 0.6627908
v -48.5946770 119.7748032 1633.1656494
vn 0.5930734 0.7952307 0.1259847
v -16.5686512 117.5133133 1631.9156494
vn -0.9847133 -0.0539538 0.1656163
v -45.8285179 124.6460800 1631.4372559
vn 0.9781981 -0.0926554 0.1858588
v -26.2681541 124.0193100 1633.6586914
vn -0.4142232 -0.4935857 0.7647171
v -53.1890793 124.0023727 1631.0341797
vn 0.4605611 -0.7738134 0.4348520
v -50.1507835 125.7302017 1631.9433594
vn 0.0920247 -0.6712915 0.7354585
v -51.7657394 125.2357178 1631.9151611
vn -0.2124126 -0.9689974 0.1261945
v -51.9807320 126.6532669 1635.8596191
vn -0.0361296 -0.9946232 -0.0970538
v -49.1195946 126.1829910 1633.2468262
vn -0.4613100 -0.8863243 -0.0402779
v -64.5743713 130.9677429 1635.7193604
vn 0.4258622 0.7546827 0.4990948
v -78.2755890 134.4375153 1632.6256104
vn -0.7691199 -0.5840384 0.2595261
v -70.1386871 135.3673096 1632.9980469
vn 0.9983014 -0.0582571 0.0006957
v -78.9662476 141.2994232 1629.8955078
vn 0.0025586 -0.8152562 0.5790949
v -84.5695953 139.7319489 1633.5087891
vn 0.4933649 -0.7371173 0.4617892
v -80.5300598 139.9097443 1632.4616699
vn 0.2832155 -0.7948982 -0.5365873
v -77.4092331 141.2480621 1632.6334229
vn -0.6741546 -0.5891431 -0.4454503
v -74.2606888 140.7086182 1632.4562988
vn -0.1427764 -0.6398375 0.7551311
v -89.2569275 140.1097870 1633.0393066
vn -0.2753160 -0.8934906 0.3547896
v -91.9215851 142.2077789 1634.5128174
vn 0.6825312 -0.4230793 0.5959489
v -92.6477585 141.6562042 1633.8775635
vn 0.5093334 0.6013889 0.6155573
v -52.6141434 151.9608307 1632.0123291
vn -0.6972908 0.6234927 0.3536135
v -131.1898651 152.8168945 1628.8474121
vn 0.3744834 0.6561529 0.6551532
v -59.3146019 157.0256042 1631.6972656
vn 0.2222493 0.7538754 0.6182857
v -73.4651489 163.6434326 1630.7503662
vn -0.1895612 -0.9800505 0.0597297
v -26.0431194 10.0894241 1631.2558594
vn 0.7705280 -0.6091373 -0.1877192
v 11.5213814 15.4215574 1634.5666504
vn -0.2525998 -0.7639342 0.5937996
v -50.9027481 19.1577339 1637.9331055
vn -0.2115338 -0.8669957 0.4511895
v -54.3997078 16.7858315 1632.6260986
vn -0.3069766 -0.7260137 0.6153613
v -62.0255623 21.7205601 1635.9532471
vn -0.2899207 -0.7739705 0.5629526
v -68.3397064 22.1740208 1633.2606201
vn 0.7598155 -0.6495417 -0.0278577
v 20.1380291 25.5908489 1635.4874268
vn -0.2043106 -0.8464669 0.4916817
v -87.9317398 30.0298290 1636.2268066
vn -0.2710325 0.3143330 -0.9098001
v -23.0988998 29.3583126 1632.0450439
vn -0.0314697 0.4175365 -0.9081150
v -25.0259838 29.9986763 1632.8723145
vn 0.7133276 0.5994903 -0.3630084
v -31.9119339 33.2706261 1634.1195068
vn -0.1917560 0.3807173 -0.9045905
v -28.1314182 31.4364738 1632.2036133
vn -0.5483750 0.5545484 -0.6259082
v -20.1958561 33.9120369 1635.7858887
vn -0.6253601 -0.6983489 -0.3481864
v -31.0071201 33.3112564 1635.4340820
vn -0.7395334 0.6618524 -0.1226452
v -18.8391857 34.6416054 1633.5792236
vn -0.5638102 -0.7976863 -0.2140436
v -29.3894825 33.4412956 1632.6013184
vn 0.8166881 0.1503757 -0.5571425
v -34.1185379 35.3961411 1631.0031738
vn 0.2381602 -0.0162335 -0.9710902
v 15.3171196 37.3241081 1634.1192627
vn 0.1940565 0.0423366 -0.9800764
v 15.9418259 32.9521713 1634.2482910
vn 0.9045411 -0.3467208 -0.2481737
v -20.9606667 35.6786041 1633.7181396
vn -0.2524663 -0.9073260 -0.3361849
v -31.6893864 34.1295013 1633.5505371
vn 0.5380183 -0.0460452 -0.8416747
v 24.1513519 38.2169037 1636.1763916
vn 0.2964952 0.0007374 -0.9550340
v 22.8417282 42.5994759 1635.7368164
vn -0.9788736 0.2006484 0.0393278
v -13.1333809 42.6421013 1636.0684814
vn 0.2474358 0.4897799 -0.8359972
v -51.1659355 44.4079399 1632.6121826
vn 0.6306229 -0.1077586 -0.7685720
v 26.1142254 42.6886292 1636.9686279
vn -0.0961792 0.2176994 -0.9712654
v -50.7779045 45.5001297 1633.1605225
vn 0.7367020 -0.0511333 -0.6742816
v -51.3107643 47.7128448 1632.9855957
vn 0.3262866 0.0231084 -0.9449884
v 22.8234005 45.4886017 1635.7752686
vn 0.5986758 -0.0433530 -0.7998174
v 26.9660263 46.0060310 1637.4779053
vn -0.9311672 0.3645808 -0.0029323
v -10.8107100 48.9502869 1635.4478760
vn 0.3062166 -0.0305573 -0.9514713
v 18.6823502 47.4749832 1634.5937500
vn 0.3173469 -0.0673918 -0.9459119
v -50.9067650 50.1376915 1632.9536133
vn 0.3602571 -0.0507708 -0.9314705
v 21.1796265 51.0030327 1635.5712891
vn 0.3663650 -0.1351966 -0.9205968
v 20.7538872 52.6881371 1635.1700439
vn -0.9080799 0.0498885 0.4158149
v -9.3957567 54.3524971 1634.7376709
vn 0.1703805 0.3145497 -0.9338249
v -51.6405983 59.5473366 1635.0224609
vn 0.0800611 0.0883382 0.9928679
v 5.2767124 59.5494461 1636.3061523
vn -0.3465475 0.1651103 -0.9233869
v -49.4636459 56.7344627 1633.9293213
vn 0.5458904 0.4322225 -0.7177656
v -53.8031006 59.5190735 1633.4510498
vn -0.8094460 0.0036598 -0.5871829
v -98.5512924 61.9070549 1634.7785645
vn -0.0584307 0.1304294 -0.9897344
v -51.8550797 60.6289825 1635.2451172
vn -0.1655907 -0.2828673 0.9447570
v -8.5947132 61.6187019 1637.3186035
vn 0.9029837 0.4114056 0.1239595
v -56.7681999 62.6628227 1636.1528320
vn 0.4306377 -0.1698554 -0.8863974
v 24.9160900 65.0029449 1634.4110107
vn 0.9691795 0.0927858 0.2282148
v -100.1938629 62.4880829 1633.1347656
vn 0.9692352 -0.2266828 -0.0959064
v -56.9072533 62.9671249 1636.9918213
vn -0.1529285 -0.2807176 -0.9475287
v -54.5088844 68.0359573 1634.6287842
vn -0.5752723 -0.2760168 -0.7699848
v -51.1771202 66.1923828 1633.5700684
vn 0.3380089 -0.1275286 -0.9324626
v 28.5221252 67.1000519 1635.5899658
vn -0.1029053 0.7900474 -0.6043473
v -112.3931732 72.1389542 1635.1276855
vn -0.5354413 -0.3586470 -0.7646405
v -109.7040939 71.4923096 1633.9486084
vn 0.2695997 -0.0697796 -0.9604409
v 32.9036522 71.2060547 1636.4519043
vn -0.5884981 -0.1413276 -0.7960507
v -53.7053261 72.3300476 1633.4671631
vn 0.4119831 0.9080089 0.0760908
v -122.0845261 74.9809494 1634.6094971
vn -0.0296899 0.0398240 -0.9987655
v -55.4577408 73.0932312 1634.1190186
vn 0.4041963 0.3814672 -0.8313292
v -122.0353012 75.0176849 1635.1865234
vn -0.3965644 -0.4355605 0.8080989
v -122.8800964 75.4693756 1634.8614502
vn -0.2019079 -0.9791976 -0.0201309
v -115.2271805 74.3920288 1637.2233887
vn -0.1320677 0.3226493 -0.9372596
v -55.3819427 77.4730225 1634.5938721
vn 0.3487676 -0.0076643 -0.9371780
v 29.4105663 73.5608292 1635.2875977
vn -0.9020995 0.0071064 0.4314697
v -123.4106140 75.7698135 1634.6445312
vn -0.9687986 -0.2191560 0.1157583
v -145.0048676 78.1491928 1637.8570557
vn 0.8028572 0.4011057 -0.4410608
v -60.1745911 82.6178894 1634.2220459
vn 0.2916397 0.1492717 -0.9448091
v 31.9391441 81.0225754 1636.7226562
vn 0.4316793 0.8693345 -0.2406460
v -61.6009941 83.7300034 1633.5223389
vn 0.2850810 0.4340653 -0.8545854
v -71.0717545 84.0936127 1631.6345215
vn 0.5124885 0.0323008 -0.8580864
v -67.4221878 88.3767471 1634.6939697
vn 0.5996231 -0.0322514 -0.7996324
v -71.3542709 87.8446426 1632.5321045
vn -0.0604136 -0.9943253 -0.0875645
v -105.0272598 87.5152206 1634.4028320
vn 0.2036488 0.6161104 -0.7608779
v 15.4385176 89.7202759 1634.5349121
vn 0.5718789 -0.5709707 -0.5890222
v -71.0746918 89.2863693 1632.3294678
vn -0.7098631 -0.0020920 0.7043366
v -47.7667999 91.8461151 1636.2567139
vn -0.0417804 0.7132540 -0.6996593
v 17.8944588 93.8575363 1638.2410889
vn -0.9872257 -0.0318006 0.1561224
v -147.9830170 97.0648499 1635.5195312
vn -0.2059420 -0.6963642 0.6875062
v -52.4578285 93.6590958 1634.4520264
vn -0.3621768 -0.5525016 0.7507130
v -48.9234886 94.5714035 1636.3118896
vn -0.0362338 -0.8428113 0.5369880
v -56.5867958 93.9956818 1633.8481445
vn 0.8725454 0.3974155 -0.2841225
v -2.8128369 95.2789001 1630.8771973
vn -0.2941803 0.9517015 0.0878765
v -24.7735958 104.3894730 1635.5444336
vn 0.4259291 0.8793688 0.2128262
v -33.8779449 105.3384171 1638.2581787
vn 0.6641224 0.7165879 0.2131743
v -37.3448601 108.0597687 1636.6010742
vn -0.1280874 0.9375802 0.3233221
v -56.6136856 115.4192963 1632.4124756
vn -0.0634909 0.8593557 0.5074217
v -51.0678864 113.7880325 1638.1031494
vn 0.5549981 0.8071197 -0.2013329
v -64.6556854 117.1637497 1635.2506104
vn -0.9637238 0.1687481 0.2067864
v -146.7776184 118.3793640 1634.6274414
vn -0.4777339 0.2361356 0.8461739
v -45.4026909 117.2658005 1637.4842529
vn -0.7249463 0.4288967 0.5389811
v -45.8944969 120.4722519 1635.4788818
vn 0.8372084 0.5387086 -0.0942078
v -66.2949677 119.4745483 1637.4921875
vn 0.9707474 0.1685675 -0.1709810
v -67.9213409 122.8756027 1634.9208984
vn 0.9540722 -0.2798058 -0.1070286
v -26.1956387 123.9615631 1633.0401611
vn -0.7579175 -0.5919287 -0.2741928
v -46.6432724 126.4537964 1630.3066406
vn 0.9590656 0.2366476 -0.1555354
v -68.1401138 125.0507202 1636.6949463
vn 0.6742601 0.7044576 -0.2216144
v -71.2766113 130.1878510 1635.5189209
vn -0.3653662 -0.9146703 0.1728752
v -60.8903160 129.1752014 1633.2515869
vn -0.3023889 -0.9517552 -0.0521832
v -58.8493195 128.6965942 1637.6273193
vn -0.9245585 0.3316663 0.1875879
v -143.7745819 128.8144836 1633.6539307
vn 0.3592806 0.9316452 -0.0543569
v -77.3814163 133.3426056 1635.1784668
vn 0.1420374 0.9784222 -0.1500513
v -82.4650345 134.7786713 1636.3088379
vn 0.7430481 0.6322799 0.2193212
v -32.8375549 131.3728180 1631.4274902
vn -0.8777741 0.3808712 0.2906024
v -141.6427155 133.0150146 1635.6457520
vn 0.2676285 0.6111267 0.7449155
v -92.8472214 136.2072906 1636.0631104
vn 0.8198248 0.0274153 0.5719579
v -93.3565063 137.6554871 1635.8288574
vn -0.2032296 -0.6824444 -0.7021164
v -75.7317886 140.7159424 1633.4898682
vn 0.4001527 -0.8937254 0.2028121
v -92.6104279 142.5406647 1634.5388184
vn -0.8197336 0.4638274 0.3360075
v -139.0422058 137.5234070 1636.4635010
vn 0.5896204 0.5976827 0.5432525
v -46.1348610 142.5782471 1635.4923096
vn 0.5505220 0.6011029 0.5793106
v -48.9175453 146.1944427 1634.3527832
vn -0.7317567 0.5833303 0.3525023
v -133.4545746 147.0435791 1634.3341064
vn 0.4206353 0.6425399 0.6404753
v -57.0555038 152.8329620 1634.6307373
vn 0.2811839 0.6850511 0.6720421
v -68.4439545 158.1601410 1634.9912109
vn -0.3211517 0.7791672 0.5382937
v -114.0804596 161.2191772 1634.8426514
vn 0.1466483 0.7709822 0.6197425
v -81.8151093 163.8993378 1633.0784912
vn 0.0573337 0.8446738 0.5322021
v -89.2361374 168.1858063 1628.3944092
vn -0.1259976 0.8090590 0.5740629
v -105.1982117 163.7521515 1634.9710693
vn -0.0177882 0.8001315 0.5995609
v -100.4961395 163.5176392 1635.7904053
vn 0.0618519 0.7981590 0.5992634
v -92.4128265 163.9253387 1634.7633057
vn -0.1151323 -0.9655592 0.2333237
v -14.8908958 8.8829327 1639.3195801
vn 0.1392721 -0.9715298 0.1916587
v -2.2500577 8.3321457 1635.6215820
vn -0.1373690 -0.9892511 0.0501206
v -16.7245445 8.5592985 1633.9936523
vn 0.4867683 -0.8155103 0.3130491
v 5.1932654 10.3057690 1635.7164307
vn -0.2706644 -0.9035454 0.3321844
v -35.8389511 13.3433924 1635.2185059
vn 0.6442224 -0.6831369 0.3439499
v 10.5288973 14.7900791 1635.9605713
vn 0.7193696 -0.6562532 0.2276822
v 17.6423950 23.3562469 1636.7902832
vn -0.2522506 -0.7666938 0.5903816
v -57.6996994 19.9545059 1635.8983154
vn -0.1654276 -0.8355568 0.5239070
v -84.9236679 30.7001591 1638.4372559
vn -0.8461367 0.2878461 0.4485503
v -31.1172771 33.2645187 1635.6824951
vn 0.2456187 0.9568545 0.1552451
v -23.7584000 34.0947342 1638.8674316
vn 0.9396963 0.0821900 -0.3319875
v -20.5920124 33.8196983 1635.0695801
vn 0.3014051 0.9075732 0.2923454
v -22.2528954 33.8295364 1638.2089844
vn -0.2004113 -0.9713770 0.1275226
v -20.4134579 33.7189255 1636.6246338
vn -0.2045729 0.8939446 0.3987646
v -20.3396378 33.5807610 1637.2081299
vn -0.2526579 -0.8694841 0.4244543
v -101.2131195 35.6556282 1641.4873047
vn 0.7870034 -0.1147244 0.6061881
v -30.9982281 33.2213783 1635.7623291
vn -0.6094213 0.3739155 -0.6991374
v -26.1941605 34.6207237 1638.6873779
vn -0.9434794 -0.1113575 -0.3121638
v -20.1721821 34.8015099 1638.3452148
vn 0.7281807 -0.5157584 0.4513825
v -20.2870083 35.2210579 1637.1988525
vn -0.9608165 0.2229798 -0.1646564
v -25.4352798 34.8442955 1637.8189697
vn 0.2301557 0.6132061 0.7556498
v -22.9599209 34.5668030 1637.7585449
vn 0.3454274 -0.3386534 -0.8752108
v -24.9807453 34.7756424 1637.7847900
vn -0.5861617 0.8045283 -0.0956488
v -16.3110695 37.8012886 1634.9010010
vn -0.5215117 0.3261508 -0.7884486
v -13.1958857 39.0863876 1636.7060547
vn -0.7149636 0.6774079 -0.1730481
v -13.0758333 38.7622719 1636.4118652
vn -0.8395689 0.0061991 -0.5432178
v -19.7664013 35.5295258 1636.9614258
vn -0.2267693 0.3659646 -0.9025772
v -16.9940662 38.5352249 1636.4307861
vn -0.3624344 -0.8501698 0.3819066
v -108.6584854 37.6360016 1639.9764404
vn 0.9108657 -0.3901343 0.1346066
v 25.9256554 40.6099319 1638.3057861
vn 0.7215503 -0.3375887 -0.6044824
v -15.3940802 42.2098694 1636.3519287
vn 0.8992373 -0.2794171 -0.3365984
v 24.7587051 38.4788170 1636.9564209
vn 0.9351187 -0.3289894 -0.1316015
v -14.1400766 46.7783852 1636.3758545
vn -0.6379092 -0.7231545 0.2648008
v -129.0273590 48.7055511 1638.3865967
vn 0.3731278 -0.0121648 -0.9277002
v 25.2031250 49.5501709 1636.7520752
vn 0.7272187 -0.1483438 -0.6701843
v 28.8704090 50.1011467 1638.6983643
vn 0.8327842 -0.1608088 -0.5297273
v -12.8206110 49.3568001 1637.6016846
vn -0.7808628 -0.5821624 0.2265837
v -134.3096466 54.3190804 1638.4698486
vn 0.9342427 -0.3096528 0.1769345
v -12.2305384 52.0731506 1636.1518555
vn 0.3162251 -0.0885951 -0.9445384
v 24.0888634 53.5254860 1636.2158203
vn 0.7786739 0.4972604 -0.3826213
v 5.3885384 57.6532059 1636.6413574
vn 0.3703632 -0.1594664 -0.9150965
v 27.9276257 57.7420616 1637.1865234
vn 0.8316739 0.5159062 -0.2053272
v -51.1732826 55.6907158 1632.4068604
vn -0.1734333 0.9510282 0.2558638
v 5.4577637 57.5188217 1636.5628662
vn 0.4575538 -0.2940501 -0.8391538
v 31.3318748 58.7027321 1638.3560791
vn 0.1485888 0.9863429 -0.0710566
v -100.3873901 61.4341736 1636.7631836
vn 0.3636293 -0.1664679 -0.9165491
v 26.2622738 58.0764389 1636.5285645
vn 0.7043571 0.6563748 0.2702835
v -100.9838257 62.0556259 1635.1705322
vn -0.2590476 0.2340731 -0.9370722
v -53.0802383 62.4156914 1635.6330566
vn 0.3569816 -0.2226776 -0.9071819
v 34.0961266 63.7877960 1637.8044434
vn 0.9913732 -0.0141219 0.1303065
v 5.2958961 63.0318565 1637.7297363
vn 0.3680843 -0.9248770 -0.0954804
v -100.4292297 62.5115700 1634.9584961
vn 0.3712468 -0.1902101 -0.9088432
v 27.6862373 62.0624886 1636.1887207
vn 0.6828184 -0.3242947 -0.6546694
v 36.5184898 63.3279228 1639.1528320
vn -0.3025730 -0.4426332 -0.8441123
v -55.7468109 63.9613686 1636.8737793
vn 0.6235368 -0.3591180 0.6944322
v -8.9633636 63.6634789 1638.2513428
vn 0.6761037 -0.3375869 -0.6549191
v 37.8694229 67.7096405 1639.1237793
vn -0.1898133 -0.0848494 0.9781470
v 5.4757724 64.0708313 1637.5957031
vn 0.2566472 -0.3560036 0.8985509
v -8.3234138 67.3355026 1639.3134766
vn -0.9328004 -0.3270819 0.1513304
v -142.8468933 70.3128204 1637.2049561
vn 0.5589731 -0.4312058 -0.7082448
v -55.8162766 66.7131195 1635.0966797
vn 0.3758631 -0.1841927 -0.9081850
v 35.8992233 69.0718307 1637.5485840
vn 0.3002677 -0.1664024 -0.9392282
v 29.9347343 65.7059097 1636.2988281
vn -0.7988056 -0.3630716 0.4796756
v 5.5949244 68.3863449 1638.5522461
vn 0.6431020 -0.0622344 0.7632475
v 4.9227014 66.9057083 1637.8963623
vn -0.5479566 -0.1960942 0.8131979
v -8.0336418 66.4748383 1639.1455078
vn 0.8189029 -0.4729287 -0.3251716
v 39.8659286 69.7650299 1639.7360840
vn 0.3627027 -0.0997145 -0.9265548
v 38.1956100 72.4412842 1637.7662354
vn 0.1775184 -0.3429775 0.9224173
v 4.7667050 69.7903519 1639.4919434
vn 0.0236193 -0.3659113 0.9303500
v 5.1933436 67.9602509 1638.0333252
vn 0.6473634 -0.2695847 -0.7129129
v 41.1304512 72.7439880 1639.1145020
vn 0.2614543 -0.0436632 -0.9642278
v 36.3029251 72.2260056 1637.2286377
vn -0.7606523 -0.3727514 -0.5314738
v -112.8644562 73.0238876 1635.9005127
vn 0.6301174 0.4316227 -0.6454874
v -118.5562897 74.0204391 1635.9868164
vn 0.0451342 -0.9325939 -0.3580943
v -118.5923233 74.1245117 1635.8861084
vn 0.2672882 0.0629751 -0.9615567
v 34.0482864 75.9353104 1636.7850342
vn 0.5631111 0.1422641 -0.8140436
v 43.2087975 79.1547012 1639.8778076
vn 0.3074581 0.1349842 -0.9419388
v 38.8344345 79.1316605 1638.4099121
vn 0.4378667 0.2680368 -0.8581545
v -58.8976936 77.3286362 1633.6909180
vn -0.7883782 0.5078313 -0.3472280
v -52.8669548 80.5630493 1635.0161133
vn 0.2616716 0.1909645 -0.9460764
v 33.3315811 84.8638306 1637.8439941
vn 0.5638669 0.4298318 -0.7051941
v -58.6365280 83.0151443 1636.1708984
vn -0.8229038 0.5585335 -0.1042583
v -50.0212402 85.2757950 1637.0992432
vn -0.6660524 -0.7268096 0.1676961
v -102.9421692 86.7139130 1640.7879639
vn 0.3683424 0.5873877 -0.7206245
v -64.9625092 86.5425949 1635.1281738
vn -0.7738868 0.5971432 0.2109958
v -47.8837852 88.1136322 1638.2818604
vn 0.2471836 0.2316972 -0.9408596
v 29.1178188 86.1441956 1636.9851074
vn 0.2049749 0.3825642 -0.9009051
v 23.0761948 90.8078079 1636.6751709
vn 0.5124604 -0.6350415 -0.5780196
v -66.8119431 90.2251129 1634.3884277
vn 0.4344452 -0.8801132 -0.1914629
v -63.3089790 91.9394684 1634.7690430
vn -0.9824754 -0.1406977 0.1222553
v -147.0489807 87.8871307 1636.3410645
vn 0.1168926 0.9563915 -0.2676779
v 7.0855036 93.8295975 1639.5313721
vn 0.0505597 0.8508164 -0.5230250
v 9.8264265 92.2219009 1636.2054443
vn 0.2533620 -0.9531266 0.1654009
v -58.2869415 94.5589066 1635.3641357
vn 0.0630412 -0.9679822 0.2429738
v -53.8535500 95.2993164 1637.3312988
vn -0.1035486 0.6524512 -0.7507231
v 21.8038635 95.7676239 1639.3631592
vn 0.7153922 0.4406956 0.5422190
v -41.0781975 111.9408417 1638.9849854
vn 0.1420740 0.9594319 0.2435272
v -54.4599075 113.6845932 1638.4533691
vn 0.7504696 -0.0667082 0.6575298
v -41.1553154 113.9840164 1638.7752686
vn -0.4057191 0.9108178 0.0761776
v -18.6477871 117.3544998 1637.6437988
vn -0.3875839 0.9194364 -0.0664491
v -18.4153862 117.2762146 1636.8901367
vn 0.5552073 -0.8299758 0.0537119
v -36.5094414 119.8822632 1635.4012451
vn 0.3990608 -0.9162221 0.0358816
v -32.6380577 121.9030457 1639.2205811
vn 0.5954650 0.6935445 0.4054843
v -35.7915878 129.9524841 1639.7962646
vn 0.3742504 0.1985425 0.9058242
v -97.3784790 134.7362213 1638.7989502
vn 0.0116400 0.8326620 0.5536593
v -97.3641815 133.8904572 1639.3992920
vn -0.1705771 0.9843974 0.0431889
v -93.2512817 134.0773468 1639.9001465
vn -0.1673905 -0.7854244 -0.5958935
v -65.4326859 130.5921021 1638.0208740
vn 0.0370082 0.8733394 0.4857044
v -91.5146561 135.0933075 1637.2462158
vn -0.5291852 -0.7488987 -0.3988909
v -69.5461349 134.5133057 1635.7039795
vn 0.6858068 -0.7210748 0.0985916
v -94.0746765 138.5864868 1638.1702881
vn 0.8410779 -0.4934998 -0.2214633
v -92.9974518 140.2609711 1636.6798096
vn 0.1198663 -0.7822307 -0.6113487
v -91.8376389 140.1392365 1637.8504639
vn -0.1816077 -0.8238834 -0.5368752
v -84.3233871 139.8640594 1636.8632812
vn -0.0892872 -0.9584198 -0.2710338
v -81.5896454 139.7864838 1635.0437012
vn -0.2732241 -0.9347628 -0.2270840
v -89.8657455 141.6644745 1635.4254150
vn -0.2690844 -0.9630410 0.0120708
v -88.0935364 140.9643097 1635.2059326
vn 0.2763261 -0.8366489 -0.4729299
v -92.5080490 142.2850647 1635.0557861
vn -0.7619808 0.5388919 0.3591391
v -135.5255737 142.9861603 1636.4111328
vn -0.6193559 0.6511742 0.4386006
v -130.1154327 149.6042786 1635.9216309
vn 0.2823114 -0.9339663 0.2191055
v 3.1228857 9.1779194 1634.9111328
vn -0.2585492 -0.9313433 0.2564218
v -26.5449162 11.3205986 1637.6824951
vn 0.4028098 -0.7541797 0.5186109
v 4.4205589 12.1297092 1639.6055908
vn -0.2425046 -0.8082124 0.5366416
v -43.2324333 17.3523846 1638.3046875
vn 0.6999657 -0.5211611 0.4883024
v 18.4890480 26.5051422 1640.4533691
vn 0.7893273 -0.4828312 0.3792578
v 20.4272671 27.1219254 1637.7045898
vn 0.9292299 -0.3552762 0.1015424
v 23.3749981 32.1136513 1636.4824219
vn 0.3753048 0.7364123 -0.5628883
v -24.9085445 34.5815773 1639.7287598
vn 0.9107735 -0.3090877 0.2737818
v 24.0783024 36.2986336 1638.9505615
vn 0.5914914 -0.6679903 -0.4515827
v -19.7922249 35.7571449 1636.7117920
vn 0.2063334 -0.9777982 -0.0365664
v -23.1681061 35.4765358 1640.2963867
vn -0.5821964 0.1113755 -0.8053837
v -13.5763283 42.1554108 1637.2084961
vn -0.4452289 -0.8179892 0.3642321
v -118.8531189 42.6493797 1640.3443604
vn 0.9305207 -0.2859139 -0.2288767
v 27.1630955 43.6141434 1638.2053223
vn 0.2225485 0.0128703 -0.9748367
v -14.2679062 41.9427910 1637.2916260
vn -0.2327121 0.1503357 -0.9608560
v -12.8463106 47.2951851 1637.5220947
vn -0.7844672 0.3311914 -0.5243315
v -11.7339802 47.5228500 1636.8319092
vn -0.6924825 -0.6349875 0.3424309
v -131.6713715 52.1343498 1640.7730713
vn -0.3893151 0.5682904 -0.7248999
v -9.6482782 55.9590912 1640.0633545
vn -0.9343733 0.3370761 -0.1154398
v -9.4117479 53.3064995 1636.8638916
vn 0.6309512 -0.2371204 -0.7386979
v 29.9575520 54.4927406 1638.7573242
vn 0.9727563 -0.2261228 0.0511253
v -11.2182579 55.9037704 1637.7364502
vn -0.9515173 0.1777987 0.2510028
v -8.0151949 57.4733391 1637.6270752
vn -0.8664406 -0.4518924 0.2123064
v -139.3508148 62.5727768 1639.1413574
vn 0.7489440 -0.4639672 -0.4730935
v 32.3026886 57.6280289 1639.7763672
vn -0.0389207 0.9989721 0.0232376
v -104.7554016 61.3529587 1642.9180908
vn -0.1983347 0.9401609 0.2770574
v -56.1321716 62.0833473 1636.8437500
vn -0.9791071 0.2032772 -0.0052763
v -56.8306770 60.2063103 1640.3468018
vn 0.9835677 0.0821743 -0.1607548
v 5.3605442 59.8657532 1637.7238770
vn 0.8758486 -0.2294525 0.4245478
v -103.3729706 61.8735428 1639.7603760
vn 0.2559087 0.2401832 -0.9363882
v 5.3455791 62.8602295 1639.0262451
vn -0.7345739 0.4200293 -0.5328946
v -55.3689804 62.5524635 1636.9354248
vn -0.8664011 -0.0458044 0.4972435
v -7.4715052 61.2607193 1638.2714844
vn -0.2092576 -0.9655381 -0.1547495
v -103.0290222 62.1107407 1641.3536377
vn 0.6718213 -0.5731688 -0.4691842
v -57.2069206 60.1991692 1641.2078857
vn 0.9432820 -0.2333010 0.2361984
v -10.5948877 60.5547523 1639.2117920
vn -0.6015439 0.1659147 -0.7814201
v 5.5893898 61.6222916 1638.7297363
vn -0.9560827 -0.0516736 0.2885061
v 5.5916896 63.2640610 1637.6120605
vn 0.9952548 0.0907448 -0.0351171
v 4.7152452 67.6290283 1638.8883057
vn -0.4019269 -0.2121875 0.8907476
v -7.1789012 71.1906738 1641.0537109
vn 0.8864794 0.3079824 0.3454000
v 4.2700458 70.0146103 1639.9375000
vn 0.7444148 -0.1179029 0.6572256
v -8.0945625 73.2209549 1641.7658691
vn 0.4579323 0.4358852 -0.7747917
v 2.8824039 72.5699768 1640.0228271
vn -0.8019202 -0.5380403 -0.2596856
v 3.2834933 71.9704208 1639.9128418
vn 0.9498498 -0.1016511 -0.2957236
v 43.6463280 78.7055359 1640.2741699
vn 0.1019720 -0.1709057 0.9799964
v 0.8872203 75.0730438 1640.6737061
vn 0.2597199 -0.0822968 0.9621709
v -7.7342978 75.5856171 1641.7012939
vn -0.4396842 -0.8027812 -0.4027657
v -115.1849594 74.2711792 1638.8118896
vn 0.5528530 0.5482587 0.6275078
v 0.2634204 75.0693741 1641.1796875
vn -0.0973871 0.6200657 -0.7784821
v -53.8792458 82.5321960 1637.4943848
vn 0.3084643 0.1966843 -0.9306799
v 36.2845535 86.0056839 1638.8950195
vn 0.2653457 0.5426995 -0.7969121
v -56.1729507 84.2122574 1638.2351074
vn 0.8013711 0.5285568 -0.2800574
v -104.9334869 85.4171982 1640.8615723
vn 0.9394811 -0.2690995 -0.2120396
v -105.8694305 86.4938965 1637.9537354
vn 0.4267748 0.5337136 -0.7300774
v -60.1997757 86.7410202 1638.2940674
vn 0.5618657 0.1717655 -0.8091993
v -63.8468666 89.1352310 1637.5043945
vn 0.2189243 0.2574922 -0.9411535
v 31.9416180 91.5519638 1638.9704590
vn 0.2733455 0.2750491 -0.9217539
v 35.2069855 92.6394043 1640.0976562
vn 0.5984514 -0.4369654 -0.6715036
v -64.0943527 89.8970413 1637.1771240
vn -0.9646981 -0.0594410 0.2565626
v -146.9952087 92.1822433 1638.9947510
vn 0.1284168 0.3791322 -0.9163885
v 26.7739353 94.2643280 1638.7547607
vn 0.4653622 -0.8681030 -0.1727286
v -58.9446411 94.2178650 1636.4174805
vn -0.0247024 0.5669738 -0.8233653
v 25.0962067 96.7219391 1639.9001465
vn -0.1672647 0.8639577 -0.4749734
v 22.6186066 96.9217224 1640.4331055
vn 0.8556688 0.5146683 0.0542911
v -4.1224236 99.3715439 1639.5523682
vn 0.1958285 0.4060357 -0.8926288
v 30.9030552 97.1111526 1640.5538330
vn -0.8305084 0.5569456 0.0082134
v -20.8058529 107.1083832 1633.2714844
vn -0.9097494 0.0810837 0.4071626
v -145.1820374 103.6508942 1644.2044678
vn -0.9745212 0.0797827 0.2096266
v -147.4235687 104.7804413 1637.1932373
vn -0.9662505 0.2510567 0.0577110
v -19.5867004 109.0194473 1638.0906982
vn 0.3046105 0.9517419 0.0374142
v -58.3592415 114.4795074 1638.4930420
vn -0.9769541 0.1453918 0.1562749
v -18.9866829 113.6755447 1639.6712646
vn -0.9521878 0.1240351 0.2792020
v -146.4657593 115.6399155 1636.9790039
vn 0.3147009 0.8624127 0.3964943
v -17.8328514 116.3927002 1639.4683838
vn 0.5835811 -0.6529452 0.4827999
v -39.3493042 118.2799988 1639.2391357
vn 0.2290524 0.4973018 0.8367951
v -70.3412323 119.4625626 1641.3575439
vn -0.8057967 -0.0714534 0.5878657
v -44.2235603 120.5587845 1638.5583496
vn 0.5506408 0.8315563 -0.0728626
v -64.9137192 118.2794495 1640.5201416
vn -0.6794401 -0.6342689 0.3688687
v -43.2217789 121.6037674 1640.7373047
vn 0.6952749 0.4809753 0.5340933
v -67.4006805 120.3089905 1639.7747803
vn 0.1259818 -0.9704499 0.2058051
v -35.2315407 121.7542114 1644.9615479
vn -0.9143252 0.2848851 0.2878369
v -144.8495941 123.7212296 1636.3161621
vn 0.7671120 -0.2434887 -0.5935087
v -66.6776047 125.9131012 1640.2813721
vn -0.5049331 -0.8507328 -0.1459328
v -47.1060753 125.1326218 1635.7983398
vn 0.8504926 0.3715474 0.3723103
v -28.0731335 124.1010742 1638.9420166
vn -0.2390643 -0.9685698 -0.0687086
v -53.9122314 127.3023529 1639.6492920
vn 0.3810292 -0.0468517 -0.9233751
v -69.0436783 130.3873901 1637.6726074
vn 0.6774420 0.7135496 0.1786603
v -28.1746864 125.5754013 1634.8724365
vn 0.3643864 0.1746510 0.9147238
v -109.7946472 129.2993164 1642.1217041
vn -0.2154473 -0.4577696 -0.8625714
v -69.3709641 132.9677277 1637.3802490
vn 0.2769340 0.6733073 -0.6855398
v -76.2392960 133.8134766 1637.0379639
vn -0.0923542 0.7156289 0.6923482
v -102.1539230 132.3471527 1641.1376953
vn 0.0234547 0.0954814 -0.9951549
v -75.6324997 134.8354950 1637.7413330
vn -0.0239853 0.9781192 -0.2066581
v -85.3331299 134.7429810 1637.3421631
vn 0.2496789 -0.0849640 0.9645941
v -104.5490112 132.4024811 1641.5321045
vn -0.1422198 0.2920852 -0.9457589
v -82.4218216 136.1171265 1637.9537354
vn 0.6085852 0.6057588 0.5125235
v -42.8502426 140.2218018 1634.3499756
vn 0.4604158 -0.4771516 0.7485610
v -99.6065598 134.9302368 1639.8068848
vn 0.5607745 0.6610801 0.4985028
v -41.8881340 135.5646362 1639.4410400
vn -0.0612727 -0.0831039 -0.9946554
v -78.3528442 135.9547577 1637.9149170
vn -0.2573563 -0.4973823 -0.8284797
v -73.9599380 135.6969147 1637.2299805
vn -0.1583603 -0.6093597 -0.7769188
v -79.9616470 138.1771088 1636.8779297
vn 0.5242646 0.6153898 0.5885934
v -48.0262871 140.3250122 1639.5626221
vn 0.4305810 0.6060998 0.6687623
v -55.9405479 147.6654816 1638.7397461
vn 0.3514274 0.6302131 0.6923369
v -58.8006935 149.6985474 1638.5227051
vn 0.2607433 0.6835994 0.6816927
v -72.8962936 156.1570129 1638.7580566
vn -0.5170042 0.6996692 0.4931223
v -123.0275192 155.8868561 1635.8367920
vn -0.4140186 0.7524112 0.5123144
v -120.0775299 155.6410065 1639.0234375
vn -0.2961358 0.7567301 0.5828063
v -114.3035965 158.1540680 1639.0534668
vn -0.1642324 0.7811017 0.6024183
v -107.2053757 161.3007812 1637.7822266
vn -0.0654145 0.7540349 0.6535689
v -103.3133087 158.3427277 1641.7402344
vn 0.0099777 -0.9768093 0.2138786
v -9.6460896 8.3541231 1637.7620850
vn 0.1528800 -0.8710045 0.4668822
v -6.4161191 10.0902615 1641.6191406
vn -0.2252020 -0.8639569 0.4504026
v -20.4433708 10.8139143 1641.7917480
vn -0.3047910 -0.8225911 0.4800482
v -33.2853928 13.8514242 1638.2718506
vn -0.2911193 -0.7062224 0.6453678
v -36.0266953 19.6374836 1644.3269043
vn 0.6331696 -0.6055099 0.4821348
v 13.4985228 20.3890438 1639.3920898
vn -0.2740237 -0.7051385 0.6539807
v -55.0015144 21.8954105 1639.4486084
vn -0.2907742 -0.6714101 0.6816589
v -57.7471809 23.2539825 1639.6173096
vn -0.2407855 -0.6878414 0.6847602
v -49.8696175 21.9621735 1641.4289551
vn -0.2815692 -0.6863030 0.6706020
v -60.6494598 24.0287151 1639.1225586
vn -0.5903658 0.7818543 -0.2004297
v -20.6927128 33.4459229 1639.6264648
vn 0.1007867 0.9155849 -0.3892895
v -21.3753433 33.5080299 1640.2432861
vn 0.7935869 -0.4109198 0.4487368
v 21.4118843 31.2626610 1639.9205322
vn 0.8125725 -0.3338344 0.4777873
v 22.6466026 35.0374298 1640.8858643
vn -0.0243517 -0.0418650 0.9988265
v -26.2636719 34.5935135 1638.7770996
vn 0.6629254 0.0238431 -0.7483057
v -25.3176823 34.6792183 1639.5429688
vn -0.4146555 -0.8921352 -0.1793198
v -21.3787346 35.3169441 1639.7585449
vn 0.8739850 -0.3604663 0.3259055
v 27.9984360 46.5939140 1640.2243652
vn -0.5234786 -0.7950724 0.3063170
v -123.0294418 44.0755424 1637.8813477
vn 0.9490380 -0.2723109 -0.1586625
v 28.6521339 48.0727463 1639.2366943
vn 0.9042346 -0.3890217 -0.1761301
v 30.1770916 52.9346619 1640.0341797
vn 0.5850869 0.2859212 -0.7588955
v -10.4392986 55.7231140 1639.9448242
vn 0.8364919 -0.5323155 0.1300829
v 32.2979164 56.3340492 1642.5781250
vn 0.1738113 0.9347303 0.3099498
v -57.1840439 59.0007896 1641.0610352
vn -0.6814556 0.5662941 -0.4636048
v -8.1324930 58.1918259 1640.8928223
vn 0.1662658 0.8772734 0.4502744
v -57.0685158 59.7722092 1639.8105469
vn -0.4042087 0.8843917 -0.2333810
v -102.6975479 61.3390045 1640.8295898
vn -0.0081185 0.4650112 -0.8852676
v 5.4777489 60.4665031 1638.4783936
vn -0.8253986 0.1951795 -0.5297378
v -100.4545593 61.5936775 1637.3109131
vn 0.7419257 -0.6133730 0.2707762
v -104.6246567 61.7646828 1642.4708252
vn 0.8402708 -0.4968263 -0.2170453
v 36.6954460 62.5398216 1640.2291260
vn 0.5120075 -0.6215439 -0.5929010
v -56.5230751 63.4852600 1637.1867676
vn -0.6044725 -0.6902507 -0.3977022
v -100.6096649 61.8510132 1637.2517090
vn -0.9657436 0.0826943 0.2459695
v -6.3354707 65.1636353 1641.9089355
vn -0.6282662 -0.6342372 -0.4505827
v -103.7727051 61.9473610 1643.1920166
vn 0.8103097 0.1526318 -0.5657753
v 5.3417010 66.6946945 1639.5983887
vn -0.7674594 -0.1855667 -0.6136539
v 5.2572670 69.8152466 1640.2391357
vn 0.9320095 -0.1898510 0.3087313
v -9.2031879 69.7015686 1641.7845459
vn -0.9101673 -0.3888231 0.1428704
v 5.5661459 69.3982162 1639.5804443
vn -0.8986263 0.1249547 0.4205439
v -5.9821024 71.1565475 1642.2456055
vn 0.5270721 0.8262863 -0.1986101
v 1.2116308 74.2734222 1642.1708984
vn 0.4738154 0.7287304 -0.4944199
v -115.8569946 73.9054108 1639.3074951
vn 0.0524080 -0.0824625 -0.9952152
v -115.6681824 74.0098877 1639.6070557
vn 0.9099412 -0.3208118 -0.2628438
v 41.9777832 73.8361130 1639.6877441
vn 0.4705093 -0.1220621 0.8739119
v -7.9995885 78.4470139 1642.3001709
vn 0.0485065 -0.1392006 0.9890755
v -4.6533012 79.2547836 1641.9805908
vn -0.1994433 -0.3725900 0.9063107
v -1.6852895 78.7163162 1641.6484375
vn -0.5819371 -0.6084383 0.5395851
v -1.6771561 80.0077133 1642.6961670
vn 0.1755711 -0.2464516 0.9531193
v -7.2310343 80.6190720 1642.4844971
vn 0.3450269 0.9106279 -0.2274057
v -103.0319824 84.7165756 1642.6311035
vn 0.9746927 0.1090839 -0.1951280
v 43.5261497 82.1319809 1641.5356445
vn -0.0680456 0.0804233 0.9944355
v -8.8638783 84.6681213 1643.6538086
vn 0.3240956 -0.5310871 0.7828848
v -11.6211100 87.8353882 1640.7078857
vn 0.3895107 0.4637341 -0.7957588
v -56.7269592 89.0280991 1641.3991699
vn 0.8566444 0.3802274 0.3486941
v -11.7895279 87.0267639 1642.0240479
vn 0.5280951 -0.8259527 -0.1972758
v -105.2244568 87.0592346 1639.0523682
vn 0.6117715 0.2305186 -0.7567013
v 42.4927368 84.3055267 1641.1071777
vn 0.9860113 0.0845491 -0.1436429
v 43.3193245 85.3049850 1642.8044434
vn -0.5965108 0.4039775 0.6935251
v -43.5215034 92.0101624 1640.3421631
vn 0.5507807 -0.0938725 -0.8293544
v -60.7736130 90.3385391 1639.5863037
vn 0.4887577 0.2273245 -0.8422824
v 41.1398888 88.0442123 1641.2053223
vn 0.6319344 -0.5386883 -0.5572018
v -58.1064301 92.8583679 1640.1534424
vn -0.5656738 0.1885342 0.8027877
v -40.6695747 94.1165390 1641.5864258
vn -0.1429647 0.9147013 -0.3779982
v 14.4803572 94.6164474 1639.9418945
vn 0.3611916 0.2814324 -0.8890087
v 38.1722183 94.8264160 1641.6818848
vn 0.7647009 0.6306066 -0.1325439
v 39.6924896 98.0704651 1643.5364990
vn -0.0515496 -0.8822504 0.4679497
v -49.1113129 95.4764786 1637.3607178
vn -0.1246438 -0.7242771 0.6781494
v -42.3174248 96.9696808 1641.9011230
vn -0.5077391 -0.2280339 0.8307837
v -43.2864761 95.1219864 1640.1650391
vn 0.5025691 0.4077221 -0.7623562
v 39.4093666 98.0196075 1643.1113281
vn -0.0824295 0.8209789 -0.5649770
v 29.3608704 99.0911484 1641.3509521
vn 0.1515324 0.6034568 -0.7828652
v 33.7834396 98.9257431 1642.3575439
vn 0.4104051 0.7351683 -0.5395325
v 37.7526627 100.2760315 1643.6400146
vn 0.2164698 0.9316725 0.2917655
v -31.0362549 103.6643982 1639.8461914
vn -0.9506814 0.0313217 0.3085836
v -146.7821045 101.1165771 1640.4276123
vn 0.5553486 0.7024205 0.4451893
v -38.8412933 106.4376144 1642.9368896
vn 0.0871979 0.5459784 0.8332492
v -43.4301758 112.3353806 1639.9112549
vn 0.3920905 0.7406228 0.5456583
v -42.2264595 109.0588989 1643.1655273
vn -0.0621735 -0.0315338 0.9975671
v -41.8933525 115.6857452 1639.1347656
vn -0.0842083 0.9179772 0.3875912
v -70.5293045 118.4105530 1642.8443604
vn 0.2084638 0.2279042 0.9511060
v -73.6656799 118.6662369 1642.6220703
vn -0.2434771 -0.5830478 0.7750962
v -40.9186363 119.1362152 1640.2363281
vn 0.2941641 -0.7491533 0.5934954
v -73.9068298 119.0912399 1642.8931885
vn 0.5185322 -0.4919602 0.6993566
v -70.7442703 119.6970749 1641.5750732
vn 0.6213312 -0.7474350 0.2351351
v -29.6950417 123.2916489 1641.4316406
vn 0.9541191 -0.2972629 -0.0359386
v -67.6118698 123.2127914 1640.2595215
vn 0.8459675 0.0160082 0.5329942
v -28.2937260 123.8881683 1639.5069580
vn -0.8430834 0.3125386 0.4376415
v -141.9298096 127.3054504 1640.1253662
vn -0.8320790 -0.5544510 -0.0151239
v -45.3670197 123.5172424 1635.7764893
vn 0.5314376 -0.1999164 0.8231692
v -113.6540451 124.3890991 1645.2303467
vn 0.3021328 -0.6127254 -0.7302626
v -64.7250214 127.7391129 1640.7938232
vn -0.0355461 0.5412704 0.8400970
v -110.7944260 126.2412567 1643.6955566
vn -0.2174249 0.5476696 0.8079507
v -107.3384781 129.2435303 1642.4328613
vn -0.1116063 -0.9143501 -0.3892404
v -60.9411507 128.7604828 1640.0842285
vn -0.3941730 0.9175940 -0.0514680
v -100.8531723 132.1610260 1642.7711182
vn 0.7991687 -0.4967888 0.3384233
v -110.9494553 129.4597931 1643.6164551
vn -0.1724086 0.9594117 -0.2231693
v -88.4259567 134.9075165 1638.2167969
vn 0.4839447 -0.2786081 0.8295632
v -109.6232529 129.9558105 1642.0244141
vn 0.4552925 -0.6979054 0.5528442
v -104.3370438 134.1121216 1642.1379395
vn 0.2843402 -0.9555452 -0.0780000
v -103.5471420 134.6594849 1642.7609863
vn 0.3995063 -0.9147918 0.0595874
v -98.8872070 135.9459381 1640.8958740
vn -0.3071400 0.1875676 -0.9329970
v -86.6189041 136.5186615 1639.0800781
vn -0.2034803 -0.5831129 -0.7864956
v -86.5223999 138.7590637 1638.3502197
vn 0.1673889 -0.8427119 -0.5116812
v -93.8458405 138.2716064 1640.1038818
vn 0.4885385 0.6052285 0.6285130
v -52.2549210 144.6393890 1638.8548584
vn -0.4466845 0.6942865 0.5643042
v -121.2602615 152.5041809 1642.1232910
vn 0.1598242 0.7369269 0.6568068
v -86.0004730 156.2924652 1642.7359619
vn 0.0841850 0.7560165 0.6491163
v -91.9568100 159.4307251 1640.2947998
vn 0.1880618 0.7187385 0.6693636
v -81.2072678 158.8268738 1638.8120117
vn 0.0123779 0.7624587 0.6469185
v -98.3930435 159.9686584 1640.0522461
vn 0.5039083 -0.6073126 0.6142051
v 6.8228598 15.7136240 1641.6037598
vn -0.2587437 -0.6813923 0.6846579
v -43.1402321 22.5324192 1644.2889404
vn 0.5587671 -0.5533714 0.6177050
v 12.4593649 22.2159042 1642.4520264
vn -0.2650128 -0.6290509 0.7307963
v -49.6469536 24.8590164 1644.0632324
vn -0.2461547 -0.6471911 0.7214926
v -57.6764603 28.2623501 1644.0531006
vn -0.2673226 -0.6268937 0.7318081
v -54.1663513 26.2019653 1643.5917969
vn 0.6475460 -0.4667950 0.6023177
v 18.0109215 27.4074402 1641.7561035
vn -0.2176245 -0.7474886 0.6276150
v -70.7678528 28.4095516 1639.7653809
vn -0.5102099 0.3936681 -0.7646642
v -21.0532036 33.7855949 1640.5853271
vn -0.1629426 -0.8041751 0.5716224
v -78.1081314 30.6166267 1640.2663574
vn -0.1197416 -0.8601992 0.4957007
v -88.7626190 34.0485115 1643.1239014
vn -0.4431256 -0.0302874 -0.8959478
v -21.8344040 35.0425377 1641.2181396
vn 0.5441247 -0.1608666 -0.8234381
v -23.3755760 35.1901436 1640.9405518
vn -0.0344157 -0.5484127 -0.8354993
v -22.3590622 35.5528870 1641.4014893
vn 0.7806229 -0.4046592 0.4763181
v 28.6715450 51.1094208 1642.6577148
vn 0.2602797 0.6276590 -0.7336884
v -10.2231226 57.9482384 1641.7812500
vn 0.7777550 0.5772907 -0.2486618
v -105.0599136 61.2939796 1643.3953857
vn -0.9426031 0.3180377 -0.1017423
v -7.1844969 59.5025177 1640.4626465
vn -0.9254996 0.3704969 0.0786296
v -57.0165558 58.8561020 1642.3782959
vn 0.9979988 -0.0562264 0.0289291
v -57.3653412 60.3746490 1640.2264404
vn -0.5366829 0.1281606 -0.8339943
v -104.2948303 61.7778168 1644.0086670
vn 0.9909787 0.0327130 -0.1299660
v -10.5727091 60.3046875 1642.9664307
vn 0.8580043 -0.4049100 0.3160326
v 37.2304306 64.2546463 1643.0137939
vn 0.9871746 -0.1418252 -0.0732943
v -9.6722260 66.6526031 1643.5249023
vn 0.9160709 -0.3989785 0.0403759
v 38.8802719 67.7526550 1641.5646973
vn 0.4014421 0.6291485 -0.6655948
v 3.4387968 72.2234497 1641.2890625
vn 0.8650068 -0.3320004 0.3762166
v 40.9486961 72.5759201 1641.4333496
vn -0.9319348 -0.2973839 -0.2075100
v 2.9373512 73.2037506 1641.9960938
vn -0.5982458 0.4636171 0.6535757
v -4.2702527 74.8022461 1642.9359131
vn 0.0253102 0.8821102 0.4703627
v -2.9563305 75.3468552 1642.9345703
vn -0.8938094 -0.4470511 -0.0353554
v 2.0236058 75.3298111 1642.9384766
vn 0.8768311 -0.2318449 0.4212069
v 43.3572731 78.5419464 1641.2287598
vn 0.9091679 0.1117130 0.4011657
v -9.6786480 78.9978409 1644.3038330
vn -0.5409826 0.8311274 0.1287057
v -102.9028854 84.6983032 1640.2238770
vn 0.6716941 0.0780320 0.7367076
v -9.9402685 82.3210068 1644.1251221
vn 0.8795715 -0.0970129 0.4657709
v 43.2977180 83.3547211 1642.7880859
vn -0.2477813 -0.3770906 0.8924165
v -6.2985115 84.1072617 1643.9127197
vn -0.9643611 0.1019321 0.2441672
v -102.6762314 85.2576141 1639.8909912
vn -0.3402096 0.8235151 -0.4539608
v -50.3752594 86.9377747 1640.5898438
vn 0.1038694 0.6929044 -0.7135087
v -52.5046463 87.3476334 1641.5450439
vn -0.5547940 0.7908893 0.2582593
v -44.5838585 89.9828644 1641.5516357
vn -0.4721718 0.8736505 -0.1174249
v -46.6368752 88.5471573 1641.7413330
vn 0.5997245 0.0690274 -0.7972238
v -57.1370773 90.7495804 1641.8548584
vn 0.2004997 -0.8314400 -0.5181770
v -102.7354279 86.7043381 1644.0421143
vn -0.5397528 0.7179400 0.4395784
v -39.4384460 91.9662476 1644.0196533
vn -0.9562338 -0.1119386 0.2703457
v -145.5052490 85.0080719 1642.3421631
vn -0.2218464 -0.7442497 0.6299814
v -10.0023193 90.1146622 1644.3743896
vn 0.7650387 0.3436165 -0.5446500
v 42.9373779 93.5150223 1644.5600586
vn 0.6719697 -0.6499330 -0.3550265
v -54.4523888 94.6031342 1643.1939697
vn -0.6012011 0.1544177 0.7840360
v -36.3095703 96.7247391 1644.2620850
vn 0.6542639 0.7426148 -0.1430460
v -2.3152556 97.1041336 1639.1398926
vn -0.0550111 0.7031900 0.7088706
v 23.0108452 95.9954224 1643.8590088
vn 0.3578648 -0.9323649 0.0512683
v -52.7695198 95.8585587 1641.9886475
vn -0.4112523 -0.2177049 0.8851418
v -36.9760933 97.9011688 1643.9760742
vn -0.2242853 0.9725881 -0.0613885
v 17.8110237 96.5524750 1642.2106934
vn -0.1447718 0.9844278 0.0997146
v 19.8657513 96.9759445 1642.0852051
vn 0.4133105 -0.8804153 0.2324724
v -49.8317337 98.1095428 1647.4277344
vn -0.2061879 0.9471337 0.2458136
v 23.8031101 97.3093338 1641.8833008
vn -0.3566759 0.9318987 -0.0659334
v 28.5084686 98.8299026 1641.4344482
vn -0.0966236 0.9933953 -0.0618838
v 30.8955612 99.6288910 1642.4849854
vn -0.2165775 0.8013061 0.5576762
v -29.7181873 101.1659012 1646.1802979
vn -0.5935719 0.8000918 0.0867499
v -21.9098854 105.6152496 1638.1717529
vn -0.6841273 0.6469302 0.3368252
v -20.5589523 106.1024551 1645.6704102
vn 0.8024907 0.5116979 0.3068777
v -8.0741825 105.4344101 1642.2264404
vn 0.7628900 0.5876884 0.2694834
v -9.9588451 110.6283188 1638.6975098
vn -0.8755991 0.1844825 0.4464218
v -143.9555817 115.3234024 1643.4682617
vn 0.5063642 0.8392213 -0.1982495
v -59.8871498 115.6694031 1641.9967041
vn -0.8159927 0.4551848 0.3563185
v -18.5672665 115.8644485 1640.1704102
vn -0.0424454 0.0111706 0.9990364
v -122.7296906 116.3096619 1645.6916504
vn -0.1197671 0.8067691 0.5786012
v -83.4717484 115.1747055 1646.1942139
vn -0.1985496 0.9774522 -0.0718701
v -74.6423187 117.5907745 1644.7236328
vn -0.3988473 0.5228617 -0.7533502
v -79.6153641 117.2893600 1643.9719238
vn -0.2112570 0.7501450 0.6266203
v -18.2660580 115.7825012 1640.6232910
vn -0.6436659 0.7400119 -0.1951326
v -121.4039993 117.8537292 1645.8497314
vn 0.1617777 0.9527445 -0.2571109
v -65.8573380 118.7616806 1643.5225830
vn 0.3057586 -0.1085929 0.9458960
v -77.8479843 117.9150314 1643.3428955
vn 0.1877019 -0.8978636 0.3982575
v -38.4890671 120.0596542 1641.7150879
vn 0.3469342 -0.9017419 0.2578725
v -78.8120728 118.6873932 1645.4511719
vn -0.2214005 -0.8683233 0.4438430
v -39.9633064 121.2080383 1643.4560547
vn -0.8426490 0.2586395 0.4722798
v -143.3601532 119.2559052 1642.6267090
vn -0.3034087 0.6044988 0.7365625
v -115.1808777 122.0650864 1645.8747559
vn -0.3177560 -0.9301732 0.1838724
v -44.1359558 123.6877213 1646.2629395
vn 0.5306840 -0.5973205 -0.6013175
v -65.3229141 125.1846085 1642.6838379
vn -0.5100177 0.8455333 0.1579732
v -105.5459824 129.1289978 1643.5651855
vn 0.1613317 -0.8226069 -0.5452431
v -60.0442123 127.1893845 1643.0521240
vn 0.4984872 0.6698998 0.5502225
v -41.4292526 132.4762268 1642.8646240
vn -0.4217235 0.7222161 -0.5482273
v -94.3574219 134.3200073 1642.0247803
vn 0.6120986 -0.7893845 0.0469834
v -108.8551559 131.7173309 1643.6444092
vn 0.5394152 -0.8419784 -0.0101714
v -106.8922729 133.0973358 1643.4685059
vn -0.4276740 0.2258984 -0.8752513
v -91.2099152 135.9105530 1641.0992432
vn -0.2222464 -0.4183157 -0.8806921
v -91.6894302 136.9562225 1641.1488037
vn 0.3967061 0.6090906 0.6867555
v -56.0926323 143.1054535 1642.7872314
vn -0.6550118 0.5762727 0.4887426
v -131.8829803 144.5298004 1640.4333496
vn 0.2646711 0.6662976 0.6971347
v -74.6038513 151.7022095 1643.7558594
vn -0.1553874 0.7446977 0.6490610
v -107.8212509 158.5538940 1640.8515625
vn -0.0633320 -0.8695757 0.4897214
v -13.7213650 9.9601688 1642.4553223
vn -0.2653328 -0.7294405 0.6304880
v -22.1970482 12.8736839 1643.7506104
vn 0.3206829 -0.7056419 0.6318482
v 0.8136583 13.0982819 1642.8157959
vn 0.4752993 -0.5338408 0.6993603
v 7.8516455 19.0628605 1643.6467285
vn 0.3377407 -0.4896794 0.8038316
v 1.4265032 17.9553699 1646.1751709
vn -0.2460840 -0.6441908 0.7241968
v -53.2226257 30.3340187 1647.3273926
vn -0.2024282 -0.6954182 0.6895045
v -62.6196136 30.7018433 1644.7465820
vn -0.0816823 -0.8551818 0.5118516
v -83.0325623 35.9007492 1647.3094482
vn -0.0628028 -0.8345914 0.5472777
v -76.9023285 36.6074486 1649.2672119
vn -0.2462898 -0.8520978 0.4618125
v -102.0109787 38.2683640 1646.3063965
vn 0.6665780 -0.2480265 0.7029628
v 20.0002270 36.8200035 1645.8041992
vn 0.7327690 -0.3273391 0.5965725
v 23.6475010 42.7859535 1643.8841553
vn 0.6060471 -0.1831601 0.7740539
v 22.2529774 42.9805374 1645.2194824
vn 0.6614604 -0.3309321 0.6730187
v 26.7797775 49.3541412 1643.9644775
vn 0.4515658 -0.1377469 0.8815408
v 20.9628448 46.3843575 1646.5611572
vn 0.6495024 -0.4705413 0.5972751
v 32.8262634 58.8840828 1644.7574463
vn -0.1337665 -0.6803860 0.7205425
v -57.0945129 58.3766441 1643.5493164
vn 0.4367085 0.4519502 0.7778347
v -57.0454521 58.5242157 1643.4743652
vn 0.8022195 -0.5506589 0.2306918
v 35.1771240 60.4507751 1642.8084717
vn -0.7874329 -0.4837112 0.3820641
v -137.9030914 62.5510597 1643.1015625
vn -0.8172992 0.3912422 -0.4230267
v -7.3020687 61.8661041 1643.1718750
vn 0.5627410 -0.7985294 -0.2137135
v -104.6283340 61.8448715 1643.6878662
vn -0.6524926 0.2518176 -0.7147317
v -6.4822493 65.6853256 1645.0808105
vn -0.8485348 -0.3830046 0.3650976
v -139.9712219 67.3841476 1644.1993408
vn 0.7738549 -0.1969400 0.6019663
v 39.1104393 70.6877060 1643.7767334
vn -0.1773081 0.2850536 0.9419694
v 15.3720875 70.8170242 1647.8286133
vn 0.9986389 0.0308952 0.0420214
v -9.1138725 72.5256958 1644.6451416
vn -0.9510088 0.2303006 -0.2062619
v -5.9849482 65.6098785 1644.2253418
vn -0.4436070 -0.0339203 0.8955793
v 15.9614201 71.8295441 1647.9207764
vn 0.1764639 -0.0131251 0.9842197
v 11.7541838 75.4186020 1647.6503906
vn -0.2880840 -0.0805684 0.9542098
v 14.0792665 75.9245300 1647.8005371
vn -0.7272134 0.0024141 -0.6864072
v 0.9104580 76.2934189 1645.0422363
vn -0.6235124 0.6796781 -0.3863548
v -2.8882039 75.6841965 1646.1420898
vn -0.9347438 -0.2561629 0.2462409
v -143.7735138 76.2666245 1642.9259033
vn -0.8585234 -0.2752583 0.4326321
v -142.6444244 75.6977463 1645.4780273
vn 0.1849881 -0.3634774 0.9130518
v 11.8527708 78.2415314 1648.0140381
vn -0.8349150 -0.5498524 -0.0240694
v 0.0098650 78.4414139 1643.9541016
vn 0.0011992 -0.4429924 0.8965245
v 14.9290771 79.5352249 1648.3671875
vn 0.6301193 -0.1918762 0.7524183
v 41.5662498 80.1678314 1643.9824219
vn 0.8958014 0.3785944 0.2328221
v -11.1173649 81.9278946 1646.3850098
vn -0.3136375 0.9059983 0.2842509
v -101.0070419 84.7341156 1644.2448730
vn 0.7491658 0.5204743 -0.4097039
v -101.1488113 84.6688690 1645.4320068
vn 0.6946205 0.4244607 0.5808059
v -11.1320887 83.9589920 1644.6766357
vn -0.5878722 -0.4077140 0.6986957
v -3.7225440 84.5398865 1645.3951416
vn 0.8342518 0.2698053 -0.4808629
v -104.5213013 85.8342590 1642.6657715
vn -0.7989032 -0.2676384 0.5386311
v -99.5511780 85.3231430 1645.6989746
vn -0.5350226 -0.8409110 0.0813609
v -100.6267548 86.0016937 1644.5262451
vn 0.5573741 -0.6792361 -0.4774646
v -104.1060638 86.7636490 1642.9698486
vn 0.2199304 0.8245560 -0.5212850
v -47.7837982 90.2353592 1646.2124023
vn -0.4926261 -0.3530664 0.7954016
v -7.3999677 87.9393997 1644.6748047
vn -0.4697692 -0.1608495 0.8680117
v -2.4336212 87.0452652 1647.1215820
vn 0.7549706 -0.0764060 0.6512922
v 42.8766556 89.3268509 1644.9941406
vn 0.6824175 0.4714004 -0.5586485
v -11.5834723 87.8615952 1640.7275391
vn 0.9201217 0.2236533 0.3214893
v 43.1575813 93.3518753 1644.8914795
vn -0.9023654 -0.0023895 0.4309652
v -144.3168945 95.2750473 1646.3140869
vn -0.2620122 -0.6029266 0.7535445
v -8.9633045 91.3845215 1645.9840088
vn 0.0374659 0.9990257 0.0233222
v 7.8525686 94.4505920 1643.4305420
vn -0.6800880 0.5394750 0.4964345
v -37.1249428 93.9870453 1645.0014648
vn 0.7405490 -0.0652053 -0.6688315
v -53.9611473 93.7339172 1644.5405273
vn -0.2173511 0.6790968 0.7011320
v 27.0517235 97.1056442 1643.6114502
vn -0.0910238 0.9685808 0.2314433
v 12.2493801 94.7901230 1644.6315918
vn 0.6641055 0.4196624 0.6187466
v 41.3650894 95.6742859 1645.6058350
vn -0.2333068 0.6662115 0.7083292
v 31.6664219 99.1606064 1643.5882568
vn 0.2300424 -0.8785126 0.4186839
v -44.1055641 99.0661240 1645.4771729
vn -0.0830023 0.6045859 0.7922037
v 36.6034966 99.9259872 1644.1577148
vn 0.3436531 0.5551491 0.7574378
v 38.5726089 98.4723892 1644.6385498
vn -0.2023793 0.1629373 0.9656574
v -33.8908310 100.7402649 1646.0935059
vn -0.0994173 0.9937476 0.0508127
v 33.3518753 99.7059860 1643.4150391
vn 0.7255085 -0.4281409 0.5388253
v -41.8998184 102.4625702 1649.3728027
vn 0.6677207 0.7101784 0.2231494
v -4.2879457 98.8617249 1644.3167725
vn 0.2485956 0.9326833 0.2613469
v 37.6596603 100.3831024 1643.8355713
vn 0.1560018 0.6757140 0.7204680
v -33.8982925 101.7516098 1645.6215820
vn -0.8191029 0.4559663 0.3480879
v -19.0413246 108.6232071 1645.1215820
vn 0.4797057 0.8770088 -0.0271665
v -55.0756149 112.9957962 1644.6085205
vn 0.5807232 0.4750876 0.6610994
v -125.7013474 112.6580276 1645.8165283
vn 0.4659804 0.7224311 0.5108382
v -15.2302828 111.9964218 1643.8922119
vn 0.4802134 -0.1383854 0.8661666
v -125.3325195 113.2280884 1645.7496338
vn -0.3086110 0.9496671 0.0537745
v -79.2178421 116.5759506 1646.5362549
vn 0.7035860 -0.3991491 0.5879174
v -85.4791794 114.1025620 1647.4294434
vn 0.3249139 0.1835122 0.9277685
v -81.4530182 116.3810654 1644.8294678
vn -0.1650270 0.9449552 -0.2825349
v -70.0567932 118.2960739 1644.2717285
vn 0.4032547 0.8239115 -0.3981903
v -63.0828781 118.0443268 1644.0120850
vn 0.1686896 -0.9804789 -0.1010201
v -73.5976715 119.5014191 1644.3118896
vn 0.0091179 -0.7553633 -0.6552428
v -72.8846588 118.9834824 1645.3234863
vn -0.5770279 0.6678860 0.4700715
v -111.9756012 121.7828903 1647.8710938
vn -0.5336490 0.7173910 0.4478492
v -109.5607452 124.9578018 1645.3280029
vn 0.5919777 -0.6120105 0.5244098
v -118.1507339 121.4202042 1646.1044922
vn 0.5716373 -0.7557843 -0.3194069
v -68.3287125 121.8119202 1643.1975098
vn 0.6290310 0.6576469 0.4145124
v -31.5461178 124.5136032 1643.0502930
vn 0.7585170 -0.5935079 0.2690731
v -113.8177490 125.4746246 1645.9453125
vn -0.3439071 -0.9388356 -0.0177679
v -48.8821335 125.6532440 1642.8642578
vn -0.0836917 -0.9824280 -0.1668259
v -50.0147667 125.6642990 1646.7126465
vn -0.7860041 0.3731440 0.4929109
v -137.5905762 133.1825409 1643.6770020
vn -0.2919947 0.9431125 -0.1589906
v -97.3299332 133.2468262 1642.3588867
vn 0.3724138 -0.6438543 -0.6684008
v -109.7051773 129.9896240 1645.7924805
vn 0.2506933 -0.7820601 -0.5705566
v -104.6972046 133.7059631 1644.6046143
vn -0.2872655 -0.3339567 -0.8977481
v -97.5001755 134.4756622 1644.0717773
vn 0.0675727 -0.7945009 -0.6034917
v -96.8582001 136.0156708 1642.4997559
vn -0.7328157 0.4679198 0.4939962
v -135.8190308 136.9194031 1643.2960205
vn -0.5852916 0.6149383 0.5284740
v -127.5144653 146.1939392 1643.6655273
vn 0.3175137 0.6429155 0.6970257
v -67.3383789 148.3820801 1643.7170410
vn -0.3347195 0.6898750 0.6418998
v -118.5237274 150.3384094 1646.0020752
vn 0.0660131 0.7389816 0.6704838
v -92.7321625 156.4428253 1643.7364502
vn 0.0020319 0.7422077 0.6701669
v -99.9067764 156.7966766 1643.6986084
vn 0.1339777 -0.6884760 0.7127768
v -7.8743739 12.1786804 1645.1118164
vn -0.0016990 -0.7170531 0.6970165
v -11.7856340 11.8776350 1645.2326660
vn -0.1843449 -0.6313221 0.7532923
v -19.9221821 14.5143423 1646.0424805
vn 0.2457975 -0.5632550 0.7888773
v -2.7837915 14.7970304 1645.9433594
vn -0.0296586 -0.5583588 0.8290693
v -13.8034077 14.7467861 1647.2951660
vn -0.0186586 -0.4465028 0.8945877
v -14.0153742 16.7813110 1648.4771729
vn -0.2410377 -0.6176262 0.7486246
v -25.6624794 17.3435001 1646.5356445
vn 0.1609282 -0.4401998 0.8833608
v -4.7545118 17.6649723 1647.8850098
vn -0.3140129 -0.6971314 0.6445182
v -29.3886070 17.2928963 1644.9339600
vn -0.2426349 -0.6174098 0.7482870
v -28.7394333 19.9856453 1647.7635498
vn 0.3385481 -0.4514590 0.8255725
v 4.8208165 22.4094429 1647.2403564
vn 0.4661658 -0.4866675 0.7388128
v 9.7152357 22.7905006 1644.9724121
vn 0.4951620 -0.4412615 0.7484003
v 14.1303310 28.5458870 1645.7928467
vn 0.3656099 -0.3361366 0.8679525
v 8.9830379 27.7193089 1648.2829590
vn 0.5867958 -0.4059505 0.7006247
v 17.6830425 31.8457966 1645.3391113
vn -0.1990825 -0.6895028 0.6963851
v -59.1373177 32.0814514 1647.1212158
vn 0.6315669 -0.3437315 0.6949619
v 19.3559589 34.9082947 1645.6793213
vn -0.1377222 -0.7828490 0.6067786
v -72.2440643 32.7120132 1644.5833740
vn -0.1477650 -0.7408490 0.6552163
v -63.7516022 34.2583809 1648.2259521
vn -0.1639279 -0.8671942 0.4702148
v -94.7228317 35.8667946 1644.7425537
vn 0.3811141 -0.0671783 0.9220842
v 17.5136662 47.9558334 1648.3377686
vn 0.4366221 -0.3598593 0.8245378
v 26.4267349 53.6819191 1646.0306396
vn 0.3232800 -0.1405984 0.9358003
v 21.2816467 51.2071915 1647.2263184
vn 0.2438831 -0.1512329 0.9579403
v 18.9336243 53.7999420 1648.4019775
vn 0.4030243 -0.3670217 0.8383714
v 29.7777977 58.7163620 1647.0555420
vn 0.4010636 -0.2877459 0.8696840
v 31.5920696 62.0030937 1647.4208984
vn 0.2780226 0.5071541 -0.8157808
v -10.1985979 61.0133362 1645.6005859
vn 0.2083684 -0.3451608 -0.9151211
v -104.4308853 61.8257980 1644.0380859
vn 0.1125620 0.2528926 -0.9609241
v -10.0453730 61.3827477 1645.7060547
vn 0.6520663 -0.2451448 0.7174355
v 36.1863441 66.2960968 1646.1314697
vn 0.7504169 0.0141775 -0.6608128
v -8.6134634 68.9219284 1645.4783936
vn 0.2189955 0.4440858 0.8688089
v 13.2350121 70.3259048 1648.1520996
vn -0.4229316 0.3349071 -0.8420013
v -7.1079030 70.3687057 1646.2210693
vn -0.8452777 0.4654462 -0.2624222
v -5.5339508 72.6077652 1645.3619385
vn 0.3915201 0.2721131 0.8790146
v 10.8704281 72.5881729 1648.2707520
vn 0.6224521 -0.1593373 0.7662670
v 39.4232941 75.2105026 1644.2803955
vn -0.2512404 0.5476579 -0.7980909
v 0.4000246 76.3660889 1645.2940674
vn -0.5883034 -0.7109353 0.3853182
v 15.8822079 79.8155136 1648.6715088
vn -0.8367705 -0.0025436 -0.5475479
v -1.8458499 79.1790390 1646.8648682
vn -0.2006822 0.6604167 0.7235858
v -97.1405029 79.3044281 1650.2380371
vn -0.6352241 0.3547809 0.6860181
v -97.2389679 81.9932251 1648.1983643
vn 0.3351426 -0.6900035 0.6415408
v 10.7595711 78.9181061 1648.9077148
vn 0.3347426 -0.0484544 0.9410630
v 34.9809723 79.5910110 1647.1855469
vn 0.5489099 0.7893872 0.2748923
v 16.3313808 80.8184357 1648.9008789
vn 0.8372055 0.5461946 -0.0275425
v -99.5475998 82.7746964 1648.0292969
vn -0.3591877 0.5392352 0.7617149
v -98.8163071 83.5026016 1646.6031494
vn 0.2092098 0.1428010 0.9673879
v 29.9620457 80.6834335 1648.2672119
vn -0.9332438 -0.1492627 0.3267669
v -144.4440613 81.7309723 1644.3808594
vn -0.7426382 -0.3887582 0.5453033
v -97.0775375 84.1226807 1648.4517822
vn 0.2731304 -0.0482903 0.9607642
v 37.6024857 83.2983322 1646.6063232
vn 0.4455010 -0.6926369 -0.5672592
v -99.8161850 85.2219696 1646.7304688
vn 0.9055424 0.4031860 0.1320383
v -13.4285030 85.6616745 1648.5294189
vn -0.9254630 0.1823496 -0.3320647
v 3.0542095 86.7966080 1648.6781006
vn -0.8978951 -0.0451282 0.4378902
v -143.7425995 88.4236603 1647.2825928
vn -0.9754985 0.1830692 0.1220180
v -2.1395595 84.6558456 1647.7984619
vn -0.0971375 0.3891356 0.9160447
v 1.8183190 87.0033875 1647.6254883
vn 0.1998215 0.2328112 0.9517723
v 25.6848640 85.6683655 1648.0439453
vn 0.4917959 -0.1709584 0.8537623
v 40.4246025 84.0274887 1645.5847168
vn -0.3909470 0.3858982 0.8356094
v 2.5858946 86.7764206 1647.6040039
vn -0.7218658 -0.6784945 0.1362171
v 2.8838668 87.0188522 1648.3642578
vn 0.3564835 0.0169469 0.9341480
v 41.4759331 90.3548355 1645.8417969
vn -0.1636793 0.9363804 -0.3104848
v -46.7307014 89.4650803 1644.7880859
vn -0.2322205 -0.7845281 0.5749691
v -0.2962475 88.0692062 1647.8569336
vn 0.9222200 0.0698354 0.3803069
v -13.7356958 88.2034454 1647.4174805
vn -0.5014833 0.8392432 0.2102034
v -38.9888802 91.8845673 1644.8750000
vn 0.5726017 0.4983396 -0.6509877
v -51.1553802 92.3748093 1646.5032959
vn 0.6895874 0.1225634 0.7137560
v -15.3115616 93.5241241 1649.6616211
vn 0.5272181 -0.4554881 0.7173365
v -12.2654467 91.1018906 1646.3842773
vn 0.0764967 0.9168587 0.3918143
v 8.2163200 93.7324524 1646.5645752
vn 0.0323016 0.7761718 0.6296936
v 14.1371021 94.4549637 1645.3085938
vn 0.0395601 0.3745050 0.9263806
v 25.7812366 92.2398071 1646.1909180
vn 0.3085231 0.8976809 0.3146151
v 1.2960815 94.9347534 1646.8471680
vn -0.0955127 0.3685814 0.9246756
v 34.0961266 96.6369095 1645.4443359
vn 0.0051773 0.1213615 0.9925949
v 36.8363724 94.1194839 1646.1846924
vn 0.3497858 0.9357160 0.0456669
v 1.1802942 95.7632980 1643.6459961
vn 0.2822744 0.3712093 0.8846043
v 40.5295715 95.9983902 1645.9262695
vn -0.6124917 0.5785589 0.5386313
v -33.2354698 96.4977188 1647.6372070
vn 0.1065604 -0.2897973 0.9511375
v -12.5357075 95.8013763 1648.5603027
vn 0.6267834 0.5468644 0.5550513
v -8.0735331 99.7102432 1649.5079346
vn -0.4532816 0.4650776 0.7604200
v -31.5414677 98.9052887 1647.4504395
vn -0.0694152 -0.1512319 0.9860581
v -16.3431721 100.7068024 1649.3280029
vn 0.2952021 0.1648812 0.9411004
v -17.3591728 99.1342163 1649.5522461
vn -0.3196374 0.8591409 0.3996359
v -25.6648254 102.4088440 1646.4920654
vn -0.4717084 0.7699379 0.4297519
v -23.0981293 103.3930283 1647.2580566
vn 0.4287967 0.5860071 0.6875530
v -36.6713638 103.1982727 1645.3322754
vn 0.3785426 0.8646818 0.3301983
v -47.9914970 109.7832260 1645.6250000
vn 0.5746527 0.7846569 0.2325680
v -47.5461731 107.8952713 1649.7578125
vn 0.3660337 0.7714841 -0.5204150
v -125.6765747 112.3809509 1646.5627441
vn 0.8286006 0.2937061 0.4766107
v -90.3653107 109.5261612 1648.4135742
vn -0.5466131 0.5873138 0.5968892
v -90.2921143 109.4953461 1648.4902344
vn -0.8885379 0.1135243 0.4445364
v -143.9371643 110.0544586 1645.0894775
vn -0.1649144 0.3152622 0.9345657
v -88.2857132 111.4268951 1648.5738525
vn -0.7645260 0.6409929 0.0680297
v -125.4820938 112.6658325 1646.3413086
vn -0.8095151 0.1858268 0.5569144
v -141.6655121 111.6737289 1648.4787598
vn -0.6785696 0.7330800 0.0462292
v -122.2505646 116.1002502 1647.8040771
vn -0.0730165 0.6292248 0.7737859
v -85.8153381 113.6737976 1647.5844727
vn -0.0667675 -0.0738143 -0.9950345
v -88.2188797 111.4817429 1648.5615234
vn -0.2620907 0.7028598 0.6612841
v -17.4432068 112.6173096 1644.2606201
vn -0.4542889 0.6051900 -0.6537330
v -74.2847519 118.3060150 1646.0758057
vn 0.8596416 -0.5095906 0.0365218
v -124.9254913 114.1435242 1646.6658936
vn 0.6622747 0.4791900 -0.5759942
v -59.1867943 117.5496674 1646.8865967
vn -0.3629168 0.9317736 0.0094569
v -116.4548187 120.3060760 1647.7883301
vn -0.1728038 0.8423437 0.5104859
v -113.4543839 120.4624863 1648.4619141
vn 0.4224624 0.4659424 -0.7774466
v -61.8310242 118.8379288 1645.8288574
vn -0.1205899 0.4336638 -0.8929691
v -71.0523758 118.8887253 1645.3085938
vn 0.1714397 0.3528189 -0.9198518
v -65.8632660 120.6523743 1645.6427002
vn 0.7269934 -0.6853210 0.0426119
v -121.9323502 118.3595581 1647.6595459
vn 0.1150368 -0.9924927 -0.0415302
v -76.7749252 119.2641525 1645.5601807
vn 0.3780577 -0.9230527 0.0710374
v -31.9480209 122.5985489 1645.9298096
vn 0.3025960 -0.5272582 -0.7939991
v -67.2778778 120.7405090 1645.3060303
vn 0.4328212 -0.0483670 -0.9001814
v -61.2483253 121.9436722 1646.8239746
vn 0.4399394 -0.5369239 -0.7198375
v -61.2936592 123.8581314 1646.0672607
vn 0.6203398 -0.1782030 -0.7638208
v -58.8513489 122.8634720 1648.4082031
vn 0.4098595 -0.6726331 -0.6161006
v -57.6866226 124.5611877 1648.3740234
vn -0.0669891 0.9174880 -0.3920821
v -32.8681297 122.4356995 1649.9228516
vn -0.7129225 0.6929359 0.1076177
v -107.6217117 127.4684067 1644.2114258
vn 0.6586558 -0.7484208 -0.0777106
v -118.7752380 121.3986893 1647.7163086
vn -0.0784238 -0.9417382 -0.3270763
v -58.2556915 127.5299225 1642.3918457
vn -0.6335683 0.2910799 -0.7168429
v -108.2684708 128.0496521 1645.8197021
vn 0.7354331 -0.6367061 -0.2318265
v -112.0085373 128.3159332 1645.6649170
vn -0.1493278 -0.3624481 -0.9199634
v -109.7536240 128.5682526 1646.4827881
vn -0.2959408 0.5630906 -0.7715880
v -102.2169647 132.7276764 1645.2602539
vn 0.2325871 -0.5512642 -0.8012559
v -105.8868713 132.3399658 1645.3050537
vn -0.2324686 0.0294687 -0.9721574
v -101.2768097 133.2311096 1645.4025879
vn -0.2166584 -0.1184734 -0.9690321
v -98.8555450 133.9416962 1644.7907715
vn 0.4510145 0.6219426 0.6401355
v -49.8665657 137.9078827 1643.5285645
vn -0.6458818 0.4859218 0.5888265
v -132.7508240 137.6099548 1646.4949951
vn -0.5782875 0.4808895 0.6590363
v -128.6443787 138.0409851 1650.0351562
vn 0.3341855 0.6057095 0.7221054
v -62.4709969 138.2643890 1650.4505615
vn -0.5067016 0.6125514 0.6066583
v -125.2197647 145.9688873 1646.2767334
vn -0.1973122 0.7349660 0.6487626
v -109.9690323 153.8652039 1645.6119385
vn -0.1157620 -0.5128537 0.8506352
v -16.0894203 16.3740635 1648.0079346
vn -0.1451904 -0.5257410 0.8381624
v -21.5838337 19.9691067 1649.3216553
vn -0.2512145 -0.5865467 0.7699704
v -35.1320953 26.0042820 1650.2432861
vn 0.1768466 -0.3917294 0.9029250
v -4.9931102 21.8309937 1649.7630615
vn 0.2539152 -0.4023989 0.8795466
v 0.2059438 21.4901447 1648.3100586
vn 0.2584670 -0.3344504 0.9062768
v 2.9231455 25.9158039 1649.4898682
vn -0.2659642 -0.6252256 0.7337275
v -44.1583138 25.9326897 1646.9910889
vn 0.3255610 -0.3741442 0.8683469
v 6.9746451 26.1025448 1648.4071045
vn -0.2602883 -0.6195235 0.7405677
v -47.3294449 29.7234650 1648.9777832
vn 0.3062241 -0.2024066 0.9301927
v 7.0804739 34.1291809 1650.4318848
vn 0.3963838 -0.2853046 0.8726289
v 12.8936596 31.0705719 1647.5930176
vn -0.2242832 -0.6472691 0.7285189
v -51.9253502 33.0399818 1650.2653809
vn -0.0850851 -0.7394565 0.6678058
v -63.1059875 37.7975426 1652.3654785
vn 0.4061317 -0.2060431 0.8902828
v 17.3319111 37.1377029 1647.4442139
vn -0.1007996 -0.8715636 0.4798086
v -87.6034927 36.9424400 1648.5190430
vn -0.1854046 -0.8437465 0.5037034
v -96.7294846 40.3052902 1651.9748535
vn 0.4047603 -0.0912542 0.9098582
v 16.9984398 41.8789406 1648.2458496
vn 0.5324330 -0.1362834 0.8354292
v 19.6281185 39.8748322 1646.7705078
vn 0.3500180 -0.0597519 0.9348354
v 14.7873745 44.2331657 1649.3879395
vn -0.5425897 -0.7395124 0.3983941
v -124.7463760 47.9984131 1643.8603516
vn 0.2697681 -0.1463225 0.9517431
v 16.9803772 54.6703606 1648.9124756
vn -0.6453592 -0.6097692 0.4601012
v -127.8240585 53.4044380 1648.0935059
vn 0.3562822 -0.1303661 0.9252393
v 12.8959799 55.6132507 1650.6436768
vn 0.2007071 -0.2174900 0.9552041
v 19.6776485 59.5018768 1649.7878418
vn 0.2302823 -0.2121601 0.9497148
v 24.2092400 59.7831612 1648.5992432
vn 0.2417359 -0.0287892 0.9699149
v 30.4295845 70.7064056 1648.9462891
vn 0.3454140 -0.1518721 0.9260799
v 32.5079231 65.8347473 1647.9161377
vn 0.4262118 0.6300320 0.6491558
v 12.1199541 69.7704773 1649.1929932
vn 0.1720320 -0.1120260 0.9787008
v 24.1161709 66.3609848 1649.8901367
vn 0.6779680 -0.1067071 0.7273052
v 36.6952248 67.5405197 1645.9632568
vn 0.1308987 -0.0635116 0.9893593
v 21.4774742 68.5479660 1650.3417969
vn 0.8496680 0.4245621 -0.3127482
v -8.8177357 74.0841522 1648.0279541
vn 0.1998638 0.0074574 0.9797953
v 25.1248894 74.1893845 1650.2019043
vn 0.3667969 -0.0233397 0.9300083
v 32.2424202 70.2656174 1648.4705811
vn 0.4723156 0.2551040 0.8437061
v 8.0089970 74.0480804 1649.4298096
vn -0.6245637 0.6847181 -0.3756080
v -5.5070024 74.4135666 1648.7330322
vn 0.5367875 0.2011860 0.8193799
v 4.8030915 74.0606079 1651.3388672
vn 0.2762798 0.0816950 0.9575988
v 29.2933407 76.2510834 1649.0745850
vn 0.3659843 0.1949312 0.9099766
v -79.4680862 76.2008972 1652.3184814
vn 0.9500519 0.2609832 -0.1711407
v -10.4559689 80.3894424 1649.4255371
vn 0.4745824 -0.0922415 0.8753646
v 7.9686570 76.4131851 1649.1383057
vn 0.3854604 0.0223623 0.9224533
v 33.4537926 75.9607849 1647.6972656
vn 0.6223064 -0.1935373 0.7584709
v 4.5104356 76.5794907 1651.5648193
vn -0.1421876 0.1855961 0.9722843
v -74.7376404 79.6753159 1652.0144043
vn 0.4576429 -0.4080467 0.7899752
v 7.6971650 77.4759521 1649.5900879
vn 0.4946678 -0.4857323 0.7206718
v 5.7009826 78.6063766 1651.5699463
vn 0.6093518 -0.4242230 0.6698696
v -79.4947739 76.6874313 1652.4141846
vn 0.0250070 -0.0837881 0.9961698
v -70.3103867 82.6576538 1651.9672852
vn -0.8423292 -0.1889365 0.5047618
v -142.3984833 80.6693497 1648.2840576
vn -0.0865892 0.1483329 0.9851394
v -71.6479187 81.7567749 1651.8486328
vn -0.9436758 -0.3292130 -0.0330895
v -1.9362299 81.7592545 1645.8358154
vn 0.8504286 0.4666069 -0.2430006
v -11.6374884 82.6868210 1648.9244385
vn 0.8638085 0.4505347 -0.2255072
v -14.2900553 87.4507980 1650.4997559
vn -0.8156850 -0.0044123 -0.5784795
v -3.6539600 84.3594131 1651.3403320
vn -0.2671831 0.5941176 -0.7587078
v 2.4777570 86.6784973 1649.0833740
vn -0.5170903 0.8436193 0.1446516
v -1.1432179 86.2997284 1648.2431641
vn 0.2375172 0.3402795 0.9098327
v 21.1101589 88.0343781 1648.5635986
vn -0.2835331 0.9538550 -0.0988417
v -41.7934265 90.9535446 1647.3074951
vn -0.4737131 -0.7551208 0.4531981
v -2.2504327 88.7174530 1648.0802002
vn -0.3644510 -0.8923486 -0.2662510
v 1.9209799 87.4404297 1648.6632080
vn 0.2131411 0.1330855 0.9679149
v -63.8485870 89.9622574 1651.6573486
vn -0.5734851 -0.6807773 -0.4556942
v -1.7606016 88.2172775 1649.5354004
vn -0.6283230 -0.6994699 0.3405175
v -4.5437989 90.9211121 1648.8908691
vn -0.4446449 0.8957068 -0.0005511
v -37.0729637 92.8852692 1649.1225586
vn 0.1628614 0.0272493 0.9862726
v -62.0745621 94.2801895 1651.3592529
vn -0.9392182 0.0224219 0.3425879
v -9.0481739 97.3249130 1651.5739746
vn 0.0492063 0.0734898 0.9960814
v -59.0405998 96.2462082 1651.0192871
vn 0.9400212 -0.3406824 0.0171989
v -51.5812111 96.6696548 1647.7830811
vn -0.3499734 0.7780221 0.5217280
v -27.1577797 99.0532608 1650.6854248
vn 0.1800194 -0.4416110 0.8789612
v -61.8739624 97.3360443 1651.7221680
vn 0.1489161 -0.7236310 0.6739303
v -55.8507996 98.4924698 1651.3038330
vn 0.3704112 -0.2629949 0.8908587
v -53.0068550 97.6638565 1650.3825684
vn -0.3929582 -0.4261132 0.8148689
v -10.6802340 96.7534637 1649.3642578
vn 0.5711440 -0.8069102 0.1506336
v -43.2433014 101.6898575 1651.2020264
vn -0.2341980 0.7437865 0.6260456
v -24.2762318 100.3477783 1649.8907471
vn -0.2014042 -0.3430256 0.9174802
v -13.7360802 99.8350220 1649.4291992
vn 0.2758962 -0.2602963 0.9252714
v -37.5191841 101.8371201 1646.1016846
vn 0.5298179 0.2845533 0.7989509
v -13.0239744 104.7312164 1652.3188477
vn 0.7856921 0.3550412 0.5065902
v -42.1409988 103.3126373 1649.6577148
vn 0.5329722 0.6450561 0.5475795
v -40.2146187 105.2932205 1646.3055420
vn -0.5447489 0.4873635 0.6824408
v -18.9981194 104.7729721 1648.4156494
vn -0.8547392 0.0851995 0.5120174
v -142.7733002 103.8241196 1648.5593262
vn 0.5848837 0.7050639 0.4009935
v -43.7358627 105.2797699 1649.6896973
vn 0.6868415 0.5915040 0.4223408
v -10.5980167 107.0920792 1644.7733154
vn -0.1414795 0.7654652 -0.6277314
v -90.2794342 109.4694443 1648.5264893
vn 0.6182455 0.7851173 0.0369253
v -51.3166580 110.7251053 1649.3846436
vn -0.5700981 0.5619935 0.5992925
v -17.0764713 110.1581039 1646.6904297
vn 0.0408521 0.1034301 -0.9937974
v -90.2290039 109.5765610 1648.5264893
vn 0.2985001 0.8178552 0.4919457
v -15.7781372 109.2302170 1648.1572266
vn -0.1234768 0.2371701 -0.9635890
v -88.4693909 111.2589188 1648.5567627
vn 0.7169791 -0.6624418 -0.2170528
v -90.3146057 109.5760269 1648.4273682
vn -0.6504723 0.6931277 -0.3105797
v -88.3302307 111.3844833 1648.5626221
vn -0.4267687 0.7300601 0.5337422
v -88.1026840 111.5737839 1648.5406494
vn -0.6124837 0.7862000 -0.0821780
v -86.1271133 113.3508301 1648.2365723
vn -0.3551453 0.4169602 -0.8366697
v -122.5450821 116.2562332 1649.7421875
vn -0.3964356 0.8228429 -0.4071467
v -81.6378555 116.0680466 1649.2117920
vn 0.3659639 0.3367012 -0.8675845
v -125.4839096 112.8227234 1646.5970459
vn 0.8292989 -0.5586013 -0.0151004
v -85.6691437 114.3107376 1648.5811768
vn 0.8114128 -0.4640391 -0.3553547
v -123.4931641 116.2420807 1648.9932861
vn 0.8434284 -0.4895562 0.2212766
v -84.7980347 116.3789825 1649.1425781
vn -0.6410766 0.3595751 -0.6780314
v -79.3833923 117.6508484 1649.3999023
vn 0.7066930 -0.7074935 0.0061732
v -84.2669067 118.9894638 1652.5551758
vn 0.5630821 -0.7135381 0.4168955
v -83.3146515 117.7578278 1648.6104736
vn -0.4351836 -0.7083910 -0.5556954
v -79.2585678 118.0637436 1649.1785889
vn 0.1180274 -0.9868073 0.1108188
v -81.9370880 118.6812210 1649.3666992
vn -0.2323404 -0.8152321 0.5304852
v -35.7937088 122.8819122 1648.3961182
vn 0.6581705 0.6056780 0.4471754
v -30.2671280 123.2028503 1642.3931885
vn -0.8601565 0.4849579 -0.1579453
v -110.2325516 123.9036484 1646.9923096
vn -0.7512224 0.2703105 0.6021605
v -136.0626373 122.2508926 1651.1132812
vn -0.5458263 -0.2469872 -0.8006691
v -111.2771683 124.5557785 1649.3134766
vn 0.4713535 -0.6293216 -0.6178837
v -55.8807678 123.9601517 1650.3348389
vn 0.4325859 0.6817902 0.5899420
v -39.8925095 127.1098938 1648.0518799
vn 0.4581257 -0.6614753 -0.5937772
v -112.1803894 126.6897125 1647.3999023
vn 0.3965921 0.6467569 0.6514754
v -43.4046860 128.6074677 1648.8945312
vn -0.2267494 0.7122639 0.6642778
v -111.4346771 148.7439575 1650.8732910
vn 0.1236424 0.6995999 0.7037560
v -88.5267487 152.1098175 1648.0289307
vn 0.0752296 -0.4474922 0.8911180
v -12.9678364 20.4301815 1650.1223145
vn -0.0093796 -0.4899904 0.8716774
v -16.3555069 22.0512390 1651.1890869
vn -0.1787491 -0.5664060 0.8045080
v -27.5344410 22.8349133 1650.1809082
vn 0.1538907 -0.4172852 0.8956510
v -9.8241158 24.9824657 1652.0483398
vn 0.0233040 -0.4009357 0.9158098
v -16.0379467 25.3081760 1652.9801025
vn -0.2062104 -0.5329443 0.8206386
v -32.4004059 27.0196857 1651.8294678
vn -0.1560410 -0.6925191 0.7043213
v -57.1227913 35.9806175 1651.5404053
vn -0.0495450 -0.8029759 0.5939487
v -70.7089081 37.8220673 1651.6174316
vn 0.3057692 -0.1404370 0.9416914
v 6.1733027 38.3448715 1651.4525146
vn 0.3259772 -0.1433733 0.9344426
v 13.7189903 39.8551826 1649.2583008
vn -0.2681217 -0.8199466 0.5057651
v -105.6606369 42.8533287 1652.2977295
vn -0.3289295 -0.8325393 0.4457395
v -108.5525208 41.5501862 1648.3762207
vn 0.3347638 -0.0567298 0.9405929
v 11.8577557 47.1025848 1650.4896240
vn 0.3357173 -0.0778656 0.9387389
v 7.2642794 51.8536835 1652.4078369
vn 0.3379644 -0.1113831 0.9345448
v 7.5674195 57.3313026 1652.8747559
vn 0.3043638 -0.1456138 0.9413604
v 11.9393187 59.6660690 1651.6718750
vn 0.2171237 -0.1584538 0.9631976
v 17.3315659 60.8464088 1650.3940430
vn 0.1794690 -0.0109161 0.9837031
v 17.4658928 64.9540024 1650.8397217
vn 0.3725916 0.0538231 0.9264333
v 14.1428852 65.3847885 1651.6173096
vn 0.4210866 0.5748798 0.7015691
v 14.1686602 67.3607178 1650.8159180
vn 0.0762057 0.4222839 0.9032547
v 15.9932413 66.9467773 1650.6009521
vn 0.6739655 0.2173499 0.7060663
v 12.8182459 67.3711090 1652.4520264
vn -0.0517622 0.1161743 0.9918792
v 19.0107861 67.6613083 1650.6785889
vn 0.2717692 0.9508670 0.1483022
v -80.7587357 69.6266861 1653.8715820
vn -0.2541572 -0.0868465 0.9632559
v 19.6593552 71.0195999 1650.6359863
vn 0.6564478 -0.0504987 0.7526794
v -80.5960922 70.6825256 1653.7783203
vn 0.4026964 0.5453958 0.7351048
v 8.6020842 70.4147797 1651.1853027
vn -0.0093408 0.8133175 -0.5817452
v -7.4637604 73.2367096 1648.5057373
vn -0.3749979 -0.6882632 0.6210236
v 16.7895622 76.0199585 1651.5610352
vn -0.3960680 -0.3692188 0.8407185
v 18.1205673 74.2587051 1650.7629395
vn -0.7911880 -0.3201850 0.5210596
v 15.7757320 75.8153152 1649.2021484
vn 0.0188848 0.9773216 -0.2109169
v -96.9603348 77.3261490 1652.0037842
vn -0.5006354 0.8584604 -0.1113998
v -6.5591092 74.9795380 1652.2380371
vn 0.1566728 -0.1027154 0.9822949
v 19.7280884 75.5421371 1651.2412109
vn 0.6899028 -0.2368944 0.6840432
v 3.4760668 76.6399384 1652.6346436
vn -0.6821797 0.0257501 0.7307311
v 14.1450825 77.7919540 1652.3302002
vn 0.2319710 0.1339206 0.9634598
v 27.2188301 77.9088516 1649.4023438
vn -0.4716011 0.5320877 0.7031893
v -77.4547272 76.5759354 1652.6494141
vn -0.2814329 -0.5530814 0.7841535
v 14.3220835 77.6856003 1652.3331299
vn -0.8207738 0.2012628 0.5346247
v -94.7288666 84.1522903 1651.4925537
vn -0.4335083 -0.8718943 0.2277519
v 11.8529987 79.5985565 1651.9053955
vn 0.1663054 -0.8048078 0.5697604
v 10.0069551 79.6011810 1650.7381592
vn 0.0083107 -0.3827008 0.9238350
v 10.1874905 81.3257370 1652.1894531
vn 0.1554814 -0.1561744 -0.9754153
v 15.8436489 80.0783310 1648.5739746
vn 0.9115908 0.4108455 -0.0144263
v -97.8008728 80.1953278 1650.1805420
vn 0.2434494 0.2270837 0.9429557
v 25.6027164 83.8223724 1648.4790039
vn 0.3077632 0.2914190 0.9057356
v 18.8270931 85.6979828 1650.1550293
vn 0.2482767 0.4055503 0.8797088
v 15.0189562 87.1586533 1651.0451660
vn -0.7701291 0.4741342 -0.4267294
v 2.9284441 86.6666794 1648.9735107
vn -0.0272518 -0.9992855 -0.0261870
v -97.2433548 84.5487518 1649.2663574
vn 0.2736538 -0.9584585 -0.0804415
v -93.0340118 85.1956177 1654.2502441
vn -0.4027753 -0.7801160 0.4787390
v -94.0906754 84.9744186 1652.4511719
vn -0.1835628 0.3037324 0.9349071
v -66.0737152 85.9819260 1653.2886963
vn -0.5569195 0.0456599 -0.8293105
v -1.5110620 87.4397812 1649.7998047
vn 0.1618201 0.3942025 0.9046649
v 11.3510246 86.2779922 1652.0657959
vn 0.0003942 0.3511063 0.9363356
v -64.0943222 89.3500290 1651.7999268
vn -0.6308701 0.7728782 0.0682812
v -59.3298531 93.4532623 1653.7731934
vn 0.2028013 0.5175548 0.8312694
v 15.0270605 87.9821091 1650.5516357
vn 0.1531810 0.5813869 0.7990775
v 16.6218433 90.8462524 1648.1379395
vn 0.1326796 0.7104071 0.6911714
v 9.9806614 92.7088394 1647.9790039
vn 0.9150813 -0.3991913 0.0572054
v -65.5469437 89.2433701 1654.0983887
vn -0.3319259 0.9085684 -0.2536308
v -38.5515556 92.5107498 1650.6624756
vn 0.2705620 0.5844812 0.7649693
v 0.7547919 92.0036240 1651.5909424
vn -0.3296550 0.5199497 0.7880228
v -60.2479134 94.2420807 1651.6696777
vn 0.1023170 0.8594398 -0.5008937
v -43.9011879 91.2168274 1649.9300537
vn 0.2468966 0.6784387 0.6919271
v 4.5510607 92.4220734 1649.9238281
vn 0.6579850 -0.0701319 0.7497582
v -64.1139832 93.2591324 1652.2609863
vn 0.5923181 0.7150897 -0.3712223
v -49.9507446 93.4702682 1649.7877197
vn -0.0476517 0.7736776 0.6317850
v -55.7947197 96.0507050 1651.4177246
vn -0.5695429 -0.6287718 0.5294024
v -7.7082796 93.4726791 1648.6105957
vn 0.3287500 0.7627605 0.5568842
v 0.7367828 93.6792145 1649.8062744
vn 0.5464392 0.8048342 0.2316161
v -51.6794510 95.2941971 1650.7375488
vn 0.4170049 0.5639513 0.7127874
v -5.7110782 95.8705063 1651.4451904
vn 0.3095852 -0.2975717 0.9031103
v -64.6116943 97.5835876 1652.4718018
vn -0.5445074 0.3112758 0.7788575
v -8.8338680 96.1343384 1653.1964111
vn 0.5047171 0.7047285 0.4986165
v -5.7462764 97.5824509 1649.7854004
vn 0.2755439 -0.1410674 0.9508815
v -74.0288925 97.2092667 1653.8275146
vn 0.2092529 -0.5110228 0.8337080
v -66.5389862 98.2243958 1653.2918701
vn 0.0452001 0.7750303 0.6303054
v -24.4727306 97.4632950 1653.3735352
vn 0.3724459 0.5923192 0.7144523
v -21.0232811 97.7753448 1652.1979980
vn 0.1558797 -0.9155596 0.3707453
v -50.1416435 99.4829941 1651.3074951
vn 0.0280840 0.5188766 0.8543878
v -21.6678638 100.6220016 1650.1885986
vn 0.0969001 -0.9160633 0.3891508
v -65.5564194 98.6402893 1653.6485596
vn -0.1555037 -0.1120670 0.9814579
v -12.9747982 104.6699524 1652.3197021
vn -0.7958305 0.1223180 0.5930364
v -139.9591827 104.3885651 1652.7257080
vn -0.3729887 0.1177544 0.9203333
v -18.2031803 103.7902756 1649.2928467
vn -0.7737163 0.1455402 0.6165884
v -15.0928822 107.0819626 1651.8288574
vn -0.3122883 0.2912821 0.9042293
v -15.0686073 107.0768509 1651.8800049
vn -0.7766905 0.1894726 0.6007095
v -139.1010895 110.0181503 1652.3988037
vn -0.1250566 0.7552236 -0.6434270
v -83.8653488 115.9146118 1649.8854980
vn 0.2425287 0.2497204 -0.9374537
v -123.0542526 115.9607086 1649.7463379
vn -0.6181763 0.5974977 0.5107392
v -111.8229523 118.4959793 1651.6163330
vn -0.3480498 -0.3636629 -0.8640664
v -32.8524551 122.4963379 1649.9614258
vn 0.4655524 -0.5588960 -0.6862187
v -119.0518723 120.4413452 1649.1635742
vn 0.1463411 0.2378263 -0.9602203
v -116.7899704 121.5408707 1649.3033447
vn -0.9732627 0.0931336 -0.2099665
v -111.5920715 121.9096603 1649.4777832
vn -0.0314696 -0.8031074 0.5950027
v -39.2335625 123.4080811 1648.6947021
vn -0.1344609 -0.8763649 0.4624984
v -41.3206329 123.7984772 1648.9193115
vn 0.2778516 -0.5105999 0.8136868
v -41.6298370 125.2335129 1650.6324463
vn -0.0530032 -0.1009305 0.9934806
v -36.6642113 124.2653122 1649.0611572
vn 0.4577667 -0.5970106 -0.6588081
v -115.5315475 122.9780731 1649.3427734
vn 0.1672525 -0.8930094 -0.4178048
v -54.0207939 124.0775986 1650.9726562
vn 0.2585911 -0.9584898 0.1201162
v -47.8695374 125.0806198 1651.5338135
vn 0.3527909 0.3790213 0.8555008
v -41.0919075 125.4553757 1650.4681396
vn -0.7427951 0.3155782 0.5904795
v -135.9922791 129.7938843 1648.0164795
vn -0.6568013 0.3636168 0.6606019
v -133.3233643 130.3150330 1650.5241699
vn 0.3902300 0.6082892 0.6911619
v -49.4837494 131.1731873 1649.7460938
vn 0.2821709 0.6381187 0.7163687
v -74.4431000 144.0127869 1650.6313477
vn -0.3681274 0.6436519 0.6709653
v -118.3806992 145.8980103 1650.6765137
vn -0.0672246 0.6870208 0.7235215
v -105.2896194 148.8375702 1652.2680664
vn 0.1670469 0.6711309 0.7222732
v -87.4293747 149.9436798 1649.8261719
vn -0.0581848 0.7336427 0.6770399
v -104.7731476 151.2165070 1649.7327881
vn -0.1375937 -0.5095355 0.8493772
v -25.9956245 25.9163036 1652.5643311
vn -0.0197423 -0.3853403 0.9225633
v -20.2967758 28.6662483 1654.6894531
vn 0.2315310 -0.3248787 0.9169772
v -2.5751178 27.9892788 1651.6087646
vn 0.2126827 -0.2899812 0.9331008
v -6.6189885 30.1529694 1653.4266357
vn -0.1331652 -0.4305577 0.8926854
v -29.7946930 31.4611511 1654.8208008
vn -0.1885246 -0.5316489 0.8257166
v -38.1095963 30.7022591 1652.7641602
vn 0.2746558 -0.2450097 0.9298034
v -0.7940338 32.2319870 1652.4337158
vn -0.2401617 -0.5931288 0.7684534
v -42.3149757 31.5291748 1652.1804199
vn -0.2268388 -0.5972455 0.7693127
v -46.7324600 34.1098061 1652.8223877
vn 0.2507329 -0.1895756 0.9493125
v -2.6235595 34.3289642 1653.4794922
vn -0.1548163 -0.6169271 0.7716430
v -51.0918999 37.7771378 1654.5712891
vn 0.2841390 -0.1648199 0.9445102
v 1.0562247 36.5931320 1652.7869873
vn -0.1001043 -0.6883206 0.7184663
v -58.5612030 39.1535072 1654.4930420
vn 0.2308936 -0.1042251 0.9673806
v -2.0988925 38.7444382 1653.9915771
vn 0.3253023 -0.0903722 0.9412817
v 7.9102979 45.9477348 1651.8233643
vn -0.5324808 -0.6975263 0.4795010
v -121.1541595 50.1672363 1652.1435547
vn 0.2906083 -0.0841945 0.9531307
v 2.6449378 45.7400780 1653.4475098
vn 0.2753474 -0.0783613 0.9581459
v 1.6728983 50.1805344 1654.1572266
vn 0.3241391 -0.1061492 0.9400353
v 4.3169994 54.5823441 1653.7678223
vn 0.2921368 -0.0737621 0.9535278
v 8.2711258 62.0675850 1653.1363525
vn -0.7190154 -0.4756777 0.5067028
v -131.8352051 62.8904991 1653.4726562
vn 0.2423225 0.1166563 0.9631569
v 7.3120704 66.6817703 1653.4512939
vn 0.3935344 0.3443715 0.8523726
v 12.7098627 67.3348007 1652.5513916
vn 0.1645038 0.5024405 0.8488181
v 10.4528675 68.2321701 1652.3231201
vn 0.3668939 0.2726234 0.8894185
v 4.3172741 69.5877380 1653.5932617
vn -0.7855557 -0.3322429 0.5220316
v -138.1045227 69.5109711 1648.9675293
vn 0.2692207 0.1349131 0.9535820
v -79.8012390 73.1051559 1653.9030762
vn 0.2294320 0.9521500 -0.2019191
v -7.8801398 74.7381058 1652.4571533
vn 0.6369219 0.0938313 0.7651968
v 3.7109601 74.4403763 1652.0820312
vn -0.0606806 0.3014237 -0.9515575
v -96.8100052 78.3297272 1652.3560791
vn 0.0824344 -0.2801661 0.9564056
v 17.5132904 76.3915253 1651.9611816
vn -0.1686422 0.5400707 -0.8245505
v -74.3117371 79.3835220 1654.1697998
vn 0.2825995 0.1651995 0.9449056
v 23.0744095 80.8502502 1650.0239258
vn 0.9743401 0.2185373 -0.0538772
v -96.9619522 77.3328400 1652.0004883
vn -0.9728829 0.0782657 -0.2176542
v -3.5103648 80.3269424 1650.6280518
vn 0.6036012 -0.4774351 0.6385307
v 4.9988933 79.0278702 1652.5313721
vn 0.3399220 -0.3620696 0.8679624
v 6.4468279 81.4931870 1653.3363037
vn -0.0276875 0.1055010 -0.9940337
v -96.4799500 80.3139038 1652.5659180
vn -0.4637540 0.5067624 0.7267215
v -66.6705780 81.5008392 1655.2980957
vn 0.2150992 0.0402924 0.9757607
v 16.9018497 79.8639297 1652.1340332
vn -0.7899802 -0.1644332 0.5906717
v -140.1048737 82.4452667 1652.2712402
vn 0.8083338 -0.0691423 -0.5846502
v -97.2976761 81.1789017 1651.6849365
vn -0.8919381 0.4359794 0.1198676
v -95.8575516 81.8941116 1652.2993164
vn 0.5446981 -0.8321804 -0.1038255
v -74.3946075 80.3075333 1652.7722168
vn 0.1731168 0.0293543 0.9844638
v 10.7477951 83.9399261 1652.6579590
vn 0.1827306 0.1258489 0.9750752
v 14.8003178 82.7623138 1652.3732910
vn -0.7628763 -0.6409071 -0.0851939
v -4.5647407 83.2663651 1653.6317139
vn 0.6260973 -0.5622526 -0.5402538
v -97.8019714 84.0670242 1649.8239746
vn -0.0490743 -0.4691359 -0.8817614
v -6.8729539 84.6901932 1653.5544434
vn 0.3563079 0.1637009 -0.9199167
v -9.2474127 85.2772598 1653.0134277
vn -0.8044171 0.5934805 0.0263461
v -62.6389847 89.9955521 1653.9755859
vn -0.4766451 -0.1000323 0.8733860
v -92.0511017 85.3738708 1654.6229248
vn -0.8261943 -0.0656359 0.5595489
v -141.0736694 87.7525177 1651.7784424
vn 0.6296151 -0.5236001 0.5739579
v -67.5423660 86.1183014 1653.7642822
vn 0.6217022 0.6330688 -0.4612052
v -13.5874605 88.5633011 1652.6337891
vn 0.9159015 0.3566479 0.1841925
v -15.5612440 90.8199310 1651.1320801
vn -0.6513501 -0.0511077 -0.7570543
v -3.7849572 88.6720581 1651.6580811
vn -0.3751453 0.0919387 -0.9223955
v -5.8257055 88.5620346 1652.9768066
vn 0.2416602 0.4446993 0.8624633
v 3.7530594 88.3214111 1653.0123291
vn 0.2673656 0.8827122 -0.3864385
v -6.8943777 90.8871155 1653.9107666
vn 0.0816964 0.9058039 -0.4157463
v -36.8193703 94.8928757 1655.2314453
vn -0.5626348 0.7793763 0.2757076
v -34.7637978 94.4279327 1648.7901611
vn -0.8908955 0.1495351 0.4288876
v -5.5485520 92.1806488 1652.6811523
vn -0.0675241 0.8899506 -0.4510305
v -42.7619972 91.3344040 1650.1855469
vn -0.2669794 0.9304135 -0.2511032
v -55.9509430 95.5241852 1653.6562500
vn -0.2115158 0.8690997 0.4471317
v -27.4689713 96.9772644 1653.8330078
vn -0.3434648 -0.4968071 -0.7970036
v -9.4682808 93.1548691 1654.5089111
vn -0.4238364 -0.5294993 0.7348424
v -6.1542516 93.9261398 1652.4897461
vn -0.8524230 0.0252502 0.5222427
v -141.1211090 95.6089325 1651.9929199
vn 0.5503170 0.2752208 0.7882922
v -75.0706177 96.8315582 1654.2644043
vn 0.3642192 0.7605497 0.5375022
v -21.5411301 95.7598419 1654.7497559
vn 0.7948456 0.4801097 0.3711001
v -66.1060257 95.3281097 1653.8084717
vn -0.3293094 0.5152367 0.7912562
v -8.7965021 96.2933578 1653.0966797
vn 0.3008641 0.2897051 0.9085988
v -66.8189545 97.4636841 1653.3896484
vn -0.2070286 0.3821805 0.9005982
v -9.0067577 98.4927597 1650.7415771
vn 0.3202310 -0.9178498 0.2345291
v -74.1600647 97.5073013 1654.4718018
vn -0.7973693 0.0672841 0.5997292
v -139.9909973 100.3444519 1653.3428955
vn 0.1222723 -0.9578272 0.2600319
v -56.5849228 99.1490173 1652.8459473
vn 0.1019794 -0.9935649 0.0492852
v -54.9221420 99.4264832 1653.3233643
vn 0.2175867 -0.9754224 0.0347445
v -48.1202736 100.1897812 1653.1690674
vn 0.7467331 0.6034756 -0.2796551
v -53.7854385 113.5036621 1650.7156982
vn 0.8610315 0.3694507 -0.3494725
v -84.3042679 117.2498474 1651.2677002
vn 0.5732574 0.7855434 -0.2330182
v -113.9513321 120.2231598 1650.0820312
vn 0.4069480 -0.8600656 -0.3077018
v -84.1380157 119.0380554 1652.8338623
vn 0.7619611 -0.1300657 -0.6344275
v -55.0659485 120.7064743 1652.4616699
vn 0.2890982 -0.3237998 -0.9008751
v -112.8845749 121.0214005 1651.6871338
vn -0.1787773 -0.4808654 -0.8583747
v -112.5091782 123.2990112 1650.2470703
vn -0.6503521 0.3074916 0.6946158
v -132.6343079 124.6465683 1653.9097900
vn 0.1569414 -0.5224321 0.8381134
v -44.5654869 125.5077515 1651.9860840
vn 0.6432409 0.2613879 0.7196649
v -48.1684570 125.8119583 1652.7730713
vn 0.3592317 -0.1169481 0.9258919
v -44.2994423 125.5275879 1651.9235840
vn 0.3024350 0.5944576 0.7450861
v -70.8976364 138.5584717 1653.9477539
vn -0.3604053 0.5589834 0.7467568
v -117.4428482 142.4715118 1654.2033691
vn -0.4849072 0.4875071 0.7260867
v -124.3195190 138.5273438 1653.0877686
vn -0.4999985 0.5579374 0.6623499
v -125.0013733 142.2538147 1649.7484131
vn 0.1267195 0.6471672 0.7517425
v -89.5547485 146.8703918 1653.0507812
vn -0.2248760 0.6413038 0.7335941
v -112.3961716 145.5061951 1653.9025879
vn 0.0121712 0.6641636 0.7474881
v -100.3544006 147.3346405 1653.6352539
vn -0.0649226 -0.5049233 0.8607192
v -20.5746536 25.2492733 1652.8364258
vn 0.1534317 -0.3618444 0.9195257
v -11.9545135 28.2509212 1653.9559326
vn 0.0845612 -0.3169291 0.9446721
v -14.9002399 30.0008297 1655.0947266
vn 0.1515175 -0.1557935 0.9760998
v -12.8860588 33.0409966 1655.4290771
vn -0.0042821 -0.2590116 0.9658648
v -27.0203438 34.6932907 1656.3481445
vn 0.1958861 -0.1680341 0.9661227
v -6.7319322 34.0136299 1654.3566895
vn -0.2060768 -0.5389512 0.8167399
v -44.2979240 36.1023636 1654.9820557
vn 0.1426944 -0.0552682 0.9882225
v -11.5159321 39.7022133 1655.7464600
vn -0.1167910 -0.8422519 0.5262810
v -89.1293640 40.7446899 1655.2860107
vn 0.1120358 -0.0629855 0.9917060
v -9.9974661 45.6033020 1655.7559814
vn 0.2798545 -0.1159877 0.9530101
v 2.2449872 41.6073303 1653.1896973
vn 0.1756260 -0.0916387 0.9801826
v -5.3838410 39.6344948 1654.7615967
vn 0.2325092 -0.0984382 0.9675998
v -0.7209904 44.5925369 1654.3093262
vn -0.3704939 -0.7884228 0.4910435
v -113.1171799 45.3458939 1651.5089111
vn 0.1215898 -0.0490822 0.9913661
v -15.5032015 45.1403275 1656.2845459
vn -0.2874168 -0.7642605 0.5773193
v -105.6203079 46.4765930 1657.5239258
vn 0.1348614 -0.1112482 0.9845996
v -17.8756485 47.1138039 1656.7218018
vn 0.1007675 -0.1027076 0.9895944
v -11.7519445 48.4036674 1656.0905762
vn 0.1506586 -0.1673117 0.9743248
v -14.5903301 50.6475105 1656.7625732
vn 0.1240912 -0.1620894 0.9789425
v -7.6257620 51.3685837 1656.1170654
vn 0.2044756 -0.1159536 0.9719797
v -2.2015731 50.5478134 1655.1472168
vn 0.2070497 -0.1523990 0.9663876
v -3.2973042 54.3529510 1656.0113525
vn -0.6079236 -0.5805212 0.5416862
v -124.5944901 56.1037140 1655.4160156
vn 0.1101719 -0.1833857 0.9768479
v -11.1641636 52.2025566 1656.6021729
vn 0.3066419 -0.0468042 0.9506735
v 1.8597158 60.4417953 1655.2602539
vn 0.2955214 0.1029062 0.9497776
v 2.9632068 65.9088669 1654.9027100
vn 0.9453242 -0.1387282 -0.2951552
v -80.7538757 69.6546631 1653.8746338
vn 0.8057529 -0.1597684 0.5702950
v -80.4868393 71.1694870 1653.8052979
vn -0.3449255 0.3438394 -0.8733848
v -79.9828186 71.6275711 1654.6894531
vn -0.8015799 0.5335357 0.2698320
v -79.3252869 73.4359741 1654.0694580
vn -0.3214461 0.3703185 -0.8715140
v -79.4242249 73.5256119 1655.1069336
vn 0.2940651 0.6731541 0.6785199
v -7.3441353 74.6960907 1656.0476074
vn 0.2472573 0.0553648 0.9673668
v -2.1467700 73.6797180 1655.6860352
vn 0.8480045 0.4091182 0.3369133
v -8.6545677 76.1258774 1655.7828369
vn 0.5120412 0.0170698 0.8587914
v 1.4404523 73.9292145 1654.1468506
vn 0.7986563 -0.4280558 -0.4229850
v -81.1157455 75.8454514 1654.7565918
vn 0.9538801 -0.1253452 -0.2727662
v -81.1858139 75.6743546 1654.8328857
vn -0.6390711 0.7516796 0.1629906
v -75.0973511 78.8187408 1653.3199463
vn 0.3683984 -0.0771748 0.9264593
v 1.8026898 78.1739197 1654.7670898
vn -0.8990192 0.3910854 -0.1970196
v -4.1244874 77.9592209 1650.5924072
vn 0.5311798 -0.8463181 0.0399211
v -78.0512085 78.1823120 1653.1047363
vn 0.5842740 -0.2747779 0.7636236
v 2.4374630 78.2294998 1654.3631592
vn -0.1540753 0.9416152 0.2993686
v -69.1974335 81.5906830 1654.4411621
vn 0.8204958 -0.1689584 -0.5461133
v -9.1091642 82.7329865 1653.1846924
vn 0.5086624 -0.3923690 -0.7663610
v -70.9579544 81.8198624 1655.0318604
vn -0.7764213 0.4185674 0.4711383
v -65.4037399 85.3656769 1654.2199707
vn 0.6307977 0.5216177 -0.5744645
v -68.4376678 81.2922516 1656.1190186
vn -0.7004259 -0.0773007 0.7095268
v -3.5461998 82.0246124 1654.6872559
vn 0.5602643 -0.7777693 0.2849187
v -6.8073888 83.7827530 1655.2264404
vn 0.2423331 -0.0591925 0.9683858
v 5.0949249 82.4401245 1654.0415039
vn 0.5653712 0.1695287 -0.8072270
v -95.4962845 82.8533401 1653.1186523
vn 0.1512765 0.1960977 0.9688452
v 2.5032794 85.5736923 1654.2908936
vn 0.2351642 0.2207157 0.9465635
v 7.2565274 84.9861145 1653.5814209
vn 0.7326000 -0.6141480 -0.2934615
v -68.5956039 84.7948837 1654.1737061
vn 0.1691730 -0.1345865 0.9763539
v -5.2956195 84.6557541 1654.9560547
vn 0.3611118 0.3390340 -0.8687084
v -92.0724487 85.3722992 1654.5705566
vn 0.7046456 -0.1988634 -0.6811225
v -93.0976257 84.9269333 1655.4790039
vn 0.0744559 0.1123737 0.9908726
v -0.8550693 83.5344772 1654.8837891
vn -0.1062775 -0.1845319 -0.9770635
v -92.8985977 85.0788651 1655.6635742
vn -0.9498612 0.2230838 -0.2190829
v -64.8436127 86.3357315 1655.6596680
vn 0.2948804 0.3783813 0.8774242
v -10.8373756 89.8218384 1655.4984131
vn 0.3519636 0.2215448 0.9094172
v -9.6572428 86.9691391 1656.1116943
vn 0.1313836 0.2989961 0.9451665
v -1.0481697 87.9780731 1654.1246338
vn 0.0936011 0.6371911 -0.7650009
v -12.0752831 88.6675720 1653.8389893
vn 0.1856593 0.3797012 0.9062878
v -4.3647723 93.0822067 1652.3571777
vn -0.7740422 -0.0064288 0.6331013
v -139.2158051 93.7494278 1654.8616943
vn 0.2349307 0.3450734 0.9086980
v -6.2226143 90.0804062 1654.1601562
vn 0.6784748 0.6952102 0.2373919
v -17.2004795 92.6701660 1653.7402344
vn -0.3992638 0.3929505 -0.8283589
v -58.6288033 94.9482193 1655.8156738
vn -0.7341483 0.5886902 0.3383345
v -10.6453123 90.7863235 1654.9094238
vn 0.2011948 0.8693933 -0.4513048
v -49.6890831 94.8714905 1652.6114502
vn 0.5763646 0.0892571 0.8123035
v -8.7288847 95.3720245 1653.9321289
vn -0.4281936 0.1963685 0.8820939
v -9.5106897 93.1783371 1654.4383545
vn 0.9165183 0.2904264 -0.2750394
v -65.1163254 93.8443222 1654.1873779
vn 0.1471225 0.9890150 0.0142954
v -67.9838181 96.9140472 1654.6112061
vn -0.3563663 0.9331546 0.0471772
v -32.0671501 95.1760406 1653.2929688
vn 0.0466834 0.9260060 0.3746113
v -77.1296387 96.1415482 1655.7833252
vn -0.2413001 0.2662623 -0.9332088
v -83.7866974 94.9812164 1658.2774658
vn 0.0743577 0.6893420 -0.7206098
v -47.7742500 96.0925598 1654.6363525
vn 0.1437444 0.5315216 -0.8347589
v -44.2276802 96.9740829 1655.8182373
vn 0.1531242 0.4105233 -0.8989013
v -66.8176651 97.3104782 1655.6348877
vn 0.3764689 -0.9072308 0.1876258
v -79.8484879 95.6245880 1657.5009766
vn 0.2759487 -0.8948944 -0.3507370
v -77.8443604 96.4938507 1657.2983398
vn 0.0359598 -0.9387622 -0.3426840
v -65.2869034 98.7465286 1654.9925537
vn 0.0410389 -0.9044994 -0.4244959
v -57.2633705 99.0273590 1654.4105225
vn 0.1183665 -0.8422548 -0.5259241
v -51.0991669 99.2229233 1654.9663086
vn 0.6731722 -0.5810531 -0.4574021
v -42.9538155 101.1420822 1654.9516602
vn 0.9629361 0.2442461 0.1144466
v -43.1978798 102.3214417 1653.9489746
vn 0.1145362 -0.2800725 0.9531217
v -11.1334324 102.3879395 1651.1785889
vn -0.7050853 0.1159029 0.6995865
v -134.9350739 103.2814789 1658.4824219
vn -0.7235029 0.1611156 0.6712565
v -137.1335449 107.8374634 1655.3974609
vn 0.8353932 0.3145936 -0.4507207
v -54.4084244 116.2803268 1652.8388672
vn 0.0352730 -0.9993609 -0.0058036
v -111.6873779 116.9626541 1653.2905273
vn 0.4323201 -0.1106972 0.8948997
v -111.6592712 117.2128220 1653.4147949
vn -0.3202057 0.4331452 -0.8425281
v -111.7347565 117.5891266 1653.4589844
vn -0.8921357 -0.3434570 -0.2934815
v -111.8909225 118.1175308 1653.0861816
vn 0.2838744 -0.0724337 -0.9561217
v -83.4613571 118.0921860 1654.8610840
vn -0.7828522 0.3122512 -0.5381837
v -82.7120590 118.0935135 1653.6569824
vn -0.0111245 0.2740163 -0.9616607
v -83.2626724 117.9182129 1655.2615967
vn 0.0951910 -0.3659278 -0.9257621
v -112.2972107 119.0419083 1652.8305664
vn -0.5915899 -0.7353216 -0.3306412
v -82.8267975 118.2398376 1653.7369385
vn -0.6120145 0.2679656 -0.7440649
v -45.5858803 122.8097305 1655.7742920
vn -0.3468613 0.2723540 0.8975024
v -45.9551010 122.9614792 1655.5881348
vn 0.2356760 0.8653048 0.4423849
v -46.5053978 123.1687851 1655.3250732
vn 0.7928748 -0.5814492 -0.1823905
v -51.3765144 121.6958618 1656.1817627
vn 0.4430593 -0.7462521 -0.4967962
v -48.5571365 124.0259476 1654.2045898
vn 0.7457106 0.5065889 0.4327627
v -47.4515915 123.6092758 1655.3038330
vn -0.8592941 0.3368199 0.3849236
v -45.4541130 122.7683792 1655.2983398
vn 0.3241510 0.6233513 0.7115893
v -48.9431992 124.2500687 1655.2760010
vn 0.4973460 0.8675029 0.0092615
v -47.9229240 123.8023605 1655.0626221
vn 0.3119516 0.5543666 0.7715982
v -64.3033981 130.1779327 1657.3780518
vn 0.3575095 0.6010391 0.7148000
v -58.7969093 136.4519043 1650.2327881
vn -0.5916840 0.3914532 0.7047514
v -130.2920685 132.0308075 1652.4512939
vn -0.3404427 0.4529471 0.8239768
v -118.1386948 139.4848785 1655.8151855
vn 0.2503863 0.6102760 0.7515783
v -79.0763550 141.0789185 1654.9672852
vn 0.1687711 0.6090309 0.7749824
v -86.8997726 142.3715515 1656.0898438
vn -0.1988290 0.5655149 0.8004124
v -111.7647095 143.0235901 1655.9715576
vn 0.0418077 0.5935046 0.8037440
v -97.7502518 144.0246124 1656.1494141
vn -0.0609987 -0.3492833 0.9350296
v -24.2036991 30.9444752 1655.2985840
vn 0.0382571 -0.1632505 0.9858426
v -17.1514702 33.0249290 1655.7683105
vn -0.0577379 -0.3740326 0.9256165
v -33.1590652 36.3104439 1656.6622314
vn -0.0686494 -0.4260194 0.9021057
v -36.6181450 37.3196678 1656.8911133
vn -0.0320609 -0.3057854 0.9515606
v -38.4845390 40.2575188 1657.9436035
vn 0.0920653 -0.0630389 0.9937556
v -16.1325169 38.9252663 1656.3168945
vn -0.0303172 -0.8370864 0.5462300
v -82.4612656 40.4657516 1655.3692627
vn 0.0721881 -0.1974562 0.9776502
v -29.0890522 39.7539749 1657.5222168
vn 0.0201700 -0.7862165 0.6176220
v -74.8392563 41.3762054 1656.9633789
vn 0.0212595 -0.7380391 0.6744230
v -68.1917496 42.1240196 1657.2745361
vn -0.0850691 -0.7947366 0.6009634
v -88.3199844 41.9157867 1657.1126709
vn -0.0954047 -0.5290942 0.8431829
v -50.2594643 41.4697418 1657.4812012
vn 0.1067448 -0.0627051 0.9923072
v -19.4160900 42.1553268 1656.7642822
vn 0.1227026 -0.1227803 0.9848194
v -27.1585922 42.4082680 1657.7495117
vn -0.4223211 -0.7495897 0.5096668
v -118.0737991 48.7222519 1653.0740967
vn 0.1330316 -0.1079157 0.9852192
v -22.3650131 46.9244423 1657.2933350
vn 0.0915994 -0.1709293 0.9810162
v -22.4615021 50.9128571 1658.0827637
vn 0.1051047 -0.0928999 0.9901124
v -27.1979733 50.4482040 1658.4589844
vn 0.1440037 -0.1575290 0.9769583
v -6.6278944 55.0586662 1656.7691650
vn 0.1097659 -0.1702704 0.9792648
v -7.8328662 54.9156799 1656.8812256
vn 0.1363521 -0.1611089 0.9774723
v -11.3708935 56.8467369 1657.6140137
vn 0.1914724 -0.0802206 0.9782142
v -5.3330684 58.4671402 1656.9801025
vn 0.2845396 -0.1222082 0.9508430
v 0.0847098 56.5945396 1655.4664307
vn 0.2397987 -0.0481014 0.9696302
v -1.4745808 59.5630875 1656.2174072
vn 0.0736705 -0.0749060 0.9944656
v -25.8806477 60.0959930 1659.0982666
vn 0.1562437 -0.0706601 0.9851878
v -9.0299072 60.6363602 1657.7846680
vn -0.7028104 -0.4088726 0.5821347
v -130.8466797 63.9811745 1655.6599121
vn 0.1992320 -0.0033298 0.9799467
v -7.6299219 61.9434433 1657.5673828
vn -0.6565189 -0.4044854 0.6366903
v -128.0235138 64.3122101 1659.0246582
vn 0.2683933 0.0645047 0.9611474
v -1.0190740 66.5900497 1656.0277100
vn -0.1338254 0.6707757 -0.7294866
v -80.3058243 70.6286011 1654.4899902
vn 0.2012295 0.1671062 0.9651851
v -6.0577102 71.7778702 1656.8564453
vn 0.9644868 0.1141896 -0.2381720
v -80.0921021 73.3798676 1654.4544678
vn -0.4199677 0.4850126 0.7670658
v -4.8994584 75.6252670 1655.5766602
vn 0.0000453 0.0418065 -0.9991257
v -79.3452682 74.6625977 1655.2247314
vn 0.5122207 0.2131132 0.8319932
v -9.6334848 75.8928680 1656.7136230
vn -0.3333347 0.0329410 -0.9422330
v -77.7291412 76.4699249 1654.7343750
vn -0.1509314 0.0828804 0.9850637
v -3.6366763 78.4421082 1656.0852051
vn -0.4752096 0.8741810 -0.0999169
v -65.9309845 79.6268463 1656.9411621
vn 0.9473624 -0.1335365 0.2909857
v -8.9440107 80.6861649 1655.8776855
vn -0.2913158 0.4637393 0.8367084
v -3.7221663 79.0342941 1655.9621582
vn 0.3585308 -0.5381950 -0.7627594
v -74.4473953 79.4598389 1654.1301270
vn 0.4765938 -0.1142723 0.8716652
v -9.1710310 81.8610077 1656.3696289
vn 0.1708374 0.6333809 -0.7547472
v -69.8988190 81.5463715 1655.4307861
vn 0.4083377 0.0168499 0.9126754
v -8.3665257 83.4968796 1656.1794434
vn 0.6637473 -0.2647648 0.6995279
v -7.7072182 82.7167587 1655.8201904
vn 0.3946330 0.0588659 0.9169513
v -11.5990887 83.2034302 1657.6270752
vn 0.6534272 -0.3113594 -0.6899915
v -68.2089157 83.4047775 1656.2070312
vn 0.4346251 0.3215274 0.8412616
v -15.3172636 89.8193207 1657.8868408
vn -0.7357395 -0.1168170 0.6671141
v -135.6932526 84.0672302 1657.7069092
vn -0.2450996 -0.0810159 -0.9661070
v -65.4087372 87.4798965 1656.3444824
vn 0.5613141 -0.1158721 -0.8194512
v -63.7618141 92.5691147 1655.7104492
vn -0.5378762 0.4095318 -0.7368669
v -62.3118515 91.7231216 1656.0472412
vn 0.2057612 0.9733201 0.1015398
v -12.7451382 90.2604828 1656.0150146
vn -0.0079329 0.0403331 -0.9991548
v -62.0507278 93.0203857 1656.2313232
vn 0.4454961 0.8937876 -0.0517398
v -38.1151657 96.4779968 1659.1204834
vn 0.0422544 0.9968576 -0.0670039
v -32.7631340 95.0887451 1656.3951416
vn -0.1705199 0.9690489 -0.1785140
v -74.8668137 96.8371124 1656.1655273
vn 0.3750499 0.8081583 0.4541121
v -18.9930859 92.8846588 1657.7639160
vn -0.1884276 0.9813129 0.0389885
v -80.1836472 95.5308456 1657.6289062
vn -0.1708869 0.6266750 -0.7603132
v -70.1454468 97.3079300 1656.3376465
vn 0.3372922 0.8911763 0.3033789
v -36.0526543 95.5434799 1660.0726318
vn 0.0258693 0.9582074 0.2849023
v -31.0338440 94.8777161 1658.2373047
vn -0.2041128 -0.7329271 -0.6489652
v -84.0477524 94.9102631 1658.3607178
vn 0.1313846 -0.0253152 -0.9910083
v -63.3985939 96.3027420 1656.0117188
vn 0.1901974 0.7874305 0.5863261
v -23.7721539 94.2493820 1658.0035400
vn -0.1431856 0.2347234 -0.9614587
v -56.3646507 96.9820557 1655.5129395
vn 0.2383751 -0.4602825 0.8551710
v -74.2261047 97.3423691 1657.3814697
vn -0.0252914 -0.5547197 -0.8316528
v -67.2717133 98.1840363 1655.6402588
vn 0.0611345 0.2828944 -0.9572008
v -48.2906380 97.9084320 1655.8499756
vn 0.8591289 0.1513305 -0.4888728
v -42.1139450 100.1158600 1656.9488525
vn 0.0261135 -0.4260107 -0.9043412
v -56.5042992 98.0198593 1655.3398438
vn 0.5474033 0.6482832 -0.5292245
v -40.8344994 97.9541855 1657.6917725
vn 0.1018434 -0.9825603 -0.1555733
v -69.7768478 98.2579727 1655.1904297
vn 0.2127424 -0.4654726 -0.8591135
v -46.6898079 98.9609680 1655.9703369
vn 0.8167796 0.5762039 -0.0293308
v -49.9547615 109.6601486 1655.3764648
vn -0.7142094 0.2383310 0.6581058
v -135.6353302 114.8507385 1654.8892822
vn 0.9670657 0.0557197 -0.2483530
v -53.2800102 117.6015244 1656.3247070
vn -0.5929345 0.3023855 0.7463188
v -130.2434540 120.2563248 1657.8709717
vn 0.6265788 -0.4070355 0.6646210
v -50.9876976 122.4158401 1656.3498535
vn 0.1740430 0.6606897 0.7302042
v -47.1909180 123.0614853 1655.6374512
vn 0.4141812 0.3730613 0.8302284
v -51.8248825 123.0389633 1656.7868652
vn 0.3773425 0.5601906 0.7374275
v -52.5084953 128.0688629 1653.8986816
vn 0.3433211 0.5379080 0.7699258
v -56.4839859 125.8210678 1657.3320312
vn -0.5389888 0.3534723 0.7645577
v -127.5399170 125.6507263 1657.4108887
vn -0.4168756 0.3917876 0.8201934
v -121.1436462 130.3483429 1659.1770020
vn -0.4365431 0.4222465 0.7944419
v -122.6153717 135.1269531 1656.1934814
vn 0.2793730 0.5590454 0.7806530
v -73.0219727 135.8828278 1656.6614990
vn 0.2181838 0.5677665 0.7937487
v -81.3922501 138.3618622 1657.7253418
vn -0.1708006 0.5095859 0.8432968
v -109.7800598 140.4647064 1658.1281738
vn -0.0958946 -0.4689790 0.8779880
v -45.3879662 40.4071541 1657.4617920
vn 0.0032598 -0.7581633 0.6520567
v -76.4850082 42.2359962 1657.9798584
vn -0.1042887 -0.4435877 0.8901426
v -42.1198387 38.9072838 1657.1007080
vn -0.0371077 -0.5772370 0.8157332
v -54.4195290 42.7094116 1657.8709717
vn 0.0060735 -0.2853736 0.9583972
v -41.3207855 43.5350685 1658.7954102
vn -0.0927681 -0.7434929 0.6622783
v -89.4155426 44.2828331 1659.8458252
vn 0.0424986 -0.6711808 0.7400745
v -66.9731522 43.6225128 1658.6622314
vn -0.0135837 -0.6841911 0.7291762
v -61.2291336 42.5206909 1657.5477295
vn 0.0767172 -0.1635871 0.9835415
v -34.5150223 43.9310951 1658.7104492
vn 0.0337571 -0.2476864 0.9682520
v -33.6336136 40.2605438 1657.9188232
vn 0.0651086 -0.6873624 0.7233905
v -73.7862778 44.3855743 1660.1127930
vn 0.0317975 -0.6073325 0.7938112
v -61.7996368 44.9788132 1659.6456299
vn 0.0991533 -0.1187720 0.9879584
v -30.9416809 43.9725533 1658.3565674
vn -0.2215404 -0.7975127 0.5611537
v -101.4254379 44.2358551 1656.3140869
vn -0.1714607 -0.7783406 0.6039762
v -96.9253693 44.6743622 1658.3775635
vn 0.0218017 -0.6978062 0.7159547
v -77.0018768 44.5682335 1660.5371094
vn 0.0781174 -0.6029251 0.7939641
v -64.9512711 47.1432037 1661.4772949
vn 0.0511013 -0.5041934 0.8620775
v -52.4575539 46.5499649 1660.2830811
vn 0.0231366 -0.4116806 0.9110345
v -49.0078316 46.0936050 1659.9218750
vn -0.1860927 -0.7468957 0.6383700
v -99.0328217 46.3075638 1659.8343506
vn 0.1328430 -0.1784298 0.9749439
v -38.8049126 49.0851784 1660.0048828
vn 0.1606752 -0.0987315 0.9820568
v -32.7323227 53.2966576 1659.2370605
vn 0.1547303 -0.1682078 0.9735321
v -18.6696205 56.6241875 1658.7615967
vn 0.0902566 -0.0803769 0.9926698
v -28.2855034 55.6512566 1658.9039307
vn -0.4959730 -0.6353976 0.5918452
v -119.4410248 53.4450455 1657.6197510
vn 0.3037574 -0.2100538 0.9293057
v -37.5294571 58.3298454 1661.0015869
vn -0.5938812 -0.5207344 0.6133032
v -124.0889587 59.1126328 1658.8830566
vn 0.0344834 -0.1036659 0.9940143
v -23.3781433 53.3913841 1658.4648438
vn 0.0473285 -0.1015087 0.9937083
v -19.5945625 56.8783188 1658.9472656
vn 0.1666685 -0.1085300 0.9800219
v -30.7052021 57.8280487 1659.3967285
vn 0.1373985 -0.0814169 0.9871641
v -13.2654381 60.5187683 1658.3671875
vn 0.3240698 -0.2238914 0.9191580
v -32.8852043 63.8713570 1660.7497559
vn 0.2123361 -0.1195078 0.9698615
v -30.2266426 62.3408356 1659.7117920
vn 0.0823763 -0.0820020 0.9932220
v -25.4078808 65.4594498 1659.4102783
vn 0.0470079 -0.0496342 0.9976606
v -21.1482105 63.3202553 1659.0961914
vn 0.1325338 -0.0051355 0.9911652
v -13.7237358 64.7550125 1658.6411133
vn 0.2497288 0.1288609 0.9597033
v -8.6057701 71.7200851 1657.4693604
vn 0.1530565 -0.1043327 0.9826945
v -24.1897545 69.7568893 1659.6958008
vn 0.1713197 0.0075149 0.9851869
v -13.3614445 70.2698746 1658.4273682
vn 0.2934145 -0.2182670 0.9307349
v -24.9185219 73.0908508 1660.3505859
vn 0.3640139 0.0289983 0.9309420
v -13.0518866 77.6717300 1658.1220703
vn -0.7485952 -0.2483711 0.6147496
v -133.5792999 74.1000443 1657.2969971
vn 0.2523170 -0.0207855 0.9674214
v -16.2005444 77.2628021 1659.3232422
vn 0.4059518 -0.3473621 0.8453063
v -24.7286434 74.3111496 1660.6619873
vn 0.2880887 -0.0877943 0.9535707
v -17.7468204 79.2197876 1659.6950684
vn 0.6823805 0.3862684 -0.6206075
v -65.8253326 81.0713120 1658.3937988
vn 0.4170959 -0.1939998 0.8879162
v -20.0705757 80.1474457 1660.8143311
vn -0.1344564 -0.6312076 0.7638708
v -65.9200516 79.6885300 1657.0296631
vn -0.1200301 0.0063372 -0.9927500
v -65.3946152 81.9207687 1659.6212158
vn 0.3840510 0.0917811 0.9187388
v -14.2577686 84.1647034 1658.6121826
vn 0.4246740 -0.4769396 -0.7695327
v -65.3745651 82.2917023 1659.2917480
vn 0.4296368 0.0577569 0.9011528
v -17.8356762 84.4674149 1660.1888428
vn 0.6135173 -0.4595391 -0.6421996
v -65.9478302 86.9365845 1656.4031982
vn 0.5567614 0.7784113 0.2899873
v -14.5052776 90.9380341 1656.6024170
vn 0.4931577 0.6898378 0.5300182
v -16.2505245 91.5167236 1657.5994873
vn 0.3652482 0.5608684 0.7429807
v -18.4343014 92.0337219 1658.6207275
vn -0.9514989 -0.1259233 0.2807015
v -84.3733292 94.8905106 1658.4926758
vn -0.0395929 0.7178900 0.6950298
v -80.0691528 95.6555481 1657.8154297
vn 0.1088234 0.8598676 0.4987836
v -29.4672470 94.2935791 1659.4648438
vn -0.7192723 0.0085307 0.6946759
v -136.2038422 94.2320938 1657.9913330
vn -0.0727113 0.8990397 0.4317877
v -74.2386780 97.3688812 1657.3712158
vn -0.1709425 -0.4621939 -0.8701468
v -70.6208344 97.5520477 1656.4677734
vn 0.7221952 0.6755059 0.1487479
v -41.7994652 99.5955124 1659.1558838
vn 0.7326980 0.6367375 0.2402476
v -44.3509445 103.5182571 1656.2379150
vn 0.7330016 0.6577740 0.1733260
v -46.6784134 106.1433792 1656.0778809
vn -0.6438800 0.1793542 0.7438083
v -133.8959198 107.9278641 1658.4296875
vn -0.6460267 0.2437579 0.7233475
v -132.2364502 115.9519119 1657.7304688
vn -0.6000773 0.2063620 0.7728661
v -129.5131836 114.0501251 1660.5612793
vn 0.6149904 0.3358847 0.7134202
v -54.0996628 119.2514648 1659.9843750
vn 0.2873529 0.5217321 0.8032584
v -69.9419556 128.7687225 1660.4783936
vn 0.2796482 0.5279092 0.8019407
v -71.7586746 130.2237549 1660.2163086
vn 0.2229532 0.5460502 0.8075402
v -80.3025665 134.2609100 1660.2637939
vn -0.0514311 0.5201607 0.8525184
v -103.4010773 137.8764954 1660.3951416
vn 0.0509320 0.5736412 0.8175216
v -93.7442627 137.7607422 1660.3175049
vn -0.2822363 0.4686928 0.8370602
v -113.3481064 135.2682495 1659.9354248
vn 0.1209911 0.5620307 0.8182192
v -89.6482697 140.4255371 1658.1035156
vn -0.0257820 0.5797138 0.8144122
v -102.9900360 142.1427002 1657.5800781
vn -0.1396283 -0.7055899 0.6947279
v -94.8088989 47.8296013 1662.5173340
vn 0.0768501 -0.5269861 0.8463922
v -57.8134079 49.5060768 1662.4324951
vn -0.3132757 -0.7159216 0.6239508
v -107.6848984 49.6000214 1660.3916016
vn 0.2123909 -0.2320905 0.9492229
v -41.3004227 52.9227829 1661.1076660
vn 0.3872427 -0.2978660 0.8725359
v -30.5527821 74.7060318 1664.3847656
vn 0.4410111 0.1236268 0.8889464
v -21.0689468 85.6992188 1661.7153320
vn 0.2262731 0.6722385 0.7049084
v -27.2576733 92.8071518 1660.7578125
vn -0.6990474 -0.0125784 0.7149647
v -132.0482788 91.6112671 1662.2211914
vn 0.1529516 -0.1078812 0.9823276
v -83.2303162 95.0827332 1658.3244629
vn 0.2687089 -0.8272936 0.4933365
v -80.1221313 95.5197525 1657.7932129
vn -0.2225002 0.5104216 -0.8306404
v -77.7321548 96.5097504 1657.2951660
vn -0.6593528 0.1115435 0.7435132
v -132.9747925 100.8675308 1660.8171387
vn -0.5340008 0.2442721 0.8094285
v -127.3270950 114.9566803 1661.9465332
vn -0.5441447 0.2987897 0.7839843
v -127.7537918 117.8015976 1660.5612793
vn 0.9401679 0.3171235 0.1245672
v -52.2333221 114.8270111 1659.2165527
vn 0.9214476 0.0430350 0.3861119
v -53.2008553 118.9165955 1658.9041748
vn -0.4989699 0.3485484 0.7934375
v -125.0194473 124.1628876 1659.8315430
vn 0.2788803 0.5184346 0.8083634
v -65.4855652 122.8408432 1662.8378906
vn 0.4046485 0.4706144 0.7840802
v -56.3331833 120.9958038 1660.5378418
vn -0.3530720 0.4102526 0.8408526
v -116.4860687 128.3800964 1662.2637939
vn -0.2166653 0.4754508 0.8526446
v -111.0488892 133.5861511 1661.5312500
vn 0.1346867 0.5665183 0.8129678
v -88.3436508 135.2803650 1661.2678223
vn -0.0656597 -0.6762832 0.7337096
v -88.9100189 47.7222977 1663.3314209
vn 0.0082957 -0.6742325 0.7384726
v -82.7923355 47.8434792 1663.7098389
vn 0.0502545 -0.6263838 0.7778931
v -77.1541977 47.2147484 1662.9281006
vn -0.2306477 -0.7163405 0.6585272
v -103.5100021 48.6306343 1661.0737305
vn -0.2165543 -0.6534148 0.7253643
v -102.9819794 50.6705780 1663.2518311
vn 0.0877592 -0.6199898 0.7796865
v -72.1590042 48.1434975 1663.0520020
vn 0.1217178 -0.5168186 0.8473980
v -62.4127045 52.7307510 1664.9914551
vn 0.1233792 -0.3939900 0.9107960
v -48.8213234 48.5629616 1660.9647217
vn 0.2923115 -0.3229114 0.9001569
v -43.0227165 56.0888329 1662.6912842
vn -0.4929153 -0.5013692 0.7111002
v -120.2084274 59.2987022 1662.3039551
vn -0.4118634 -0.6045858 0.6817951
v -115.5290298 54.8082428 1662.0086670
vn 0.2450678 -0.3740069 0.8944611
v -45.8040886 56.7322998 1663.6542969
vn 0.4143623 -0.3400654 0.8441916
v -32.2188187 67.3715286 1661.6215820
vn -0.5650479 -0.4162224 0.7123762
v -124.1776810 63.6079559 1662.0196533
vn 0.3829787 -0.3275546 0.8637333
v -40.4659348 63.4716568 1664.2563477
vn -0.7038785 -0.2474395 0.6658295
v -129.5935364 74.1003494 1661.9157715
vn 0.2919483 0.5363944 0.7918632
v -21.6407871 91.7708740 1659.8756104
vn 0.2592433 0.7721206 0.5801920
v -32.2453842 93.4941101 1661.5417480
vn 0.5593660 0.7086441 0.4300386
v -40.6669312 97.6202621 1661.6068115
vn 0.6483852 0.5546269 0.5215224
v -47.1668587 102.6279907 1663.2523193
vn 0.8117069 0.4918460 0.3149912
v -49.7410088 108.2270966 1660.9251709
vn -0.4695542 0.3101046 0.8266523
v -121.9444962 117.5386581 1664.1771240
vn 0.7700992 0.3818077 0.5110482
v -52.2646751 112.6771545 1661.6851807
vn 0.2715755 0.4594097 0.8456888
v -62.6121368 116.6330185 1665.7216797
vn 0.3832793 0.4639422 0.7986580
v -58.2681084 117.8098755 1663.4047852
vn -0.4382748 0.3458694 0.8296322
v -121.1170120 122.8948364 1662.5651855
vn 0.2975375 0.5197279 0.8008460
v -60.8800964 119.8144455 1663.2030029
vn 0.2515290 0.5099586 0.8226028
v -75.4586639 127.4748917 1663.0997314
vn 0.2221081 0.5210682 0.8241092
v -80.7863846 130.0388641 1663.1088867
vn -0.2825838 0.4420024 0.8513403
v -111.9688797 128.0101013 1664.1582031
vn 0.1616954 0.5354180 0.8289645
v -85.7086792 130.5878906 1663.8801270
vn 0.1003958 0.5338079 0.8396248
v -90.3117371 131.8849640 1663.8331299
vn 0.0143355 0.5430938 0.8395497
v -95.3738174 132.9856262 1663.5274658
vn -0.1672268 -0.6702818 0.7230198
v -97.2322311 49.6513481 1663.7734375
vn -0.0423295 -0.6368285 0.7698426
v -88.9761124 51.0908775 1666.2491455
vn 0.1435280 -0.4574003 0.8776017
v -54.3960114 53.3454056 1664.2503662
vn 0.2072694 -0.3675366 0.9066181
v -55.0956612 59.3621712 1667.5562744
vn -0.3394819 -0.6059391 0.7194371
v -112.1853561 54.4712334 1663.5227051
vn 0.1804293 -0.4199295 0.8894405
v -51.3498726 52.4818916 1663.3038330
vn -0.4603194 -0.3992564 0.7929063
v -119.8872223 62.4889793 1664.3812256
vn -0.2881063 -0.5020345 0.8154485
v -107.7967453 57.9771690 1667.6795654
vn 0.3481447 -0.3172948 0.8821107
v -44.2627716 61.3420792 1664.9765625
vn 0.3489296 -0.3223055 0.8799815
v -37.6173592 68.2323914 1664.8702393
vn 0.3950160 -0.3539558 0.8477486
v -33.8607254 71.2335815 1664.3693848
vn 0.2829173 -0.2557002 0.9244324
v -42.0421219 67.6995239 1666.1588135
vn 0.3046166 -0.2614671 0.9158841
v -36.6511841 72.4297180 1665.9974365
vn -0.5918940 -0.3276073 0.7364340
v -125.7440414 67.1492920 1662.5202637
vn -0.6418790 -0.2107092 0.7372876
v -127.6640701 75.9922028 1664.4753418
vn 0.4522149 -0.3590893 0.8164292
v -27.1643372 76.7664413 1663.5472412
vn 0.3391814 -0.1928069 0.9207505
v -27.6301880 78.1319122 1664.2492676
vn 0.3911714 -0.1267185 0.9115522
v -25.7687531 80.1235580 1663.8558350
vn 0.2419228 0.0330010 0.9697341
v -30.7270546 83.7418747 1665.6102295
vn -0.7132591 -0.1259177 0.6894971
v -131.5333405 81.4669724 1661.6839600
vn -0.5924551 -0.0569557 0.8035876
v -124.7064133 87.0869827 1668.8674316
vn 0.2332748 0.2495354 0.9398484
v -31.5626945 87.7300110 1665.0882568
vn 0.3785042 0.0342021 0.9249675
v -26.5404453 84.7352295 1664.3400879
vn 0.3925953 0.2867114 0.8738796
v -24.1719990 87.8596191 1662.9334717
vn 0.2861174 0.2800888 0.9163445
v -27.2756615 87.5532990 1664.1955566
vn 0.2661113 0.5067103 0.8200181
v -30.0719948 90.3725204 1663.6798096
vn 0.3143623 0.3158623 0.8952137
v -37.7661438 90.0734177 1666.1290283
vn 0.2973607 0.5713340 0.7649536
v -34.3471146 92.1528168 1663.9251709
vn 0.4243864 0.6192381 0.6606363
v -39.1886139 94.6148529 1664.0573730
vn 0.4618950 0.4917096 0.7381563
v -44.3989449 96.3938217 1666.2130127
vn -0.5516043 0.1900267 0.8121716
v -126.0325241 110.3792725 1663.8371582
vn 0.6539850 0.4044357 0.6393242
v -51.9743347 109.3407288 1663.4749756
vn 0.4233385 0.4021569 0.8118216
v -57.3479424 112.4510880 1665.9042969
vn 0.5598495 0.3937455 0.7290632
v -54.7447548 114.6192932 1663.1230469
vn 0.2486033 0.4698162 0.8470355
v -67.5273285 118.7990494 1665.8841553
vn -0.3648559 0.3894817 0.8456857
v -115.0522690 121.6871109 1666.0604248
vn -0.3982338 0.3648056 0.8416215
v -117.1215057 122.1254654 1664.8580322
vn -0.2603357 0.4302976 0.8643317
v -109.9169235 125.9379730 1665.9686279
vn -0.1193950 0.4889387 0.8641086
v -104.0902100 127.4114761 1666.4276123
vn 0.1717697 0.4934685 0.8526337
v -83.7735901 126.3592606 1666.1921387
vn -0.0986999 0.5015166 0.8594995
v -103.9405060 132.6957245 1663.3859863
vn 0.0081903 0.5064341 0.8622398
v -95.9272614 127.4837875 1666.9804688
vn 0.0932289 -0.6105489 0.7864722
v -75.8494110 52.3254013 1666.6922607
vn 0.0355918 -0.6022286 0.7975299
v -81.5768890 52.5265999 1667.4447021
vn -0.1075638 -0.6468371 0.7550045
v -93.3081818 50.9754448 1665.6931152
vn 0.1203008 -0.5621015 0.8182724
v -68.0817795 51.7276306 1665.3106689
vn 0.1889932 -0.4080571 0.8931803
v -60.2997932 59.7435417 1668.6380615
vn 0.2502819 -0.3468607 0.9039063
v -50.2732201 59.7331123 1666.2310791
vn 0.2931763 -0.3156406 0.9024515
v -46.0258484 61.0891266 1665.6499023
vn 0.2570314 -0.2579992 0.9313278
v -47.9554138 64.3768539 1666.9575195
vn 0.2497094 -0.1829268 0.9508854
v -43.7091255 71.5793457 1667.5166016
vn 0.2478026 -0.1698739 0.9538012
v -48.0592957 72.8635406 1668.8830566
vn 0.3125793 -0.1677668 0.9349591
v -34.0806084 75.3946915 1665.8815918
vn -0.5199223 -0.2834918 0.8057998
v -123.2344894 73.2729340 1666.7358398
vn 0.2299474 -0.0879276 0.9692228
v -41.6514015 77.0815430 1668.0307617
vn 0.2256671 0.0256972 0.9738655
v -35.3478050 82.6697311 1666.5635986
vn 0.2529237 -0.1296235 0.9587635
v -36.8137245 75.1608505 1666.6191406
vn 0.3143983 0.1106017 0.9428261
v -39.6157379 87.0190201 1667.4499512
vn 0.4125033 0.3800577 0.8278872
v -42.3523102 93.4436111 1666.7991943
vn -0.6775706 -0.0016733 0.7354558
v -127.8116074 90.8886108 1666.2137451
vn -0.6305477 0.1081793 0.7685745
v -127.6561050 95.1016083 1666.0444336
vn -0.6125124 0.1303908 0.7796325
v -130.0859375 99.1681976 1663.3541260
vn -0.4895366 0.2710901 0.8287727
v -121.3317490 113.3730087 1666.1552734
vn 0.1435907 0.4482337 0.8823085
v -85.2444992 123.3129196 1668.0501709
vn -0.0938472 -0.5097926 0.8551633
v -91.5335083 56.0557213 1669.7674561
vn 0.1721442 -0.5346828 0.8273336
v -67.8258286 55.8397827 1667.8975830
vn -0.0389558 -0.5359259 0.8433658
v -89.2042389 55.3724174 1669.5911865
vn -0.1610256 -0.5653704 0.8089668
v -97.9738464 55.1787834 1668.2181396
vn 0.2009066 -0.3469394 0.9161166
v -63.9002190 61.0049248 1670.1601562
vn 0.2393975 -0.2272726 0.9439471
v -57.1232338 66.0451889 1670.1052246
vn 0.2502892 -0.2681878 0.9302852
v -55.5695038 63.7095413 1668.8270264
vn 0.2578310 -0.2076743 0.9436072
v -46.1994400 68.9429550 1667.7835693
vn 0.2395754 -0.1153824 0.9639972
v -45.7820892 76.4774628 1668.8653564
vn -0.5205656 -0.1177273 0.8456665
v -122.7139130 83.6360321 1669.8580322
vn -0.5713927 -0.1782328 0.8010890
v -124.3184280 80.6543732 1668.1699219
vn 0.2599810 -0.0411419 0.9647369
v -46.9482346 81.9561615 1669.7170410
vn 0.2828592 0.0144483 0.9590526
v -44.5507965 85.2232895 1668.9998779
vn 0.2396389 0.0827812 0.9673265
v -47.2278862 88.4286728 1669.6350098
vn 0.3138924 0.1470254 0.9380059
v -43.0352554 88.8230362 1668.3227539
vn -0.5953695 0.0129612 0.8033475
v -125.0100555 89.4802475 1668.7207031
vn 0.3216523 0.2802034 0.9044478
v -46.4871368 93.3061829 1668.6973877
vn 0.4864040 0.3931066 0.7803066
v -50.9775810 101.6466293 1667.1981201
vn 0.3162912 0.2798904 0.9064333
v -56.4839516 101.3790359 1670.0297852
vn -0.4718013 0.2377945 0.8490332
v -118.3374252 104.6744461 1670.1319580
vn 0.4343107 0.3675179 0.8223776
v -56.5760918 107.9572525 1667.5803223
vn 0.2759709 0.3648834 0.8892133
v -60.4723396 109.8685226 1668.3536377
vn -0.3956849 0.2823439 0.8739082
v -117.6835403 113.4470139 1667.8957520
vn 0.2368155 0.3969000 0.8867856
v -63.7902718 112.7683258 1667.9705811
vn 0.2236653 0.3973611 0.8899876
v -69.6744461 115.3003311 1668.2625732
vn -0.3005896 0.3564061 0.8846585
v -109.7420425 116.2275543 1670.3254395
vn 0.1808311 0.4118623 0.8931235
v -78.7283936 118.9235306 1668.9948730
vn -0.3319317 0.3539186 0.8743930
v -112.7899399 118.6406860 1668.2216797
vn 0.2463532 0.4731251 0.8458503
v -73.5698624 120.9286728 1666.5269775
vn 0.1955256 0.4557807 0.8683512
v -79.2519608 121.1076736 1667.9486084
vn -0.2075591 0.4317670 0.8777793
v -106.3243408 124.4830933 1667.5917969
vn 0.0083141 -0.5259097 0.8504997
v -84.8368149 56.0451355 1669.9243164
vn 0.0656378 -0.5312459 0.8446712
v -79.0375824 56.3254356 1669.9078369
vn 0.0939876 -0.4598787 0.8829937
v -73.4057922 57.1065865 1669.9588623
vn -0.2230814 -0.4532112 0.8630378
v -104.1493225 59.3272591 1669.5412598
vn -0.0189003 -0.3792644 0.9250953
v -85.9827652 58.8916359 1671.4114990
vn 0.0518368 -0.4144613 0.9085894
v -79.0059586 59.3956070 1671.6872559
vn 0.1702142 -0.3913094 0.9043805
v -69.0979156 60.1092033 1670.7202148
vn -0.3820061 -0.3829778 0.8410704
v -114.1899338 64.7183609 1668.3186035
vn -0.1049467 -0.4176697 0.9025177
v -95.3878860 60.6401749 1671.7106934
vn 0.2059660 -0.2596386 0.9434860
v -62.9407234 63.6572380 1670.5897217
vn 0.1354770 -0.3389262 0.9310076
v -72.1289978 61.8716125 1672.0284424
vn 0.2083008 -0.1177628 0.9709494
v -57.7751884 69.8009109 1670.7314453
vn 0.2171415 -0.1657384 0.9619669
v -62.8072052 68.7770462 1671.9964600
vn 0.2065302 -0.1263471 0.9702483
v -64.9853058 70.2885818 1672.5042725
vn 0.2268541 -0.1372993 0.9642023
v -51.1283836 73.7167435 1669.8837891
vn -0.3293660 -0.3423689 0.8799441
v -111.4489670 69.4468842 1671.4064941
vn 0.1682270 -0.0704205 0.9832297
v -53.9839363 75.9269638 1670.6291504
vn -0.4356202 -0.2408621 0.8673065
v -116.2992325 76.8634338 1671.8411865
vn -0.4472183 -0.1174217 0.8866837
v -117.4644318 83.0691986 1672.7221680
vn 0.2231346 -0.0215547 0.9745494
v -60.6579094 82.0154572 1672.2271729
vn -0.4464017 -0.3076570 0.8402813
v -117.4370041 72.2087631 1669.8250732
vn 0.1737996 -0.0007850 0.9847807
v -56.7730484 84.1052017 1671.5306396
vn 0.1797311 -0.0226129 0.9834558
v -50.3586540 82.6144638 1670.3293457
vn 0.2115853 0.0395611 0.9765586
v -61.5269547 84.1455612 1672.3516846
vn 0.2692277 0.0738901 0.9602379
v -64.6236496 91.0222549 1672.8277588
vn 0.2014903 0.0853916 0.9757612
v -62.7523880 93.4965210 1672.1551514
vn -0.5321805 0.0642795 0.8441872
v -122.0535660 93.1858139 1670.4561768
vn 0.1902414 0.0630926 0.9797079
v -52.1020241 89.1729507 1670.6038818
vn 0.2094206 0.1557353 0.9653443
v -57.1459084 99.0840912 1670.7561035
vn 0.3116931 0.2190076 0.9245989
v -50.3270378 94.7522507 1669.5311279
vn -0.5479106 0.1745751 0.8181183
v -121.6383057 96.4805603 1670.1981201
vn 0.2015176 0.2388186 0.9499244
v -63.5784836 104.4526825 1670.8217773
vn 0.2178086 0.1674821 0.9615140
v -66.3013077 101.5099716 1671.9750977
vn -0.4271855 0.2184760 0.8773715
v -116.5402832 100.6548920 1672.2697754
vn 0.1831629 0.2321894 0.9552693
v -68.3318253 104.0089264 1671.8334961
vn -0.2460043 0.2930648 0.9239020
v -108.3276901 113.1581421 1671.9499512
vn 0.1979146 0.3150767 0.9282007
v -68.6389618 109.1979980 1670.3979492
vn 0.1780780 0.2994012 0.9373618
v -78.7558746 110.8958435 1671.9093018
vn 0.1839380 0.2817812 0.9416826
v -72.4738617 108.1009445 1671.5445557
vn 0.1519325 0.3192175 0.9354233
v -82.8246384 112.8117447 1671.9992676
vn 0.1959376 0.3375342 0.9206949
v -77.0141144 114.7574463 1670.1634521
vn 0.1581781 0.3664061 0.9169112
v -82.4274216 117.0438461 1670.3941650
vn -0.1928631 0.3699271 0.9088222
v -105.9517136 117.8483276 1670.5870361
vn -0.0469328 0.3540379 0.9340527
v -98.4441376 119.3127975 1671.1787109
vn 0.0390548 0.3450910 0.9377564
v -95.3721313 119.1192551 1671.1779785
vn 0.1261093 0.3690748 0.9208042
v -87.7494278 118.7927017 1670.5411377
vn -0.0245135 0.4563760 0.8894493
v -96.8393250 122.5816956 1669.6705322
vn 0.0855295 0.4426877 0.8925874
v -92.7113876 122.3990784 1669.6378174
vn -0.1450621 0.4165672 0.8974569
v -103.6929245 121.8481674 1669.4074707
vn 0.0582558 -0.3255183 0.9437395
v -78.0208359 62.3048134 1672.6403809
vn -0.0392802 -0.3640427 0.9305536
v -92.6774445 64.4550171 1673.4473877
vn -0.2266382 -0.3674178 0.9020196
v -103.8054810 65.1666794 1672.0968018
vn -0.1202053 -0.3440240 0.9312348
v -96.7618637 65.5477905 1673.4942627
vn 0.1635737 -0.2837946 0.9448303
v -72.8072662 67.5022125 1673.7434082
vn -0.1399630 -0.3296817 0.9336597
v -100.2014694 69.3027191 1674.3309326
vn 0.1970386 -0.2783805 0.9400426
v -71.3607712 66.0122528 1672.9578857
vn -0.2448139 -0.3328987 0.9106287
v -105.3533173 71.8101883 1674.2324219
vn 0.2348364 -0.2182624 0.9472135
v -70.4304428 69.6773834 1673.8208008
vn -0.3037423 -0.2755304 0.9120437
v -108.2619934 75.4705200 1674.5887451
vn -0.3580731 -0.2658257 0.8950533
v -112.7144241 75.8767929 1673.1604004
vn 0.2834581 -0.0522703 0.9575590
v -66.5639954 77.5970306 1673.8009033
vn 0.2518719 0.0310844 0.9672613
v -63.8221664 82.8573227 1672.9736328
vn 0.3015861 0.0745178 0.9505225
v -69.6416321 90.1776581 1674.3953857
vn -0.3538746 0.0755419 0.9322372
v -115.0398102 95.5258102 1673.8572998
vn -0.4626534 0.0895224 0.8820077
v -118.8193436 95.3189621 1672.0917969
vn 0.2688712 0.1449311 0.9522097
v -69.2899933 94.4346008 1673.8254395
vn 0.1961566 0.1821340 0.9635091
v -69.5447922 99.3170929 1673.0178223
vn 0.1918016 0.2351682 0.9528421
v -72.9488754 103.7448349 1672.7735596
vn 0.2191749 0.2769587 0.9355513
v -79.5445938 103.2953033 1674.3403320
vn -0.2400684 0.2671900 0.9332613
v -108.1844254 108.6741943 1673.1870117
vn 0.1688791 0.2830508 0.9441198
v -81.2885666 108.5111389 1673.0328369
vn 0.0585606 0.3291393 0.9424638
v -92.9764938 114.6641846 1672.5400391
vn -0.0746541 0.3155946 0.9459529
v -99.5359573 114.8699417 1672.4023438
vn 0.0132705 -0.2879887 0.9575419
v -85.2093048 68.1662369 1674.7706299
vn -0.0447342 -0.3196518 0.9464785
v -92.4563522 67.9634247 1674.6998291
vn 0.0261633 -0.3310159 0.9432624
v -81.3281708 65.1310349 1673.9406738
vn 0.0865930 -0.2570388 0.9625138
v -76.2393265 69.7740784 1674.8638916
vn 0.0036764 -0.2596641 0.9656920
v -88.1486816 71.5384903 1675.9348145
vn -0.0682396 -0.2784803 0.9580147
v -94.0740738 71.2161942 1675.6437988
vn 0.1430869 -0.2162719 0.9657912
v -75.1754990 71.4202499 1675.1979980
vn -0.2029255 -0.2083000 0.9567823
v -103.4500809 76.5604935 1676.3872070
vn 0.1001877 -0.1909599 0.9764716
v -78.4828873 73.9597855 1676.0843506
vn 0.3121633 -0.0392807 0.9492161
v -72.0557861 78.3937225 1675.5821533
vn 0.1739796 -0.0249260 0.9844338
v -75.4357758 80.8640747 1676.4505615
vn -0.3472730 -0.1554608 0.9247883
v -112.4872971 81.3954620 1674.5382080
vn 0.2735285 0.0341795 0.9612564
v -73.3280182 82.4408417 1675.8800049
vn 0.2784069 -0.1128836 0.9538065
v -70.3004379 75.3933716 1674.7984619
vn -0.3982833 -0.0225231 0.9169859
v -114.6730804 86.5836868 1674.2630615
vn 0.2786082 0.0251071 0.9600766
v -67.5283890 85.2591400 1673.9570312
vn -0.3025635 0.0102119 0.9530745
v -111.3297729 88.8843002 1675.4962158
vn 0.1771051 0.0699736 0.9817013
v -72.6855087 90.3884354 1675.3945312
vn 0.1484439 0.0936126 0.9844801
v -77.8141785 91.8430405 1676.3734131
vn 0.2478410 0.1587355 0.9557081
v -73.2833176 93.3879623 1675.2196045
vn -0.2499903 0.1015020 0.9629135
v -109.3263245 96.2224197 1675.7231445
vn 0.2400498 0.2127906 0.9471517
v -78.9233246 101.3604660 1674.6400146
vn 0.1668159 0.1307718 0.9772775
v -81.4268799 96.8828201 1676.2174072
vn -0.0877812 0.2362268 0.9677249
v -100.5258255 104.4433136 1675.6579590
vn -0.2850842 0.1904538 0.9393904
v -110.6227875 99.9954300 1674.8081055
vn 0.0991076 0.1938738 0.9760075
v -85.5140152 101.8141327 1676.3508301
vn -0.2175347 0.2380960 0.9465670
v -107.4033966 104.8220596 1674.5250244
vn -0.0520284 0.2576136 0.9648463
v -97.1920090 107.7140121 1674.7907715
vn 0.1104410 0.3384206 0.9344915
v -89.0829163 109.3917084 1674.1076660
vn -0.0595739 0.3137075 0.9476490
v -98.2954483 111.6004333 1673.8127441
vn -0.0402791 -0.2090929 0.9770659
v -95.3528366 74.9026718 1676.5485840
vn -0.0110957 -0.1586806 0.9872676
v -89.8680344 75.4051437 1676.7143555
vn 0.0456183 -0.1894600 0.9808282
v -82.6936874 75.8203583 1676.7377930
vn 0.1321174 -0.0788544 0.9880926
v -78.2413635 78.8395920 1676.7183838
vn -0.1037773 -0.1874599 0.9767749
v -101.8350067 76.4194107 1676.6235352
vn -0.1613441 -0.0455970 0.9858444
v -106.0578232 82.7631073 1676.4079590
vn 0.0771379 -0.1170207 0.9901292
v -81.7213364 77.5989151 1677.0117188
vn -0.0218616 -0.0548243 0.9982567
v -97.8074188 78.0894241 1676.9045410
vn 0.0517959 0.0138274 0.9985620
v -80.7918015 82.9827423 1676.9912109
vn -0.2772186 -0.1197601 0.9533139
v -109.7676392 81.6645660 1675.5085449
vn -0.0477859 0.0099146 0.9988084
v -102.0622864 86.1299973 1676.8560791
vn 0.1455610 0.0496007 0.9881052
v -77.3694992 87.7889481 1676.5657959
vn -0.1535287 0.0128640 0.9880605
v -107.5295029 89.9583130 1676.3492432
vn 0.0318347 0.0471886 0.9983786
v -84.8635254 94.6840210 1676.7032471
vn -0.0789088 0.0732256 0.9941888
v -105.5728455 94.5727234 1676.3251953
vn 0.1556410 0.1666134 0.9736611
v -84.2619324 100.8955994 1676.3533936
vn -0.0268046 0.0988648 0.9947398
v -97.8935547 101.3601456 1676.1126709
vn -0.0181072 0.1231025 0.9922288
v -89.5363998 101.8783951 1676.3341064
vn 0.0378915 0.2777193 0.9599147
v -90.0977859 105.8589935 1675.4918213
# 4962 vertices, 0 vertices normals

f 1//1 3//3 50//50
f 3//3 1//1 5//5
f 2//2 50//50 6//6
f 1//1 4//4 5//5
f 50//50 3//3 6//6
f 6//6 3//3 9//9
f 6//6 7//7 2//2
f 66//66 4//4 94//94
f 3//3 5//5 10//10
f 3//3 10//10 9//9
f 4//4 66//66 5//5
f 8//8 6//6 9//9
f 7//7 6//6 8//8
f 52//52 7//7 8//8
f 11//11 5//5 66//66
f 5//5 14//14 10//10
f 8//8 9//9 12//12
f 52//52 8//8 12//12
f 53//53 52//52 12//12
f 12//12 9//9 10//10
f 13//13 12//12 10//10
f 5//5 11//11 14//14
f 12//12 81//81 53//53
f 13//13 10//10 17//17
f 81//81 12//12 13//13
f 14//14 11//11 54//54
f 68//68 81//81 13//13
f 10//10 14//14 21//21
f 10//10 21//21 15//15
f 17//17 10//10 15//15
f 14//14 54//54 16//16
f 21//21 14//14 16//16
f 68//68 13//13 82//82
f 55//55 16//16 54//54
f 13//13 17//17 20//20
f 82//82 13//13 20//20
f 58//58 16//16 55//55
f 20//20 56//56 82//82
f 17//17 15//15 20//20
f 19//19 15//15 18//18
f 20//20 15//15 19//19
f 18//18 15//15 21//21
f 20//20 19//19 22//22
f 61//61 30//30 58//58
f 16//16 58//58 34//34
f 18//18 21//21 24//24
f 59//59 18//18 24//24
f 19//19 18//18 59//59
f 23//23 20//20 22//22
f 34//34 58//58 30//30
f 59//59 60//60 19//19
f 22//22 19//19 60//60
f 25//25 23//23 22//22
f 27//27 21//21 33//33
f 24//24 21//21 27//27
f 62//62 117//117 24//24
f 24//24 27//27 62//62
f 22//22 60//60 29//29
f 29//29 60//60 28//28
f 26//26 62//62 27//27
f 28//28 26//26 27//27
f 25//25 22//22 32//32
f 28//28 27//27 29//29
f 38//38 22//22 29//29
f 32//32 69//69 25//25
f 63//63 30//30 61//61
f 29//29 27//27 33//33
f 22//22 38//38 32//32
f 34//34 30//30 31//31
f 21//21 16//16 34//34
f 38//38 29//29 33//33
f 30//30 63//63 31//31
f 32//32 37//37 69//69
f 32//32 38//38 39//39
f 37//37 32//32 39//39
f 33//33 21//21 35//35
f 37//37 70//70 69//69
f 21//21 34//34 35//35
f 38//38 33//33 49//49
f 72//72 31//31 63//63
f 34//34 31//31 36//36
f 36//36 31//31 72//72
f 49//49 33//33 35//35
f 35//35 34//34 36//36
f 70//70 37//37 40//40
f 40//40 71//71 70//70
f 35//35 36//36 43//43
f 36//36 72//72 64//64
f 40//40 42//42 71//71
f 43//43 36//36 64//64
f 37//37 39//39 41//41
f 40//40 37//37 41//41
f 40//40 41//41 42//42
f 42//42 41//41 90//90
f 49//49 35//35 43//43
f 90//90 41//41 44//44
f 41//41 39//39 44//44
f 64//64 46//46 43//43
f 45//45 49//49 43//43
f 39//39 38//38 49//49
f 45//45 43//43 46//46
f 39//39 49//49 47//47
f 44//44 39//39 47//47
f 73//73 90//90 44//44
f 47//47 49//49 45//45
f 45//45 46//46 48//48
f 47//47 45//45 65//65
f 65//65 45//45 48//48
f 47//47 65//65 76//76
f 51//51 50//50 92//92
f 50//50 77//77 92//92
f 50//50 51//51 1//1
f 50//50 2//2 77//77
f 1//1 51//51 4//4
f 80//80 11//11 66//66
f 11//11 80//80 96//96
f 96//96 54//54 11//11
f 67//67 81//81 68//68
f 57//57 20//20 23//23
f 24//24 117//117 59//59
f 60//60 100//100 28//28
f 72//72 88//88 64//64
f 64//64 88//88 141//141
f 64//64 89//89 46//46
f 46//46 89//89 91//91
f 106//106 90//90 73//73
f 44//44 47//47 76//76
f 74//74 65//65 48//48
f 65//65 74//74 75//75
f 75//75 76//76 65//65
f 73//73 44//44 76//76
f 111//111 92//92 77//77
f 78//78 77//77 2//2
f 51//51 130//130 4//4
f 79//79 78//78 2//2
f 94//94 4//4 130//130
f 79//79 2//2 7//7
f 79//79 7//7 95//95
f 95//95 7//7 52//52
f 52//52 53//53 95//95
f 68//68 114//114 67//67
f 82//82 114//114 68//68
f 54//54 96//96 55//55
f 55//55 85//85 58//58
f 57//57 56//56 20//20
f 58//58 85//85 61//61
f 117//117 62//62 86//86
f 23//23 25//25 118//118
f 26//26 86//86 62//62
f 28//28 100//100 26//26
f 118//118 25//25 69//69
f 61//61 157//157 63//63
f 87//87 63//63 157//157
f 105//105 70//70 71//71
f 63//63 87//87 72//72
f 64//64 141//141 89//89
f 46//46 91//91 48//48
f 48//48 91//91 107//107
f 106//106 73//73 108//108
f 48//48 107//107 74//74
f 73//73 76//76 108//108
f 109//109 76//76 75//75
f 80//80 66//66 94//94
f 67//67 53//53 81//81
f 98//98 114//114 82//82
f 98//98 82//82 56//56
f 99//99 83//83 84//84
f 153//153 98//98 56//56
f 117//117 137//137 59//59
f 60//60 59//59 137//137
f 57//57 23//23 118//118
f 60//60 176//176 100//100
f 26//26 121//121 86//86
f 26//26 100//100 121//121
f 118//118 69//69 104//104
f 104//104 70//70 105//105
f 104//104 69//69 70//70
f 87//87 88//88 72//72
f 105//105 71//71 126//126
f 71//71 42//42 126//126
f 158//158 42//42 90//90
f 126//126 42//42 158//158
f 76//76 109//109 108//108
f 110//110 74//74 107//107
f 110//110 75//75 74//74
f 109//109 75//75 110//110
f 129//129 93//93 92//92
f 111//111 129//129 92//92
f 51//51 92//92 93//93
f 113//113 111//111 77//77
f 51//51 93//93 130//130
f 78//78 113//113 77//77
f 113//113 78//78 131//131
f 78//78 79//79 131//131
f 80//80 94//94 149//149
f 114//114 167//167 67//67
f 55//55 96//96 97//97
f 132//132 99//99 115//115
f 115//115 99//99 134//134
f 134//134 99//99 84//84
f 132//132 133//133 99//99
f 99//99 133//133 83//83
f 135//135 134//134 84//84
f 133//133 116//116 83//83
f 56//56 57//57 153//153
f 84//84 83//83 135//135
f 55//55 97//97 85//85
f 135//135 83//83 156//156
f 116//116 156//156 83//83
f 85//85 157//157 61//61
f 176//176 140//140 100//100
f 119//119 138//138 120//120
f 122//122 119//119 86//86
f 121//121 122//122 86//86
f 100//100 140//140 121//121
f 101//101 102//102 138//138
f 101//101 119//119 122//122
f 119//119 101//101 138//138
f 123//123 101//101 122//122
f 103//103 101//101 123//123
f 103//103 102//102 101//101
f 142//142 89//89 141//141
f 143//143 158//158 90//90
f 89//89 142//142 91//91
f 106//106 143//143 90//90
f 91//91 142//142 161//161
f 91//91 161//161 107//107
f 107//107 161//161 145//145
f 128//128 108//108 109//109
f 109//109 110//110 127//127
f 128//128 109//109 127//127
f 111//111 113//113 112//112
f 130//130 149//149 94//94
f 79//79 148//148 131//131
f 150//150 148//148 79//79
f 95//95 150//150 79//79
f 95//95 53//53 150//150
f 53//53 67//67 150//150
f 150//150 67//67 167//167
f 114//114 98//98 152//152
f 152//152 98//98 153//153
f 134//134 135//135 170//170
f 57//57 171//171 153//153
f 116//116 136//136 156//156
f 117//117 156//156 136//136
f 117//117 136//136 137//137
f 171//171 57//57 118//118
f 137//137 176//176 60//60
f 117//117 86//86 120//120
f 175//175 118//118 104//104
f 86//86 119//119 120//120
f 138//138 102//102 124//124
f 139//139 138//138 124//124
f 140//140 122//122 121//121
f 140//140 123//123 122//122
f 103//103 124//124 102//102
f 139//139 103//103 123//123
f 157//157 125//125 87//87
f 159//159 142//142 141//141
f 108//108 162//162 106//106
f 128//128 127//127 181//181
f 163//163 128//128 181//181
f 112//112 129//129 111//111
f 150//150 167//167 184//184
f 96//96 80//80 151//151
f 115//115 154//154 132//132
f 134//134 154//154 115//115
f 132//132 154//154 155//155
f 132//132 155//155 133//133
f 170//170 169//169 134//134
f 169//169 154//154 134//134
f 133//133 155//155 116//116
f 208//208 85//85 97//97
f 85//85 208//208 157//157
f 136//136 116//116 137//137
f 156//156 120//120 172//172
f 156//156 117//117 120//120
f 137//137 116//116 176//176
f 120//120 189//189 172//172
f 120//120 210//210 189//189
f 138//138 210//210 120//120
f 210//210 138//138 139//139
f 212//212 210//210 139//139
f 212//212 139//139 123//123
f 123//123 140//140 209//209
f 103//103 139//139 124//124
f 105//105 213//213 104//104
f 144//144 161//161 142//142
f 179//179 106//106 162//162
f 162//162 197//197 179//179
f 145//145 147//147 107//107
f 107//107 147//147 110//110
f 162//162 108//108 146//146
f 146//146 108//108 128//128
f 110//110 147//147 127//127
f 163//163 146//146 128//128
f 112//112 164//164 129//129
f 183//183 112//112 113//113
f 93//93 182//182 130//130
f 277//277 183//183 113//113
f 113//113 131//131 277//277
f 149//149 130//130 165//165
f 149//149 151//151 80//80
f 151//151 244//244 96//96
f 152//152 167//167 114//114
f 244//244 97//97 96//96
f 153//153 168//168 152//152
f 186//186 155//155 154//154
f 168//168 153//153 171//171
f 174//174 155//155 186//186
f 135//135 156//156 170//170
f 155//155 174//174 116//116
f 171//171 118//118 175//175
f 174//174 176//176 116//116
f 104//104 211//211 175//175
f 213//213 105//105 126//126
f 87//87 125//125 308//308
f 215//215 88//88 87//87
f 141//141 215//215 159//159
f 141//141 88//88 215//215
f 190//190 158//158 143//143
f 160//160 178//178 177//177
f 194//194 160//160 177//177
f 160//160 194//194 196//196
f 143//143 106//106 179//179
f 144//144 272//272 161//161
f 161//161 272//272 145//145
f 180//180 197//197 162//162
f 162//162 146//146 180//180
f 163//163 180//180 146//146
f 93//93 129//129 164//164
f 222//222 112//112 183//183
f 130//130 182//182 165//165
f 204//204 277//277 148//148
f 148//148 277//277 131//131
f 165//165 166//166 149//149
f 150//150 184//184 148//148
f 151//151 149//149 166//166
f 152//152 224//224 167//167
f 169//169 186//186 154//154
f 186//186 169//169 170//170
f 186//186 170//170 172//172
f 173//173 186//186 172//172
f 186//186 173//173 174//174
f 208//208 97//97 227//227
f 172//172 170//170 156//156
f 173//173 172//172 189//189
f 175//175 251//251 171//171
f 253//253 174//174 173//173
f 174//174 253//253 176//176
f 176//176 262//262 209//209
f 176//176 209//209 140//140
f 123//123 209//209 212//212
f 157//157 233//233 125//125
f 104//104 213//213 211//211
f 233//233 303//303 125//125
f 308//308 215//215 87//87
f 195//195 177//177 217//217
f 194//194 177//177 195//195
f 190//190 143//143 179//179
f 178//178 160//160 193//193
f 160//160 196//196 193//193
f 197//197 180//180 198//198
f 147//147 145//145 221//221
f 127//127 147//147 274//274
f 127//127 274//274 181//181
f 163//163 200//200 180//180
f 181//181 274//274 239//239
f 199//199 181//181 239//239
f 200//200 163//163 181//181
f 164//164 201//201 202//202
f 164//164 202//202 93//93
f 93//93 202//202 182//182
f 222//222 201//201 164//164
f 222//222 164//164 112//112
f 275//275 276//276 182//182
f 182//182 276//276 203//203
f 182//182 203//203 165//165
f 223//223 184//184 167//167
f 151//151 281//281 244//244
f 224//224 223//223 167//167
f 97//97 244//244 359//359
f 289//289 224//224 152//152
f 152//152 168//168 289//289
f 289//289 168//168 248//248
f 168//168 171//171 248//248
f 187//187 206//206 185//185
f 206//206 187//187 188//188
f 187//187 230//230 189//189
f 230//230 253//253 189//189
f 173//173 189//189 253//253
f 251//251 175//175 211//211
f 176//176 253//253 207//207
f 208//208 233//233 157//157
f 189//189 210//210 187//187
f 176//176 207//207 262//262
f 187//187 210//210 188//188
f 308//308 125//125 303//303
f 190//190 213//213 126//126
f 158//158 190//190 126//126
f 214//214 190//190 216//216
f 215//215 191//191 159//159
f 177//177 192//192 217//217
f 177//177 178//178 192//192
f 218//218 195//195 217//217
f 178//178 193//193 219//219
f 190//190 179//179 216//216
f 193//193 196//196 220//220
f 194//194 195//195 196//196
f 179//179 197//197 313//313
f 147//147 221//221 274//274
f 200//200 181//181 199//199
f 202//202 201//201 318//318
f 277//277 242//242 183//183
f 203//203 319//319 165//165
f 243//243 148//148 184//184
f 151//151 166//166 281//281
f 227//227 97//97 359//359
f 226//226 185//185 205//205
f 185//185 206//206 205//205
f 226//226 230//230 185//185
f 248//248 171//171 251//251
f 187//187 185//185 230//230
f 208//208 227//227 295//295
f 253//253 232//232 207//207
f 210//210 212//212 188//188
f 209//209 263//263 212//212
f 234//234 211//211 213//213
f 190//190 234//234 213//213
f 308//308 191//191 215//215
f 236//236 192//192 237//237
f 217//217 192//192 236//236
f 192//192 267//267 237//237
f 217//217 235//235 268//268
f 192//192 178//178 267//267
f 178//178 219//219 267//267
f 218//218 217//217 268//268
f 238//238 267//267 219//219
f 218//218 220//220 195//195
f 238//238 219//219 193//193
f 195//195 220//220 196//196
f 220//220 238//238 193//193
f 312//312 144//144 142//142
f 197//197 198//198 313//313
f 314//314 221//221 145//145
f 198//198 180//180 273//273
f 239//239 274//274 475//475
f 315//315 180//180 200//200
f 239//239 316//316 199//199
f 240//240 200//200 199//199
f 241//241 275//275 202//202
f 318//318 241//241 202//202
f 352//352 318//318 201//201
f 202//202 275//275 182//182
f 201//201 222//222 352//352
f 222//222 183//183 242//242
f 321//321 166//166 165//165
f 243//243 204//204 148//148
f 243//243 184//184 223//223
f 324//324 244//244 281//281
f 224//224 283//283 223//223
f 289//289 285//285 224//224
f 285//285 289//289 326//326
f 227//227 359//359 246//246
f 226//226 205//205 228//228
f 225//225 252//252 229//229
f 254//254 226//226 228//228
f 246//246 295//295 227//227
f 226//226 254//254 230//230
f 253//253 229//229 252//252
f 228//228 205//205 255//255
f 249//249 231//231 250//250
f 297//297 231//231 249//249
f 230//230 254//254 290//290
f 253//253 230//230 229//229
f 255//255 205//205 206//206
f 232//232 250//250 231//231
f 292//292 232//232 258//258
f 231//231 258//258 232//232
f 297//297 260//260 231//231
f 232//232 256//256 207//207
f 257//257 207//207 258//258
f 292//292 258//258 256//256
f 256//256 258//258 207//207
f 257//257 258//258 298//298
f 260//260 259//259 231//231
f 257//257 296//296 207//207
f 259//259 258//258 231//231
f 206//206 261//261 255//255
f 300//300 207//207 296//296
f 262//262 207//207 300//300
f 206//206 188//188 261//261
f 208//208 301//301 233//233
f 303//303 233//233 301//301
f 212//212 302//302 188//188
f 263//263 335//335 212//212
f 340//340 304//304 234//234
f 340//340 234//234 190//190
f 309//309 266//266 236//236
f 340//340 190//190 214//214
f 309//309 236//236 237//237
f 235//235 236//236 266//266
f 217//217 236//236 235//235
f 268//268 235//235 310//310
f 191//191 271//271 159//159
f 269//269 267//267 238//238
f 220//220 269//269 238//238
f 159//159 312//312 142//142
f 443//443 144//144 312//312
f 216//216 179//179 313//313
f 180//180 315//315 273//273
f 240//240 199//199 346//346
f 203//203 276//276 319//319
f 320//320 204//204 243//243
f 282//282 280//280 279//279
f 285//285 283//283 224//224
f 287//287 284//284 282//282
f 286//286 284//284 287//287
f 288//288 287//287 282//282
f 247//247 287//287 288//288
f 287//287 225//225 245//245
f 225//225 287//287 247//247
f 245//245 225//225 229//229
f 247//247 252//252 225//225
f 289//289 248//248 291//291
f 247//247 328//328 252//252
f 228//228 255//255 254//254
f 292//292 250//250 328//328
f 292//292 294//294 250//250
f 328//328 250//250 252//252
f 230//230 290//290 229//229
f 250//250 232//232 253//253
f 252//252 250//250 253//253
f 255//255 290//290 254//254
f 294//294 292//292 298//298
f 261//261 290//290 255//255
f 232//232 292//292 296//296
f 257//257 298//298 292//292
f 296//296 257//257 232//232
f 292//292 256//256 257//257
f 232//232 257//257 256//256
f 251//251 211//211 299//299
f 295//295 301//301 208//208
f 259//259 298//298 258//258
f 261//261 188//188 302//302
f 299//299 211//211 234//234
f 209//209 262//262 334//334
f 209//209 334//334 263//263
f 335//335 302//302 212//212
f 308//308 303//303 336//336
f 265//265 264//264 337//337
f 264//264 306//306 339//339
f 265//265 306//306 264//264
f 266//266 309//309 307//307
f 191//191 308//308 495//495
f 266//266 310//310 235//235
f 237//237 267//267 269//269
f 310//310 311//311 268//268
f 214//214 216//216 378//378
f 268//268 311//311 270//270
f 270//270 269//269 220//220
f 218//218 268//268 270//270
f 270//270 220//220 218//218
f 378//378 216//216 313//313
f 443//443 383//383 144//144
f 144//144 383//383 272//272
f 383//383 314//314 272//272
f 145//145 272//272 314//314
f 382//382 313//313 198//198
f 314//314 344//344 221//221
f 273//273 382//382 198//198
f 221//221 445//445 274//274
f 345//345 273//273 315//315
f 315//315 200//200 240//240
f 317//317 386//386 241//241
f 318//318 317//317 241//241
f 241//241 387//387 275//275
f 352//352 222//222 353//353
f 353//353 222//222 242//242
f 242//242 277//277 511//511
f 277//277 204//204 511//511
f 319//319 321//321 165//165
f 166//166 321//321 281//281
f 321//321 481//481 281//281
f 323//323 279//279 278//278
f 279//279 280//280 278//278
f 223//223 322//322 243//243
f 323//323 288//288 279//279
f 322//322 223//223 283//283
f 279//279 288//288 282//282
f 357//357 280//280 284//284
f 280//280 282//282 284//284
f 244//244 324//324 359//359
f 247//247 288//288 325//325
f 326//326 283//283 285//285
f 287//287 245//245 286//286
f 245//245 229//229 363//363
f 326//326 289//289 291//291
f 363//363 229//229 290//290
f 293//293 363//363 290//290
f 248//248 251//251 291//291
f 249//249 250//250 294//294
f 249//249 366//366 297//297
f 292//292 328//328 296//296
f 367//367 249//249 294//294
f 366//366 249//249 367//367
f 293//293 290//290 261//261
f 367//367 294//294 368//368
f 294//294 298//298 368//368
f 366//366 260//260 297//297
f 293//293 261//261 332//332
f 296//296 328//328 330//330
f 366//366 331//331 260//260
f 368//368 298//298 259//259
f 291//291 251//251 299//299
f 368//368 259//259 394//394
f 259//259 260//260 333//333
f 394//394 259//259 333//333
f 333//333 260//260 331//331
f 302//302 332//332 261//261
f 300//300 334//334 262//262
f 263//263 334//334 369//369
f 299//299 234//234 304//304
f 339//339 306//306 307//307
f 339//339 309//309 305//305
f 307//307 309//309 339//339
f 341//341 305//305 309//309
f 266//266 307//307 310//310
f 309//309 237//237 341//341
f 402//402 191//191 495//495
f 310//310 376//376 311//311
f 342//342 340//340 214//214
f 237//237 269//269 341//341
f 376//376 341//341 311//311
f 342//342 214//214 378//378
f 270//270 341//341 269//269
f 311//311 341//341 270//270
f 191//191 402//402 271//271
f 312//312 159//159 271//271
f 443//443 312//312 439//439
f 445//445 221//221 344//344
f 239//239 475//475 316//316
f 346//346 199//199 316//316
f 346//346 409//409 240//240
f 351//351 317//317 318//318
f 318//318 352//352 388//388
f 351//351 318//318 388//388
f 275//275 417//417 276//276
f 276//276 453//453 319//319
f 320//320 418//418 204//204
f 243//243 322//322 354//354
f 355//355 323//323 278//278
f 278//278 280//280 355//355
f 354//354 322//322 360//360
f 355//355 280//280 357//357
f 360//360 322//322 283//283
f 288//288 323//323 325//325
f 323//323 356//356 325//325
f 357//357 284//284 362//362
f 284//284 286//286 362//362
f 327//327 325//325 356//356
f 360//360 283//283 326//326
f 286//286 363//363 362//362
f 325//325 327//327 247//247
f 286//286 245//245 363//363
f 246//246 359//359 421//421
f 326//326 291//291 365//365
f 365//365 358//358 326//326
f 329//329 327//327 364//364
f 293//293 361//361 363//363
f 247//247 327//327 328//328
f 293//293 364//364 361//361
f 327//327 329//329 328//328
f 364//364 293//293 329//329
f 330//330 329//329 293//293
f 329//329 330//330 328//328
f 330//330 293//293 332//332
f 422//422 331//331 366//366
f 396//396 330//330 332//332
f 299//299 365//365 291//291
f 333//333 331//331 392//392
f 332//332 302//302 427//427
f 335//335 427//427 302//302
f 369//369 370//370 263//263
f 433//433 335//335 263//263
f 370//370 433//433 263//263
f 371//371 372//372 264//264
f 337//337 264//264 372//372
f 264//264 339//339 371//371
f 373//373 304//304 340//340
f 338//338 339//339 305//305
f 371//371 339//339 338//338
f 305//305 341//341 374//374
f 307//307 306//306 310//310
f 310//310 306//306 265//265
f 265//265 375//375 310//310
f 377//377 374//374 341//341
f 377//377 341//341 376//376
f 271//271 439//439 312//312
f 379//379 378//378 313//313
f 383//383 501//501 314//314
f 382//382 273//273 345//345
f 475//475 274//274 445//445
f 240//240 409//409 315//315
f 408//408 315//315 409//409
f 409//409 346//346 567//567
f 349//349 347//347 384//384
f 348//348 349//349 384//384
f 349//349 414//414 347//347
f 415//415 414//414 349//349
f 350//350 385//385 386//386
f 385//385 350//350 348//348
f 348//348 350//350 351//351
f 351//351 416//416 348//348
f 348//348 416//416 349//349
f 350//350 386//386 317//317
f 415//415 349//349 416//416
f 351//351 350//350 317//317
f 241//241 386//386 387//387
f 276//276 417//417 453//453
f 242//242 511//511 480//480
f 319//319 453//453 512//512
f 319//319 512//512 321//321
f 418//418 511//511 204//204
f 320//320 243//243 389//389
f 243//243 354//354 389//389
f 481//481 482//482 281//281
f 390//390 281//281 482//482
f 324//324 281//281 390//390
f 355//355 356//356 323//323
f 355//355 357//357 356//356
f 356//356 357//357 362//362
f 356//356 361//361 327//327
f 361//361 356//356 362//362
f 362//362 363//363 361//361
f 327//327 361//361 364//364
f 360//360 326//326 358//358
f 358//358 365//365 391//391
f 295//295 246//246 484//484
f 366//366 367//367 458//458
f 366//366 458//458 422//422
f 392//392 331//331 422//422
f 330//330 395//395 296//296
f 426//426 365//365 299//299
f 395//395 330//330 396//396
f 300//300 296//296 395//395
f 394//394 333//333 393//393
f 396//396 332//332 427//427
f 301//301 523//523 303//303
f 427//427 335//335 397//397
f 335//335 398//398 397//397
f 398//398 399//399 428//428
f 523//523 336//336 303//303
f 426//426 299//299 304//304
f 372//372 371//371 370//370
f 373//373 426//426 304//304
f 400//400 372//372 370//370
f 337//337 372//372 400//400
f 374//374 338//338 305//305
f 401//401 374//374 377//377
f 375//375 376//376 310//310
f 373//373 340//340 342//342
f 376//376 375//375 377//377
f 436//436 373//373 342//342
f 379//379 342//342 378//378
f 403//403 343//343 438//438
f 403//403 380//380 343//343
f 381//381 343//343 380//380
f 438//438 343//343 404//404
f 343//343 405//405 404//404
f 313//313 406//406 379//379
f 381//381 405//405 343//343
f 313//313 382//382 406//406
f 406//406 382//382 444//444
f 314//314 501//501 344//344
f 444//444 382//382 345//345
f 315//315 407//407 345//345
f 446//446 407//407 315//315
f 446//446 315//315 408//408
f 347//347 414//414 411//411
f 411//411 384//384 347//347
f 384//384 385//385 348//348
f 413//413 414//414 415//415
f 385//385 449//449 386//386
f 386//386 449//449 387//387
f 510//510 417//417 275//275
f 387//387 510//510 275//275
f 416//416 351//351 388//388
f 388//388 352//352 452//452
f 353//353 452//452 352//352
f 480//480 353//353 242//242
f 321//321 513//513 481//481
f 455//455 482//482 481//481
f 420//420 354//354 360//360
f 390//390 359//359 324//324
f 390//390 421//421 359//359
f 457//457 358//358 391//391
f 367//367 423//423 458//458
f 391//391 365//365 426//426
f 367//367 368//368 423//423
f 368//368 394//394 424//424
f 301//301 295//295 523//523
f 393//393 424//424 394//394
f 333//333 392//392 425//425
f 425//425 393//393 333//333
f 395//395 396//396 461//461
f 300//300 431//431 334//334
f 398//398 428//428 397//397
f 431//431 369//369 334//334
f 398//398 335//335 433//433
f 462//462 399//399 398//398
f 433//433 462//462 398//398
f 492//492 400//400 369//369
f 433//433 370//370 465//465
f 400//400 370//370 369//369
f 426//426 373//373 432//432
f 371//371 465//465 370//370
f 432//432 373//373 464//464
f 338//338 465//465 371//371
f 400//400 463//463 337//337
f 337//337 463//463 265//265
f 463//463 494//494 265//265
f 464//464 373//373 436//436
f 338//338 401//401 466//466
f 434//434 265//265 494//494
f 338//338 374//374 401//401
f 401//401 375//375 434//434
f 265//265 434//434 375//375
f 308//308 336//336 495//495
f 375//375 401//401 377//377
f 342//342 379//379 436//436
f 438//438 469//469 403//403
f 271//271 402//402 437//437
f 271//271 437//437 439//439
f 497//497 403//403 469//469
f 436//436 379//379 471//471
f 403//403 500//500 380//380
f 471//471 379//379 406//406
f 440//440 404//404 405//405
f 440//440 405//405 442//442
f 380//380 500//500 442//442
f 380//380 442//442 381//381
f 442//442 405//405 381//381
f 383//383 443//443 501//501
f 473//473 444//444 345//345
f 446//446 408//408 476//476
f 448//448 410//410 411//411
f 384//384 410//410 478//478
f 411//411 410//410 384//384
f 448//448 411//411 414//414
f 412//412 448//448 414//414
f 414//414 413//413 412//412
f 449//449 510//510 387//387
f 450//450 415//415 416//416
f 388//388 452//452 479//479
f 479//479 416//416 388//388
f 540//540 353//353 480//480
f 513//513 321//321 512//512
f 320//320 454//454 418//418
f 320//320 419//419 454//454
f 320//320 389//389 419//419
f 456//456 389//389 354//354
f 420//420 456//456 354//354
f 358//358 420//420 360//360
f 457//457 420//420 358//358
f 421//421 484//484 246//246
f 457//457 391//391 518//518
f 518//518 391//391 486//486
f 422//422 458//458 519//519
f 519//519 485//485 422//422
f 391//391 426//426 486//486
f 485//485 392//392 422//422
f 424//424 423//423 368//368
f 486//486 426//426 460//460
f 424//424 393//393 524//524
f 425//425 524//524 393//393
f 396//396 427//427 397//397
f 300//300 395//395 553//553
f 396//396 397//397 461//461
f 300//300 553//553 431//431
f 428//428 430//430 397//397
f 429//429 430//430 428//428
f 460//460 426//426 432//432
f 430//430 461//461 397//397
f 428//428 399//399 429//429
f 431//431 492//492 369//369
f 493//493 429//429 399//399
f 493//493 399//399 462//462
f 433//433 531//531 462//462
f 531//531 433//433 465//465
f 492//492 463//463 400//400
f 465//465 338//338 466//466
f 468//468 467//467 434//434
f 466//466 401//401 467//467
f 434//434 467//467 401//401
f 435//435 464//464 436//436
f 495//495 681//681 402//402
f 435//435 436//436 470//470
f 471//471 470//470 436//436
f 404//404 499//499 438//438
f 497//497 535//535 403//403
f 535//535 500//500 403//403
f 440//440 499//499 404//404
f 442//442 500//500 441//441
f 441//441 440//440 442//442
f 809//809 443//443 439//439
f 472//472 406//406 444//444
f 564//564 344//344 501//501
f 502//502 407//407 446//446
f 475//475 445//445 653//653
f 503//503 446//446 476//476
f 316//316 505//505 346//346
f 567//567 346//346 505//505
f 476//476 408//408 506//506
f 408//408 409//409 506//506
f 409//409 567//567 611//611
f 506//506 409//409 611//611
f 447//447 477//477 410//410
f 447//447 410//410 448//448
f 538//538 447//447 412//412
f 447//447 448//448 412//412
f 509//509 538//538 412//412
f 384//384 478//478 385//385
f 412//412 413//413 509//509
f 569//569 449//449 385//385
f 451//451 416//416 479//479
f 450//450 416//416 451//451
f 417//417 696//696 453//453
f 516//516 419//419 389//389
f 516//516 389//389 456//456
f 544//544 516//516 456//456
f 456//456 420//420 483//483
f 483//483 420//420 457//457
f 483//483 457//457 518//518
f 421//421 548//548 484//484
f 295//295 484//484 523//523
f 485//485 459//459 392//392
f 459//459 425//425 392//392
f 487//487 423//423 424//424
f 425//425 459//459 488//488
f 487//487 424//424 524//524
f 488//488 524//524 425//425
f 431//431 525//525 492//492
f 523//523 594//594 336//336
f 429//429 493//493 430//430
f 461//461 430//430 493//493
f 432//432 529//529 460//460
f 432//432 464//464 529//529
f 491//491 493//493 531//531
f 531//531 493//493 462//462
f 463//463 492//492 528//528
f 465//465 466//466 531//531
f 594//594 495//495 336//336
f 494//494 468//468 434//434
f 435//435 533//533 464//464
f 402//402 681//681 437//437
f 438//438 498//498 469//469
f 535//535 497//497 646//646
f 438//438 499//499 498//498
f 534//534 440//440 441//441
f 439//439 437//437 809//809
f 471//471 406//406 472//472
f 443//443 809//809 501//501
f 472//472 444//444 473//473
f 564//564 566//566 344//344
f 345//345 474//474 473//473
f 344//344 566//566 445//445
f 445//445 566//566 746//746
f 474//474 345//345 407//407
f 502//502 474//474 407//407
f 537//537 502//502 446//446
f 445//445 609//609 653//653
f 446//446 503//503 537//537
f 475//475 653//653 504//504
f 316//316 475//475 504//504
f 316//316 504//504 505//505
f 508//508 447//447 538//538
f 477//477 616//616 410//410
f 478//478 569//569 385//385
f 657//657 509//509 570//570
f 415//415 450//450 413//413
f 452//452 353//353 540//540
f 453//453 758//758 512//512
f 454//454 515//515 514//514
f 515//515 454//454 419//419
f 513//513 542//542 481//481
f 455//455 481//481 542//542
f 544//544 517//517 516//516
f 482//482 621//621 390//390
f 483//483 544//544 456//456
f 549//549 518//518 520//520
f 520//520 518//518 486//486
f 519//519 550//550 485//485
f 484//484 587//587 523//523
f 423//423 522//522 458//458
f 489//489 520//520 486//486
f 489//489 486//486 460//460
f 488//488 459//459 589//589
f 488//488 487//487 524//524
f 490//490 489//489 460//460
f 461//461 592//592 395//395
f 592//592 553//553 395//395
f 431//431 553//553 525//525
f 727//727 592//592 461//461
f 493//493 491//491 461//461
f 727//727 461//461 491//491
f 529//529 490//490 460//460
f 530//530 527//527 526//526
f 555//555 527//527 530//530
f 529//529 464//464 532//532
f 597//597 531//531 466//466
f 466//466 467//467 639//639
f 463//463 558//558 494//494
f 594//594 678//678 495//495
f 532//532 464//464 533//533
f 496//496 469//469 498//498
f 496//496 497//497 469//469
f 646//646 497//497 496//496
f 435//435 470//470 533//533
f 603//603 498//498 648//648
f 498//498 499//499 648//648
f 536//536 533//533 470//470
f 499//499 440//440 534//534
f 441//441 500//500 562//562
f 470//470 471//471 536//536
f 809//809 437//437 650//650
f 563//563 471//471 472//472
f 476//476 747//747 503//503
f 747//747 476//476 506//506
f 508//508 507//507 447//447
f 477//477 507//507 616//616
f 507//507 477//477 447//447
f 614//614 508//508 538//538
f 509//509 657//657 538//538
f 509//509 413//413 570//570
f 569//569 510//510 449//449
f 450//450 617//617 413//413
f 510//510 539//539 417//417
f 451//451 479//479 659//659
f 540//540 660//660 452//452
f 571//571 480//480 511//511
f 418//418 454//454 514//514
f 543//543 515//515 419//419
f 543//543 419//419 516//516
f 455//455 542//542 620//620
f 574//574 516//516 517//517
f 544//544 483//483 546//546
f 421//421 390//390 575//575
f 547//547 518//518 549//549
f 583//583 549//549 520//520
f 551//551 519//519 458//458
f 550//550 519//519 551//551
f 585//585 520//520 552//552
f 552//552 520//520 489//489
f 485//485 589//589 459//459
f 522//522 423//423 487//487
f 488//488 633//633 487//487
f 490//490 552//552 489//489
f 525//525 553//553 725//725
f 528//528 492//492 525//525
f 529//529 559//559 490//490
f 526//526 527//527 557//557
f 555//555 526//526 557//557
f 556//556 530//530 526//526
f 556//556 526//526 555//555
f 531//531 597//597 491//491
f 527//527 555//555 598//598
f 528//528 558//558 463//463
f 532//532 559//559 529//529
f 466//466 639//639 597//597
f 468//468 494//494 558//558
f 559//559 532//532 601//601
f 601//601 532//532 533//533
f 496//496 498//498 560//560
f 560//560 498//498 603//603
f 646//646 604//604 535//535
f 536//536 647//647 533//533
f 648//648 499//499 534//534
f 648//648 534//534 562//562
f 561//561 562//562 604//604
f 604//604 562//562 535//535
f 441//441 562//562 534//534
f 500//500 535//535 562//562
f 536//536 471//471 563//563
f 563//563 472//472 473//473
f 607//607 473//473 474//474
f 566//566 564//564 810//810
f 502//502 565//565 474//474
f 654//654 537//537 503//503
f 747//747 654//654 503//503
f 505//505 610//610 567//567
f 568//568 507//507 508//508
f 614//614 568//568 508//508
f 615//615 614//614 538//538
f 538//538 657//657 615//615
f 616//616 478//478 410//410
f 510//510 569//569 870//870
f 510//510 870//870 539//539
f 570//570 413//413 617//617
f 539//539 696//696 417//417
f 696//696 758//758 453//453
f 511//511 418//418 661//661
f 541//541 618//618 572//572
f 572//572 619//619 541//541
f 618//618 541//541 573//573
f 664//664 515//515 543//543
f 541//541 619//619 573//573
f 543//543 516//516 574//574
f 455//455 620//620 482//482
f 517//517 544//544 545//545
f 546//546 545//545 544//544
f 621//621 961//961 390//390
f 547//547 546//546 483//483
f 483//483 518//518 547//547
f 548//548 581//581 484//484
f 585//585 583//583 520//520
f 484//484 581//581 587//587
f 629//629 550//550 551//551
f 551//551 458//458 522//522
f 485//485 550//550 521//521
f 590//590 551//551 522//522
f 521//521 589//589 485//485
f 552//552 586//586 585//585
f 590//590 522//522 487//487
f 587//587 637//637 523//523
f 633//633 488//488 589//589
f 591//591 633//633 589//589
f 490//490 554//554 552//552
f 553//553 592//592 724//724
f 553//553 724//724 725//725
f 594//594 523//523 637//637
f 554//554 490//490 559//559
f 525//525 595//595 556//556
f 595//595 596//596 556//556
f 528//528 525//525 598//598
f 556//556 527//527 525//525
f 527//527 598//598 525//525
f 556//556 596//596 530//530
f 597//597 727//727 491//491
f 557//557 527//527 556//556
f 556//556 555//555 673//673
f 555//555 530//530 673//673
f 530//530 596//596 673//673
f 598//598 555//555 557//557
f 673//673 557//557 556//556
f 558//558 528//528 598//598
f 557//557 558//558 598//598
f 467//467 599//599 639//639
f 468//468 599//599 467//467
f 468//468 600//600 599//599
f 558//558 600//600 468//468
f 495//495 678//678 681//681
f 644//644 496//496 560//560
f 644//644 646//646 496//496
f 647//647 601//601 533//533
f 648//648 562//562 561//561
f 563//563 605//605 536//536
f 563//563 473//473 607//607
f 564//564 685//685 810//810
f 564//564 501//501 685//685
f 565//565 607//607 474//474
f 746//746 566//566 608//608
f 502//502 652//652 565//565
f 537//537 652//652 502//502
f 611//611 567//567 610//610
f 506//506 611//611 612//612
f 568//568 613//613 687//687
f 613//613 568//568 614//614
f 818//818 616//616 507//507
f 693//693 569//569 478//478
f 659//659 823//823 451//451
f 823//823 450//450 451//451
f 452//452 660//660 479//479
f 480//480 571//571 540//540
f 571//571 660//660 540//540
f 758//758 697//697 512//512
f 571//571 511//511 661//661
f 512//512 697//697 513//513
f 542//542 697//697 698//698
f 662//662 572//572 618//618
f 513//513 697//697 542//542
f 546//546 665//665 545//545
f 961//961 575//575 390//390
f 665//665 546//546 576//576
f 1169//1169 575//575 961//961
f 576//576 546//546 547//547
f 622//622 623//623 577//577
f 623//623 578//578 577//577
f 579//579 578//578 623//623
f 579//579 623//623 624//624
f 421//421 575//575 548//548
f 578//578 580//580 577//577
f 547//547 583//583 576//576
f 580//580 578//578 579//579
f 625//625 580//580 579//579
f 547//547 549//549 583//583
f 581//581 548//548 575//575
f 582//582 583//583 586//586
f 584//584 582//582 586//586
f 585//585 586//586 583//583
f 630//630 584//584 586//586
f 629//629 631//631 550//550
f 521//521 550//550 631//631
f 634//634 630//630 586//586
f 551//551 590//590 588//588
f 634//634 586//586 552//552
f 630//630 634//634 635//635
f 721//721 591//591 589//589
f 521//521 721//721 589//589
f 590//590 487//487 633//633
f 634//634 552//552 554//554
f 635//635 634//634 593//593
f 593//593 634//634 554//554
f 593//593 636//636 635//635
f 638//638 636//636 593//593
f 595//595 525//525 725//725
f 593//593 554//554 640//640
f 640//640 638//638 593//593
f 673//673 558//558 557//557
f 640//640 554//554 559//559
f 594//594 671//671 678//678
f 601//601 602//602 559//559
f 640//640 559//559 602//602
f 643//643 644//644 560//560
f 560//560 603//603 734//734
f 645//645 560//560 734//734
f 602//602 601//601 649//649
f 649//649 601//601 647//647
f 646//646 679//679 604//604
f 682//682 604//604 679//679
f 536//536 605//605 647//647
f 561//561 604//604 682//682
f 682//682 683//683 561//561
f 605//605 563//563 606//606
f 606//606 741//741 605//605
f 606//606 563//563 607//607
f 607//607 686//686 606//606
f 809//809 685//685 501//501
f 686//686 607//607 651//651
f 651//651 607//607 565//565
f 743//743 651//651 565//565
f 652//652 743//743 565//565
f 445//445 746//746 609//609
f 653//653 863//863 504//504
f 610//610 505//505 1004//1004
f 612//612 748//748 506//506
f 507//507 568//568 655//655
f 690//690 613//613 614//614
f 616//616 693//693 478//478
f 569//569 693//693 870//870
f 570//570 658//658 657//657
f 658//658 570//570 617//617
f 450//450 823//823 617//617
f 660//660 571//571 761//761
f 761//761 571//571 661//661
f 953//953 761//761 661//661
f 515//515 664//664 514//514
f 572//572 663//663 619//619
f 699//699 619//619 663//663
f 573//573 764//764 618//618
f 573//573 701//701 764//764
f 573//573 619//619 701//701
f 700//700 619//619 699//699
f 700//700 701//701 619//619
f 765//765 664//664 543//543
f 621//621 482//482 620//620
f 622//622 624//624 623//623
f 583//583 582//582 576//576
f 580//580 666//666 577//577
f 580//580 626//626 666//666
f 626//626 580//580 625//625
f 708//708 579//579 624//624
f 708//708 625//625 579//579
f 708//708 628//628 625//625
f 625//625 628//628 626//626
f 584//584 705//705 582//582
f 667//667 705//705 584//584
f 628//628 627//627 626//626
f 778//778 587//587 581//581
f 630//630 667//667 584//584
f 632//632 667//667 630//630
f 668//668 627//627 628//628
f 667//667 632//632 669//669
f 551//551 588//588 629//629
f 632//632 630//630 635//635
f 716//716 521//521 631//631
f 588//588 590//590 720//720
f 716//716 721//721 521//521
f 720//720 590//590 591//591
f 633//633 591//591 590//590
f 636//636 632//632 635//635
f 727//727 726//726 592//592
f 722//722 636//636 638//638
f 595//595 728//728 596//596
f 671//671 637//637 723//723
f 637//637 671//671 594//594
f 596//596 672//672 673//673
f 727//727 597//597 790//790
f 790//790 597//597 639//639
f 558//558 673//673 729//729
f 600//600 558//558 729//729
f 638//638 640//640 642//642
f 729//729 730//730 600//600
f 602//602 642//642 640//640
f 638//638 642//642 798//798
f 642//642 602//602 641//641
f 644//644 674//674 731//731
f 643//643 560//560 645//645
f 644//644 643//643 674//674
f 675//675 646//646 644//644
f 676//676 734//734 603//603
f 641//641 602//602 649//649
f 675//675 679//679 646//646
f 648//648 676//676 603//603
f 680//680 676//676 648//648
f 648//648 683//683 680//680
f 684//684 649//649 647//647
f 648//648 561//561 683//683
f 647//647 605//605 684//684
f 650//650 437//437 681//681
f 684//684 605//605 741//741
f 741//741 606//606 686//686
f 743//743 686//686 651//651
f 566//566 933//933 608//608
f 609//609 863//863 653//653
f 537//537 816//816 652//652
f 862//862 652//652 816//816
f 537//537 654//654 816//816
f 505//505 504//504 1004//1004
f 747//747 506//506 748//748
f 655//655 687//687 688//688
f 687//687 613//613 656//656
f 687//687 655//655 568//568
f 656//656 613//613 690//690
f 616//616 818//818 750//750
f 691//691 690//690 614//614
f 691//691 614//614 692//692
f 614//614 615//615 692//692
f 750//750 693//693 616//616
f 751//751 615//615 657//657
f 658//658 751//751 657//657
f 871//871 617//617 823//823
f 756//756 617//617 871//871
f 756//756 824//824 658//658
f 756//756 658//658 617//617
f 479//479 872//872 659//659
f 660//660 872//872 479//479
f 696//696 822//822 758//758
f 661//661 418//418 514//514
f 826//826 661//661 514//514
f 572//572 762//762 663//663
f 762//762 572//572 662//662
f 662//662 618//618 763//763
f 764//764 763//763 618//618
f 701//701 876//876 764//764
f 876//876 875//875 764//764
f 542//542 698//698 620//620
f 574//574 960//960 543//543
f 574//574 517//517 545//545
f 545//545 702//702 574//574
f 545//545 665//665 702//702
f 704//704 767//767 576//576
f 703//703 622//622 577//577
f 582//582 704//704 576//576
f 703//703 577//577 666//666
f 705//705 704//704 582//582
f 575//575 966//966 581//581
f 626//626 627//627 666//666
f 706//706 705//705 667//667
f 666//666 627//627 711//711
f 775//775 628//628 708//708
f 707//707 706//706 669//669
f 709//709 707//707 669//669
f 774//774 711//711 627//627
f 706//706 667//667 669//669
f 715//715 774//774 627//627
f 709//709 669//669 670//670
f 668//668 628//628 775//775
f 627//627 668//668 715//715
f 775//775 718//718 668//668
f 629//629 714//714 631//631
f 714//714 629//629 588//588
f 718//718 780//780 668//668
f 720//720 714//714 588//588
f 713//713 716//716 631//631
f 668//668 780//780 715//715
f 669//669 632//632 670//670
f 716//716 779//779 721//721
f 832//832 632//632 636//636
f 636//636 722//722 832//832
f 637//637 587//587 723//723
f 726//726 724//724 592//592
f 724//724 786//786 725//725
f 722//722 638//638 834//834
f 596//596 728//728 672//672
f 673//673 672//672 729//729
f 599//599 790//790 639//639
f 672//672 792//792 729//729
f 834//834 638//638 798//798
f 645//645 674//674 643//643
f 799//799 645//645 734//734
f 735//735 731//731 845//845
f 800//800 644//644 731//731
f 800//800 731//731 735//735
f 800//800 733//733 675//675
f 732//732 677//677 733//733
f 800//800 675//675 644//644
f 677//677 675//675 733//733
f 675//675 677//677 737//737
f 679//679 675//675 737//737
f 679//679 737//737 738//738
f 684//684 641//641 649//649
f 808//808 641//641 684//684
f 682//682 679//679 738//738
f 680//680 682//682 738//738
f 682//682 680//680 683//683
f 918//918 650//650 681//681
f 741//741 686//686 743//743
f 742//742 741//741 743//743
f 810//810 933//933 566//566
f 652//652 811//811 743//743
f 1118//1118 609//609 746//746
f 609//609 1118//1118 863//863
f 611//611 610//610 817//817
f 611//611 817//817 612//612
f 689//689 864//864 656//656
f 656//656 688//688 687//687
f 689//689 656//656 690//690
f 749//749 689//689 690//690
f 818//818 507//507 655//655
f 819//819 749//749 690//690
f 819//819 690//690 691//691
f 750//750 867//867 693//693
f 692//692 615//615 751//751
f 821//821 753//753 694//694
f 694//694 695//695 821//821
f 751//751 658//658 755//755
f 753//753 754//754 694//694
f 694//694 754//754 695//695
f 755//755 658//658 757//757
f 757//757 658//658 824//824
f 539//539 822//822 696//696
f 872//872 823//823 659//659
f 822//822 697//697 758//758
f 761//761 825//825 660//660
f 697//697 1145//1145 698//698
f 661//661 826//826 953//953
f 663//663 762//762 954//954
f 664//664 826//826 514//514
f 876//876 701//701 700//700
f 765//765 543//543 960//960
f 621//621 620//620 959//959
f 766//766 702//702 665//665
f 665//665 767//767 962//962
f 767//767 665//665 576//576
f 768//768 767//767 704//704
f 1169//1169 966//966 575//575
f 622//622 703//703 770//770
f 705//705 768//768 704//704
f 703//703 666//666 711//711
f 703//703 711//711 769//769
f 769//769 770//770 703//703
f 622//622 770//770 624//624
f 706//706 768//768 705//705
f 708//708 770//770 772//772
f 624//624 770//770 708//708
f 710//710 827//827 707//707
f 708//708 772//772 712//712
f 709//709 710//710 707//707
f 966//966 778//778 581//581
f 708//708 712//712 775//775
f 718//718 775//775 886//886
f 713//713 631//631 776//776
f 631//631 714//714 776//776
f 883//883 777//777 713//713
f 777//777 716//716 713//713
f 714//714 720//720 719//719
f 709//709 670//670 832//832
f 670//670 632//632 832//832
f 719//719 720//720 781//781
f 718//718 784//784 780//780
f 717//717 709//709 832//832
f 781//781 720//720 591//591
f 831//831 721//721 779//779
f 723//723 587//587 778//778
f 781//781 721//721 782//782
f 721//721 781//781 591//591
f 726//726 787//787 724//724
f 595//595 725//725 891//891
f 595//595 891//891 728//728
f 891//891 788//788 728//728
f 788//788 789//789 728//728
f 726//726 727//727 790//790
f 722//722 834//834 833//833
f 672//672 728//728 789//789
f 791//791 672//672 789//789
f 792//792 672//672 791//791
f 599//599 600//600 836//836
f 792//792 730//730 729//729
f 731//731 674//674 791//791
f 730//730 836//836 600//600
f 645//645 901//901 791//791
f 674//674 645//645 791//791
f 671//671 903//903 678//678
f 732//732 794//794 793//793
f 798//798 914//914 834//834
f 645//645 799//799 901//901
f 732//732 793//793 795//795
f 794//794 796//796 843//843
f 794//794 732//732 796//796
f 796//796 735//735 797//797
f 732//732 733//733 796//796
f 677//677 732//732 795//795
f 676//676 799//799 734//734
f 735//735 846//846 800//800
f 846//846 735//735 733//733
f 796//796 733//733 735//735
f 736//736 799//799 676//676
f 736//736 802//802 846//846
f 802//802 736//736 676//676
f 801//801 848//848 677//677
f 642//642 806//806 798//798
f 737//737 677//677 848//848
f 802//802 676//676 680//680
f 802//802 680//680 739//739
f 806//806 642//642 808//808
f 641//641 808//808 642//642
f 738//738 739//739 680//680
f 740//740 808//808 684//684
f 740//740 684//684 741//741
f 742//742 740//740 741//741
f 742//742 743//743 811//811
f 858//858 812//812 744//744
f 745//745 744//744 812//812
f 745//745 861//861 744//744
f 862//862 816//816 815//815
f 1004//1004 504//504 863//863
f 610//610 1004//1004 1231//1231
f 864//864 688//688 656//656
f 865//865 750//750 818//818
f 819//819 691//691 692//692
f 869//869 692//692 751//751
f 820//820 753//753 821//821
f 1015//1015 753//753 820//820
f 869//869 751//751 752//752
f 751//751 755//755 752//752
f 759//759 755//755 757//757
f 759//759 752//752 755//755
f 759//759 757//757 760//760
f 760//760 757//757 950//950
f 761//761 951//951 825//825
f 822//822 1145//1145 697//697
f 698//698 955//955 620//620
f 621//621 959//959 961//961
f 877//877 574//574 702//702
f 964//964 767//767 768//768
f 770//770 769//769 772//772
f 773//773 827//827 710//710
f 828//828 966//966 771//771
f 882//882 773//773 710//710
f 882//882 881//881 773//773
f 778//778 966//966 828//828
f 711//711 774//774 769//769
f 774//774 884//884 769//769
f 772//772 769//769 884//884
f 884//884 712//712 772//772
f 709//709 882//882 710//710
f 712//712 886//886 775//775
f 776//776 883//883 713//713
f 717//717 882//882 709//709
f 774//774 715//715 888//888
f 777//777 779//779 716//716
f 779//779 777//777 889//889
f 831//831 779//779 889//889
f 785//785 888//888 715//715
f 780//780 785//785 715//715
f 886//886 783//783 718//718
f 783//783 784//784 718//718
f 831//831 782//782 721//721
f 784//784 785//785 780//780
f 832//832 722//722 833//833
f 724//724 787//787 786//786
f 787//787 893//893 786//786
f 891//891 725//725 786//786
f 977//977 787//787 726//726
f 726//726 790//790 978//978
f 789//789 731//731 791//791
f 599//599 836//836 790//790
f 792//792 791//791 901//901
f 839//839 731//731 789//789
f 730//730 792//792 901//901
f 981//981 835//835 793//793
f 901//901 836//836 730//730
f 794//794 981//981 793//793
f 838//838 793//793 835//835
f 839//839 845//845 731//731
f 795//795 793//793 838//838
f 845//845 839//839 841//841
f 844//844 845//845 842//842
f 844//844 797//797 845//845
f 796//796 842//842 845//845
f 796//796 845//845 843//843
f 841//841 843//843 845//845
f 797//797 985//985 845//845
f 735//735 985//985 797//797
f 844//844 796//796 797//797
f 677//677 795//795 801//801
f 907//907 801//801 795//795
f 800//800 847//847 733//733
f 733//733 847//847 846//846
f 846//846 802//802 800//800
f 802//802 847//847 800//800
f 798//798 806//806 914//914
f 737//737 848//848 849//849
f 739//739 803//803 802//802
f 850//850 805//805 804//804
f 737//737 849//849 738//738
f 919//919 914//914 806//806
f 851//851 805//805 850//850
f 738//738 803//803 739//739
f 918//918 681//681 678//678
f 805//805 807//807 804//804
f 851//851 917//917 805//805
f 805//805 917//917 807//807
f 1470//1470 650//650 918//918
f 806//806 808//808 921//921
f 921//921 808//808 740//740
f 650//650 1470//1470 809//809
f 1470//1470 685//685 809//809
f 856//856 742//742 811//811
f 813//813 812//812 857//857
f 745//745 812//812 813//813
f 744//744 860//860 858//858
f 814//814 745//745 813//813
f 814//814 813//813 859//859
f 861//861 860//860 744//744
f 861//861 745//745 814//814
f 608//608 937//937 746//746
f 652//652 862//862 811//811
f 936//936 811//811 862//862
f 1118//1118 746//746 937//937
f 815//815 816//816 938//938
f 938//938 816//816 654//654
f 612//612 817//817 1005//1005
f 864//864 689//689 1006//1006
f 1007//1007 864//864 1006//1006
f 942//942 939//939 749//749
f 819//819 942//942 749//749
f 818//818 1237//1237 865//865
f 867//867 750//750 865//865
f 692//692 866//866 819//819
f 866//866 692//692 943//943
f 870//870 693//693 867//867
f 943//943 692//692 869//869
f 821//821 868//868 820//820
f 868//868 821//821 695//695
f 945//945 868//868 695//695
f 1015//1015 944//944 753//753
f 870//870 1242//1242 539//539
f 944//944 754//754 753//753
f 869//869 752//752 948//948
f 948//948 752//752 759//759
f 947//947 823//823 872//872
f 871//871 823//823 947//947
f 757//757 824//824 950//950
f 872//872 660//660 825//825
f 756//756 950//950 824//824
f 759//759 760//760 874//874
f 949//949 759//759 874//874
f 761//761 953//953 951//951
f 662//662 873//873 762//762
f 873//873 662//662 763//763
f 1030//1030 953//953 826//826
f 875//875 763//763 764//764
f 954//954 1153//1153 663//663
f 958//958 699//699 663//663
f 826//826 664//664 765//765
f 958//958 700//700 699//699
f 1167//1167 960//960 574//574
f 574//574 877//877 1167//1167
f 766//766 877//877 702//702
f 766//766 665//665 962//962
f 962//962 767//767 963//963
f 767//767 964//964 963//963
f 964//964 706//706 965//965
f 964//964 768//768 706//706
f 707//707 827//827 879//879
f 707//707 879//879 706//706
f 884//884 774//774 970//970
f 712//712 884//884 886//886
f 1187//1187 778//778 828//828
f 970//970 774//774 888//888
f 884//884 1067//1067 886//886
f 719//719 829//829 714//714
f 776//776 714//714 829//829
f 717//717 1442//1442 882//882
f 829//829 719//719 781//781
f 829//829 781//781 782//782
f 889//889 830//830 831//831
f 782//782 831//831 830//830
f 784//784 892//892 785//785
f 783//783 892//892 784//784
f 973//973 892//892 783//783
f 786//786 893//893 890//890
f 891//891 786//786 890//890
f 976//976 833//833 834//834
f 905//905 976//976 834//834
f 836//836 978//978 790//790
f 837//837 839//839 789//789
f 834//834 914//914 905//905
f 981//981 794//794 840//840
f 908//908 901//901 799//799
f 837//837 906//906 841//841
f 839//839 837//837 841//841
f 983//983 795//795 838//838
f 794//794 843//843 909//909
f 794//794 909//909 840//840
f 983//983 907//907 795//795
f 908//908 799//799 736//736
f 842//842 841//841 906//906
f 842//842 796//796 841//841
f 841//841 909//909 843//843
f 985//985 735//735 844//844
f 985//985 844//844 842//842
f 844//844 841//841 796//796
f 844//844 912//912 841//841
f 909//909 841//841 912//912
f 846//846 847//847 985//985
f 735//735 845//845 847//847
f 985//985 847//847 845//845
f 735//735 847//847 844//844
f 678//678 903//903 918//918
f 846//846 985//985 736//736
f 844//844 847//847 912//912
f 986//986 848//848 801//801
f 912//912 847//847 849//849
f 849//849 847//847 803//803
f 912//912 849//849 848//848
f 802//802 803//803 847//847
f 913//913 851//851 850//850
f 851//851 913//913 990//990
f 849//849 803//803 738//738
f 807//807 915//915 804//804
f 916//916 915//915 807//807
f 807//807 917//917 916//916
f 921//921 740//740 742//742
f 742//742 924//924 921//921
f 852//852 853//853 923//923
f 856//856 924//924 742//742
f 930//930 852//852 1110//1110
f 853//853 852//852 854//854
f 852//852 930//930 854//854
f 855//855 926//926 856//856
f 685//685 1343//1343 1345//1345
f 1345//1345 810//810 685//685
f 857//857 858//858 932//932
f 931//931 813//813 857//857
f 856//856 811//811 855//855
f 812//812 858//858 857//857
f 859//859 813//813 931//931
f 934//934 814//814 935//935
f 935//935 814//814 859//859
f 934//934 860//860 861//861
f 814//814 934//934 861//861
f 937//937 608//608 1117//1117
f 815//815 1003//1003 862//862
f 938//938 654//654 747//747
f 748//748 612//612 1119//1119
f 689//689 939//939 1006//1006
f 749//749 939//939 689//689
f 655//655 688//688 1132//1132
f 1132//1132 1237//1237 655//655
f 1237//1237 818//818 655//655
f 819//819 866//866 942//942
f 866//866 943//943 1014//1014
f 820//820 868//868 1244//1244
f 820//820 1244//1244 1015//1015
f 945//945 695//695 1018//1018
f 695//695 754//754 1018//1018
f 1020//1020 869//869 948//948
f 825//825 947//947 872//872
f 871//871 950//950 756//756
f 949//949 948//948 759//759
f 1025//1025 1031//1031 760//760
f 874//874 760//760 952//952
f 1033//1033 951//951 953//953
f 952//952 760//760 1031//1031
f 949//949 874//874 952//952
f 762//762 873//873 1148//1148
f 763//763 875//875 1032//1032
f 958//958 663//663 1153//1153
f 1030//1030 826//826 1036//1036
f 1036//1036 826//826 765//765
f 960//960 1164//1164 765//765
f 961//961 1279//1279 1169//1169
f 963//963 964//964 1040//1040
f 706//706 879//879 965//965
f 1042//1042 827//827 878//878
f 878//878 827//827 773//773
f 880//880 878//878 773//773
f 1042//1042 879//879 827//827
f 880//880 773//773 881//881
f 1044//1044 880//880 881//881
f 1049//1049 1044//1044 881//881
f 1051//1051 1049//1049 881//881
f 881//881 882//882 1051//1051
f 1057//1057 968//968 967//967
f 969//969 1057//1057 967//967
f 777//777 883//883 1054//1054
f 882//882 1065//1065 1051//1051
f 885//885 883//883 776//776
f 776//776 829//829 885//885
f 1054//1054 889//889 777//777
f 882//882 1442//1442 1065//1065
f 887//887 889//889 1054//1054
f 970//970 1067//1067 884//884
f 1062//1062 885//885 829//829
f 970//970 888//888 1068//1068
f 1062//1062 829//829 782//782
f 782//782 830//830 1062//1062
f 894//894 889//889 887//887
f 1067//1067 783//783 886//886
f 778//778 1187//1187 723//723
f 785//785 892//892 890//890
f 717//717 832//832 833//833
f 892//892 891//891 890//890
f 788//788 891//891 892//892
f 977//977 893//893 787//787
f 892//892 973//973 788//788
f 897//897 896//896 894//894
f 976//976 1070//1070 833//833
f 1072//1072 788//788 973//973
f 898//898 1078//1078 974//974
f 895//895 898//898 974//974
f 837//837 789//789 788//788
f 897//897 899//899 896//896
f 1072//1072 837//837 788//788
f 1202//1202 898//898 895//895
f 899//899 900//900 896//896
f 898//898 1202//1202 1078//1078
f 836//836 980//980 978//978
f 835//835 1085//1085 979//979
f 899//899 904//904 900//900
f 902//902 838//838 979//979
f 902//902 979//979 900//900
f 904//904 902//902 900//900
f 838//838 835//835 979//979
f 902//902 983//983 838//838
f 901//901 980//980 836//836
f 908//908 980//980 901//901
f 909//909 910//910 840//840
f 1099//1099 902//902 904//904
f 1097//1097 1099//1099 904//904
f 842//842 906//906 985//985
f 913//913 989//989 984//984
f 912//912 910//910 909//909
f 801//801 907//907 986//986
f 1100//1100 905//905 914//914
f 984//984 990//990 913//913
f 911//911 910//910 848//848
f 986//986 911//911 848//848
f 804//804 915//915 989//989
f 913//913 850//850 989//989
f 848//848 910//910 912//912
f 989//989 850//850 804//804
f 914//914 919//919 1100//1100
f 990//990 992//992 851//851
f 991//991 992//992 990//990
f 917//917 851//851 992//992
f 992//992 916//916 917//917
f 919//919 806//806 920//920
f 806//806 921//921 920//920
f 920//920 921//921 924//924
f 994//994 920//920 927//927
f 927//927 920//920 924//924
f 995//995 923//923 1222//1222
f 923//923 922//922 1222//1222
f 923//923 853//853 922//922
f 922//922 853//853 925//925
f 1110//1110 923//923 1105//1105
f 923//923 1110//1110 852//852
f 924//924 856//856 926//926
f 927//927 924//924 926//926
f 997//997 853//853 854//854
f 1110//1110 996//996 999//999
f 998//998 928//928 1000//1000
f 998//998 931//931 928//928
f 927//927 926//926 1112//1112
f 1112//1112 1108//1108 927//927
f 999//999 997//997 854//854
f 930//930 999//999 854//854
f 1110//1110 999//999 930//930
f 929//929 931//931 998//998
f 926//926 855//855 1112//1112
f 931//931 857//857 928//928
f 928//928 857//857 1001//1001
f 929//929 1001//1001 931//931
f 857//857 932//932 1001//1001
f 1114//1114 1228//1228 932//932
f 1228//1228 1116//1116 932//932
f 932//932 1116//1116 1001//1001
f 933//933 810//810 1345//1345
f 932//932 858//858 860//860
f 1001//1001 1116//1116 859//859
f 1001//1001 859//859 931//931
f 934//934 935//935 1116//1116
f 859//859 1116//1116 935//935
f 811//811 1230//1230 855//855
f 1230//1230 811//811 936//936
f 862//862 1003//1003 936//936
f 938//938 747//747 1474//1474
f 1474//1474 747//747 748//748
f 1121//1121 1005//1005 817//817
f 1124//1124 1006//1006 939//939
f 864//864 1007//1007 1566//1566
f 940//940 1010//1010 1125//1125
f 688//688 864//864 1566//1566
f 1008//1008 1011//1011 940//940
f 1012//1012 1008//1008 1009//1009
f 1011//1011 1008//1008 1012//1012
f 1011//1011 941//941 940//940
f 1010//1010 940//940 941//941
f 1012//1012 1009//1009 1139//1139
f 942//942 866//866 1240//1240
f 1014//1014 943//943 1020//1020
f 943//943 869//869 1020//1020
f 944//944 1016//1016 754//754
f 1242//1242 822//822 539//539
f 1016//1016 1018//1018 754//754
f 946//946 1020//1020 948//948
f 947//947 1144//1144 871//871
f 946//946 948//948 949//949
f 871//871 1144//1144 950//950
f 950//950 1025//1025 760//760
f 946//946 949//949 1023//1023
f 698//698 1145//1145 1502//1502
f 1023//1023 949//949 1026//1026
f 1033//1033 953//953 1030//1030
f 949//949 952//952 1034//1034
f 1026//1026 949//949 1034//1034
f 762//762 1148//1148 954//954
f 1031//1031 956//956 952//952
f 763//763 1032//1032 873//873
f 1034//1034 952//952 956//956
f 1034//1034 956//956 957//957
f 1162//1162 1034//1034 957//957
f 876//876 1035//1035 875//875
f 700//700 1035//1035 876//876
f 958//958 1035//1035 700//700
f 958//958 1157//1157 1035//1035
f 1164//1164 1036//1036 765//765
f 959//959 620//620 955//955
f 960//960 1167//1167 1164//1164
f 766//766 1168//1168 877//877
f 1168//1168 766//766 1280//1280
f 1280//1280 766//766 962//962
f 962//962 963//963 1280//1280
f 963//963 1037//1037 1406//1406
f 963//963 1040//1040 1037//1037
f 964//964 965//965 1040//1040
f 1416//1416 878//878 1411//1411
f 1411//1411 878//878 1171//1171
f 1171//1171 880//880 1285//1285
f 880//880 1171//1171 878//878
f 1285//1285 880//880 1044//1044
f 1042//1042 965//965 879//879
f 1046//1046 1047//1047 967//967
f 1046//1046 967//967 968//968
f 828//828 771//771 1534//1534
f 967//967 1047//1047 969//969
f 969//969 1047//1047 1055//1055
f 1059//1059 969//969 1055//1055
f 1054//1054 883//883 1052//1052
f 1184//1184 1057//1057 969//969
f 883//883 885//885 1052//1052
f 1187//1187 828//828 1534//1534
f 1061//1061 1054//1054 1056//1056
f 970//970 971//971 1067//1067
f 1061//1061 887//887 1054//1054
f 1061//1061 1188//1188 887//887
f 830//830 1437//1437 1062//1062
f 1068//1068 971//971 970//970
f 889//889 972//972 830//830
f 887//887 1188//1188 894//894
f 1067//1067 971//971 1069//1069
f 889//889 894//894 972//972
f 888//888 785//785 1068//1068
f 717//717 1070//1070 1442//1442
f 723//723 1187//1187 1083//1083
f 1068//1068 785//785 890//890
f 783//783 1071//1071 973//973
f 717//717 833//833 1070//1070
f 1073//1073 972//972 894//894
f 1071//1071 1072//1072 973//973
f 890//890 893//893 1068//1068
f 894//894 896//896 1073//1073
f 894//894 1188//1188 897//897
f 1195//1195 897//897 1188//1188
f 975//975 897//897 1195//1195
f 975//975 1195//1195 1203//1203
f 974//974 1078//1078 1193//1193
f 837//837 1072//1072 1077//1077
f 1070//1070 976//976 1082//1082
f 723//723 1083//1083 671//671
f 977//977 726//726 978//978
f 1073//1073 896//896 1085//1085
f 975//975 899//899 897//897
f 1202//1202 1205//1205 1078//1078
f 896//896 979//979 1085//1085
f 1079//1079 1087//1087 982//982
f 896//896 900//900 979//979
f 1081//1081 978//978 980//980
f 905//905 1086//1086 976//976
f 1085//1085 835//835 1089//1089
f 1092//1092 975//975 1203//1203
f 1088//1088 837//837 1205//1205
f 835//835 981//981 1089//1089
f 975//975 1097//1097 899//899
f 1089//1089 981//981 840//840
f 899//899 1097//1097 904//904
f 975//975 1092//1092 1097//1097
f 1095//1095 1318//1318 982//982
f 1087//1087 1091//1091 982//982
f 908//908 1454//1454 980//980
f 837//837 1088//1088 906//906
f 982//982 984//984 1095//1095
f 908//908 987//987 1454//1454
f 1094//1094 907//907 983//983
f 902//902 1094//1094 983//983
f 902//902 1099//1099 1094//1094
f 984//984 989//989 1095//1095
f 1091//1091 984//984 982//982
f 910//910 1093//1093 840//840
f 910//910 911//911 1093//1093
f 1206//1206 907//907 1094//1094
f 908//908 736//736 987//987
f 988//988 987//987 736//736
f 906//906 988//988 985//985
f 985//985 988//988 736//736
f 986//986 1093//1093 911//911
f 1206//1206 986//986 907//907
f 984//984 1091//1091 990//990
f 991//991 1091//1091 1209//1209
f 990//990 1091//1091 991//991
f 1101//1101 915//915 916//916
f 1101//1101 992//992 991//991
f 992//992 1101//1101 916//916
f 920//920 1215//1215 919//919
f 1215//1215 920//920 994//994
f 918//918 1339//1339 1470//1470
f 993//993 1105//1105 995//995
f 995//995 1105//1105 923//923
f 994//994 927//927 1108//1108
f 685//685 1470//1470 1343//1343
f 997//997 1109//1109 925//925
f 853//853 997//997 925//925
f 1109//1109 997//997 1226//1226
f 998//998 1000//1000 1111//1111
f 996//996 1226//1226 999//999
f 998//998 1111//1111 1107//1107
f 999//999 1226//1226 997//997
f 998//998 1107//1107 1113//1113
f 929//929 998//998 1113//1113
f 1000//1000 928//928 1001//1001
f 1001//1001 1228//1228 1000//1000
f 1001//1001 929//929 1002//1002
f 1113//1113 1002//1002 929//929
f 1002//1002 1115//1115 1001//1001
f 1001//1001 1115//1115 1228//1228
f 855//855 1230//1230 1112//1112
f 932//932 860//860 1114//1114
f 860//860 934//934 1114//1114
f 934//934 1116//1116 1114//1114
f 1115//1115 1116//1116 1228//1228
f 608//608 933//933 1117//1117
f 863//863 1118//1118 1004//1004
f 1003//1003 815//815 938//938
f 748//748 1119//1119 1474//1474
f 817//817 610//610 1232//1232
f 817//817 1232//1232 1121//1121
f 1119//1119 612//612 1120//1120
f 1120//1120 612//612 1005//1005
f 1122//1122 1007//1007 1124//1124
f 1124//1124 1007//1007 1006//1006
f 939//939 1127//1127 1124//1124
f 1008//1008 940//940 1348//1348
f 940//940 1125//1125 1477//1477
f 1348//1348 940//940 1477//1477
f 1128//1128 1009//1009 1008//1008
f 1130//1130 1125//1125 1010//1010
f 1133//1133 1127//1127 939//939
f 688//688 1566//1566 1132//1132
f 1133//1133 939//939 942//942
f 1236//1236 1130//1130 1010//1010
f 1136//1136 1139//1139 1009//1009
f 1133//1133 942//942 1135//1135
f 1010//1010 941//941 1137//1137
f 1012//1012 1013//1013 1011//1011
f 941//941 1011//1011 1137//1137
f 1011//1011 1013//1013 1137//1137
f 1010//1010 1137//1137 1236//1236
f 1246//1246 1014//1014 1019//1019
f 1140//1140 1242//1242 870//870
f 868//868 945//945 1141//1141
f 1015//1015 1372//1372 944//944
f 1372//1372 1015//1015 1247//1247
f 944//944 1372//1372 1016//1016
f 1018//1018 1017//1017 945//945
f 1019//1019 1014//1014 1020//1020
f 946//946 1019//1019 1020//1020
f 1146//1146 1019//1019 946//946
f 1146//1146 1142//1142 1019//1019
f 825//825 1022//1022 947//947
f 1144//1144 947//947 1022//1022
f 1146//1146 946//946 1023//1023
f 1022//1022 825//825 951//951
f 950//950 1144//1144 1025//1025
f 1033//1033 1022//1022 951//951
f 1024//1024 1023//1023 1027//1027
f 1023//1023 1026//1026 1027//1027
f 1027//1027 1026//1026 1028//1028
f 698//698 1502//1502 955//955
f 873//873 1032//1032 1394//1394
f 1029//1029 954//954 1148//1148
f 1148//1148 1149//1149 1029//1029
f 1034//1034 1028//1028 1026//1026
f 1153//1153 954//954 1029//1029
f 1028//1028 1152//1152 1027//1027
f 1036//1036 1033//1033 1030//1030
f 1034//1034 1155//1155 1028//1028
f 1032//1032 875//875 1156//1156
f 958//958 1153//1153 1266//1266
f 956//956 1031//1031 1160//1160
f 956//956 1160//1160 957//957
f 1035//1035 1156//1156 875//875
f 1156//1156 1035//1035 1157//1157
f 957//957 1160//1160 1162//1162
f 1155//1155 1034//1034 1162//1162
f 1266//1266 1157//1157 958//958
f 961//961 959//959 1279//1279
f 966//966 1169//1169 1279//1279
f 963//963 1406//1406 1280//1280
f 1041//1041 1170//1170 1039//1039
f 1039//1039 1038//1038 1041//1041
f 1041//1041 1038//1038 1043//1043
f 1039//1039 1173//1173 1038//1038
f 1285//1285 1286//1286 1171//1171
f 1045//1045 1043//1043 1038//1038
f 1045//1045 1038//1038 1173//1173
f 878//878 1416//1416 1042//1042
f 1172//1172 1285//1285 1044//1044
f 1045//1045 1176//1176 1043//1043
f 1172//1172 1044//1044 1049//1049
f 1045//1045 1046//1046 1176//1176
f 1047//1047 1046//1046 1045//1045
f 1047//1047 1173//1173 1050//1050
f 1053//1053 1048//1048 1049//1049
f 968//968 1176//1176 1046//1046
f 1049//1049 1051//1051 1053//1053
f 1055//1055 1047//1047 1050//1050
f 1050//1050 1295//1295 1055//1055
f 1176//1176 968//968 1297//1297
f 1178//1178 1056//1056 1175//1175
f 1297//1297 968//968 1057//1057
f 1060//1060 1055//1055 1179//1179
f 1178//1178 1061//1061 1056//1056
f 1051//1051 1065//1065 1053//1053
f 1184//1184 969//969 1059//1059
f 1060//1060 1059//1059 1055//1055
f 1180//1180 1060//1060 1179//1179
f 1180//1180 1181//1181 1058//1058
f 1181//1181 1177//1177 1058//1058
f 1058//1058 1177//1177 1299//1299
f 1056//1056 1054//1054 1052//1052
f 1183//1183 1053//1053 1065//1065
f 1057//1057 1182//1182 1297//1297
f 1184//1184 1182//1182 1057//1057
f 1052//1052 885//885 1431//1431
f 1180//1180 1058//1058 1060//1060
f 1063//1063 1060//1060 1058//1058
f 1299//1299 1063//1063 1058//1058
f 1299//1299 1185//1185 1063//1063
f 1060//1060 1066//1066 1059//1059
f 1066//1066 1184//1184 1059//1059
f 1060//1060 1063//1063 1066//1066
f 1064//1064 1063//1063 1185//1185
f 885//885 1062//1062 1437//1437
f 1064//1064 1066//1066 1063//1063
f 1185//1185 1301//1301 1064//1064
f 830//830 972//972 1302//1302
f 1067//1067 1069//1069 783//783
f 1071//1071 783//783 1069//1069
f 1302//1302 1073//1073 1076//1076
f 1302//1302 972//972 1073//1073
f 1189//1189 971//971 1068//1068
f 1312//1312 1442//1442 1070//1070
f 1068//1068 1074//1074 1189//1189
f 1068//1068 893//893 1074//1074
f 974//974 1193//1193 1310//1310
f 1197//1197 1194//1194 1075//1075
f 1077//1077 1072//1072 1191//1191
f 974//974 1310//1310 895//895
f 893//893 977//977 1074//1074
f 1070//1070 1082//1082 1312//1312
f 1079//1079 1196//1196 1197//1197
f 1192//1192 1196//1196 1079//1079
f 1200//1200 1074//1074 977//977
f 1078//1078 1077//1077 1193//1193
f 1196//1196 1194//1194 1197//1197
f 1081//1081 1200//1200 977//977
f 1192//1192 1079//1079 1084//1084
f 1197//1197 1080//1080 1079//1079
f 1075//1075 1204//1204 1197//1197
f 1199//1199 1204//1204 1075//1075
f 977//977 978//978 1081//1081
f 895//895 1452//1452 1202//1202
f 1073//1073 1201//1201 1076//1076
f 1204//1204 1080//1080 1197//1197
f 1073//1073 1085//1085 1201//1201
f 1312//1312 1082//1082 1320//1320
f 1080//1080 1087//1087 1079//1079
f 1077//1077 1205//1205 837//837
f 1205//1205 1077//1077 1078//1078
f 903//903 671//671 1083//1083
f 903//903 1083//1083 1316//1316
f 1079//1079 1318//1318 1084//1084
f 1204//1204 1090//1090 1080//1080
f 1090//1090 1087//1087 1080//1080
f 1082//1082 976//976 1086//1086
f 1320//1320 1082//1082 1086//1086
f 1079//1079 982//982 1318//1318
f 1089//1089 1201//1201 1085//1085
f 1320//1320 1086//1086 1096//1096
f 1091//1091 1087//1087 1090//1090
f 1206//1206 1089//1089 1093//1093
f 1089//1089 840//840 1093//1093
f 988//988 906//906 1207//1207
f 1207//1207 906//906 1088//1088
f 1086//1086 905//905 1096//1096
f 988//988 1207//1207 987//987
f 1206//1206 1093//1093 986//986
f 1208//1208 1097//1097 1092//1092
f 1095//1095 989//989 915//915
f 1090//1090 1209//1209 1091//1091
f 1096//1096 905//905 1100//1100
f 918//918 903//903 1548//1548
f 1098//1098 915//915 1101//1101
f 1101//1101 1210//1210 1098//1098
f 1099//1099 1097//1097 1102//1102
f 1102//1102 1097//1097 1208//1208
f 1209//1209 1210//1210 991//991
f 1099//1099 1330//1330 1094//1094
f 991//991 1210//1210 1101//1101
f 1102//1102 1214//1214 1099//1099
f 1330//1330 1214//1214 1213//1213
f 1330//1330 1099//1099 1214//1214
f 919//919 1212//1212 1100//1100
f 1103//1103 1213//1213 1214//1214
f 1213//1213 1103//1103 1104//1104
f 1217//1217 1104//1104 1103//1103
f 1215//1215 994//994 1220//1220
f 993//993 995//995 1222//1222
f 1340//1340 1105//1105 993//993
f 1222//1222 922//922 1106//1106
f 1108//1108 1220//1220 994//994
f 922//922 925//925 1106//1106
f 1106//1106 925//925 1109//1109
f 1110//1110 1225//1225 996//996
f 1105//1105 1225//1225 1110//1110
f 1227//1227 1113//1113 1107//1107
f 1002//1002 1229//1229 1115//1115
f 1115//1115 1114//1114 1116//1116
f 1229//1229 1114//1114 1115//1115
f 933//933 1345//1345 1117//1117
f 936//936 1662//1662 1230//1230
f 1003//1003 1662//1662 936//936
f 1003//1003 938//938 1346//1346
f 1004//1004 1118//1118 1559//1559
f 938//938 1474//1474 1346//1346
f 610//610 1231//1231 1232//1232
f 1005//1005 1121//1121 1120//1120
f 1566//1566 1007//1007 1122//1122
f 1126//1126 1477//1477 1125//1125
f 1130//1130 1126//1126 1125//1125
f 1129//1129 1126//1126 1130//1130
f 1123//1123 1126//1126 1129//1129
f 1235//1235 1123//1123 1129//1129
f 1128//1128 1008//1008 1348//1348
f 1238//1238 1127//1127 1133//1133
f 1134//1134 1127//1127 1238//1238
f 1134//1134 1349//1349 1127//1127
f 1129//1129 1130//1130 1131//1131
f 1128//1128 1134//1134 1009//1009
f 1130//1130 1236//1236 1131//1131
f 1131//1131 1235//1235 1129//1129
f 1238//1238 1136//1136 1134//1134
f 1009//1009 1134//1134 1136//1136
f 1238//1238 1133//1133 1135//1135
f 865//865 1237//1237 1765//1765
f 1138//1138 1136//1136 1350//1350
f 1139//1139 1136//1136 1138//1138
f 1013//1013 1012//1012 1139//1139
f 1137//1137 1013//1013 1354//1354
f 1135//1135 942//942 1240//1240
f 1239//1239 1139//1139 1138//1138
f 1014//1014 1240//1240 866//866
f 1140//1140 870//870 867//867
f 1246//1246 1240//1240 1014//1014
f 1244//1244 868//868 1141//1141
f 1015//1015 1244//1244 1247//1247
f 1141//1141 945//945 1017//1017
f 1018//1018 1016//1016 1017//1017
f 1246//1246 1019//1019 1142//1142
f 1143//1143 1142//1142 1146//1146
f 1249//1249 1142//1142 1143//1143
f 1145//1145 1021//1021 1588//1588
f 1145//1145 822//822 1021//1021
f 1143//1143 1146//1146 1024//1024
f 1024//1024 1146//1146 1023//1023
f 1024//1024 1147//1147 1143//1143
f 1144//1144 1022//1022 1025//1025
f 1025//1025 1022//1022 1261//1261
f 1260//1260 1254//1254 1147//1147
f 1024//1024 1150//1150 1147//1147
f 1260//1260 1147//1147 1150//1150
f 1148//1148 1258//1258 1149//1149
f 1394//1394 1148//1148 873//873
f 1024//1024 1027//1027 1150//1150
f 1260//1260 1150//1150 1159//1159
f 955//955 1502//1502 1594//1594
f 1027//1027 1152//1152 1150//1150
f 1029//1029 1149//1149 1396//1396
f 1025//1025 1267//1267 1031//1031
f 1151//1151 1152//1152 1028//1028
f 1152//1152 1151//1151 1154//1154
f 1153//1153 1029//1029 1266//1266
f 1269//1269 1261//1261 1033//1033
f 1031//1031 1267//1267 1160//1160
f 1151//1151 1028//1028 1155//1155
f 1152//1152 1154//1154 1158//1158
f 1150//1150 1152//1152 1158//1158
f 1159//1159 1150//1150 1158//1158
f 1161//1161 1151//1151 1155//1155
f 1154//1154 1151//1151 1161//1161
f 1158//1158 1154//1154 1161//1161
f 1269//1269 1033//1033 1036//1036
f 1267//1267 1270//1270 1160//1160
f 1159//1159 1158//1158 1163//1163
f 1162//1162 1160//1160 1165//1165
f 1155//1155 1162//1162 1161//1161
f 1161//1161 1162//1162 1165//1165
f 1163//1163 1158//1158 1161//1161
f 1269//1269 1036//1036 1164//1164
f 1271//1271 1160//1160 1270//1270
f 1165//1165 1160//1160 1271//1271
f 959//959 955//955 2019//2019
f 1272//1272 1401//1401 1163//1163
f 1161//1161 1165//1165 1166//1166
f 1163//1163 1161//1161 1166//1166
f 1272//1272 1163//1163 1274//1274
f 1163//1163 1166//1166 1274//1274
f 1276//1276 1269//1269 1164//1164
f 1166//1166 1165//1165 1273//1273
f 1276//1276 1164//1164 1167//1167
f 1403//1403 1274//1274 1166//1166
f 1166//1166 1273//1273 1277//1277
f 1279//1279 959//959 1275//1275
f 877//877 1276//1276 1167//1167
f 877//877 1278//1278 1276//1276
f 1168//1168 1278//1278 877//877
f 1039//1039 1170//1170 1282//1282
f 1039//1039 1282//1282 1414//1414
f 1413//1413 771//771 966//966
f 1170//1170 1041//1041 1410//1410
f 1410//1410 1282//1282 1170//1170
f 1040//1040 1284//1284 1037//1037
f 1287//1287 1284//1284 1040//1040
f 1171//1171 1523//1523 1411//1411
f 1039//1039 1414//1414 1173//1173
f 965//965 1416//1416 1040//1040
f 1042//1042 1416//1416 965//965
f 1286//1286 1412//1412 1171//1171
f 1288//1288 1410//1410 1041//1041
f 1175//1175 1283//1283 1174//1174
f 1172//1172 1286//1286 1285//1285
f 1409//1409 1286//1286 1172//1172
f 1043//1043 1288//1288 1041//1041
f 1174//1174 1284//1284 1291//1291
f 1043//1043 1293//1293 1288//1288
f 1173//1173 1047//1047 1045//1045
f 1174//1174 1178//1178 1175//1175
f 1172//1172 1049//1049 1048//1048
f 1043//1043 1176//1176 1293//1293
f 1174//1174 1291//1291 1178//1178
f 1297//1297 1293//1293 1176//1176
f 1175//1175 1056//1056 1424//1424
f 1294//1294 1178//1178 1291//1291
f 1055//1055 1295//1295 1179//1179
f 1056//1056 1052//1052 1424//1424
f 1052//1052 1431//1431 1424//1424
f 1177//1177 1181//1181 1528//1528
f 1434//1434 1299//1299 1177//1177
f 1294//1294 1061//1061 1178//1178
f 1431//1431 885//885 1437//1437
f 1061//1061 1294//1294 1186//1186
f 1183//1183 1065//1065 1623//1623
f 1185//1185 1438//1438 1300//1300
f 1299//1299 1438//1438 1185//1185
f 1182//1182 1184//1184 1305//1305
f 1184//1184 1066//1066 1305//1305
f 1301//1301 1185//1185 1300//1300
f 1061//1061 1186//1186 1188//1188
f 830//830 1302//1302 1437//1437
f 1064//1064 1301//1301 1303//1303
f 1188//1188 1186//1186 1308//1308
f 1066//1066 1306//1306 1305//1305
f 1066//1066 1064//1064 1306//1306
f 1303//1303 1306//1306 1064//1064
f 1541//1541 971//971 1189//1189
f 971//971 1541//1541 1069//1069
f 1308//1308 1195//1195 1188//1188
f 1071//1071 1069//1069 1191//1191
f 1442//1442 1312//1312 1628//1628
f 1309//1309 1306//1306 1303//1303
f 1304//1304 1309//1309 1303//1303
f 1190//1190 1309//1309 1304//1304
f 1075//1075 1309//1309 1190//1190
f 1189//1189 1074//1074 1190//1190
f 1074//1074 1075//1075 1190//1190
f 1308//1308 1198//1198 1195//1195
f 1309//1309 1075//1075 1194//1194
f 1191//1191 1072//1072 1071//1071
f 1193//1193 1077//1077 1191//1191
f 1629//1629 895//895 1310//1310
f 1452//1452 895//895 1629//1629
f 1194//1194 1196//1196 1311//1311
f 1075//1075 1074//1074 1199//1199
f 1195//1195 1198//1198 1203//1203
f 1200//1200 1199//1199 1074//1074
f 1317//1317 1204//1204 1199//1199
f 1081//1081 1315//1315 1200//1200
f 1084//1084 1318//1318 1322//1322
f 1313//1313 1076//1076 1201//1201
f 1203//1203 1198//1198 1092//1092
f 1090//1090 1204//1204 1317//1317
f 1315//1315 1081//1081 1639//1639
f 1453//1453 1205//1205 1202//1202
f 1323//1323 1092//1092 1198//1198
f 1312//1312 1320//1320 1546//1546
f 1319//1319 1313//1313 1201//1201
f 1081//1081 980//980 1639//1639
f 1088//1088 1205//1205 1547//1547
f 1089//1089 1206//1206 1201//1201
f 1319//1319 1201//1201 1206//1206
f 1092//1092 1323//1323 1327//1327
f 1639//1639 980//980 1454//1454
f 1318//1318 1095//1095 1322//1322
f 1319//1319 1206//1206 1094//1094
f 1096//1096 1325//1325 1320//1320
f 1327//1327 1208//1208 1092//1092
f 1326//1326 1095//1095 1098//1098
f 1457//1457 1208//1208 1327//1327
f 1095//1095 915//915 1098//1098
f 1326//1326 1098//1098 1209//1209
f 1094//1094 1328//1328 1319//1319
f 1325//1325 1096//1096 1329//1329
f 1212//1212 1329//1329 1096//1096
f 1209//1209 1098//1098 1210//1210
f 1094//1094 1330//1330 1328//1328
f 1100//1100 1212//1212 1096//1096
f 1102//1102 1208//1208 1458//1458
f 1330//1330 1213//1213 1459//1459
f 1331//1331 1211//1211 1102//1102
f 1214//1214 1102//1102 1211//1211
f 919//919 1215//1215 1212//1212
f 918//918 1460//1460 1339//1339
f 1211//1211 1216//1216 1214//1214
f 1334//1334 1213//1213 1335//1335
f 1213//1213 1104//1104 1335//1335
f 1216//1216 1103//1103 1214//1214
f 1221//1221 1212//1212 1215//1215
f 1219//1219 1644//1644 993//993
f 1221//1221 1215//1215 1220//1220
f 1216//1216 1217//1217 1103//1103
f 1104//1104 1464//1464 1335//1335
f 1218//1218 1217//1217 1216//1216
f 993//993 1222//1222 1219//1219
f 1104//1104 1217//1217 1338//1338
f 1104//1104 1338//1338 1464//1464
f 1222//1222 1337//1337 1219//1219
f 1336//1336 1340//1340 993//993
f 1338//1338 1217//1217 1218//1218
f 1222//1222 1106//1106 1337//1337
f 1467//1467 1337//1337 1106//1106
f 1556//1556 1221//1221 1220//1220
f 1467//1467 1106//1106 1223//1223
f 1468//1468 1224//1224 1111//1111
f 1556//1556 1220//1220 1108//1108
f 1340//1340 1225//1225 1105//1105
f 1468//1468 1111//1111 1342//1342
f 1107//1107 1111//1111 1224//1224
f 1341//1341 1107//1107 1224//1224
f 1223//1223 1106//1106 1109//1109
f 1225//1225 1223//1223 996//996
f 1226//1226 1223//1223 1109//1109
f 996//996 1223//1223 1226//1226
f 1111//1111 1000//1000 1342//1342
f 1108//1108 1659//1659 1556//1556
f 1342//1342 1000//1000 1344//1344
f 1344//1344 1000//1000 1228//1228
f 1229//1229 1227//1227 1472//1472
f 1344//1344 1228//1228 1114//1114
f 1472//1472 1344//1344 1114//1114
f 1227//1227 1229//1229 1113//1113
f 1229//1229 1472//1472 1114//1114
f 1113//1113 1229//1229 1002//1002
f 1108//1108 1112//1112 1659//1659
f 1659//1659 1112//1112 1230//1230
f 1662//1662 1003//1003 1558//1558
f 1558//1558 1003//1003 1346//1346
f 1232//1232 1231//1231 1233//1233
f 1124//1124 1234//1234 1122//1122
f 1234//1234 1124//1124 1347//1347
f 1127//1127 1347//1347 1124//1124
f 1347//1347 1127//1127 1349//1349
f 1123//1123 1235//1235 1478//1478
f 1479//1479 1478//1478 1235//1235
f 1128//1128 1349//1349 1134//1134
f 1567//1567 1237//1237 1132//1132
f 1568//1568 1131//1131 1236//1236
f 1350//1350 1238//1238 1135//1135
f 1238//1238 1350//1350 1136//1136
f 1236//1236 1137//1137 1481//1481
f 1568//1568 1236//1236 1481//1481
f 1353//1353 1135//1135 1240//1240
f 1013//1013 1355//1355 1354//1354
f 1351//1351 1137//1137 1354//1354
f 1241//1241 867//867 865//865
f 1350//1350 1352//1352 1138//1138
f 1139//1139 1356//1356 1013//1013
f 1356//1356 1355//1355 1013//1013
f 1352//1352 1239//1239 1138//1138
f 1356//1356 1139//1139 1239//1239
f 1240//1240 1246//1246 1359//1359
f 1241//1241 1140//1140 867//867
f 1365//1365 1243//1243 1363//1363
f 1141//1141 1491//1491 1244//1244
f 1244//1244 1491//1491 1247//1247
f 1575//1575 1491//1491 1141//1141
f 1248//1248 1246//1246 1142//1142
f 1382//1382 1364//1364 1245//1245
f 1372//1372 1376//1376 1016//1016
f 1245//1245 1369//1369 1382//1382
f 1376//1376 1017//1017 1016//1016
f 1248//1248 1142//1142 1249//1249
f 1383//1383 1387//1387 1375//1375
f 1249//1249 1251//1251 1248//1248
f 1252//1252 1255//1255 1387//1387
f 1387//1387 1255//1255 1388//1388
f 1251//1251 1249//1249 1143//1143
f 1251//1251 1254//1254 1389//1389
f 1254//1254 1392//1392 1250//1250
f 1391//1391 1253//1253 1252//1252
f 1255//1255 1252//1252 1253//1253
f 1251//1251 1143//1143 1147//1147
f 1388//1388 1255//1255 1257//1257
f 1588//1588 1502//1502 1145//1145
f 1251//1251 1147//1147 1254//1254
f 1253//1253 1391//1391 1256//1256
f 1392//1392 1254//1254 1260//1260
f 1257//1257 1253//1253 1256//1256
f 1255//1255 1253//1253 1257//1257
f 1022//1022 1033//1033 1261//1261
f 1392//1392 1262//1262 1256//1256
f 1388//1388 1257//1257 1259//1259
f 1265//1265 1392//1392 1260//1260
f 1262//1262 1392//1392 1265//1265
f 1263//1263 1257//1257 1393//1393
f 1259//1259 1257//1257 1263//1263
f 1260//1260 1159//1159 1265//1265
f 1262//1262 1265//1265 1264//1264
f 1397//1397 1256//1256 1262//1262
f 1396//1396 1149//1149 1504//1504
f 1267//1267 1261//1261 1268//1268
f 1025//1025 1261//1261 1267//1267
f 1264//1264 1265//1265 1511//1511
f 1266//1266 1029//1029 1396//1396
f 1268//1268 1261//1261 1269//1269
f 1511//1511 1265//1265 1399//1399
f 1397//1397 1262//1262 1264//1264
f 1699//1699 1266//1266 1396//1396
f 1699//1699 1396//1396 1595//1595
f 1399//1399 1265//1265 1159//1159
f 1267//1267 1268//1268 1276//1276
f 1270//1270 1267//1267 1276//1276
f 1399//1399 1159//1159 1401//1401
f 1276//1276 1268//1268 1269//1269
f 1159//1159 1163//1163 1401//1401
f 1401//1401 1512//1512 1399//1399
f 1270//1270 1276//1276 1271//1271
f 1515//1515 1401//1401 1272//1272
f 1271//1271 1273//1273 1165//1165
f 1274//1274 1402//1402 1272//1272
f 1515//1515 1272//1272 1402//1402
f 1271//1271 1276//1276 1278//1278
f 1273//1273 1271//1271 1278//1278
f 1403//1403 1402//1402 1274//1274
f 1166//1166 1277//1277 1403//1403
f 1273//1273 1278//1278 1277//1277
f 1403//1403 1277//1277 1516//1516
f 1277//1277 1278//1278 1168//1168
f 1516//1516 1277//1277 1168//1168
f 1168//1168 1280//1280 1516//1516
f 1280//1280 1405//1405 1516//1516
f 1406//1406 1405//1405 1280//1280
f 1281//1281 1518//1518 1408//1408
f 1037//1037 1284//1284 1406//1406
f 1284//1284 1407//1407 1406//1406
f 1279//1279 1413//1413 966//966
f 1284//1284 1283//1283 1407//1407
f 1412//1412 1286//1286 1519//1519
f 1519//1519 1286//1286 1409//1409
f 1410//1410 1414//1414 1282//1282
f 1040//1040 1416//1416 1287//1287
f 1289//1289 1408//1408 1409//1409
f 1281//1281 1408//1408 1418//1418
f 1175//1175 1290//1290 1415//1415
f 1283//1283 1175//1175 1415//1415
f 1284//1284 1174//1174 1283//1283
f 1416//1416 1525//1525 1287//1287
f 1410//1410 1288//1288 1417//1417
f 1291//1291 1284//1284 1287//1287
f 1172//1172 1289//1289 1409//1409
f 1414//1414 1420//1420 1173//1173
f 1291//1291 1287//1287 1427//1427
f 1289//1289 1172//1172 1422//1422
f 1173//1173 1420//1420 1050//1050
f 1422//1422 1172//1172 1048//1048
f 1293//1293 1421//1421 1288//1288
f 1050//1050 1420//1420 1428//1428
f 1175//1175 1424//1424 1290//1290
f 1296//1296 1421//1421 1293//1293
f 1425//1425 1048//1048 1053//1053
f 1291//1291 1292//1292 1294//1294
f 1427//1427 1292//1292 1291//1291
f 1293//1293 1297//1297 1296//1296
f 1295//1295 1050//1050 1428//1428
f 1528//1528 1614//1614 1177//1177
f 1425//1425 1053//1053 1183//1183
f 1298//1298 1296//1296 1297//1297
f 1179//1179 1295//1295 1429//1429
f 1179//1179 1429//1429 1180//1180
f 1434//1434 1177//1177 1614//1614
f 1297//1297 1182//1182 1298//1298
f 1292//1292 1432//1432 1294//1294
f 1180//1180 1429//1429 1439//1439
f 1433//1433 1298//1298 1182//1182
f 1181//1181 1180//1180 1439//1439
f 1436//1436 1181//1181 1439//1439
f 1434//1434 1438//1438 1299//1299
f 1294//1294 1432//1432 1186//1186
f 1436//1436 1439//1439 1300//1300
f 1300//1300 1438//1438 1436//1436
f 1534//1534 1540//1540 1187//1187
f 1439//1439 1440//1440 1300//1300
f 1182//1182 1305//1305 1433//1433
f 1301//1301 1300//1300 1440//1440
f 1308//1308 1186//1186 1443//1443
f 1065//1065 1442//1442 1623//1623
f 1301//1301 1440//1440 1303//1303
f 1304//1304 1303//1303 1440//1440
f 1304//1304 1625//1625 1190//1190
f 1187//1187 1540//1540 1083//1083
f 1307//1307 1305//1305 1306//1306
f 1541//1541 1190//1190 1625//1625
f 1446//1446 1307//1307 1306//1306
f 1541//1541 1189//1189 1190//1190
f 1541//1541 1542//1542 1069//1069
f 1191//1191 1069//1069 1542//1542
f 1445//1445 1191//1191 1542//1542
f 1444//1444 1302//1302 1076//1076
f 1307//1307 1446//1446 1543//1543
f 1310//1310 1191//1191 1445//1445
f 1445//1445 1629//1629 1310//1310
f 1309//1309 1446//1446 1306//1306
f 1193//1193 1191//1191 1310//1310
f 1309//1309 1311//1311 1446//1446
f 1194//1194 1311//1311 1309//1309
f 1313//1313 1444//1444 1076//1076
f 1449//1449 1192//1192 1314//1314
f 1192//1192 1449//1449 1196//1196
f 1546//1546 1628//1628 1312//1312
f 1192//1192 1084//1084 1314//1314
f 1198//1198 1308//1308 1450//1450
f 1196//1196 1449//1449 1448//1448
f 1311//1311 1196//1196 1448//1448
f 1322//1322 1314//1314 1084//1084
f 1199//1199 1200//1200 1315//1315
f 1314//1314 1322//1322 1449//1449
f 1315//1315 1317//1317 1199//1199
f 1324//1324 1544//1544 1451//1451
f 1324//1324 1545//1545 1544//1544
f 1319//1319 1321//1321 1313//1313
f 1321//1321 1450//1450 1313//1313
f 1451//1451 1449//1449 1322//1322
f 1545//1545 1324//1324 1317//1317
f 1202//1202 1452//1452 1453//1453
f 1450//1450 1323//1323 1198//1198
f 1317//1317 1324//1324 1090//1090
f 1635//1635 1315//1315 1639//1639
f 1450//1450 1321//1321 1323//1323
f 1320//1320 1325//1325 1546//1546
f 1547//1547 1205//1205 1453//1453
f 1323//1323 1321//1321 1456//1456
f 1326//1326 1451//1451 1322//1322
f 1090//1090 1324//1324 1209//1209
f 903//903 1316//1316 1642//1642
f 1322//1322 1095//1095 1326//1326
f 1326//1326 1209//1209 1324//1324
f 1456//1456 1321//1321 1455//1455
f 1323//1323 1456//1456 1327//1327
f 1088//1088 1835//1835 1207//1207
f 1547//1547 1835//1835 1088//1088
f 1321//1321 1319//1319 1328//1328
f 1328//1328 1455//1455 1321//1321
f 1457//1457 1327//1327 1456//1456
f 1329//1329 1739//1739 1325//1325
f 1208//1208 1457//1457 1458//1458
f 1328//1328 1330//1330 1459//1459
f 1329//1329 1212//1212 1332//1332
f 1460//1460 918//918 1548//1548
f 1102//1102 1458//1458 1331//1331
f 1459//1459 1213//1213 1334//1334
f 1332//1332 1212//1212 1221//1221
f 1331//1331 1333//1333 1211//1211
f 1219//1219 1649//1649 1461//1461
f 1219//1219 1461//1461 1644//1644
f 1335//1335 1464//1464 1334//1334
f 1462//1462 1334//1334 1464//1464
f 1211//1211 1333//1333 1216//1216
f 1332//1332 1221//1221 1653//1653
f 993//993 1644//1644 1336//1336
f 1466//1466 1338//1338 1465//1465
f 1219//1219 1337//1337 1649//1649
f 1466//1466 1464//1464 1338//1338
f 1551//1551 1218//1218 1216//1216
f 1218//1218 1465//1465 1338//1338
f 1340//1340 1463//1463 1225//1225
f 1221//1221 1556//1556 1653//1653
f 1469//1469 1223//1223 1225//1225
f 1469//1469 1467//1467 1223//1223
f 1342//1342 1555//1555 1468//1468
f 1341//1341 1227//1227 1107//1107
f 1758//1758 1556//1556 1659//1659
f 1344//1344 1557//1557 1342//1342
f 1472//1472 1557//1557 1344//1344
f 1473//1473 1345//1345 1343//1343
f 1473//1473 1117//1117 1345//1345
f 937//937 1117//1117 1661//1661
f 1662//1662 1558//1558 1860//1860
f 1664//1664 1558//1558 1346//1346
f 1004//1004 1559//1559 1761//1761
f 1560//1560 1474//1474 1119//1119
f 1232//1232 1233//1233 1561//1561
f 1120//1120 1665//1665 1119//1119
f 1561//1561 1121//1121 1232//1232
f 1561//1561 1120//1120 1121//1121
f 1126//1126 1123//1123 1476//1476
f 1235//1235 1480//1480 1479//1479
f 1567//1567 1132//1132 1566//1566
f 1568//1568 1480//1480 1131//1131
f 1353//1353 1350//1350 1135//1135
f 1137//1137 1351//1351 1481//1481
f 1350//1350 1484//1484 1352//1352
f 1351//1351 1354//1354 1482//1482
f 1482//1482 1354//1354 1355//1355
f 1483//1483 1353//1353 1240//1240
f 1483//1483 1240//1240 1359//1359
f 1239//1239 1352//1352 1357//1357
f 1486//1486 1357//1357 1352//1352
f 1356//1356 1239//1239 1357//1357
f 1355//1355 1356//1356 1488//1488
f 1241//1241 1570//1570 1140//1140
f 1488//1488 1357//1357 1358//1358
f 1356//1356 1357//1357 1488//1488
f 1357//1357 1486//1486 1358//1358
f 1488//1488 1482//1482 1355//1355
f 1673//1673 1140//1140 1570//1570
f 1358//1358 1486//1486 1361//1361
f 1487//1487 1488//1488 1362//1362
f 1140//1140 1673//1673 1242//1242
f 1364//1364 1488//1488 1358//1358
f 1362//1362 1488//1488 1364//1364
f 1365//1365 1363//1363 1360//1360
f 1487//1487 1362//1362 1489//1489
f 1362//1362 1492//1492 1489//1489
f 1363//1363 1243//1243 1366//1366
f 1365//1365 1360//1360 1573//1573
f 1358//1358 1361//1361 1245//1245
f 1364//1364 1358//1358 1245//1245
f 1573//1573 1367//1367 1365//1365
f 1362//1362 1364//1364 1378//1378
f 1243//1243 1368//1368 1366//1366
f 1367//1367 1243//1243 1365//1365
f 1359//1359 1246//1246 1493//1493
f 1369//1369 1245//1245 1361//1361
f 1492//1492 1362//1362 1370//1370
f 1367//1367 1368//1368 1243//1243
f 1490//1490 1492//1492 1371//1371
f 1870//1870 822//822 1242//1242
f 1575//1575 1141//1141 1496//1496
f 1141//1141 1017//1017 1496//1496
f 1367//1367 1373//1373 1368//1368
f 1246//1246 1248//1248 1493//1493
f 1573//1573 1498//1498 1367//1367
f 1497//1497 1493//1493 1248//1248
f 1497//1497 1775//1775 1493//1493
f 1378//1378 1364//1364 1382//1382
f 1362//1362 1378//1378 1370//1370
f 1374//1374 1494//1494 1371//1371
f 1368//1368 1373//1373 1377//1377
f 1498//1498 1573//1573 1581//1581
f 1378//1378 1382//1382 1381//1381
f 1492//1492 1370//1370 1375//1375
f 1371//1371 1492//1492 1375//1375
f 1367//1367 1498//1498 1373//1373
f 1373//1373 1380//1380 1377//1377
f 1373//1373 1498//1498 1380//1380
f 1374//1374 1371//1371 1384//1384
f 1017//1017 1379//1379 1496//1496
f 1379//1379 1017//1017 1376//1376
f 1378//1378 1381//1381 1390//1390
f 1383//1383 1370//1370 1378//1378
f 1375//1375 1370//1370 1383//1383
f 1384//1384 1371//1371 1375//1375
f 1499//1499 1380//1380 1498//1498
f 1369//1369 1495//1495 1382//1382
f 1384//1384 1375//1375 1387//1387
f 1579//1579 1374//1374 1386//1386
f 1495//1495 1497//1497 1389//1389
f 1252//1252 1378//1378 1390//1390
f 1383//1383 1378//1378 1252//1252
f 1374//1374 1384//1384 1386//1386
f 1495//1495 1389//1389 1382//1382
f 1381//1381 1382//1382 1250//1250
f 1250//1250 1390//1390 1381//1381
f 1383//1383 1252//1252 1387//1387
f 1499//1499 1385//1385 1380//1380
f 1497//1497 1248//1248 1389//1389
f 1389//1389 1248//1248 1251//1251
f 1579//1579 1386//1386 1500//1500
f 1386//1386 1384//1384 1387//1387
f 1386//1386 1387//1387 1388//1388
f 1250//1250 1382//1382 1254//1254
f 1382//1382 1389//1389 1254//1254
f 1390//1390 1250//1250 1392//1392
f 1021//1021 1993//1993 1588//1588
f 1252//1252 1390//1390 1391//1391
f 1390//1390 1392//1392 1391//1391
f 1256//1256 1391//1391 1392//1392
f 1256//1256 1393//1393 1257//1257
f 1501//1501 1388//1388 1259//1259
f 1501//1501 1259//1259 1503//1503
f 1148//1148 1692//1692 1258//1258
f 1258//1258 1692//1692 1593//1593
f 1148//1148 1394//1394 1692//1692
f 1504//1504 1149//1149 1258//1258
f 1503//1503 1259//1259 1395//1395
f 1393//1393 1256//1256 1397//1397
f 1259//1259 1263//1263 1395//1395
f 1394//1394 1032//1032 1505//1505
f 955//955 1594//1594 2019//2019
f 1032//1032 1156//1156 1398//1398
f 1398//1398 1505//1505 1032//1032
f 1504//1504 1595//1595 1396//1396
f 1393//1393 1397//1397 1263//1263
f 1400//1400 1395//1395 1263//1263
f 1263//1263 1397//1397 1509//1509
f 1157//1157 1398//1398 1156//1156
f 1398//1398 1157//1157 1507//1507
f 1596//1596 1266//1266 1699//1699
f 1263//1263 1509//1509 1400//1400
f 1266//1266 1596//1596 1157//1157
f 1511//1511 1397//1397 1264//1264
f 1509//1509 1397//1397 1513//1513
f 1513//1513 1397//1397 1511//1511
f 1511//1511 1399//1399 1512//1512
f 1515//1515 1512//1512 1401//1401
f 2019//2019 1275//1275 959//959
f 1517//1517 1403//1403 1516//1516
f 1404//1404 1403//1403 1517//1517
f 1406//1406 1604//1604 1405//1405
f 1708//1708 1518//1518 1281//1281
f 1407//1407 1604//1604 1406//1406
f 1518//1518 1709//1709 1408//1408
f 1604//1604 1407//1407 1415//1415
f 1708//1708 1281//1281 1520//1520
f 1407//1407 1283//1283 1415//1415
f 1709//1709 1519//1519 1409//1409
f 1408//1408 1709//1709 1409//1409
f 1281//1281 1418//1418 1520//1520
f 1410//1410 1417//1417 1414//1414
f 1525//1525 1416//1416 1610//1610
f 1416//1416 1411//1411 1610//1610
f 1411//1411 1523//1523 1610//1610
f 1171//1171 1412//1412 1523//1523
f 1408//1408 1526//1526 1418//1418
f 1414//1414 1417//1417 1420//1420
f 1289//1289 1526//1526 1408//1408
f 1421//1421 1417//1417 1288//1288
f 1420//1420 1417//1417 1421//1421
f 1287//1287 1525//1525 1427//1427
f 1289//1289 1422//1422 1526//1526
f 1420//1420 1421//1421 1296//1296
f 1520//1520 1418//1418 1423//1423
f 1419//1419 1520//1520 1423//1423
f 1290//1290 1424//1424 1522//1522
f 1527//1527 1418//1418 1526//1526
f 1423//1423 1418//1418 1527//1527
f 1420//1420 1296//1296 1428//1428
f 1424//1424 1426//1426 1522//1522
f 1422//1422 1048//1048 1425//1425
f 1428//1428 1296//1296 1298//1298
f 1529//1529 1292//1292 1427//1427
f 1428//1428 1298//1298 1430//1430
f 1530//1530 1424//1424 1431//1431
f 1428//1428 1430//1430 1295//1295
f 1295//1295 1430//1430 1429//1429
f 1429//1429 1430//1430 1435//1435
f 1615//1615 1434//1434 1614//1614
f 1292//1292 1620//1620 1432//1432
f 1529//1529 1620//1620 1292//1292
f 1433//1433 1430//1430 1298//1298
f 1435//1435 1430//1430 1433//1433
f 1429//1429 1435//1435 1439//1439
f 1531//1531 1528//1528 1181//1181
f 1436//1436 1531//1531 1181//1181
f 1615//1615 1532//1532 1434//1434
f 1532//1532 1615//1615 1616//1616
f 1438//1438 1434//1434 1532//1532
f 1437//1437 1533//1533 1431//1431
f 1432//1432 1621//1621 1186//1186
f 1537//1537 1435//1435 1433//1433
f 1532//1532 1536//1536 1438//1438
f 1441//1441 1533//1533 1437//1437
f 1623//1623 1535//1535 1183//1183
f 1534//1534 2186//2186 1540//1540
f 1439//1439 1435//1435 1537//1537
f 1536//1536 1436//1436 1438//1438
f 1624//1624 1440//1440 1439//1439
f 1537//1537 1433//1433 1307//1307
f 1307//1307 1433//1433 1305//1305
f 1304//1304 1440//1440 1724//1724
f 1304//1304 1724//1724 1625//1625
f 1437//1437 1302//1302 1441//1441
f 1441//1441 1302//1302 1444//1444
f 1539//1539 1441//1441 1444//1444
f 1623//1623 1442//1442 1628//1628
f 1447//1447 1539//1539 1444//1444
f 1540//1540 1632//1632 1083//1083
f 1447//1447 1444//1444 1313//1313
f 1446//1446 1311//1311 1630//1630
f 1448//1448 1630//1630 1311//1311
f 1544//1544 1630//1630 1448//1448
f 1308//1308 1447//1447 1450//1450
f 1450//1450 1447//1447 1313//1313
f 1448//1448 1449//1449 1451//1451
f 1544//1544 1448//1448 1451//1451
f 1453//1453 1452//1452 1631//1631
f 1545//1545 1317//1317 1734//1734
f 1315//1315 1635//1635 1734//1734
f 1640//1640 1547//1547 1453//1453
f 1316//1316 2297//2297 1642//1642
f 1451//1451 1326//1326 1324//1324
f 903//903 1642//1642 1548//1548
f 1455//1455 1549//1549 1457//1457
f 1455//1455 1457//1457 1456//1456
f 1458//1458 1457//1457 1549//1549
f 1643//1643 1458//1458 1549//1549
f 1459//1459 1455//1455 1328//1328
f 1458//1458 1643//1643 1331//1331
f 1334//1334 1550//1550 1459//1459
f 1550//1550 1334//1334 1462//1462
f 1336//1336 1644//1644 1645//1645
f 1331//1331 1650//1650 1333//1333
f 1336//1336 1645//1645 1463//1463
f 1462//1462 1464//1464 1466//1466
f 1649//1649 1337//1337 1467//1467
f 1652//1652 1649//1649 1467//1467
f 1336//1336 1463//1463 1340//1340
f 1753//1753 1465//1465 1218//1218
f 1469//1469 1652//1652 1467//1467
f 1225//1225 1463//1463 1552//1552
f 1552//1552 1469//1469 1225//1225
f 1224//1224 1468//1468 1553//1553
f 1224//1224 1553//1553 1754//1754
f 1556//1556 1554//1554 1653//1653
f 1341//1341 1224//1224 1754//1754
f 1341//1341 1471//1471 1227//1227
f 1472//1472 1227//1227 1471//1471
f 1471//1471 1557//1557 1472//1472
f 1659//1659 1230//1230 1660//1660
f 1230//1230 1662//1662 1660//1660
f 1117//1117 1473//1473 1661//1661
f 1664//1664 1346//1346 1474//1474
f 1231//1231 1004//1004 1761//1761
f 1231//1231 1761//1761 1233//1233
f 1665//1665 1120//1120 1561//1561
f 1475//1475 1478//1478 1563//1563
f 1563//1563 1478//1478 1562//1562
f 1477//1477 1476//1476 1979//1979
f 1123//1123 1478//1478 1475//1475
f 1234//1234 1763//1763 1122//1122
f 1126//1126 1476//1476 1477//1477
f 1475//1475 1476//1476 1123//1123
f 1562//1562 1478//1478 1565//1565
f 1347//1347 1349//1349 1128//1128
f 1128//1128 1348//1348 1564//1564
f 1479//1479 1565//1565 1478//1478
f 1477//1477 1564//1564 1348//1348
f 1764//1764 1565//1565 1479//1479
f 1131//1131 1480//1480 1235//1235
f 1237//1237 1567//1567 1765//1765
f 1766//1766 865//865 1765//1765
f 1484//1484 1350//1350 1353//1353
f 1481//1481 1351//1351 1485//1485
f 1484//1484 1353//1353 1668//1668
f 1668//1668 1353//1353 1483//1483
f 1352//1352 1484//1484 1668//1668
f 1351//1351 1482//1482 1485//1485
f 1352//1352 1668//1668 1670//1670
f 2223//2223 1570//1570 1241//1241
f 1485//1485 1482//1482 1489//1489
f 1486//1486 1352//1352 1670//1670
f 1485//1485 1489//1489 1490//1490
f 1359//1359 1671//1671 1483//1483
f 1488//1488 1487//1487 1482//1482
f 1489//1489 1482//1482 1487//1487
f 1675//1675 1671//1671 1359//1359
f 1494//1494 1669//1669 1490//1490
f 1360//1360 1363//1363 1572//1572
f 1486//1486 1674//1674 1361//1361
f 1363//1363 1366//1366 1572//1572
f 1490//1490 1489//1489 1492//1492
f 1873//1873 1369//1369 1361//1361
f 1576//1576 1494//1494 1374//1374
f 1775//1775 1675//1675 1493//1493
f 1574//1574 1366//1366 1368//1368
f 1495//1495 1369//1369 1873//1873
f 1494//1494 1490//1490 1371//1371
f 1368//1368 1377//1377 1574//1574
f 1873//1873 1775//1775 1495//1495
f 1495//1495 1775//1775 1497//1497
f 1374//1374 1579//1579 1576//1576
f 1247//1247 1577//1577 1372//1372
f 1680//1680 1372//1372 1577//1577
f 1376//1376 1372//1372 1680//1680
f 1586//1586 1681//1681 1377//1377
f 1379//1379 1583//1583 1496//1496
f 822//822 1778//1778 1021//1021
f 1379//1379 1376//1376 1685//1685
f 1787//1787 1685//1685 1376//1376
f 1377//1377 1385//1385 1586//1586
f 1377//1377 1380//1380 1385//1385
f 1499//1499 1498//1498 1585//1585
f 1684//1684 1499//1499 1585//1585
f 1385//1385 1587//1587 1586//1586
f 1385//1385 1499//1499 1587//1587
f 1579//1579 1500//1500 1584//1584
f 1388//1388 1500//1500 1386//1386
f 1584//1584 1500//1500 1501//1501
f 1501//1501 1500//1500 1388//1388
f 1508//1508 1501//1501 1503//1503
f 1508//1508 1590//1590 1501//1501
f 1508//1508 1503//1503 1506//1506
f 1692//1692 1394//1394 1505//1505
f 1503//1503 1395//1395 1506//1506
f 1507//1507 1505//1505 1398//1398
f 1506//1506 1395//1395 1510//1510
f 1508//1508 1506//1506 1598//1598
f 1400//1400 1510//1510 1395//1395
f 1596//1596 1507//1507 1157//1157
f 1506//1506 1510//1510 1514//1514
f 1510//1510 1400//1400 1509//1509
f 1598//1598 1506//1506 1514//1514
f 1510//1510 1509//1509 1513//1513
f 1512//1512 1701//1701 1511//1511
f 1513//1513 1511//1511 1701//1701
f 1510//1510 1513//1513 1600//1600
f 1508//1508 1598//1598 1704//1704
f 1701//1701 1512//1512 1804//1804
f 1512//1512 1515//1515 1804//1804
f 1703//1703 1513//1513 1701//1701
f 1514//1514 1510//1510 1600//1600
f 1514//1514 1599//1599 1598//1598
f 1515//1515 1402//1402 1903//1903
f 1602//1602 1402//1402 1403//1403
f 1604//1604 1516//1516 1405//1405
f 1603//1603 1707//1707 1518//1518
f 1708//1708 1603//1603 1518//1518
f 1707//1707 1709//1709 1518//1518
f 1415//1415 1605//1605 1604//1604
f 1415//1415 1711//1711 1605//1605
f 1709//1709 1606//1606 1519//1519
f 1708//1708 1520//1520 1915//1915
f 1521//1521 1711//1711 1415//1415
f 1814//1814 1711//1711 1521//1521
f 1607//1607 1412//1412 1606//1606
f 1606//1606 1412//1412 1519//1519
f 1524//1524 1608//1608 1521//1521
f 1415//1415 1290//1290 1521//1521
f 1523//1523 1412//1412 1609//1609
f 1419//1419 1915//1915 1520//1520
f 1521//1521 1522//1522 1524//1524
f 1290//1290 1522//1522 1521//1521
f 1609//1609 1610//1610 1523//1523
f 1419//1419 1919//1919 1915//1915
f 1413//1413 2171//2171 771//771
f 1427//1427 1525//1525 1611//1611
f 1712//1712 1611//1611 1525//1525
f 1422//1422 2175//2175 1526//1526
f 1422//1422 1425//1425 1818//1818
f 1526//1526 2395//2395 1527//1527
f 1522//1522 1612//1612 1524//1524
f 1426//1426 1612//1612 1522//1522
f 1527//1527 2395//2395 1715//1715
f 1527//1527 1721//1721 1423//1423
f 1611//1611 1529//1529 1427//1427
f 1619//1619 1426//1426 1530//1530
f 1424//1424 1530//1530 1426//1426
f 1622//1622 1423//1423 1721//1721
f 1622//1622 1419//1419 1423//1423
f 1431//1431 1533//1533 1530//1530
f 1614//1614 1528//1528 1618//1618
f 1530//1530 1533//1533 1926//1926
f 1432//1432 1620//1620 1621//1621
f 1536//1536 1531//1531 1436//1436
f 1616//1616 1929//1929 1532//1532
f 1532//1532 1722//1722 1536//1536
f 1929//1929 1722//1722 1532//1532
f 1186//1186 1621//1621 1443//1443
f 1533//1533 1441//1441 1538//1538
f 1439//1439 1537//1537 1624//1624
f 1624//1624 1725//1725 1440//1440
f 1539//1539 1538//1538 1441//1441
f 1624//1624 1537//1537 1307//1307
f 1624//1624 1307//1307 1543//1543
f 1443//1443 1539//1539 1447//1447
f 1443//1443 1447//1447 1308//1308
f 1541//1541 1625//1625 1731//1731
f 1541//1541 1731//1731 1542//1542
f 1445//1445 1542//1542 1626//1626
f 1730//1730 1543//1543 1446//1446
f 1628//1628 1546//1546 1732//1732
f 1629//1629 1631//1631 1452//1452
f 1630//1630 1544//1544 1545//1545
f 1637//1637 1732//1732 1546//1546
f 1316//1316 1083//1083 1632//1632
f 1636//1636 1453//1453 1631//1631
f 1315//1315 1734//1734 1317//1317
f 1640//1640 1453//1453 1636//1636
f 1546//1546 1325//1325 1637//1637
f 987//987 1639//1639 1454//1454
f 1639//1639 987//987 1832//1832
f 987//987 1836//1836 1832//1832
f 987//987 1207//1207 1836//1836
f 1835//1835 1836//1836 1207//1207
f 1834//1834 1325//1325 1739//1739
f 1549//1549 1455//1455 1550//1550
f 1455//1455 1459//1459 1550//1550
f 1549//1549 1550//1550 1643//1643
f 1329//1329 1332//1332 1646//1646
f 1647//1647 1643//1643 1550//1550
f 1643//1643 1647//1647 1331//1331
f 1332//1332 1653//1653 1646//1646
f 1462//1462 1647//1647 1550//1550
f 1647//1647 1650//1650 1331//1331
f 1461//1461 1649//1649 1648//1648
f 1645//1645 1841//1841 1463//1463
f 1748//1748 1462//1462 1466//1466
f 1466//1466 1465//1465 1748//1748
f 1463//1463 1846//1846 1552//1552
f 1216//1216 1333//1333 1551//1551
f 1551//1551 1333//1333 1755//1755
f 1469//1469 1655//1655 1652//1652
f 1553//1553 1468//1468 1651//1651
f 1748//1748 1465//1465 1753//1753
f 1753//1753 1218//1218 1551//1551
f 1552//1552 1655//1655 1469//1469
f 1651//1651 1468//1468 1656//1656
f 1339//1339 1964//1964 1470//1470
f 1656//1656 1468//1468 1555//1555
f 1555//1555 1342//1342 1557//1557
f 1341//1341 1756//1756 1471//1471
f 1859//1859 1343//1343 1470//1470
f 1471//1471 1658//1658 1557//1557
f 937//937 1661//1661 1760//1760
f 937//937 1760//1760 1663//1663
f 1663//1663 1118//1118 937//937
f 1664//1664 1474//1474 1975//1975
f 1474//1474 1560//1560 1975//1975
f 1233//1233 1863//1863 1561//1561
f 1560//1560 1119//1119 1665//1665
f 1562//1562 1666//1666 1563//1563
f 1565//1565 1666//1666 1562//1562
f 1565//1565 1667//1667 1666//1666
f 1866//1866 1122//1122 1763//1763
f 1866//1866 1981//1981 1566//1566
f 1122//1122 1866//1866 1566//1566
f 1566//1566 1981//1981 1567//1567
f 1480//1480 1764//1764 1479//1479
f 1480//1480 1568//1568 1868//1868
f 1868//1868 1568//1568 1569//1569
f 1481//1481 1569//1569 1568//1568
f 1569//1569 1481//1481 1485//1485
f 1485//1485 1490//1490 1669//1669
f 1668//1668 1483//1483 1671//1671
f 1670//1670 1674//1674 1486//1486
f 1576//1576 1669//1669 1494//1494
f 1672//1672 1669//1669 1576//1576
f 1359//1359 1493//1493 1675//1675
f 1572//1572 1676//1676 1360//1360
f 1242//1242 1673//1673 1870//1870
f 1571//1571 1360//1360 1676//1676
f 1360//1360 1571//1571 1573//1573
f 1773//1773 1770//1770 1576//1576
f 1773//1773 1576//1576 1580//1580
f 1572//1572 1366//1366 1574//1574
f 1674//1674 1771//1771 1361//1361
f 1574//1574 1676//1676 1572//1572
f 1771//1771 1873//1873 1361//1361
f 1491//1491 1577//1577 1247//1247
f 1577//1577 1491//1491 1677//1677
f 1579//1579 1582//1582 1576//1576
f 822//822 1870//1870 1778//1778
f 1575//1575 1677//1677 1491//1491
f 1680//1680 1578//1578 1779//1779
f 1681//1681 1574//1574 1377//1377
f 1679//1679 1574//1574 1681//1681
f 1576//1576 1582//1582 1580//1580
f 1578//1578 1680//1680 1577//1577
f 1680//1680 1787//1787 1376//1376
f 1584//1584 1582//1582 1579//1579
f 1498//1498 1581//1581 1585//1585
f 1679//1679 1585//1585 1581//1581
f 1586//1586 1782//1782 1681//1681
f 1682//1682 1582//1582 1584//1584
f 1786//1786 1583//1583 1379//1379
f 1685//1685 1786//1786 1379//1379
f 1587//1587 1686//1686 1586//1586
f 1686//1686 1782//1782 1586//1586
f 1682//1682 1584//1584 1590//1590
f 1587//1587 1499//1499 1684//1684
f 1590//1590 1584//1584 1501//1501
f 1587//1587 1591//1591 1686//1686
f 1589//1589 1788//1788 1592//1592
f 1591//1591 1587//1587 1689//1689
f 1695//1695 1682//1682 1590//1590
f 1688//1688 1686//1686 1591//1591
f 1689//1689 1691//1691 1591//1591
f 1788//1788 1790//1790 1592//1592
f 1791//1791 1688//1688 1591//1591
f 1691//1691 1791//1791 1591//1591
f 1696//1696 1695//1695 1590//1590
f 1592//1592 1690//1690 1589//1589
f 1790//1790 1694//1694 1592//1592
f 1508//1508 1696//1696 1590//1590
f 1258//1258 1593//1593 1504//1504
f 1592//1592 1694//1694 1690//1690
f 1593//1593 1698//1698 1504//1504
f 1698//1698 1595//1595 1504//1504
f 1594//1594 2476//2476 2019//2019
f 1700//1700 1699//1699 1595//1595
f 1698//1698 1700//1700 1595//1595
f 1596//1596 1796//1796 1507//1507
f 1699//1699 1796//1796 1596//1596
f 1696//1696 1508//1508 1597//1597
f 1597//1597 1508//1508 1704//1704
f 1804//1804 1802//1802 1701//1701
f 1703//1703 1701//1701 1803//1803
f 1703//1703 1600//1600 1513//1513
f 1601//1601 1514//1514 1600//1600
f 1598//1598 1705//1705 1704//1704
f 1514//1514 1601//1601 1599//1599
f 1705//1705 1598//1598 1599//1599
f 2019//2019 2487//2487 1275//1275
f 1903//1903 1402//1402 1904//1904
f 1602//1602 1904//1904 1402//1402
f 1403//1403 1404//1404 1602//1602
f 1603//1603 1708//1708 2022//2022
f 1279//1279 1275//1275 1710//1710
f 1604//1604 1517//1517 1516//1516
f 1605//1605 1517//1517 1604//1604
f 2022//2022 1708//1708 1811//1811
f 1710//1710 1413//1413 1279//1279
f 1814//1814 1608//1608 1812//1812
f 1521//1521 1608//1608 1814//1814
f 1412//1412 1607//1607 1609//1609
f 1608//1608 1524//1524 1713//1713
f 1712//1712 1525//1525 1610//1610
f 1609//1609 1712//1712 1610//1610
f 1713//1713 1524//1524 1612//1612
f 1818//1818 2175//2175 1422//1422
f 2171//2171 1534//1534 771//771
f 1613//1613 1611//1611 1712//1712
f 1529//1529 1611//1611 1613//1613
f 1615//1615 1719//1719 1616//1616
f 1719//1719 1617//1617 1616//1616
f 1426//1426 1619//1619 1612//1612
f 1527//1527 1715//1715 1721//1721
f 1614//1614 1618//1618 1615//1615
f 1618//1618 1719//1719 1615//1615
f 1619//1619 1716//1716 1612//1612
f 1531//1531 1618//1618 1528//1528
f 1529//1529 1613//1613 1620//1620
f 1620//1620 1720//1720 1621//1621
f 1722//1722 1618//1618 1531//1531
f 1722//1722 1531//1531 1536//1536
f 1929//1929 1616//1616 1821//1821
f 1533//1533 1538//1538 1820//1820
f 1720//1720 1820//1820 1538//1538
f 1621//1621 1720//1720 1539//1539
f 1723//1723 1622//1622 1721//1721
f 1621//1621 1539//1539 1443//1443
f 1539//1539 1720//1720 1538//1538
f 1723//1723 1721//1721 1822//1822
f 1727//1727 1725//1725 1624//1624
f 1724//1724 1440//1440 1725//1725
f 1625//1625 1724//1724 1729//1729
f 1543//1543 1726//1726 1624//1624
f 1730//1730 1726//1726 1543//1543
f 1729//1729 1731//1731 1625//1625
f 1731//1731 1729//1729 1627//1627
f 1542//1542 1731//1731 1626//1626
f 1445//1445 1626//1626 1934//1934
f 2190//2190 1632//1632 1540//1540
f 1629//1629 1445//1445 1934//1934
f 1828//1828 1629//1629 1934//1934
f 1825//1825 1730//1730 1446//1446
f 1446//1446 1630//1630 1825//1825
f 1825//1825 1630//1630 1824//1824
f 1631//1631 1629//1629 1828//1828
f 1633//1633 1631//1631 1828//1828
f 1545//1545 1733//1733 1630//1630
f 1734//1734 1733//1733 1545//1545
f 1732//1732 1637//1637 1736//1736
f 1831//1831 1937//1937 1638//1638
f 1734//1734 1635//1635 1634//1634
f 1632//1632 2297//2297 1316//1316
f 1738//1738 1638//1638 1937//1937
f 1940//1940 1831//1831 1638//1638
f 1940//1940 1638//1638 1641//1641
f 1738//1738 1641//1641 1638//1638
f 1639//1639 1832//1832 1635//1635
f 1641//1641 2066//2066 1940//1940
f 1637//1637 1325//1325 1834//1834
f 1547//1547 1640//1640 1941//1941
f 1548//1548 1642//1642 1837//1837
f 1547//1547 1941//1941 1835//1835
f 1837//1837 2535//2535 1548//1548
f 1646//1646 1739//1739 1329//1329
f 1644//1644 1461//1461 1741//1741
f 1838//1838 1644//1644 1741//1741
f 1838//1838 1645//1645 1644//1644
f 1841//1841 1645//1645 1838//1838
f 1751//1751 1339//1339 1460//1460
f 1646//1646 1653//1653 1956//1956
f 1652//1652 1746//1746 1649//1649
f 1746//1746 1648//1648 1649//1649
f 1463//1463 1841//1841 1846//1846
f 1654//1654 1553//1553 1651//1651
f 1750//1750 1647//1647 1462//1462
f 1650//1650 1647//1647 1750//1750
f 1748//1748 1750//1750 1462//1462
f 1650//1650 1958//1958 1333//1333
f 1963//1963 1958//1958 1650//1650
f 1653//1653 1554//1554 1956//1956
f 1553//1553 1654//1654 1754//1754
f 1333//1333 1958//1958 1755//1755
f 1751//1751 1964//1964 1339//1339
f 1551//1551 1657//1657 1753//1753
f 1657//1657 1970//1970 1753//1753
f 1755//1755 1657//1657 1551//1551
f 1754//1754 1756//1756 1341//1341
f 1658//1658 1656//1656 1555//1555
f 1554//1554 1556//1556 1758//1758
f 1557//1557 1658//1658 1555//1555
f 1756//1756 1658//1658 1471//1471
f 1859//1859 1470//1470 1964//1964
f 2104//2104 2103//2103 1659//1659
f 1659//1659 1660//1660 2104//2104
f 1660//1660 1662//1662 1759//1759
f 1759//1759 1662//1662 1860//1860
f 1861//1861 1860//1860 1558//1558
f 1559//1559 1118//1118 1663//1663
f 1861//1861 1558//1558 1664//1664
f 1559//1559 2448//2448 1761//1761
f 1233//1233 1761//1761 1862//1862
f 1563//1563 1864//1864 1475//1475
f 1666//1666 1762//1762 1563//1563
f 1666//1666 1978//1978 1762//1762
f 1864//1864 1979//1979 1476//1476
f 1475//1475 1864//1864 1476//1476
f 1667//1667 1978//1978 1666//1666
f 1477//1477 1979//1979 1564//1564
f 1564//1564 1979//1979 2341//2341
f 1667//1667 2108//2108 1978//1978
f 2109//2109 2108//2108 1667//1667
f 1764//1764 1667//1667 1565//1565
f 1764//1764 2109//2109 1667//1667
f 1480//1480 1980//1980 1764//1764
f 1766//1766 1767//1767 865//865
f 1767//1767 1241//1241 865//865
f 1569//1569 1485//1485 1768//1768
f 1768//1768 1485//1485 1669//1669
f 2223//2223 1985//1985 1570//1570
f 1768//1768 1669//1669 1672//1672
f 1770//1770 1768//1768 1672//1672
f 1670//1670 1668//1668 1671//1671
f 1670//1670 1671//1671 1674//1674
f 1671//1671 1675//1675 1674//1674
f 1675//1675 1771//1771 1674//1674
f 1770//1770 1672//1672 1576//1576
f 1571//1571 1676//1676 1776//1776
f 1676//1676 1574//1574 1776//1776
f 1871//1871 1873//1873 1771//1771
f 1777//1777 1773//1773 1580//1580
f 1578//1578 1772//1772 1779//1779
f 1573//1573 1571//1571 1776//1776
f 1573//1573 1776//1776 1581//1581
f 1777//1777 1580//1580 1780//1780
f 1677//1677 1678//1678 1577//1577
f 1578//1578 1577//1577 1678//1678
f 1772//1772 1578//1578 1678//1678
f 1776//1776 1574//1574 1679//1679
f 1776//1776 1679//1679 1581//1581
f 1496//1496 1583//1583 1575//1575
f 1783//1783 1680//1680 1779//1779
f 1582//1582 1780//1780 1580//1580
f 1680//1680 1783//1783 1787//1787
f 1679//1679 1681//1681 1781//1781
f 1582//1582 1682//1682 1780//1780
f 1683//1683 1780//1780 1682//1682
f 1021//1021 1778//1778 1993//1993
f 1585//1585 1679//1679 1781//1781
f 1786//1786 1877//1877 1583//1583
f 1782//1782 1781//1781 1681//1681
f 1585//1585 1781//1781 1684//1684
f 1785//1785 1683//1683 1682//1682
f 1785//1785 1682//1682 1687//1687
f 1786//1786 1685//1685 1886//1886
f 1880//1880 1886//1886 1685//1685
f 1686//1686 1879//1879 1782//1782
f 1881//1881 1587//1587 1684//1684
f 1686//1686 1688//1688 1879//1879
f 1881//1881 1689//1689 1587//1587
f 1687//1687 1682//1682 1695//1695
f 1789//1789 1689//1689 1881//1881
f 1788//1788 1589//1589 1887//1887
f 1690//1690 1887//1887 1589//1589
f 1789//1789 1691//1691 1689//1689
f 1791//1791 1790//1790 1688//1688
f 1687//1687 1695//1695 1801//1801
f 1793//1793 1694//1694 1790//1790
f 1789//1789 1791//1791 1691//1691
f 1791//1791 1793//1793 1790//1790
f 1505//1505 1792//1792 1692//1692
f 1593//1593 1692//1692 1792//1792
f 2004//2004 1690//1690 1894//1894
f 1894//1894 1690//1690 1694//1694
f 1507//1507 1792//1792 1505//1505
f 1698//1698 1593//1593 1693//1693
f 1890//1890 1698//1698 1693//1693
f 1792//1792 1507//1507 1697//1697
f 1897//1897 1694//1694 1793//1793
f 1801//1801 1695//1695 1696//1696
f 1796//1796 1697//1697 1507//1507
f 1698//1698 1797//1797 1700//1700
f 1700//1700 1796//1796 1699//1699
f 2013//2013 1796//1796 1700//1700
f 1702//1702 1696//1696 1597//1597
f 1801//1801 1696//1696 1702//1702
f 1798//1798 1801//1801 1702//1702
f 1701//1701 1802//1802 1803//1803
f 1515//1515 1903//1903 1804//1804
f 1704//1704 1705//1705 1597//1597
f 1807//1807 1702//1702 1597//1597
f 1600//1600 1905//1905 1601//1601
f 1705//1705 1599//1599 1808//1808
f 1705//1705 1808//1808 1706//1706
f 1597//1597 1705//1705 1706//1706
f 1706//1706 1807//1807 1597//1597
f 1808//1808 1599//1599 1908//1908
f 1706//1706 1808//1808 1907//1907
f 1907//1907 1603//1603 1910//1910
f 1907//1907 1707//1707 1603//1603
f 1707//1707 1809//1809 1709//1709
f 1517//1517 1914//1914 1404//1404
f 1911//1911 1404//1404 1914//1914
f 1708//1708 1915//1915 1811//1811
f 1912//1912 1517//1517 1605//1605
f 1916//1916 1605//1605 1711//1711
f 1606//1606 1913//1913 1607//1607
f 1814//1814 1812//1812 1813//1813
f 1711//1711 1814//1814 1813//1813
f 1608//1608 2026//2026 1812//1812
f 1608//1608 1713//1713 2026//2026
f 1915//1915 1919//1919 1815//1815
f 1609//1609 1920//1920 1712//1712
f 2175//2175 2395//2395 1526//1526
f 1716//1716 1714//1714 1713//1713
f 1612//1612 1716//1716 1713//1713
f 1712//1712 1817//1817 1613//1613
f 1919//1919 1419//1419 1622//1622
f 1716//1716 1718//1718 1714//1714
f 1818//1818 1425//1425 2501//2501
f 1425//1425 2393//2393 2501//2501
f 1719//1719 1819//1819 1617//1617
f 1819//1819 1719//1719 1717//1717
f 1714//1714 1718//1718 1617//1617
f 1718//1718 1716//1716 1927//1927
f 1716//1716 1619//1619 1927//1927
f 1924//1924 1620//1620 1613//1613
f 1618//1618 1717//1717 1719//1719
f 1821//1821 1617//1617 1718//1718
f 1720//1720 1922//1922 1820//1820
f 1720//1720 1924//1924 1922//1922
f 1620//1620 1924//1924 1720//1720
f 1617//1617 1821//1821 1616//1616
f 2042//2042 1619//1619 1530//1530
f 1533//1533 1820//1820 1926//1926
f 1928//1928 1618//1618 1722//1722
f 2042//2042 1927//1927 1619//1619
f 1926//1926 2042//2042 1530//1530
f 1715//1715 1822//1822 1721//1721
f 2047//2047 2048//2048 1727//1727
f 1727//1727 2048//2048 1725//1725
f 1728//1728 1724//1724 1725//1725
f 1623//1623 2400//2400 1535//1535
f 1727//1727 1726//1726 2051//2051
f 1624//1624 1726//1726 1727//1727
f 1724//1724 1728//1728 1729//1729
f 1540//1540 2186//2186 2190//2190
f 1733//1733 1729//1729 1824//1824
f 1627//1627 1729//1729 1733//1733
f 1934//1934 1626//1626 1931//1931
f 1936//1936 1931//1931 1626//1626
f 1623//1623 1628//1628 1732//1732
f 1933//1933 1825//1825 1824//1824
f 1626//1626 1731//1731 1936//1936
f 1934//1934 1826//1826 1828//1828
f 1735//1735 1627//1627 1733//1733
f 1731//1731 1627//1627 1735//1735
f 1735//1735 1936//1936 1731//1731
f 2410//2410 1632//1632 2190//2190
f 1829//1829 1633//1633 1828//1828
f 1630//1630 1733//1733 1824//1824
f 1633//1633 1829//1829 1737//1737
f 1735//1735 1733//1733 1734//1734
f 1634//1634 1735//1735 1734//1734
f 1633//1633 1636//1636 1631//1631
f 1737//1737 1636//1636 1633//1633
f 2297//2297 1632//1632 2410//2410
f 1635//1635 1832//1832 1634//1634
f 1641//1641 2192//2192 2066//2066
f 1837//1837 1642//1642 2297//2297
f 1941//1941 2302//2302 1835//1835
f 1834//1834 1739//1739 1740//1740
f 1741//1741 1839//1839 1838//1838
f 1740//1740 1739//1739 1840//1840
f 1548//1548 2074//2074 1460//1460
f 1739//1739 1646//1646 1840//1840
f 1950//1950 1741//1741 1842//1842
f 1741//1741 1461//1461 1842//1842
f 1744//1744 1842//1842 1648//1648
f 1648//1648 1842//1842 1461//1461
f 1654//1654 1844//1844 1845//1845
f 1842//1842 1744//1744 1743//1743
f 1654//1654 1651//1651 1844//1844
f 1646//1646 1956//1956 1840//1840
f 1743//1743 1745//1745 1742//1742
f 1956//1956 2083//2083 1840//1840
f 1745//1745 1848//1848 1742//1742
f 1746//1746 1747//1747 1744//1744
f 1648//1648 1746//1746 1744//1744
f 1847//1847 1746//1746 1652//1652
f 1651//1651 1954//1954 1844//1844
f 1745//1745 1743//1743 1744//1744
f 1747//1747 1745//1745 1744//1744
f 1954//1954 1651//1651 1656//1656
f 1749//1749 1848//1848 1745//1745
f 1749//1749 1745//1745 1855//1855
f 1855//1855 1745//1745 1747//1747
f 1652//1652 1655//1655 1847//1847
f 1750//1750 1963//1963 1650//1650
f 1748//1748 1961//1961 1750//1750
f 1963//1963 1750//1750 1961//1961
f 1752//1752 1749//1749 1855//1855
f 1753//1753 1970//1970 1748//1748
f 1856//1856 1656//1656 1658//1658
f 1967//1967 1755//1755 1958//1958
f 1757//1757 1856//1856 1658//1658
f 1657//1657 2097//2097 1970//1970
f 1758//1758 2094//2094 1554//1554
f 1755//1755 1967//1967 1657//1657
f 1756//1756 1757//1757 1658//1658
f 1758//1758 1659//1659 2103//2103
f 1343//1343 1859//1859 1473//1473
f 1473//1473 1973//1973 1661//1661
f 1759//1759 2104//2104 1660//1660
f 1661//1661 1973//1973 2332//2332
f 1661//1661 2332//2332 1760//1760
f 1760//1760 2332//2332 2446//2446
f 1760//1760 2446//2446 1663//1663
f 1663//1663 2334//2334 1559//1559
f 1976//1976 1861//1861 1664//1664
f 1664//1664 1975//1975 1976//1976
f 1560//1560 1977//1977 1975//1975
f 1233//1233 1862//1862 1863//1863
f 1561//1561 1863//1863 1665//1665
f 1762//1762 2338//2338 1563//1563
f 1763//1763 1234//1234 1865//1865
f 1128//1128 1564//1564 2107//2107
f 1980//1980 2109//2109 1764//1764
f 1765//1765 1567//1567 1982//1982
f 1765//1765 1867//1867 1766//1766
f 1868//1868 1569//1569 2115//2115
f 2115//2115 1569//1569 1768//1768
f 1241//1241 1767//1767 2223//2223
f 1770//1770 1869//1869 1768//1768
f 1769//1769 1869//1869 1770//1770
f 1570//1570 1985//1985 1673//1673
f 1773//1773 1769//1769 1770//1770
f 1769//1769 1774//1774 1986//1986
f 1771//1771 1675//1675 1871//1871
f 1774//1774 1769//1769 1773//1773
f 1775//1775 1871//1871 1675//1675
f 1774//1774 1773//1773 1777//1777
f 1872//1872 1772//1772 1678//1678
f 1772//1772 1872//1872 1779//1779
f 1872//1872 1678//1678 1677//1677
f 1987//1987 1774//1774 1777//1777
f 1779//1779 1872//1872 1876//1876
f 1871//1871 1775//1775 1874//1874
f 1874//1874 1775//1775 1873//1873
f 1677//1677 1575//1575 1990//1990
f 1783//1783 1779//1779 1876//1876
f 2119//2119 1871//1871 1874//1874
f 1873//1873 1871//1871 2119//2119
f 1777//1777 1780//1780 1683//1683
f 1987//1987 1777//1777 1683//1683
f 1874//1874 1873//1873 1875//1875
f 2119//2119 1875//1875 1873//1873
f 1877//1877 1575//1575 1583//1583
f 1877//1877 1990//1990 1575//1575
f 1987//1987 1683//1683 1785//1785
f 1782//1782 1784//1784 1781//1781
f 2244//2244 1877//1877 1786//1786
f 1781//1781 1784//1784 1684//1684
f 1782//1782 1879//1879 1883//1883
f 1588//1588 1993//1993 1994//1994
f 2244//2244 1786//1786 1882//1882
f 1786//1786 1886//1886 1882//1882
f 1878//1878 1787//1787 1783//1783
f 1784//1784 1782//1782 1883//1883
f 1684//1684 1784//1784 1881//1881
f 1787//1787 1880//1880 1685//1685
f 1880//1880 1787//1787 1878//1878
f 1884//1884 1785//1785 1687//1687
f 1879//1879 1688//1688 1883//1883
f 1885//1885 1883//1883 1790//1790
f 1883//1883 1688//1688 1790//1790
f 1790//1790 1788//1788 1885//1885
f 1788//1788 1887//1887 1885//1885
f 1884//1884 1687//1687 1801//1801
f 1502//1502 1588//1588 2133//2133
f 2004//2004 1887//1887 1690//1690
f 1789//1789 1794//1794 1791//1791
f 1795//1795 1884//1884 1801//1801
f 1593//1593 1792//1792 1891//1891
f 1593//1593 1891//1891 1693//1693
f 1791//1791 1794//1794 1793//1793
f 1795//1795 1801//1801 1798//1798
f 1891//1891 1792//1792 2006//2006
f 1894//1894 1694//1694 1897//1897
f 1897//1897 1793//1793 1794//1794
f 1697//1697 1895//1895 1792//1792
f 1890//1890 1797//1797 1698//1698
f 1893//1893 1797//1797 1890//1890
f 1902//1902 1795//1795 1799//1799
f 1799//1799 1795//1795 1798//1798
f 1900//1900 1797//1797 1893//1893
f 1797//1797 2013//2013 1700//1700
f 1899//1899 2013//2013 1797//1797
f 1898//1898 1892//1892 1800//1800
f 1796//1796 1901//1901 2008//2008
f 1796//1796 2013//2013 1901//1901
f 1900//1900 1899//1899 1797//1797
f 2600//2600 2019//2019 2476//2476
f 1802//1802 1898//1898 1800//1800
f 1802//1802 1804//1804 1898//1898
f 1902//1902 1799//1799 1805//1805
f 1805//1805 1799//1799 1798//1798
f 1898//1898 1804//1804 2256//2256
f 2256//2256 1804//1804 1903//1903
f 1805//1805 1798//1798 1702//1702
f 1805//1805 1702//1702 1806//1806
f 1806//1806 1702//1702 1807//1807
f 1908//1908 1599//1599 1601//1601
f 1806//1806 1807//1807 1909//1909
f 1908//1908 1907//1907 1808//1808
f 1907//1907 1910//1910 1706//1706
f 1807//1807 1706//1706 1910//1910
f 1909//1909 1807//1807 2156//2156
f 1707//1707 1907//1907 1906//1906
f 1910//1910 2156//2156 1807//1807
f 1906//1906 1809//1809 1707//1707
f 1809//1809 1810//1810 1709//1709
f 1404//1404 1911//1911 1602//1602
f 1709//1709 1913//1913 1606//1606
f 1810//1810 1913//1913 1709//1709
f 1811//1811 1915//1915 2158//2158
f 1517//1517 1912//1912 1914//1914
f 1710//1710 1816//1816 1413//1413
f 1912//1912 1605//1605 1916//1916
f 1913//1913 2027//2027 1607//1607
f 1813//1813 1812//1812 2029//2029
f 1812//1812 2026//2026 2029//2029
f 1916//1916 1711//1711 1813//1813
f 2027//2027 1918//1918 1607//1607
f 1916//1916 1813//1813 2033//2033
f 1607//1607 1918//1918 1609//1609
f 1917//1917 2026//2026 1713//1713
f 1918//1918 1920//1920 1609//1609
f 1413//1413 1816//1816 2171//2171
f 1917//1917 1714//1714 2037//2037
f 1917//1917 1713//1713 1714//1714
f 1920//1920 1817//1817 1712//1712
f 2037//2037 1819//1819 2272//2272
f 1714//1714 1819//1819 2037//2037
f 1617//1617 1819//1819 1714//1714
f 1613//1613 1817//1817 1921//1921
f 2046//2046 1715//1715 2395//2395
f 2272//2272 1819//1819 1717//1717
f 1717//1717 1925//1925 2272//2272
f 1622//1622 2177//2177 1919//1919
f 1717//1717 1618//1618 1928//1928
f 1927//1927 2044//2044 1718//1718
f 1718//1718 2044//2044 1821//1821
f 1715//1715 2043//2043 1822//1822
f 2171//2171 2186//2186 1534//1534
f 1928//1928 1722//1722 1929//1929
f 2184//2184 1821//1821 2044//2044
f 2050//2050 1622//1622 1723//1723
f 2048//2048 2047//2047 2181//2181
f 1727//1727 2051//2051 2047//2047
f 1725//1725 2048//2048 1823//1823
f 1725//1725 1823//1823 1728//1728
f 1723//1723 1822//1822 2053//2053
f 2185//2185 1723//1723 2054//2054
f 2051//2051 1726//1726 2052//2052
f 1726//1726 1932//1932 2052//2052
f 1728//1728 1823//1823 1930//1930
f 1726//1726 1730//1730 1932//1932
f 1728//1728 1930//1930 1824//1824
f 1728//1728 1824//1824 1729//1729
f 1824//1824 1930//1930 1933//1933
f 2058//2058 2400//2400 1623//1623
f 1730//1730 1933//1933 2056//2056
f 1730//1730 1825//1825 1933//1933
f 1623//1623 1732//1732 2058//2058
f 1931//1931 1936//1936 1935//1935
f 1827//1827 1829//1829 1828//1828
f 1737//1737 1829//1829 1827//1827
f 1732//1732 1736//1736 2058//2058
f 1830//1830 1936//1936 1735//1735
f 1830//1830 1735//1735 1634//1634
f 1938//1938 1939//1939 1737//1737
f 1738//1738 1937//1937 2294//2294
f 1832//1832 1830//1830 1634//1634
f 1636//1636 1737//1737 1939//1939
f 1833//1833 1830//1830 1832//1832
f 2062//2062 1831//1831 1940//1940
f 1738//1738 2192//2192 1641//1641
f 1640//1640 1636//1636 1941//1941
f 2069//2069 1636//1636 1939//1939
f 2066//2066 2299//2299 1940//1940
f 1836//1836 1833//1833 1832//1832
f 2069//2069 1941//1941 1636//1636
f 1833//1833 1836//1836 2065//2065
f 1943//1943 1944//1944 1945//1945
f 1838//1838 1839//1839 1947//1947
f 2535//2535 2074//2074 1548//1548
f 1839//1839 1741//1741 1949//1949
f 1947//1947 1948//1948 1838//1838
f 1948//1948 1841//1841 1838//1838
f 1846//1846 1841//1841 1948//1948
f 1460//1460 2074//2074 1751//1751
f 1953//1953 1950//1950 1842//1842
f 1952//1952 1844//1844 1954//1954
f 1845//1845 1844//1844 1843//1843
f 1742//1742 1953//1953 1743//1743
f 1842//1842 1743//1743 1953//1953
f 1848//1848 1959//1959 1742//1742
f 1655//1655 1552//1552 1847//1847
f 1846//1846 1955//1955 1552//1552
f 1849//1849 1654//1654 1845//1845
f 1853//1853 1854//1854 1850//1850
f 1847//1847 2086//2086 1746//1746
f 2086//2086 1747//1747 1746//1746
f 1851//1851 1654//1654 1849//1849
f 1850//1850 1854//1854 1852//1852
f 2086//2086 1960//1960 1747//1747
f 1747//1747 1960//1960 1855//1855
f 1754//1754 1654//1654 1851//1851
f 1853//1853 1857//1857 1854//1854
f 1848//1848 1858//1858 1962//1962
f 1749//1749 1752//1752 1858//1858
f 1749//1749 1858//1858 1848//1848
f 1748//1748 1970//1970 1961//1961
f 1854//1854 1965//1965 1852//1852
f 1752//1752 1855//1855 1966//1966
f 1960//1960 1966//1966 1855//1855
f 1752//1752 1969//1969 1858//1858
f 1851//1851 1756//1756 1754//1754
f 1854//1854 1857//1857 1965//1965
f 1858//1858 1969//1969 1968//1968
f 1966//1966 1969//1969 1752//1752
f 1756//1756 1851//1851 1757//1757
f 2099//2099 1473//1473 1859//1859
f 2217//2217 1973//1973 1473//1473
f 1559//1559 2334//2334 2448//2448
f 1761//1761 2448//2448 2220//2220
f 1761//1761 2220//2220 1862//1862
f 1560//1560 1665//1665 1977//1977
f 2340//2340 1864//1864 2338//2338
f 2338//2338 1864//1864 1563//1563
f 2221//2221 1762//1762 1978//1978
f 2105//2105 1762//1762 2221//2221
f 1979//1979 1864//1864 2340//2340
f 1763//1763 1865//1865 2106//2106
f 1128//1128 2107//2107 1347//1347
f 1982//1982 1567//1567 2110//2110
f 1982//1982 1867//1867 1765//1765
f 1768//1768 1869//1869 2115//2115
f 1984//1984 1869//1869 1769//1769
f 1986//1986 1984//1984 1769//1769
f 2225//2225 1870//1870 1673//1673
f 1774//1774 1987//1987 2227//2227
f 1677//1677 1876//1876 1872//1872
f 1990//1990 1876//1876 1677//1677
f 1876//1876 1990//1990 1992//1992
f 2123//2123 1876//1876 1992//1992
f 1876//1876 2123//2123 1783//1783
f 1874//1874 1875//1875 2122//2122
f 1991//1991 1875//1875 2119//2119
f 2128//2128 1988//1988 1987//1987
f 1785//1785 2128//2128 1987//1987
f 1878//1878 1783//1783 2123//2123
f 1875//1875 2127//2127 2122//2122
f 1875//1875 2125//2125 2127//2127
f 2129//2129 1878//1878 2123//2123
f 1884//1884 2128//2128 1785//1785
f 1784//1784 1883//1883 1996//1996
f 1996//1996 1881//1881 1784//1784
f 2128//2128 1884//1884 1888//1888
f 1998//1998 2127//2127 1995//1995
f 2137//2137 1878//1878 2129//2129
f 1885//1885 1996//1996 1883//1883
f 2133//2133 1588//1588 1994//1994
f 1880//1880 1878//1878 2137//2137
f 1999//1999 1996//1996 1885//1885
f 1997//1997 1881//1881 1996//1996
f 1881//1881 1997//1997 1789//1789
f 1888//1888 1884//1884 1795//1795
f 1502//1502 2133//2133 1594//1594
f 2001//2001 1882//1882 1886//1886
f 1889//1889 1995//1995 2000//2000
f 1889//1889 1998//1998 1995//1995
f 1886//1886 2007//2007 2001//2001
f 1789//1789 1997//1997 1794//1794
f 1889//1889 2363//2363 1998//1998
f 1890//1890 1693//1693 2134//2134
f 1892//1892 1889//1889 2000//2000
f 2003//2003 1890//1890 2134//2134
f 1792//1792 1895//1895 2006//2006
f 1893//1893 1890//1890 2003//2003
f 1902//1902 1888//1888 1795//1795
f 2007//2007 1893//1893 2003//2003
f 2005//2005 1897//1897 1794//1794
f 2020//2020 1888//1888 1902//1902
f 2008//2008 1895//1895 1697//1697
f 1796//1796 2008//2008 1697//1697
f 1894//1894 1897//1897 1896//1896
f 2009//2009 2136//2136 1892//1892
f 2018//2018 1896//1896 1897//1897
f 2018//2018 1897//1897 2005//2005
f 1898//1898 2009//2009 1892//1892
f 2013//2013 1899//1899 2017//2017
f 1893//1893 2012//2012 1900//1900
f 2020//2020 1902//1902 1805//1805
f 2009//2009 1898//1898 2256//2256
f 1805//1805 2257//2257 2020//2020
f 1803//1803 2150//2150 1703//1703
f 1600//1600 1703//1703 1905//1905
f 1806//1806 2257//2257 1805//1805
f 1905//1905 1703//1703 2151//2151
f 1903//1903 1904//1904 2021//2021
f 2153//2153 1903//1903 2021//2021
f 1601//1601 1905//1905 1906//1906
f 1909//1909 2384//2384 1806//1806
f 1908//1908 1601//1601 1906//1906
f 2021//2021 1602//1602 2023//2023
f 1904//1904 1602//1602 2021//2021
f 1906//1906 2260//2260 1809//1809
f 1907//1907 1908//1908 1906//1906
f 1603//1603 2022//2022 1910//1910
f 1911//1911 2023//2023 1602//1602
f 2156//2156 1910//1910 2022//2022
f 2022//2022 1811//1811 2156//2156
f 2161//2161 1913//1913 1810//1810
f 1913//1913 2161//2161 2027//2027
f 1915//1915 2165//2165 2158//2158
f 2030//2030 1912//1912 1916//1916
f 2033//2033 2030//2030 1916//1916
f 1813//1813 2029//2029 2031//2031
f 2026//2026 1917//1917 2028//2028
f 2031//2031 2033//2033 1813//1813
f 2037//2037 2034//2034 1917//1917
f 1920//1920 1918//1918 2032//2032
f 1920//1920 2032//2032 1817//1817
f 1818//1818 2501//2501 2175//2175
f 1922//1922 1924//1924 1923//1923
f 2041//2041 1820//1820 1922//1922
f 1921//1921 1923//1923 1924//1924
f 1921//1921 1924//1924 1613//1613
f 2393//2393 1425//1425 1183//1183
f 2042//2042 2041//2041 2045//2045
f 2393//2393 1183//1183 1535//1535
f 2182//2182 1925//1925 1717//1717
f 1926//1926 1820//1820 2041//2041
f 2046//2046 2043//2043 1715//1715
f 1927//1927 2045//2045 2044//2044
f 2042//2042 2045//2045 1927//1927
f 2041//2041 2042//2042 1926//1926
f 1622//1622 2050//2050 2177//2177
f 1928//1928 2182//2182 1717//1717
f 1928//1928 1929//1929 2183//2183
f 1723//1723 2185//2185 2050//2050
f 2053//2053 1822//1822 2043//2043
f 2053//2053 2054//2054 1723//1723
f 1930//1930 2188//2188 1933//1933
f 1932//1932 1730//1730 2056//2056
f 1826//1826 1934//1934 1931//1931
f 1935//1935 1936//1936 2059//2059
f 1827//1827 2057//2057 1737//1737
f 1830//1830 2059//2059 1936//1936
f 1938//1938 1737//1737 2057//2057
f 1937//1937 1831//1831 2060//2060
f 1937//1937 2060//2060 2294//2294
f 1736//1736 1637//1637 2411//2411
f 2064//2064 1830//1830 1833//1833
f 2064//2064 2059//2059 1830//1830
f 2294//2294 2192//2192 1738//1738
f 2061//2061 2069//2069 1939//1939
f 2062//2062 1940//1940 2299//2299
f 2299//2299 2066//2066 2413//2413
f 2066//2066 2192//2192 2413//2413
f 2300//2300 1637//1637 1834//1834
f 1943//1943 2063//2063 2070//2070
f 2063//2063 1942//1942 2070//2070
f 2065//2065 1836//1836 2194//2194
f 2071//2071 1942//1942 2067//2067
f 1836//1836 2302//2302 2194//2194
f 1836//1836 1835//1835 2302//2302
f 2070//2070 1944//1944 1943//1943
f 1942//1942 2071//2071 2070//2070
f 1943//1943 1945//1945 2197//2197
f 2070//2070 2196//2196 1944//1944
f 2308//2308 1944//1944 2196//2196
f 2072//2072 1947//1947 1946//1946
f 2308//2308 1945//1945 1944//1944
f 1946//1946 1839//1839 1949//1949
f 1947//1947 1839//1839 1946//1946
f 2072//2072 2199//2199 1947//1947
f 1947//1947 2199//2199 1948//1948
f 1950//1950 2073//2073 1949//1949
f 1950//1950 1949//1949 1741//1741
f 2077//2077 1846//1846 1948//1948
f 1740//1740 1840//1840 2083//2083
f 2075//2075 1950//1950 1953//1953
f 1853//1853 1951//1951 2080//2080
f 1843//1843 2202//2202 1845//1845
f 1951//1951 1853//1853 1850//1850
f 1742//1742 1959//1959 1953//1953
f 2077//2077 2078//2078 1846//1846
f 2078//2078 1955//1955 1846//1846
f 1845//1845 2202//2202 1849//1849
f 1953//1953 1959//1959 2081//2081
f 1847//1847 1955//1955 2086//2086
f 2081//2081 1959//1959 2084//2084
f 1955//1955 1847//1847 1552//1552
f 1954//1954 1656//1656 1856//1856
f 1757//1757 2087//2087 1856//1856
f 1957//1957 1850//1850 1852//1852
f 1962//1962 1959//1959 1848//1848
f 1962//1962 2084//2084 1959//1959
f 2086//2086 2085//2085 1960//1960
f 1852//1852 1965//1965 2090//2090
f 2085//2085 2089//2089 1960//1960
f 1962//1962 1858//1858 2091//2091
f 1960//1960 2089//2089 1966//1966
f 1851//1851 2087//2087 1757//1757
f 2093//2093 1963//1963 1961//1961
f 1858//1858 1968//1968 2091//2091
f 1958//1958 2093//2093 1967//1967
f 1963//1963 2093//2093 1958//1958
f 2091//2091 1968//1968 2096//2096
f 1966//1966 2089//2089 1969//1969
f 1961//1961 1970//1970 2095//2095
f 1956//1956 1554//1554 2094//2094
f 1968//1968 1969//1969 1971//1971
f 1967//1967 2093//2093 2098//2098
f 1971//1971 2096//2096 1968//1968
f 2097//2097 2095//2095 1970//1970
f 1657//1657 1967//1967 2098//2098
f 2098//2098 2097//2097 1657//1657
f 1758//1758 2103//2103 2094//2094
f 2094//2094 2103//2103 2444//2444
f 2100//2100 1972//1972 2101//2101
f 1473//1473 2099//2099 2217//2217
f 1759//1759 1860//1860 1974//1974
f 1860//1860 1861//1861 1974//1974
f 2334//2334 1663//1663 2446//2446
f 1861//1861 1976//1976 1974//1974
f 1977//1977 1665//1665 2449//2449
f 2449//2449 1665//1665 1863//1863
f 1979//1979 2340//2340 2341//2341
f 2221//2221 1978//1978 2108//2108
f 1234//1234 1347//1347 1865//1865
f 2341//2341 2556//2556 1564//1564
f 2222//2222 1866//1866 2344//2344
f 2344//2344 1866//1866 1763//1763
f 2106//2106 2344//2344 1763//1763
f 2343//2343 1865//1865 1347//1347
f 1347//1347 2107//2107 2343//2343
f 2556//2556 2682//2682 1564//1564
f 2222//2222 1981//1981 1866//1866
f 1981//1981 2110//2110 1567//1567
f 2222//2222 2110//2110 1981//1981
f 2113//2113 2111//2111 1980//1980
f 1480//1480 2113//2113 1980//1980
f 1480//1480 1868//1868 2113//2113
f 1982//1982 2112//2112 1867//1867
f 2113//2113 1868//1868 2115//2115
f 2561//2561 1767//1767 1766//1766
f 1983//1983 2115//2115 1869//1869
f 2116//2116 1983//1983 1869//1869
f 2116//2116 1869//1869 2117//2117
f 1869//1869 1984//1984 2117//2117
f 2225//2225 1673//1673 1985//1985
f 1870//1870 2226//2226 1778//1778
f 1986//1986 1774//1774 2227//2227
f 2226//2226 2353//2353 1778//1778
f 2227//2227 1987//1987 1988//1988
f 2228//2228 2227//2227 1988//1988
f 2353//2353 1989//1989 1993//1993
f 1778//1778 2353//2353 1993//1993
f 2119//2119 1874//1874 2122//2122
f 2124//2124 1988//1988 2128//2128
f 2122//2122 2237//2237 2119//2119
f 1991//1991 2125//2125 1875//1875
f 1990//1990 1877//1877 1992//1992
f 1877//1877 2244//2244 1992//1992
f 2127//2127 2125//2125 1995//1995
f 1888//1888 2130//2130 2128//2128
f 2366//2366 2137//2137 2129//2129
f 2001//2001 2244//2244 1882//1882
f 1887//1887 2002//2002 1885//1885
f 2002//2002 1999//1999 1885//1885
f 2132//2132 2130//2130 1888//1888
f 2137//2137 1886//1886 1880//1880
f 2137//2137 2007//2007 1886//1886
f 1996//1996 1999//1999 1997//1997
f 1887//1887 2004//2004 2002//2002
f 1997//1997 1999//1999 1794//1794
f 2243//2243 2144//2144 1995//1995
f 2144//2144 2000//2000 1995//1995
f 1891//1891 2134//2134 1693//1693
f 2004//2004 2135//2135 2002//2002
f 2136//2136 2363//2363 1889//1889
f 1889//1889 1892//1892 2136//2136
f 2003//2003 2001//2001 2007//2007
f 1999//1999 2005//2005 1794//1794
f 2138//2138 1891//1891 2006//2006
f 2004//2004 1894//1894 2135//2135
f 1895//1895 2010//2010 2006//2006
f 2000//2000 2144//2144 1892//1892
f 1894//1894 2142//2142 2135//2135
f 1888//1888 2020//2020 2143//2143
f 2143//2143 2132//2132 1888//1888
f 2014//2014 1893//1893 2007//2007
f 1892//1892 2144//2144 1800//1800
f 1895//1895 2011//2011 2010//2010
f 1895//1895 2008//2008 2011//2011
f 2145//2145 2141//2141 1901//1901
f 1894//1894 1896//1896 2142//2142
f 2005//2005 2253//2253 2018//2018
f 2016//2016 1800//1800 2144//2144
f 2014//2014 2012//2012 1893//1893
f 2142//2142 1896//1896 2015//2015
f 2145//2145 1901//1901 2013//2013
f 1800//1800 2016//2016 1802//1802
f 2017//2017 2145//2145 2013//2013
f 1899//1899 1900//1900 2012//2012
f 1899//1899 2012//2012 2146//2146
f 2144//2144 2148//2148 2016//2016
f 2019//2019 2600//2600 2487//2487
f 1899//1899 2146//2146 2017//2017
f 1803//1803 1802//1802 2016//2016
f 2012//2012 2147//2147 2146//2146
f 1896//1896 2014//2014 2015//2015
f 1803//1803 2016//2016 2148//2148
f 1803//1803 2148//2148 2150//2150
f 1703//1703 2150//2150 2151//2151
f 2384//2384 2257//2257 1806//1806
f 1905//1905 2260//2260 1906//1906
f 2260//2260 2262//2262 1809//1809
f 1275//1275 2487//2487 1710//1710
f 2154//2154 2153//2153 2021//2021
f 2154//2154 2021//2021 2023//2023
f 2262//2262 2155//2155 1810//1810
f 2262//2262 1810//1810 1809//1809
f 2155//2155 2161//2161 1810//1810
f 2156//2156 1811//1811 2158//2158
f 2023//2023 1911//1911 2024//2024
f 2024//2024 2160//2160 2023//2023
f 2167//2167 2024//2024 1911//1911
f 1911//1911 1914//1914 2167//2167
f 2027//2027 2161//2161 2162//2162
f 2163//2163 1917//1917 2387//2387
f 1914//1914 1912//1912 2025//2025
f 2025//2025 2167//2167 1914//1914
f 2162//2162 2170//2170 2027//2027
f 2165//2165 1915//1915 1815//1815
f 1917//1917 2166//2166 2028//2028
f 2166//2166 2169//2169 2028//2028
f 2030//2030 2025//2025 1912//1912
f 1917//1917 2034//2034 2387//2387
f 2026//2026 2028//2028 2169//2169
f 2169//2169 2029//2029 2026//2026
f 2027//2027 2170//2170 1918//1918
f 2170//2170 2032//2032 1918//1918
f 2025//2025 2030//2030 2039//2039
f 2031//2031 2173//2173 2035//2035
f 2033//2033 2031//2031 2035//2035
f 2033//2033 2035//2035 2036//2036
f 2033//2033 2036//2036 2030//2030
f 2039//2039 2030//2030 2036//2036
f 2032//2032 2040//2040 1817//1817
f 2036//2036 2035//2035 2038//2038
f 2039//2039 1922//1922 1923//1923
f 2176//2176 2038//2038 2035//2035
f 1923//1923 1921//1921 2040//2040
f 2039//2039 2036//2036 1922//1922
f 2036//2036 2038//2038 2041//2041
f 1922//1922 2036//2036 2041//2041
f 1817//1817 2040//2040 1921//1921
f 2046//2046 2395//2395 2277//2277
f 2041//2041 2038//2038 2045//2045
f 2393//2393 1535//1535 2280//2280
f 2047//2047 2178//2178 2181//2181
f 2043//2043 2046//2046 2282//2282
f 2183//2183 2182//2182 1928//1928
f 2184//2184 2044//2044 2180//2180
f 2281//2281 2048//2048 2181//2181
f 2183//2183 1929//1929 1821//1821
f 2051//2051 2052//2052 2049//2049
f 2281//2281 1823//1823 2048//2048
f 2184//2184 2187//2187 2183//2183
f 1821//1821 2184//2184 2183//2183
f 1930//1930 1823//1823 2281//2281
f 2187//2187 2288//2288 2183//2183
f 2510//2510 2043//2043 2282//2282
f 2286//2286 2052//2052 1932//1932
f 2510//2510 2053//2053 2043//2043
f 2286//2286 1932//1932 2055//2055
f 2056//2056 1933//1933 2188//2188
f 2055//2055 1932//1932 2056//2056
f 2406//2406 2054//2054 2053//2053
f 1828//1828 1826//1826 2189//2189
f 1827//1827 2189//2189 2057//2057
f 2515//2515 2058//2058 2644//2644
f 2058//2058 1736//1736 2644//2644
f 2644//2644 1736//1736 2411//2411
f 1831//1831 2062//2062 2060//2060
f 2064//2064 2293//2293 2059//2059
f 1938//1938 2061//2061 1939//1939
f 2298//2298 2191//2191 2063//2063
f 2064//2064 1942//1942 2063//2063
f 2064//2064 1833//1833 2067//2067
f 1833//1833 2065//2065 2067//2067
f 2411//2411 1637//1637 2300//2300
f 2297//2297 2769//2769 1837//1837
f 1943//1943 2195//2195 2298//2298
f 2298//2298 2063//2063 1943//1943
f 2064//2064 2067//2067 1942//1942
f 2069//2069 2061//2061 2193//2193
f 2071//2071 2067//2067 2068//2068
f 2065//2065 2068//2068 2067//2067
f 2068//2068 2065//2065 2194//2194
f 2302//2302 1941//1941 1946//1946
f 1946//1946 1941//1941 2069//2069
f 1943//1943 2197//2197 2195//2195
f 2069//2069 2072//2072 1946//1946
f 2071//2071 2196//2196 2070//2070
f 2069//2069 2199//2199 2072//2072
f 2308//2308 2197//2197 1945//1945
f 1946//1946 1949//1949 2527//2527
f 2300//2300 1834//1834 1740//1740
f 2311//2311 1948//1948 2199//2199
f 1950//1950 2075//2075 2073//2073
f 1948//1948 2313//2313 2077//2077
f 2311//2311 2313//2313 1948//1948
f 1843//1843 1952//1952 2200//2200
f 2314//2314 2073//2073 2075//2075
f 1843//1843 1844//1844 1952//1952
f 1843//1843 2198//2198 2202//2202
f 2312//2312 2080//2080 1951//1951
f 2314//2314 2075//2075 2204//2204
f 1951//1951 1850//1850 2203//2203
f 1953//1953 2081//2081 2075//2075
f 2204//2204 2075//2075 2082//2082
f 1955//1955 2078//2078 2204//2204
f 2436//2436 1849//1849 2202//2202
f 2203//2203 1850//1850 2079//2079
f 2205//2205 2080//2080 2312//2312
f 2082//2082 2075//2075 2081//2081
f 1955//1955 2204//2204 2082//2082
f 1952//1952 1954//1954 2076//2076
f 1850//1850 1957//1957 2079//2079
f 1955//1955 2082//2082 2086//2086
f 1954//1954 1856//1856 2076//2076
f 2087//2087 2076//2076 1856//1856
f 1853//1853 2080//2080 2207//2207
f 2207//2207 2080//2080 2205//2205
f 2082//2082 2081//2081 2085//2085
f 2086//2086 2082//2082 2085//2085
f 2207//2207 2209//2209 1853//1853
f 2318//2318 2087//2087 2206//2206
f 1849//1849 2206//2206 1851//1851
f 2081//2081 2084//2084 2085//2085
f 2206//2206 2087//2087 1851//1851
f 1957//1957 1852//1852 2090//2090
f 2090//2090 2208//2208 1957//1957
f 1853//1853 2209//2209 1857//1857
f 2091//2091 2088//2088 1962//1962
f 2085//2085 2084//2084 2089//2089
f 2088//2088 2091//2091 2210//2210
f 1962//1962 2092//2092 2084//2084
f 2209//2209 2090//2090 1965//1965
f 2089//2089 2084//2084 2092//2092
f 1857//1857 2209//2209 1965//1965
f 2096//2096 2210//2210 2091//2091
f 2089//2089 2092//2092 1969//1969
f 2095//2095 2093//2093 1961//1961
f 2211//2211 1971//1971 2092//2092
f 1969//1969 2092//2092 1971//1971
f 2098//2098 2093//2093 2095//2095
f 2210//2210 2096//2096 2211//2211
f 2098//2098 2095//2095 2097//2097
f 1971//1971 2211//2211 2096//2096
f 2443//2443 2099//2099 1859//1859
f 2213//2213 2319//2319 2100//2100
f 2100//2100 2319//2319 2215//2215
f 2100//2100 2101//2101 2213//2213
f 2101//2101 1972//1972 2326//2326
f 2216//2216 2100//2100 2215//2215
f 2100//2100 2216//2216 1972//1972
f 1972//1972 2102//2102 2326//2326
f 2216//2216 2102//2102 1972//1972
f 2104//2104 2218//2218 2103//2103
f 2104//2104 1759//1759 2218//2218
f 2218//2218 1759//1759 1974//1974
f 2332//2332 1973//1973 2548//2548
f 2331//2331 1974//1974 1976//1976
f 2333//2333 1976//1976 1975//1975
f 2333//2333 1975//1975 1977//1977
f 2220//2220 2448//2448 2335//2335
f 1863//1863 1862//1862 2449//2449
f 2336//2336 2338//2338 1762//1762
f 2339//2339 2105//2105 2221//2221
f 2108//2108 2451//2451 2221//2221
f 1865//1865 2342//2342 2106//2106
f 2108//2108 2109//2109 2451//2451
f 2109//2109 2345//2345 2451//2451
f 1980//1980 2111//2111 2109//2109
f 2115//2115 2114//2114 2113//2113
f 2114//2114 2115//2115 1983//1983
f 2116//2116 2114//2114 1983//1983
f 1767//1767 2348//2348 2223//2223
f 2224//2224 2116//2116 2117//2117
f 2117//2117 1984//1984 2118//2118
f 2224//2224 2117//2117 2118//2118
f 2118//2118 1984//1984 1986//1986
f 2225//2225 2226//2226 1870//1870
f 2228//2228 1988//1988 2124//2124
f 1991//1991 2119//2119 2120//2120
f 2232//2232 1991//1991 2120//2120
f 2229//2229 2239//2239 2121//2121
f 2240//2240 2125//2125 1991//1991
f 2238//2238 2121//2121 2239//2239
f 2233//2233 2124//2124 2242//2242
f 2123//2123 1992//1992 2126//2126
f 2357//2357 2470//2470 2122//2122
f 2128//2128 2130//2130 2124//2124
f 2242//2242 2124//2124 2130//2130
f 2127//2127 2357//2357 2122//2122
f 2242//2242 2131//2131 2236//2236
f 2123//2123 2126//2126 2364//2364
f 2123//2123 2364//2364 2129//2129
f 2363//2363 2357//2357 2127//2127
f 2363//2363 2127//2127 1998//1998
f 2244//2244 2126//2126 1992//1992
f 2242//2242 2130//2130 2131//2131
f 2131//2131 2130//2130 2132//2132
f 2243//2243 1995//1995 2125//2125
f 1999//1999 2002//2002 2248//2248
f 2248//2248 2002//2002 2247//2247
f 1594//1594 2133//2133 2476//2476
f 2474//2474 2363//2363 2136//2136
f 2132//2132 2143//2143 2246//2246
f 2003//2003 2250//2250 2001//2001
f 2247//2247 2002//2002 2135//2135
f 2138//2138 2134//2134 1891//1891
f 2139//2139 2137//2137 2366//2366
f 2010//2010 2140//2140 2006//2006
f 2134//2134 2138//2138 2249//2249
f 1999//1999 2248//2248 2005//2005
f 2006//2006 2141//2141 2138//2138
f 2137//2137 2139//2139 2007//2007
f 2369//2369 2139//2139 2368//2368
f 2140//2140 2010//2010 2011//2011
f 2141//2141 2006//2006 2140//2140
f 2138//2138 2141//2141 2145//2145
f 2251//2251 2138//2138 2145//2145
f 2014//2014 2007//2007 2139//2139
f 2369//2369 2135//2135 2142//2142
f 2253//2253 2005//2005 2248//2248
f 2141//2141 2140//2140 1901//1901
f 2369//2369 2015//2015 2139//2139
f 2015//2015 2014//2014 2139//2139
f 2142//2142 2015//2015 2369//2369
f 2008//2008 1901//1901 2140//2140
f 2143//2143 2252//2252 2246//2246
f 2140//2140 2011//2011 2008//2008
f 2254//2254 2251//2251 2017//2017
f 2017//2017 2251//2251 2145//2145
f 2375//2375 2018//2018 2253//2253
f 2252//2252 2143//2143 2020//2020
f 2146//2146 2254//2254 2017//2017
f 2018//2018 2255//2255 1896//1896
f 2375//2375 2255//2255 2018//2018
f 2149//2149 2012//2012 2014//2014
f 2255//2255 2149//2149 2014//2014
f 1896//1896 2255//2255 2014//2014
f 2252//2252 2020//2020 2257//2257
f 2149//2149 2255//2255 2381//2381
f 2382//2382 2381//2381 2255//2255
f 2259//2259 2382//2382 2255//2255
f 2150//2150 2148//2148 2151//2151
f 1903//1903 2153//2153 2261//2261
f 2261//2261 2256//2256 1903//1903
f 2151//2151 2152//2152 1905//1905
f 1905//1905 2152//2152 2260//2260
f 2377//2377 2257//2257 2384//2384
f 2261//2261 2153//2153 2154//2154
f 2261//2261 2154//2154 2157//2157
f 2263//2263 2261//2261 2157//2157
f 2489//2489 2155//2155 2262//2262
f 2487//2487 2734//2734 1710//1710
f 2157//2157 2154//2154 2160//2160
f 2160//2160 2154//2154 2023//2023
f 2263//2263 2157//2157 2159//2159
f 2156//2156 2383//2383 1909//1909
f 2158//2158 2383//2383 2156//2156
f 2155//2155 2159//2159 2161//2161
f 2157//2157 2160//2160 2168//2168
f 2159//2159 2157//2157 2168//2168
f 2161//2161 2159//2159 2162//2162
f 2386//2386 2166//2166 2163//2163
f 2162//2162 2159//2159 2168//2168
f 2158//2158 2165//2165 2496//2496
f 2160//2160 2024//2024 2168//2168
f 2170//2170 2162//2162 2168//2168
f 1917//1917 2163//2163 2166//2166
f 2168//2168 2024//2024 2164//2164
f 2164//2164 2024//2024 2167//2167
f 1816//1816 2264//2264 2171//2171
f 2165//2165 1815//1815 2265//2265
f 2034//2034 2266//2266 2387//2387
f 2170//2170 2168//2168 2164//2164
f 2031//2031 2029//2029 2169//2169
f 2039//2039 2174//2174 2025//2025
f 2032//2032 2170//2170 2164//2164
f 2266//2266 2034//2034 2172//2172
f 2031//2031 2169//2169 2173//2173
f 2167//2167 2025//2025 2174//2174
f 2164//2164 2167//2167 2174//2174
f 2032//2032 2164//2164 2040//2040
f 2172//2172 2034//2034 2037//2037
f 2164//2164 2174//2174 2040//2040
f 2172//2172 2037//2037 2272//2272
f 1923//1923 2174//2174 2039//2039
f 2040//2040 2174//2174 1923//1923
f 2272//2272 2391//2391 2172//2172
f 2035//2035 2173//2173 2176//2176
f 2271//2271 2269//2269 2270//2270
f 2175//2175 2502//2502 2395//2395
f 1925//1925 2279//2279 2272//2272
f 2038//2038 2176//2176 2045//2045
f 2271//2271 2278//2278 2179//2179
f 2283//2283 2045//2045 2176//2176
f 2046//2046 2277//2277 2282//2282
f 2178//2178 2047//2047 2278//2278
f 2181//2181 2178//2178 2281//2281
f 2044//2044 2045//2045 2283//2283
f 2396//2396 2179//2179 2049//2049
f 2047//2047 2051//2051 2179//2179
f 2047//2047 2179//2179 2278//2278
f 2283//2283 2180//2180 2044//2044
f 2182//2182 2279//2279 1925//1925
f 2051//2051 2049//2049 2179//2179
f 2182//2182 2288//2288 2279//2279
f 2182//2182 2183//2183 2288//2288
f 2052//2052 2286//2286 2049//2049
f 2285//2285 2188//2188 1930//1930
f 2281//2281 2285//2285 1930//1930
f 2289//2289 2187//2187 2184//2184
f 2185//2185 2054//2054 2398//2398
f 2056//2056 2188//2188 2287//2287
f 2290//2290 2288//2288 2187//2187
f 2633//2633 2190//2190 2186//2186
f 2055//2055 2513//2513 2286//2286
f 2400//2400 2058//2058 2515//2515
f 1931//1931 2403//2403 1826//1826
f 1935//1935 2403//2403 1931//1931
f 1828//1828 2189//2189 1827//1827
f 2633//2633 2765//2765 2190//2190
f 2292//2292 1938//1938 2057//2057
f 2410//2410 2190//2190 2765//2765
f 2059//2059 2408//2408 1935//1935
f 2060//2060 1938//1938 2292//2292
f 2293//2293 2408//2408 2059//2059
f 1938//1938 2060//2060 2062//2062
f 2294//2294 2295//2295 2192//2192
f 1938//1938 2062//2062 2061//2061
f 2064//2064 2063//2063 2191//2191
f 2293//2293 2064//2064 2191//2191
f 2062//2062 2299//2299 2061//2061
f 2195//2195 2415//2415 2298//2298
f 2061//2061 2303//2303 2193//2193
f 2299//2299 2303//2303 2061//2061
f 2068//2068 2194//2194 2420//2420
f 2194//2194 2302//2302 2420//2420
f 1946//1946 2527//2527 2302//2302
f 2068//2068 2304//2304 2071//2071
f 2197//2197 2427//2427 2195//2195
f 2071//2071 2304//2304 2196//2196
f 2527//2527 2073//2073 2307//2307
f 2199//2199 2069//2069 2193//2193
f 2197//2197 2308//2308 2427//2427
f 1949//1949 2073//2073 2527//2527
f 2300//2300 1740//1740 2426//2426
f 2307//2307 2073//2073 2309//2309
f 2193//2193 2311//2311 2199//2199
f 2200//2200 1952//1952 2310//2310
f 2198//2198 1843//1843 2200//2200
f 2314//2314 2309//2309 2073//2073
f 2202//2202 2198//2198 2201//2201
f 2434//2434 2426//2426 1740//1740
f 2083//2083 2434//2434 1740//1740
f 1951//1951 2203//2203 2430//2430
f 2312//2312 1951//1951 2430//2430
f 2436//2436 2202//2202 2201//2201
f 2077//2077 2313//2313 2078//2078
f 2310//2310 1952//1952 2076//2076
f 2203//2203 2079//2079 2433//2433
f 2078//2078 2314//2314 2204//2204
f 2435//2435 2310//2310 2076//2076
f 2079//2079 1957//1957 2316//2316
f 2074//2074 2999//2999 1751//1751
f 2999//2999 3005//3005 1751//1751
f 2318//2318 2076//2076 2087//2087
f 1849//1849 2436//2436 2206//2206
f 2316//2316 1957//1957 2208//2208
f 2317//2317 2208//2208 2207//2207
f 2205//2205 2317//2317 2207//2207
f 2209//2209 2207//2207 2208//2208
f 2083//2083 1956//1956 2438//2438
f 2208//2208 2090//2090 2209//2209
f 1962//1962 2088//2088 2092//2092
f 2438//2438 1956//1956 2094//2094
f 2210//2210 2211//2211 2088//2088
f 2092//2092 2088//2088 2211//2211
f 2444//2444 2540//2540 2094//2094
f 2443//2443 1859//1859 1964//1964
f 2321//2321 2319//2319 2213//2213
f 2214//2214 2319//2319 2320//2320
f 2212//2212 2214//2214 2320//2320
f 2212//2212 2325//2325 2214//2214
f 2214//2214 2215//2215 2319//2319
f 2213//2213 2101//2101 2322//2322
f 2101//2101 2326//2326 2322//2322
f 2215//2215 2214//2214 2324//2324
f 2329//2329 2324//2324 2214//2214
f 2325//2325 2329//2329 2214//2214
f 2323//2323 2216//2216 2215//2215
f 2326//2326 2216//2216 2327//2327
f 2676//2676 2217//2217 2099//2099
f 2216//2216 2326//2326 2102//2102
f 2328//2328 2218//2218 2330//2330
f 2328//2328 2103//2103 2218//2218
f 2548//2548 1973//1973 2217//2217
f 2218//2218 1974//1974 2331//2331
f 2332//2332 2447//2447 2446//2446
f 2681//2681 2338//2338 2336//2336
f 1762//1762 2105//2105 2336//2336
f 2105//2105 2337//2337 2336//2336
f 2105//2105 2339//2339 2337//2337
f 2340//2340 2896//2896 2341//2341
f 2339//2339 2221//2221 2451//2451
f 2107//2107 2452//2452 2343//2343
f 2684//2684 2107//2107 1564//1564
f 1564//1564 2682//2682 2684//2684
f 2453//2453 2222//2222 2344//2344
f 2109//2109 2111//2111 2345//2345
f 2111//2111 2113//2113 2114//2114
f 2346//2346 2111//2111 2114//2114
f 2346//2346 2114//2114 2116//2116
f 2790//2790 1766//1766 1867//1867
f 2346//2346 2116//2116 2455//2455
f 2561//2561 2348//2348 1767//1767
f 2116//2116 2224//2224 2455//2455
f 2224//2224 2347//2347 2455//2455
f 2349//2349 2224//2224 2118//2118
f 2347//2347 2349//2349 2457//2457
f 2349//2349 2118//2118 2352//2352
f 1986//1986 2227//2227 2118//2118
f 2352//2352 2118//2118 2227//2227
f 2226//2226 2350//2350 2353//2353
f 2352//2352 2351//2351 2349//2349
f 2228//2228 2352//2352 2227//2227
f 2233//2233 2352//2352 2228//2228
f 2351//2351 2352//2352 2233//2233
f 2354//2354 2351//2351 2233//2233
f 2235//2235 2354//2354 2233//2233
f 1993//1993 1989//1989 1994//1994
f 2230//2230 2121//2121 2355//2355
f 2229//2229 2121//2121 2230//2230
f 2231//2231 2229//2229 2230//2230
f 2233//2233 2228//2228 2124//2124
f 2235//2235 2233//2233 2236//2236
f 2120//2120 2119//2119 2237//2237
f 2466//2466 2355//2355 2121//2121
f 2229//2229 2231//2231 2356//2356
f 1991//1991 2232//2232 2234//2234
f 1991//1991 2234//2234 2240//2240
f 2466//2466 2240//2240 2234//2234
f 2466//2466 2238//2238 2240//2240
f 2356//2356 2239//2239 2229//2229
f 2359//2359 2239//2239 2356//2356
f 2233//2233 2242//2242 2236//2236
f 2237//2237 2122//2122 2470//2470
f 2239//2239 2359//2359 2238//2238
f 2243//2243 2125//2125 2240//2240
f 2238//2238 2359//2359 2240//2240
f 2131//2131 2473//2473 2236//2236
f 2363//2363 2361//2361 2357//2357
f 2359//2359 2243//2243 2240//2240
f 2244//2244 2245//2245 2126//2126
f 2245//2245 2364//2364 2126//2126
f 2366//2366 2129//2129 2364//2364
f 2362//2362 2131//2131 2246//2246
f 2244//2244 2001//2001 2245//2245
f 2245//2245 2001//2001 2250//2250
f 2246//2246 2131//2131 2132//2132
f 2144//2144 2243//2243 2365//2365
f 2003//2003 2134//2134 2250//2250
f 2367//2367 2245//2245 2250//2250
f 2136//2136 2484//2484 2474//2474
f 2482//2482 2367//2367 2250//2250
f 2366//2366 2368//2368 2139//2139
f 2247//2247 2135//2135 2481//2481
f 2249//2249 2138//2138 2251//2251
f 2362//2362 2246//2246 2370//2370
f 2250//2250 2134//2134 2249//2249
f 2135//2135 2480//2480 2481//2481
f 2135//2135 2369//2369 2480//2480
f 2247//2247 2481//2481 2371//2371
f 2247//2247 2371//2371 2248//2248
f 2482//2482 2250//2250 2249//2249
f 2248//2248 2371//2371 2253//2253
f 2246//2246 2252//2252 2370//2370
f 2484//2484 2136//2136 2009//2009
f 2482//2482 2249//2249 2254//2254
f 2254//2254 2249//2249 2251//2251
f 2372//2372 2148//2148 2144//2144
f 2482//2482 2254//2254 2147//2147
f 2146//2146 2147//2147 2254//2254
f 2375//2375 2253//2253 2373//2373
f 2375//2375 2259//2259 2255//2255
f 2604//2604 2009//2009 2256//2256
f 2012//2012 2149//2149 2147//2147
f 2375//2375 2258//2258 2259//2259
f 2252//2252 2257//2257 2377//2377
f 2149//2149 2605//2605 2147//2147
f 2256//2256 2261//2261 2604//2604
f 2728//2728 2604//2604 2261//2261
f 2605//2605 2149//2149 2381//2381
f 2379//2379 2152//2152 2151//2151
f 2378//2378 2382//2382 2259//2259
f 2152//2152 2262//2262 2260//2260
f 2494//2494 2377//2377 2384//2384
f 2155//2155 2263//2263 2159//2159
f 1710//1710 2264//2264 1816//1816
f 2166//2166 2388//2388 2169//2169
f 2390//2390 2617//2617 2266//2266
f 2267//2267 2169//2169 2388//2388
f 2169//2169 2267//2267 2173//2173
f 2270//2270 2268//2268 2499//2499
f 2172//2172 2390//2390 2266//2266
f 1919//1919 2177//2177 1815//1815
f 2177//2177 2265//2265 1815//1815
f 2270//2270 2269//2269 2268//2268
f 2274//2274 2270//2270 2499//2499
f 2855//2855 2265//2265 2177//2177
f 2269//2269 2392//2392 2268//2268
f 2274//2274 2271//2271 2270//2270
f 2273//2273 2391//2391 2394//2394
f 2173//2173 2267//2267 2176//2176
f 2273//2273 2394//2394 2276//2276
f 2175//2175 2501//2501 2502//2502
f 2171//2171 2858//2858 2186//2186
f 2396//2396 2392//2392 2269//2269
f 2271//2271 2396//2396 2269//2269
f 2176//2176 2273//2273 2276//2276
f 2267//2267 2273//2273 2176//2176
f 2277//2277 2395//2395 2502//2502
f 2623//2623 2392//2392 2396//2396
f 2275//2275 2278//2278 2274//2274
f 2278//2278 2271//2271 2274//2274
f 2278//2278 2275//2275 2178//2178
f 2176//2176 2276//2276 2283//2283
f 2271//2271 2179//2179 2396//2396
f 2503//2503 2283//2283 2276//2276
f 2177//2177 2050//2050 2855//2855
f 2178//2178 2504//2504 2281//2281
f 2282//2282 2277//2277 2284//2284
f 2049//2049 2624//2624 2396//2396
f 2281//2281 2504//2504 2285//2285
f 2624//2624 2049//2049 2508//2508
f 2288//2288 2509//2509 2279//2279
f 2180//2180 2399//2399 2184//2184
f 1535//1535 2400//2400 2280//2280
f 2050//2050 2185//2185 2398//2398
f 2285//2285 2287//2287 2188//2188
f 2399//2399 2289//2289 2184//2184
f 2632//2632 2289//2289 2399//2399
f 2288//2288 2754//2754 2509//2509
f 2187//2187 2289//2289 2290//2290
f 2288//2288 2639//2639 2754//2754
f 2639//2639 2288//2288 2290//2290
f 2056//2056 2287//2287 2055//2055
f 2405//2405 2398//2398 2054//2054
f 2400//2400 2515//2515 2865//2865
f 2406//2406 2053//2053 2510//2510
f 2403//2403 2189//2189 1826//1826
f 2189//2189 2403//2403 2641//2641
f 2189//2189 2641//2641 2514//2514
f 2057//2057 2189//2189 2514//2514
f 2514//2514 2291//2291 2057//2057
f 2405//2405 2054//2054 2406//2406
f 1935//1935 2640//2640 2403//2403
f 2291//2291 2292//2292 2057//2057
f 2409//2409 2294//2294 2292//2292
f 2294//2294 2060//2060 2292//2292
f 2191//2191 2296//2296 2293//2293
f 2416//2416 2296//2296 2191//2191
f 2298//2298 2414//2414 2191//2191
f 2191//2191 2414//2414 2416//2416
f 2192//2192 2295//2295 2413//2413
f 2412//2412 2411//2411 2300//2300
f 2410//2410 2769//2769 2297//2297
f 2416//2416 2414//2414 2301//2301
f 2413//2413 2303//2303 2299//2299
f 2300//2300 2421//2421 2412//2412
f 2195//2195 2526//2526 2415//2415
f 2528//2528 2303//2303 2413//2413
f 2195//2195 2423//2423 2526//2526
f 2302//2302 2527//2527 2525//2525
f 2306//2306 2304//2304 2418//2418
f 2420//2420 2304//2304 2068//2068
f 2769//2769 2535//2535 1837//1837
f 2195//2195 2424//2424 2423//2423
f 2306//2306 2305//2305 2308//2308
f 2196//2196 2306//2306 2308//2308
f 2304//2304 2306//2306 2196//2196
f 2426//2426 2421//2421 2300//2300
f 2424//2424 2195//2195 2429//2429
f 2427//2427 2429//2429 2195//2195
f 2308//2308 2305//2305 2427//2427
f 2311//2311 2193//2193 2425//2425
f 2532//2532 2198//2198 2200//2200
f 2529//2529 2198//2198 2532//2532
f 2198//2198 2529//2529 2201//2201
f 2533//2533 2201//2201 2529//2529
f 2431//2431 2313//2313 2311//2311
f 2201//2201 2533//2533 2536//2536
f 2312//2312 2430//2430 2432//2432
f 2312//2312 2432//2432 2665//2665
f 2203//2203 2433//2433 2430//2430
f 2436//2436 2201//2201 2536//2536
f 2313//2313 2314//2314 2078//2078
f 2433//2433 2079//2079 2316//2316
f 2435//2435 2076//2076 2318//2318
f 2315//2315 2435//2435 2318//2318
f 2083//2083 2538//2538 2434//2434
f 2436//2436 2315//2315 2206//2206
f 2206//2206 2315//2315 2318//2318
f 2538//2538 2083//2083 2438//2438
f 2443//2443 1751//1751 2775//2775
f 1751//1751 2443//2443 1964//1964
f 2438//2438 2094//2094 2540//2540
f 2442//2442 2320//2320 2671//2671
f 2212//2212 2320//2320 2442//2442
f 2441//2441 2212//2212 2442//2442
f 2321//2321 2671//2671 2319//2319
f 2671//2671 2320//2320 2319//2319
f 2322//2322 2321//2321 2213//2213
f 2325//2325 2212//2212 2544//2544
f 2443//2443 2675//2675 2099//2099
f 2321//2321 2322//2322 2445//2445
f 2323//2323 2445//2445 2327//2327
f 2445//2445 2322//2322 2327//2327
f 2324//2324 2323//2323 2215//2215
f 2103//2103 2328//2328 2444//2444
f 2326//2326 2327//2327 2322//2322
f 2323//2323 2327//2327 2216//2216
f 2545//2545 2325//2325 2544//2544
f 2324//2324 2546//2546 2323//2323
f 2325//2325 2545//2545 2329//2329
f 2099//2099 2675//2675 2676//2676
f 2324//2324 2329//2329 2546//2546
f 2330//2330 2218//2218 2331//2331
f 2332//2332 2548//2548 2549//2549
f 2549//2549 2447//2447 2332//2332
f 2331//2331 1976//1976 2219//2219
f 1976//1976 2333//2333 2219//2219
f 2550//2550 2334//2334 2680//2680
f 2334//2334 2550//2550 2448//2448
f 2333//2333 1977//1977 2450//2450
f 2220//2220 2335//2335 2552//2552
f 1862//1862 2220//2220 2551//2551
f 2220//2220 2552//2552 2551//2551
f 1977//1977 2449//2449 2450//2450
f 2449//2449 1862//1862 2551//2551
f 2555//2555 2339//2339 2451//2451
f 2342//2342 2344//2344 2106//2106
f 2343//2343 2342//2342 1865//1865
f 2107//2107 2684//2684 2452//2452
f 2451//2451 2345//2345 2784//2784
f 2454//2454 2559//2559 2345//2345
f 2110//2110 2222//2222 2453//2453
f 2345//2345 2111//2111 2454//2454
f 2110//2110 2786//2786 1982//1982
f 2346//2346 2454//2454 2111//2111
f 1867//1867 2112//2112 2790//2790
f 2561//2561 1766//1766 2790//2790
f 1985//1985 2223//2223 2564//2564
f 2564//2564 2223//2223 2348//2348
f 2224//2224 2349//2349 2347//2347
f 2567//2567 2225//2225 1985//1985
f 2225//2225 2567//2567 2226//2226
f 2226//2226 2567//2567 2350//2350
f 2349//2349 2351//2351 2457//2457
f 1989//1989 2353//2353 2696//2696
f 2460//2460 2230//2230 2355//2355
f 2231//2231 2230//2230 2463//2463
f 2461//2461 2354//2354 2235//2235
f 2356//2356 2231//2231 2463//2463
f 2120//2120 2464//2464 2234//2234
f 2120//2120 2234//2234 2232//2232
f 2466//2466 2234//2234 2464//2464
f 2466//2466 2121//2121 2238//2238
f 2465//2465 2241//2241 2580//2580
f 2468//2468 2241//2241 2465//2465
f 2359//2359 2356//2356 2358//2358
f 2356//2356 2467//2467 2358//2358
f 2236//2236 2461//2461 2235//2235
f 2241//2241 2468//2468 2472//2472
f 2461//2461 2236//2236 2473//2473
f 2241//2241 2360//2360 2580//2580
f 2241//2241 2472//2472 2360//2360
f 2365//2365 2359//2359 2358//2358
f 2357//2357 2361//2361 2585//2585
f 2133//2133 1994//1994 3076//3076
f 2362//2362 2473//2473 2131//2131
f 2361//2361 2363//2363 2474//2474
f 2479//2479 2473//2473 2362//2362
f 2365//2365 2243//2243 2359//2359
f 2364//2364 2245//2245 2367//2367
f 2704//2704 2144//2144 2365//2365
f 2366//2366 2364//2364 2367//2367
f 2474//2474 2484//2484 2593//2593
f 2367//2367 2595//2595 2366//2366
f 2482//2482 2478//2478 2367//2367
f 2595//2595 2368//2368 2366//2366
f 2144//2144 2704//2704 2372//2372
f 2599//2599 2478//2478 2482//2482
f 2369//2369 2368//2368 2480//2480
f 2370//2370 2479//2479 2362//2362
f 2600//2600 2722//2722 2487//2487
f 2009//2009 2604//2604 2484//2484
f 2370//2370 2252//2252 2377//2377
f 2372//2372 2483//2483 2148//2148
f 2374//2374 2370//2370 2377//2377
f 2373//2373 2486//2486 2375//2375
f 2374//2374 2377//2377 2488//2488
f 2485//2485 2147//2147 2605//2605
f 2483//2483 2376//2376 2148//2148
f 2486//2486 2258//2258 2375//2375
f 2148//2148 2376//2376 2151//2151
f 2376//2376 2379//2379 2151//2151
f 2380//2380 2488//2488 2377//2377
f 2258//2258 2378//2378 2259//2259
f 2378//2378 2258//2258 2606//2606
f 2377//2377 2494//2494 2380//2380
f 2382//2382 2493//2493 2381//2381
f 2152//2152 2379//2379 2489//2489
f 2261//2261 2490//2490 2728//2728
f 2152//2152 2489//2489 2262//2262
f 2608//2608 2380//2380 2494//2494
f 2493//2493 2382//2382 2378//2378
f 2490//2490 2261//2261 2263//2263
f 2155//2155 2489//2489 2492//2492
f 2739//2739 2493//2493 2378//2378
f 2155//2155 2492//2492 2263//2263
f 2263//2263 2492//2492 2490//2490
f 2734//2734 2264//2264 1710//1710
f 2611//2611 2735//2735 2385//2385
f 2383//2383 2384//2384 1909//1909
f 2384//2384 2383//2383 2615//2615
f 2387//2387 2611//2611 2385//2385
f 2163//2163 2387//2387 2385//2385
f 2386//2386 2163//2163 2385//2385
f 2614//2614 2611//2611 2617//2617
f 2496//2496 2383//2383 2158//2158
f 2615//2615 2383//2383 2496//2496
f 2386//2386 2495//2495 2388//2388
f 2611//2611 2387//2387 2617//2617
f 2617//2617 2387//2387 2266//2266
f 2386//2386 2388//2388 2166//2166
f 2165//2165 2747//2747 2496//2496
f 2747//2747 2165//2165 2265//2265
f 2388//2388 2389//2389 2267//2267
f 2389//2389 2497//2497 2267//2267
f 2264//2264 2854//2854 2171//2171
f 2391//2391 2273//2273 2498//2498
f 2267//2267 2497//2497 2273//2273
f 2854//2854 2858//2858 2171//2171
f 2391//2391 2390//2390 2172//2172
f 2268//2268 2392//2392 2500//2500
f 2274//2274 2621//2621 2275//2275
f 2499//2499 2621//2621 2274//2274
f 2272//2272 2397//2397 2391//2391
f 2391//2391 2397//2397 2394//2394
f 2276//2276 2394//2394 2506//2506
f 2397//2397 2272//2272 2279//2279
f 2503//2503 2276//2276 2506//2506
f 2178//2178 2275//2275 2504//2504
f 2186//2186 2858//2858 2633//2633
f 2283//2283 2503//2503 2180//2180
f 2396//2396 2624//2624 2623//2623
f 2505//2505 2285//2285 2504//2504
f 2503//2503 2507//2507 2180//2180
f 2284//2284 2510//2510 2282//2282
f 2630//2630 2050//2050 2398//2398
f 2285//2285 2628//2628 2287//2287
f 2049//2049 2286//2286 2508//2508
f 2286//2286 2401//2401 2508//2508
f 2865//2865 2280//2280 2400//2400
f 2286//2286 2512//2512 2401//2401
f 2055//2055 2287//2287 2513//2513
f 2632//2632 2402//2402 2289//2289
f 2286//2286 2513//2513 2512//2512
f 2290//2290 2404//2404 2639//2639
f 2290//2290 2289//2289 2402//2402
f 2520//2520 2402//2402 2632//2632
f 2290//2290 2519//2519 2404//2404
f 2519//2519 2290//2290 2402//2402
f 2510//2510 2636//2636 2406//2406
f 2520//2520 2407//2407 2402//2402
f 2291//2291 2409//2409 2292//2292
f 2521//2521 2405//2405 2406//2406
f 2406//2406 2636//2636 2521//2521
f 1935//1935 2408//2408 2640//2640
f 2409//2409 2295//2295 2294//2294
f 2295//2295 2409//2409 2648//2648
f 2296//2296 2408//2408 2293//2293
f 2419//2419 2408//2408 2296//2296
f 2523//2523 2408//2408 2419//2419
f 2415//2415 2414//2414 2298//2298
f 2416//2416 2524//2524 2296//2296
f 2524//2524 2419//2419 2296//2296
f 2422//2422 2412//2412 2421//2421
f 2414//2414 2415//2415 2417//2417
f 2418//2418 2416//2416 2301//2301
f 2524//2524 2416//2416 2418//2418
f 2419//2419 2524//2524 2420//2420
f 2305//2305 2414//2414 2417//2417
f 2301//2301 2414//2414 2305//2305
f 2420//2420 2524//2524 2304//2304
f 2301//2301 2305//2305 2306//2306
f 2418//2418 2301//2301 2306//2306
f 2524//2524 2418//2418 2304//2304
f 2525//2525 2419//2419 2420//2420
f 2302//2302 2525//2525 2420//2420
f 2651//2651 2527//2527 2428//2428
f 2428//2428 2527//2527 2307//2307
f 2425//2425 2193//2193 2303//2303
f 2427//2427 2305//2305 2655//2655
f 2529//2529 2532//2532 2530//2530
f 2426//2426 2771//2771 2421//2421
f 2429//2429 2427//2427 2655//2655
f 2428//2428 2307//2307 2309//2309
f 2429//2429 2659//2659 2424//2424
f 2531//2531 2432//2432 2430//2430
f 2428//2428 2309//2309 2534//2534
f 2534//2534 2309//2309 2314//2314
f 2200//2200 2310//2310 2532//2532
f 2425//2425 2431//2431 2311//2311
f 2313//2313 2534//2534 2314//2314
f 2431//2431 2534//2534 2313//2313
f 2433//2433 2770//2770 2656//2656
f 2656//2656 2430//2430 2433//2433
f 2310//2310 2435//2435 2663//2663
f 2437//2437 2770//2770 2433//2433
f 2434//2434 3144//3144 2426//2426
f 2074//2074 2535//2535 2999//2999
f 2315//2315 2663//2663 2435//2435
f 2536//2536 2315//2315 2436//2436
f 2437//2437 2433//2433 2316//2316
f 2205//2205 2665//2665 2317//2317
f 2205//2205 2312//2312 2665//2665
f 2537//2537 2437//2437 2316//2316
f 2208//2208 2537//2537 2316//2316
f 2537//2537 2208//2208 2317//2317
f 3005//3005 2775//2775 1751//1751
f 2439//2439 2441//2441 2440//2440
f 2441//2441 2442//2442 2440//2440
f 2440//2440 2442//2442 2539//2539
f 2541//2541 2441//2441 2439//2439
f 2541//2541 2212//2212 2441//2441
f 2444//2444 2672//2672 2540//2540
f 2541//2541 2544//2544 2212//2212
f 2542//2542 2321//2321 2445//2445
f 2672//2672 2328//2328 2547//2547
f 2672//2672 2444//2444 2328//2328
f 2323//2323 2542//2542 2445//2445
f 2328//2328 2330//2330 2547//2547
f 2323//2323 2546//2546 2542//2542
f 2545//2545 2546//2546 2329//2329
f 2677//2677 2217//2217 2676//2676
f 2331//2331 2779//2779 2330//2330
f 2677//2677 2548//2548 2217//2217
f 2446//2446 2447//2447 2680//2680
f 2446//2446 2680//2680 2334//2334
f 2448//2448 2550//2550 2335//2335
f 2336//2336 2553//2553 3021//3021
f 2337//2337 2553//2553 2336//2336
f 2340//2340 2338//2338 2681//2681
f 2554//2554 2337//2337 2339//2339
f 2554//2554 2339//2339 2555//2555
f 2782//2782 2556//2556 2896//2896
f 2452//2452 2557//2557 2343//2343
f 2684//2684 2683//2683 2452//2452
f 2344//2344 2342//2342 2685//2685
f 2784//2784 2555//2555 2451//2451
f 2785//2785 2453//2453 2344//2344
f 2345//2345 2559//2559 2784//2784
f 2559//2559 2454//2454 2560//2560
f 2454//2454 2346//2346 2560//2560
f 2346//2346 2455//2455 2560//2560
f 2562//2562 2560//2560 2455//2455
f 2562//2562 2455//2455 2456//2456
f 2456//2456 2455//2455 2347//2347
f 2456//2456 2347//2347 2457//2457
f 2564//2564 2567//2567 1985//1985
f 2565//2565 2456//2456 2457//2457
f 2565//2565 2457//2457 2351//2351
f 2351//2351 2458//2458 2565//2565
f 2565//2565 2458//2458 2570//2570
f 2572//2572 2569//2569 2571//2571
f 2458//2458 2351//2351 2459//2459
f 2459//2459 2573//2573 2458//2458
f 2459//2459 2351//2351 2354//2354
f 2459//2459 2354//2354 2461//2461
f 2460//2460 2463//2463 2230//2230
f 2459//2459 2461//2461 2469//2469
f 2463//2463 2460//2460 2575//2575
f 1989//1989 2696//2696 1994//1994
f 2355//2355 2466//2466 2460//2460
f 2463//2463 2575//2575 2467//2467
f 2463//2463 2467//2467 2356//2356
f 2579//2579 2460//2460 2466//2466
f 2467//2467 2575//2575 2581//2581
f 2584//2584 2699//2699 2577//2577
f 2699//2699 2462//2462 2577//2577
f 2466//2466 2464//2464 2701//2701
f 2237//2237 2464//2464 2120//2120
f 2470//2470 2464//2464 2237//2237
f 2465//2465 2580//2580 2698//2698
f 2468//2468 2808//2808 2472//2472
f 2584//2584 2471//2471 2699//2699
f 2586//2586 2358//2358 2581//2581
f 2467//2467 2581//2581 2358//2358
f 2469//2469 2461//2461 2473//2473
f 2584//2584 2588//2588 2471//2471
f 2585//2585 2470//2470 2357//2357
f 2469//2469 2473//2473 2479//2479
f 2365//2365 2358//2358 2586//2586
f 2475//2475 2469//2469 2479//2479
f 2589//2589 2365//2365 2586//2586
f 2360//2360 2472//2472 2587//2587
f 2587//2587 2591//2591 2360//2360
f 2589//2589 2704//2704 2365//2365
f 2133//2133 3076//3076 2476//2476
f 2367//2367 2478//2478 2595//2595
f 2704//2704 2477//2477 2372//2372
f 2368//2368 2595//2595 2596//2596
f 2372//2372 2477//2477 2712//2712
f 2483//2483 2372//2372 2712//2712
f 2371//2371 2481//2481 2714//2714
f 2374//2374 2597//2597 2479//2479
f 2711//2711 2593//2593 2484//2484
f 2253//2253 2371//2371 2373//2373
f 2479//2479 2370//2370 2374//2374
f 2831//2831 2599//2599 2482//2482
f 2831//2831 2482//2482 2147//2147
f 2485//2485 2831//2831 2147//2147
f 2721//2721 2374//2374 2488//2488
f 2378//2378 2606//2606 2612//2612
f 2381//2381 2493//2493 2605//2605
f 2492//2492 2491//2491 2490//2490
f 2489//2489 2379//2379 2607//2607
f 2493//2493 2610//2610 2733//2733
f 2612//2612 2739//2739 2378//2378
f 2385//2385 2735//2735 2847//2847
f 2847//2847 2495//2495 2385//2385
f 2385//2385 2495//2495 2386//2386
f 2384//2384 2615//2615 2494//2494
f 2853//2853 2614//2614 2617//2617
f 2747//2747 2615//2615 2496//2496
f 2388//2388 2497//2497 2389//2389
f 2390//2390 2498//2498 2618//2618
f 2497//2497 2619//2619 2498//2498
f 2391//2391 2498//2498 2390//2390
f 2273//2273 2497//2497 2498//2498
f 2268//2268 2620//2620 2499//2499
f 2268//2268 2500//2500 2620//2620
f 2621//2621 2499//2499 2620//2620
f 2393//2393 3117//3117 2501//2501
f 2502//2502 2501//2501 3117//3117
f 2277//2277 2502//2502 2856//2856
f 2275//2275 2622//2622 2504//2504
f 2394//2394 2397//2397 2626//2626
f 2506//2506 2394//2394 2626//2626
f 2505//2505 2504//2504 2622//2622
f 2858//2858 3122//3122 2633//2633
f 2505//2505 2625//2625 2627//2627
f 2506//2506 2626//2626 2503//2503
f 2503//2503 2626//2626 2629//2629
f 2277//2277 2856//2856 2284//2284
f 2625//2625 2624//2624 2508//2508
f 2627//2627 2625//2625 2508//2508
f 2397//2397 2509//2509 2631//2631
f 2279//2279 2509//2509 2397//2397
f 2503//2503 2629//2629 2507//2507
f 2505//2505 2628//2628 2285//2285
f 2180//2180 2507//2507 2399//2399
f 2287//2287 2628//2628 2860//2860
f 2509//2509 2754//2754 2631//2631
f 2399//2399 2507//2507 2632//2632
f 2508//2508 2401//2401 2511//2511
f 2634//2634 2518//2518 2632//2632
f 2287//2287 2756//2756 2513//2513
f 2639//2639 2635//2635 2754//2754
f 2512//2512 2513//2513 2756//2756
f 2520//2520 2632//2632 2518//2518
f 2516//2516 2517//2517 2401//2401
f 2516//2516 2401//2401 2512//2512
f 2637//2637 2516//2516 2512//2512
f 2756//2756 2637//2637 2512//2512
f 2641//2641 2403//2403 2640//2640
f 2517//2517 2516//2516 2638//2638
f 2402//2402 2407//2407 2519//2519
f 2643//2643 2520//2520 2518//2518
f 2515//2515 2644//2644 3266//3266
f 2646//2646 2405//2405 2521//2521
f 2642//2642 2519//2519 2645//2645
f 2407//2407 2520//2520 2643//2643
f 2407//2407 2645//2645 2519//2519
f 2643//2643 2645//2645 2407//2407
f 2408//2408 2523//2523 2640//2640
f 2523//2523 2762//2762 2640//2640
f 2648//2648 2409//2409 2647//2647
f 2411//2411 2874//2874 2644//2644
f 2411//2411 2522//2522 2874//2874
f 2649//2649 2528//2528 2648//2648
f 2528//2528 2295//2295 2648//2648
f 2412//2412 2522//2522 2411//2411
f 2525//2525 2523//2523 2419//2419
f 2413//2413 2295//2295 2528//2528
f 2769//2769 2410//2410 2765//2765
f 2651//2651 2523//2523 2525//2525
f 2423//2423 2650//2650 2526//2526
f 2650//2650 2652//2652 2526//2526
f 2415//2415 2526//2526 2652//2652
f 2415//2415 2652//2652 2417//2417
f 2654//2654 2528//2528 2649//2649
f 2417//2417 2652//2652 2305//2305
f 2651//2651 2525//2525 2527//2527
f 2653//2653 2654//2654 2649//2649
f 2305//2305 2652//2652 2655//2655
f 2528//2528 2530//2530 2303//2303
f 2530//2530 2528//2528 2654//2654
f 2422//2422 2421//2421 2771//2771
f 2771//2771 2768//2768 2422//2422
f 2424//2424 2661//2661 2650//2650
f 2423//2423 2424//2424 2650//2650
f 2654//2654 2529//2529 2530//2530
f 2533//2533 2529//2529 2654//2654
f 2769//2769 2999//2999 2535//2535
f 2651//2651 2428//2428 2660//2660
f 2303//2303 2530//2530 2425//2425
f 2653//2653 2533//2533 2654//2654
f 2660//2660 2657//2657 2651//2651
f 2530//2530 2532//2532 2662//2662
f 2530//2530 2662//2662 2425//2425
f 2531//2531 2430//2430 2656//2656
f 2767//2767 2432//2432 2531//2531
f 2659//2659 2429//2429 2655//2655
f 2425//2425 2660//2660 2431//2431
f 2767//2767 2665//2665 2432//2432
f 2424//2424 2659//2659 2661//2661
f 2534//2534 2660//2660 2428//2428
f 2660//2660 2534//2534 2431//2431
f 2532//2532 2310//2310 2662//2662
f 2653//2653 2664//2664 2533//2533
f 2656//2656 2770//2770 2879//2879
f 2426//2426 3144//3144 2771//2771
f 2533//2533 2664//2664 2536//2536
f 2666//2666 2536//2536 2664//2664
f 2666//2666 2663//2663 2315//2315
f 2665//2665 2667//2667 2317//2317
f 2536//2536 2666//2666 2315//2315
f 2317//2317 2667//2667 2537//2537
f 2434//2434 2538//2538 2886//2886
f 2538//2538 2438//2438 2669//2669
f 2668//2668 2774//2774 2440//2440
f 2774//2774 2439//2439 2440//2440
f 2439//2439 2774//2774 2776//2776
f 2540//2540 2672//2672 2669//2669
f 2540//2540 2669//2669 2438//2438
f 2539//2539 2442//2442 2671//2671
f 2541//2541 2439//2439 2776//2776
f 2321//2321 2673//2673 2671//2671
f 2544//2544 2541//2541 2543//2543
f 2542//2542 2673//2673 2321//2321
f 2544//2544 2543//2543 2545//2545
f 2674//2674 2542//2542 2546//2546
f 2545//2545 2674//2674 2546//2546
f 2675//2675 2778//2778 2676//2676
f 2677//2677 2893//2893 2548//2548
f 2549//2549 2548//2548 2893//2893
f 2450//2450 2449//2449 2551//2551
f 2336//2336 3021//3021 2681//2681
f 2337//2337 2554//2554 2553//2553
f 2555//2555 2781//2781 2554//2554
f 3292//3292 2896//2896 2340//2340
f 2781//2781 2555//2555 2783//2783
f 2556//2556 2782//2782 2682//2682
f 2343//2343 2557//2557 2342//2342
f 2342//2342 2557//2557 3026//3026
f 2452//2452 2558//2558 2557//2557
f 2683//2683 2558//2558 2452//2452
f 2682//2682 3024//3024 2684//2684
f 2557//2557 2558//2558 3026//3026
f 2785//2785 2344//2344 2685//2685
f 3031//3031 2786//2786 2110//2110
f 2453//2453 3031//3031 2110//2110
f 2686//2686 2560//2560 2562//2562
f 2790//2790 2348//2348 2561//2561
f 2797//2797 2687//2687 2788//2788
f 2686//2686 2562//2562 2563//2563
f 2563//2563 2562//2562 2565//2565
f 2456//2456 2565//2565 2562//2562
f 2563//2563 2565//2565 2570//2570
f 2913//2913 2567//2567 2564//2564
f 2566//2566 2563//2563 2570//2570
f 2690//2690 2571//2571 2569//2569
f 2692//2692 2571//2571 2690//2690
f 2568//2568 2566//2566 2570//2570
f 2569//2569 2572//2572 2689//2689
f 2350//2350 2567//2567 2691//2691
f 2571//2571 2692//2692 2572//2572
f 2570//2570 2458//2458 2573//2573
f 2568//2568 2570//2570 2573//2573
f 2800//2800 2689//2689 2693//2693
f 2572//2572 2693//2693 2689//2689
f 2574//2574 2568//2568 2573//2573
f 2693//2693 2572//2572 2692//2692
f 2694//2694 2353//2353 2350//2350
f 2696//2696 2353//2353 2694//2694
f 2695//2695 2462//2462 2576//2576
f 2462//2462 2695//2695 2577//2577
f 2573//2573 2459//2459 2805//2805
f 2695//2695 2578//2578 2577//2577
f 2460//2460 2579//2579 2575//2575
f 2459//2459 2469//2469 2805//2805
f 2462//2462 2699//2699 2576//2576
f 2577//2577 2578//2578 2584//2584
f 2470//2470 2701//2701 2464//2464
f 2575//2575 2579//2579 2581//2581
f 2584//2584 2578//2578 2813//2813
f 2697//2697 2805//2805 2469//2469
f 2701//2701 2470//2470 2582//2582
f 2698//2698 2580//2580 2583//2583
f 2470//2470 2585//2585 2582//2582
f 2822//2822 2699//2699 2471//2471
f 2586//2586 2581//2581 2700//2700
f 2583//2583 2580//2580 2360//2360
f 2472//2472 2808//2808 2587//2587
f 2469//2469 2475//2475 2697//2697
f 2360//2360 2591//2591 2583//2583
f 2591//2591 2590//2590 2583//2583
f 2471//2471 2588//2588 2706//2706
f 2588//2588 2584//2584 2710//2710
f 2471//2471 2706//2706 2822//2822
f 2710//2710 2584//2584 2815//2815
f 2589//2589 2590//2590 2704//2704
f 2703//2703 2590//2590 2591//2591
f 2588//2588 2710//2710 2592//2592
f 2479//2479 2597//2597 2475//2475
f 2588//2588 2592//2592 2706//2706
f 2702//2702 2821//2821 2595//2595
f 2702//2702 2595//2595 2705//2705
f 2593//2593 2594//2594 2474//2474
f 2703//2703 2477//2477 2704//2704
f 2476//2476 3076//3076 2600//2600
f 2595//2595 2478//2478 2705//2705
f 2707//2707 2595//2595 2821//2821
f 2710//2710 2713//2713 2592//2592
f 2598//2598 2705//2705 2478//2478
f 2596//2596 2595//2595 2707//2707
f 2478//2478 2599//2599 2598//2598
f 2596//2596 2480//2480 2368//2368
f 2592//2592 2713//2713 2715//2715
f 2714//2714 2481//2481 2480//2480
f 2710//2710 2718//2718 2713//2713
f 2829//2829 2598//2598 2599//2599
f 2371//2371 2714//2714 2723//2723
f 2711//2711 2484//2484 2602//2602
f 2712//2712 2727//2727 2483//2483
f 2721//2721 2597//2597 2374//2374
f 2831//2831 2829//2829 2599//2599
f 2371//2371 2723//2723 2835//2835
f 2718//2718 2601//2601 2713//2713
f 2371//2371 2835//2835 2373//2373
f 2603//2603 2724//2724 2713//2713
f 2601//2601 2603//2603 2713//2713
f 2601//2601 2718//2718 2729//2729
f 2602//2602 2484//2484 2604//2604
f 2486//2486 2373//2373 2835//2835
f 2602//2602 2604//2604 2728//2728
f 2603//2603 2601//2601 2730//2730
f 2729//2729 2730//2730 2601//2601
f 2834//2834 2485//2485 2733//2733
f 2376//2376 2483//2483 2727//2727
f 2258//2258 2486//2486 2839//2839
f 2485//2485 2605//2605 2733//2733
f 2839//2839 2842//2842 2258//2258
f 2732//2732 2721//2721 2488//2488
f 2376//2376 2607//2607 2379//2379
f 2842//2842 2606//2606 2258//2258
f 2490//2490 2491//2491 2728//2728
f 2488//2488 2380//2380 2609//2609
f 2607//2607 2376//2376 2491//2491
f 2732//2732 2488//2488 2609//2609
f 2492//2492 2607//2607 2491//2491
f 2605//2605 2493//2493 2733//2733
f 2610//2610 2959//2959 2733//2733
f 2492//2492 2489//2489 2607//2607
f 2738//2738 2612//2612 2606//2606
f 2380//2380 2608//2608 2609//2609
f 2735//2735 2611//2611 2737//2737
f 2738//2738 2851//2851 2612//2612
f 2493//2493 2739//2739 2610//2610
f 2612//2612 2613//2613 2739//2739
f 2734//2734 2741//2741 2264//2264
f 2737//2737 2611//2611 2614//2614
f 2851//2851 2613//2613 2612//2612
f 2494//2494 2743//2743 2608//2608
f 2609//2609 2608//2608 2743//2743
f 2742//2742 2740//2740 2614//2614
f 2745//2745 2388//2388 2495//2495
f 2616//2616 2494//2494 2615//2615
f 2618//2618 2853//2853 2617//2617
f 2741//2741 2854//2854 2264//2264
f 2497//2497 2388//2388 2745//2745
f 2619//2619 2497//2497 2745//2745
f 2617//2617 2390//2390 2618//2618
f 3370//3370 2747//2747 2265//2265
f 2619//2619 2746//2746 2498//2498
f 2498//2498 2746//2746 2618//2618
f 3370//3370 2265//2265 2855//2855
f 2854//2854 3255//3255 2858//2858
f 2622//2622 2620//2620 2748//2748
f 2622//2622 2621//2621 2620//2620
f 2620//2620 2500//2500 2748//2748
f 2621//2621 2622//2622 2275//2275
f 2500//2500 2623//2623 2748//2748
f 3117//3117 2393//2393 2857//2857
f 2392//2392 2623//2623 2500//2500
f 2622//2622 2748//2748 2625//2625
f 2280//2280 2857//2857 2393//2393
f 2622//2622 2625//2625 2505//2505
f 2625//2625 2748//2748 2623//2623
f 2857//2857 2280//2280 2749//2749
f 2625//2625 2623//2623 2624//2624
f 2050//2050 3259//3259 2855//2855
f 2627//2627 2628//2628 2505//2505
f 2626//2626 2397//2397 2631//2631
f 2629//2629 2626//2626 2631//2631
f 2050//2050 2630//2630 3259//3259
f 2508//2508 2511//2511 2627//2627
f 2629//2629 2758//2758 2507//2507
f 2752//2752 2511//2511 2753//2753
f 2632//2632 2507//2507 2634//2634
f 2511//2511 2401//2401 2753//2753
f 2287//2287 2860//2860 2756//2756
f 2758//2758 2634//2634 2507//2507
f 2401//2401 2755//2755 2753//2753
f 2517//2517 2755//2755 2401//2401
f 2510//2510 2983//2983 2636//2636
f 2983//2983 3128//3128 2636//2636
f 2517//2517 2638//2638 2755//2755
f 2755//2755 2638//2638 2516//2516
f 2755//2755 2516//2516 2637//2637
f 2756//2756 2861//2861 2637//2637
f 2991//2991 2633//2633 3122//3122
f 2759//2759 2514//2514 2641//2641
f 2863//2863 2291//2291 2514//2514
f 2291//2291 2863//2863 2761//2761
f 3266//3266 2865//2865 2515//2515
f 2646//2646 2398//2398 2405//2405
f 2991//2991 2765//2765 2633//2633
f 2404//2404 2642//2642 2987//2987
f 2409//2409 2291//2291 2761//2761
f 2519//2519 2642//2642 2404//2404
f 2641//2641 2640//2640 2990//2990
f 2761//2761 2647//2647 2409//2409
f 2762//2762 2990//2990 2640//2640
f 2521//2521 3269//3269 2646//2646
f 2647//2647 2649//2649 2648//2648
f 2649//2649 2647//2647 2875//2875
f 2412//2412 2422//2422 2876//2876
f 2875//2875 2653//2653 2649//2649
f 2652//2652 2650//2650 2766//2766
f 2878//2878 2531//2531 2764//2764
f 2656//2656 2879//2879 2877//2877
f 2877//2877 2531//2531 2656//2656
f 2878//2878 2767//2767 2531//2531
f 2766//2766 2650//2650 2661//2661
f 2659//2659 2652//2652 2766//2766
f 2655//2655 2652//2652 2659//2659
f 2660//2660 2658//2658 2657//2657
f 2661//2661 2659//2659 2766//2766
f 2658//2658 2660//2660 2425//2425
f 2662//2662 2658//2658 2425//2425
f 2767//2767 2883//2883 2665//2665
f 2662//2662 2310//2310 2663//2663
f 2666//2666 2662//2662 2663//2663
f 2437//2437 2882//2882 2770//2770
f 2537//2537 2882//2882 2437//2437
f 2886//2886 3144//3144 2434//2434
f 2538//2538 2669//2669 2886//2886
f 2772//2772 2774//2774 2668//2668
f 2668//2668 2440//2440 2539//2539
f 2775//2775 2670//2670 2443//2443
f 2773//2773 2539//2539 2671//2671
f 2777//2777 2773//2773 2671//2671
f 2673//2673 2777//2777 2671//2671
f 2670//2670 3012//3012 2443//2443
f 2890//2890 2541//2541 2776//2776
f 2443//2443 3012//3012 2675//2675
f 2541//2541 2890//2890 2543//2543
f 2891//2891 2674//2674 2543//2543
f 2674//2674 2673//2673 2542//2542
f 2543//2543 2674//2674 2545//2545
f 2547//2547 2330//2330 2779//2779
f 2677//2677 2676//2676 2778//2778
f 2893//2893 2677//2677 2778//2778
f 2331//2331 2678//2678 2779//2779
f 3015//3015 2893//2893 3154//3154
f 3015//3015 2549//2549 2893//2893
f 2331//2331 2219//2219 2678//2678
f 3015//3015 2447//2447 2549//2549
f 2219//2219 2333//2333 2678//2678
f 2333//2333 2450//2450 3016//3016
f 3020//3020 3016//3016 2450//2450
f 2450//2450 2551//2551 3405//3405
f 2554//2554 2894//2894 2553//2553
f 2340//2340 2681//2681 3292//3292
f 2554//2554 2781//2781 2894//2894
f 2341//2341 2896//2896 2556//2556
f 2555//2555 2784//2784 2783//2783
f 3027//3027 3160//3160 2342//2342
f 3027//3027 2342//2342 3026//3026
f 2683//2683 3026//3026 2558//2558
f 2685//2685 2342//2342 3160//3160
f 2901//2901 2453//2453 2785//2785
f 2901//2901 3031//3031 2453//2453
f 2559//2559 2560//2560 2899//2899
f 2686//2686 2899//2899 2560//2560
f 1982//1982 3030//3030 2112//2112
f 2786//2786 3030//3030 1982//1982
f 2112//2112 3030//3030 2790//2790
f 2791//2791 2899//2899 2686//2686
f 2687//2687 2787//2787 2788//2788
f 2791//2791 2686//2686 2563//2563
f 2906//2906 2687//2687 2798//2798
f 2797//2797 2788//2788 2793//2793
f 2687//2687 2797//2797 2798//2798
f 2564//2564 2348//2348 3186//3186
f 2799//2799 2690//2690 2795//2795
f 2797//2797 2911//2911 2798//2798
f 2566//2566 2688//2688 2791//2791
f 2566//2566 2791//2791 2563//2563
f 3043//3043 2798//2798 2911//2911
f 2908//2908 2796//2796 2569//2569
f 2690//2690 2569//2569 2796//2796
f 2908//2908 2569//2569 2689//2689
f 2799//2799 2692//2692 2690//2690
f 2692//2692 2799//2799 2801//2801
f 3037//3037 2566//2566 2568//2568
f 2568//2568 2574//2574 3037//3037
f 2692//2692 2801//2801 2693//2693
f 2805//2805 2574//2574 2573//2573
f 2695//2695 2576//2576 2920//2920
f 1994//1994 2696//2696 3050//3050
f 2466//2466 2701//2701 2579//2579
f 2698//2698 2807//2807 2465//2465
f 2465//2465 2807//2807 2468//2468
f 2806//2806 2809//2809 2803//2803
f 2922//2922 2576//2576 2699//2699
f 2807//2807 2808//2808 2468//2468
f 1994//1994 3050//3050 3076//3076
f 2581//2581 2579//2579 2700//2700
f 2806//2806 2821//2821 2809//2809
f 2813//2813 2815//2815 2584//2584
f 2579//2579 2701//2701 2700//2700
f 2583//2583 2810//2810 2698//2698
f 2922//2922 2699//2699 2822//2822
f 2582//2582 2585//2585 2814//2814
f 2582//2582 2816//2816 2700//2700
f 2582//2582 2700//2700 2701//2701
f 2814//2814 2585//2585 2819//2819
f 2590//2590 2589//2589 2583//2583
f 2475//2475 2921//2921 2697//2697
f 2702//2702 2809//2809 2821//2821
f 2585//2585 2361//2361 2819//2819
f 2586//2586 2700//2700 2818//2818
f 2589//2589 2586//2586 2818//2818
f 2361//2361 2474//2474 2819//2819
f 2591//2591 2587//2587 2820//2820
f 2597//2597 2921//2921 2475//2475
f 2590//2590 2703//2703 2704//2704
f 2703//2703 2591//2591 2820//2820
f 2934//2934 2705//2705 2708//2708
f 2934//2934 2702//2702 2705//2705
f 2706//2706 2817//2817 2822//2822
f 2474//2474 2594//2594 2819//2819
f 2820//2820 3082//3082 2703//2703
f 2703//2703 3082//3082 2824//2824
f 2703//2703 2824//2824 2477//2477
f 3224//3224 2600//2600 3076//3076
f 2705//2705 2825//2825 2708//2708
f 2715//2715 2817//2817 2706//2706
f 2706//2706 2592//2592 2715//2715
f 2594//2594 2711//2711 2709//2709
f 2594//2594 2593//2593 2711//2711
f 2705//2705 2598//2598 2825//2825
f 2711//2711 2717//2717 2709//2709
f 2828//2828 2825//2825 2598//2598
f 2716//2716 2710//2710 2815//2815
f 2826//2826 2824//2824 2953//2953
f 2477//2477 2824//2824 2712//2712
f 2714//2714 2596//2596 2719//2719
f 2714//2714 2480//2480 2596//2596
f 2720//2720 2717//2717 2711//2711
f 2826//2826 2727//2727 2824//2824
f 2712//2712 2824//2824 2727//2727
f 3080//3080 2597//2597 2721//2721
f 2722//2722 2600//2600 2827//2827
f 2715//2715 2713//2713 2724//2724
f 2718//2718 2710//2710 2716//2716
f 2602//2602 2720//2720 2711//2711
f 2720//2720 2840//2840 2717//2717
f 2727//2727 2826//2826 2725//2725
f 2828//2828 2598//2598 2954//2954
f 2829//2829 2954//2954 2598//2598
f 3089//3089 2954//2954 2829//2829
f 2719//2719 2723//2723 2714//2714
f 2952//2952 2718//2718 2716//2716
f 2829//2829 2831//2831 2946//2946
f 2835//2835 2723//2723 2956//2956
f 2952//2952 2729//2729 2718//2718
f 2725//2725 2602//2602 2728//2728
f 2725//2725 2826//2826 2602//2602
f 2836//2836 2719//2719 2830//2830
f 2840//2840 2726//2726 2717//2717
f 2833//2833 3080//3080 2721//2721
f 2834//2834 2831//2831 2485//2485
f 2729//2729 2952//2952 2726//2726
f 2727//2727 2725//2725 2491//2491
f 2839//2839 2486//2486 2835//2835
f 3096//3096 2724//2724 2603//2603
f 2603//2603 2730//2730 2838//2838
f 2726//2726 2730//2730 2729//2729
f 2840//2840 2730//2730 2726//2726
f 2491//2491 2725//2725 2728//2728
f 2963//2963 2730//2730 2840//2840
f 2730//2730 2962//2962 2838//2838
f 2730//2730 2731//2731 2962//2962
f 2963//2963 2731//2731 2730//2730
f 2727//2727 2491//2491 2376//2376
f 3100//3100 2721//2721 2732//2732
f 3100//3100 2833//2833 2721//2721
f 2722//2722 2734//2734 2487//2487
f 2841//2841 2834//2834 2733//2733
f 2736//2736 2606//2606 2842//2842
f 2843//2843 2736//2736 2842//2842
f 2966//2966 2731//2731 2963//2963
f 2733//2733 2959//2959 2841//2841
f 2732//2732 2609//2609 2848//2848
f 2844//2844 2732//2732 2848//2848
f 2847//2847 2735//2735 2960//2960
f 2738//2738 2606//2606 2736//2736
f 2849//2849 2738//2738 2736//2736
f 2737//2737 2614//2614 2740//2740
f 2739//2739 2613//2613 2744//2744
f 2613//2613 2851//2851 2850//2850
f 2851//2851 2738//2738 2849//2849
f 2739//2739 2744//2744 3251//3251
f 2742//2742 2614//2614 2853//2853
f 2973//2973 2744//2744 2613//2613
f 2850//2850 2973//2973 2613//2613
f 2852//2852 2746//2746 2745//2745
f 2745//2745 2746//2746 2619//2619
f 2616//2616 2615//2615 2747//2747
f 2743//2743 2494//2494 2616//2616
f 3259//3259 2630//2630 3260//3260
f 2750//2750 2627//2627 2511//2511
f 2750//2750 2628//2628 2627//2627
f 2284//2284 2983//2983 2510//2510
f 2750//2750 2511//2511 2752//2752
f 2751//2751 2629//2629 2631//2631
f 2631//2631 2754//2754 2982//2982
f 2751//2751 2631//2631 2982//2982
f 2629//2629 2984//2984 2758//2758
f 2860//2860 2861//2861 2756//2756
f 2862//2862 2634//2634 2758//2758
f 2757//2757 2758//2758 2642//2642
f 2862//2862 2758//2758 2757//2757
f 2634//2634 2862//2862 2518//2518
f 2863//2863 2514//2514 2759//2759
f 3265//3265 2759//2759 2641//2641
f 2761//2761 2863//2863 2986//2986
f 2639//2639 2404//2404 2987//2987
f 2635//2635 2639//2639 2987//2987
f 2518//2518 2862//2862 2760//2760
f 2990//2990 3265//3265 2641//2641
f 2987//2987 3126//3126 2635//2635
f 2757//2757 2642//2642 2866//2866
f 2518//2518 2760//2760 2643//2643
f 2642//2642 2645//2645 2866//2866
f 2521//2521 2636//2636 3269//3269
f 3269//3269 2636//2636 3128//3128
f 2868//2868 2647//2647 2761//2761
f 2760//2760 2866//2866 2645//2645
f 2643//2643 2760//2760 2645//2645
f 2873//2873 2647//2647 2868//2868
f 2990//2990 2762//2762 2763//2763
f 2763//2763 2995//2995 2990//2990
f 2763//2763 2762//2762 2523//2523
f 2647//2647 2873//2873 2875//2875
f 2412//2412 2876//2876 2522//2522
f 2657//2657 2763//2763 2523//2523
f 2651//2651 2657//2657 2523//2523
f 2422//2422 2768//2768 2876//2876
f 2764//2764 2531//2531 2877//2877
f 2997//2997 2993//2993 2768//2768
f 2879//2879 3135//3135 2877//2877
f 2875//2875 3137//3137 2653//2653
f 2880//2880 2658//2658 2662//2662
f 2883//2883 2767//2767 2878//2878
f 3143//3143 2997//2997 2768//2768
f 2771//2771 3143//3143 2768//2768
f 2653//2653 3137//3137 2664//2664
f 2881//2881 2662//2662 2666//2666
f 2884//2884 2667//2667 2883//2883
f 2667//2667 2665//2665 2883//2883
f 2664//2664 2881//2881 2666//2666
f 2882//2882 2537//2537 2884//2884
f 2667//2667 2884//2884 2537//2537
f 3009//3009 2772//2772 2885//2885
f 2772//2772 2668//2668 3007//3007
f 3009//3009 2774//2774 2772//2772
f 2773//2773 2668//2668 2539//2539
f 3007//3007 2668//2668 2773//2773
f 3009//3009 2776//2776 2774//2774
f 2887//2887 2773//2773 2777//2777
f 2777//2777 2888//2888 2887//2887
f 3010//3010 2890//2890 2776//2776
f 2889//2889 2669//2669 2672//2672
f 2777//2777 2673//2673 2891//2891
f 2890//2890 2891//2891 2543//2543
f 2889//2889 2672//2672 2547//2547
f 2891//2891 2673//2673 2674//2674
f 3012//3012 3289//3289 2675//2675
f 2547//2547 2779//2779 2892//2892
f 2678//2678 2333//2333 2679//2679
f 3015//3015 2680//2680 2447//2447
f 2679//2679 2333//2333 3016//3016
f 3020//3020 2450//2450 3405//3405
f 3018//3018 2335//2335 2550//2550
f 2552//2552 2335//2335 3018//3018
f 2551//2551 2552//2552 3405//3405
f 2553//2553 2894//2894 3021//3021
f 3292//3292 2681//2681 3411//3411
f 2781//2781 2895//2895 2894//2894
f 2781//2781 2780//2780 2895//2895
f 3025//3025 2780//2780 2781//2781
f 2781//2781 2783//2783 2897//2897
f 2897//2897 2783//2783 2784//2784
f 2782//2782 3023//3023 2682//2682
f 2784//2784 3028//3028 2898//2898
f 2784//2784 2559//2559 3028//3028
f 2899//2899 3028//3028 2559//2559
f 2794//2794 2900//2900 2899//2899
f 2791//2791 2794//2794 2899//2899
f 3029//3029 3030//3030 2786//2786
f 3031//3031 3029//3029 2786//2786
f 2787//2787 2902//2902 2789//2789
f 2790//2790 3030//3030 3033//3033
f 2787//2787 2792//2792 2902//2902
f 2787//2787 2687//2687 2792//2792
f 2787//2787 2789//2789 2788//2788
f 2789//2789 2793//2793 2788//2788
f 2793//2793 2789//2789 2904//2904
f 2794//2794 2791//2791 2688//2688
f 3032//3032 2792//2792 2795//2795
f 2348//2348 2790//2790 3186//3186
f 2796//2796 3032//3032 2795//2795
f 2792//2792 2687//2687 2905//2905
f 3034//3034 2797//2797 2793//2793
f 2799//2799 2795//2795 2909//2909
f 2909//2909 2795//2795 2905//2905
f 2795//2795 2690//2690 2796//2796
f 2798//2798 2910//2910 2906//2906
f 2688//2688 2566//2566 3037//3037
f 2564//2564 3038//3038 2913//2913
f 3043//3043 2910//2910 2798//2798
f 2909//2909 2801//2801 2799//2799
f 2912//2912 2908//2908 2689//2689
f 2912//2912 2689//2689 2800//2800
f 2693//2693 2912//2912 2800//2800
f 2574//2574 3039//3039 3037//3037
f 2350//2350 2691//2691 2694//2694
f 2802//2802 2803//2803 2917//2917
f 2919//2919 2915//2915 2914//2914
f 2695//2695 2920//2920 2804//2804
f 3062//3062 3197//3197 2574//2574
f 2803//2803 3054//3054 2917//2917
f 2574//2574 2805//2805 3062//3062
f 2695//2695 2804//2804 2578//2578
f 2802//2802 2806//2806 2803//2803
f 2806//2806 2802//2802 3053//3053
f 2926//2926 2804//2804 2920//2920
f 2578//2578 2804//2804 2811//2811
f 2920//2920 2576//2576 2922//2922
f 2925//2925 2806//2806 3053//3053
f 3062//3062 2805//2805 2697//2697
f 2808//2808 2807//2807 2923//2923
f 3054//3054 2809//2809 2929//2929
f 3054//3054 2803//2803 2809//2809
f 2578//2578 2811//2811 2813//2813
f 2812//2812 2808//2808 2923//2923
f 2925//2925 2821//2821 2806//2806
f 2922//2922 2822//2822 2817//2817
f 2931//2931 2815//2815 2811//2811
f 2813//2813 2811//2811 2815//2815
f 2808//2808 2812//2812 2587//2587
f 2809//2809 2934//2934 2929//2929
f 2809//2809 2702//2702 2934//2934
f 2925//2925 2935//2935 2821//2821
f 2582//2582 2814//2814 2816//2816
f 3067//3067 2818//2818 2700//2700
f 2810//2810 2583//2583 3070//3070
f 2818//2818 3070//3070 2583//2583
f 2818//2818 2583//2583 2589//2589
f 2815//2815 2931//2931 2937//2937
f 2938//2938 2819//2819 2594//2594
f 2708//2708 3222//3222 2934//2934
f 2821//2821 2935//2935 2707//2707
f 2707//2707 2935//2935 3077//3077
f 2709//2709 2938//2938 2594//2594
f 2939//2939 2817//2817 2715//2715
f 2823//2823 3226//3226 2709//2709
f 2825//2825 2940//2940 2708//2708
f 2815//2815 2937//2937 2716//2716
f 3080//3080 2921//2921 2597//2597
f 2600//2600 3224//3224 2827//2827
f 2940//2940 2825//2825 2943//2943
f 2942//2942 2596//2596 2707//2707
f 3088//3088 2716//2716 2937//2937
f 2709//2709 2717//2717 2823//2823
f 2825//2825 2944//2944 2943//2943
f 2939//2939 2715//2715 2948//2948
f 2825//2825 2828//2828 2944//2944
f 2596//2596 2942//2942 2719//2719
f 2719//2719 2942//2942 2945//2945
f 2826//2826 2953//2953 2720//2720
f 2951//2951 2823//2823 2717//2717
f 2826//2826 2720//2720 2602//2602
f 2719//2719 2945//2945 2830//2830
f 2948//2948 2715//2715 2724//2724
f 2947//2947 2946//2946 2831//2831
f 2717//2717 2726//2726 2951//2951
f 2958//2958 2720//2720 2953//2953
f 2950//2950 3080//3080 2833//2833
f 2946//2946 3089//3089 2829//2829
f 2832//2832 2947//2947 2831//2831
f 2828//2828 2954//2954 2949//2949
f 2834//2834 2832//2832 2831//2831
f 2830//2830 2832//2832 2834//2834
f 2954//2954 2955//2955 2949//2949
f 2719//2719 2836//2836 2723//2723
f 2726//2726 2952//2952 2951//2951
f 2720//2720 2958//2958 2840//2840
f 2836//2836 2830//2830 2834//2834
f 2956//2956 2723//2723 2836//2836
f 2836//2836 2834//2834 2841//2841
f 2839//2839 2835//2835 2957//2957
f 2957//2957 2835//2835 2956//2956
f 2603//2603 2837//2837 3096//3096
f 2838//2838 2837//2837 2603//2603
f 2959//2959 2836//2836 2841//2841
f 2958//2958 2963//2963 2840//2840
f 2842//2842 2839//2839 2957//2957
f 2731//2731 2846//2846 2962//2962
f 3100//3100 2732//2732 2844//2844
f 2960//2960 2965//2965 2847//2847
f 2966//2966 2846//2846 2731//2731
f 2960//2960 2735//2735 3099//3099
f 3099//3099 2737//2737 2964//2964
f 2735//2735 2737//2737 3099//3099
f 2737//2737 2967//2967 2964//2964
f 2610//2610 3109//3109 2959//2959
f 2845//2845 2959//2959 3109//3109
f 3104//3104 2968//2968 2736//2736
f 2740//2740 2967//2967 2737//2737
f 2968//2968 2849//2849 2736//2736
f 2495//2495 2847//2847 3105//3105
f 2971//2971 2495//2495 3105//3105
f 2610//2610 2739//2739 3109//3109
f 3251//3251 3109//3109 2739//2739
f 2852//2852 2495//2495 2971//2971
f 2742//2742 3110//3110 2740//2740
f 2745//2745 2495//2495 2852//2852
f 2850//2850 2851//2851 3115//3115
f 2972//2972 2851//2851 2849//2849
f 2746//2746 2852//2852 2853//2853
f 2972//2972 3115//3115 2851//2851
f 2741//2741 3366//3366 2854//2854
f 2618//2618 2746//2746 2853//2853
f 3114//3114 2743//2743 2616//2616
f 2747//2747 3370//3370 2616//2616
f 3117//3117 3256//3256 2502//2502
f 3595//3595 2284//2284 2856//2856
f 3595//3595 2983//2983 2284//2284
f 2858//2858 3597//3597 3122//3122
f 2750//2750 2975//2975 2976//2976
f 2750//2750 2976//2976 2859//2859
f 2859//2859 2976//2976 2977//2977
f 2859//2859 2628//2628 2750//2750
f 2752//2752 2977//2977 2750//2750
f 3121//3121 2859//2859 2977//2977
f 3121//3121 2980//2980 2859//2859
f 2628//2628 2859//2859 2860//2860
f 2977//2977 2752//2752 2753//2753
f 2981//2981 2977//2977 2753//2753
f 3121//3121 2977//2977 2981//2981
f 2980//2980 2860//2860 2859//2859
f 2981//2981 2753//2753 2637//2637
f 2860//2860 2980//2980 2861//2861
f 2751//2751 2984//2984 2629//2629
f 2398//2398 3261//3261 2630//2630
f 2755//2755 2637//2637 2753//2753
f 2861//2861 2981//2981 2637//2637
f 2754//2754 3124//3124 2982//2982
f 3261//3261 2398//2398 2646//2646
f 2758//2758 2984//2984 2864//2864
f 2758//2758 2864//2864 2987//2987
f 2758//2758 2987//2987 2642//2642
f 2863//2863 2759//2759 2985//2985
f 2863//2863 2985//2985 3123//3123
f 2754//2754 2635//2635 3124//3124
f 2863//2863 3123//3123 2986//2986
f 2757//2757 2866//2866 2862//2862
f 2760//2760 2862//2862 2866//2866
f 3126//3126 3124//3124 2635//2635
f 2867//2867 2761//2761 2986//2986
f 2990//2990 2989//2989 3265//3265
f 2868//2868 2761//2761 2867//2867
f 3128//3128 3131//3131 3269//3269
f 2870//2870 2871//2871 2867//2867
f 2869//2869 2868//2868 2867//2867
f 2871//2871 3127//3127 2867//2867
f 2869//2869 2867//2867 3127//3127
f 3510//3510 3266//3266 2644//2644
f 2868//2868 2870//2870 2873//2873
f 2868//2868 2869//2869 2870//2870
f 2871//2871 2870//2870 2869//2869
f 2870//2870 2872//2872 2873//2873
f 2874//2874 3510//3510 2644//2644
f 2876//2876 2992//2992 2522//2522
f 2657//2657 2995//2995 2763//2763
f 2764//2764 2877//2877 3134//3134
f 2764//2764 3134//3134 2878//2878
f 2876//2876 2768//2768 2993//2993
f 2765//2765 3388//3388 2769//2769
f 3135//3135 2879//2879 2996//2996
f 2995//2995 2657//2657 2658//2658
f 2658//2658 2880//2880 2995//2995
f 2996//2996 2879//2879 2770//2770
f 2881//2881 2880//2880 2662//2662
f 2996//2996 2770//2770 2882//2882
f 3137//3137 2881//2881 2664//2664
f 3004//3004 3002//3002 3000//3000
f 3007//3007 3003//3003 3002//3002
f 2771//2771 3144//3144 3143//3143
f 3006//3006 3003//3003 3007//3007
f 3002//3002 2885//2885 3007//3007
f 3004//3004 2885//2885 3002//3002
f 2885//2885 2772//2772 3007//3007
f 3146//3146 3144//3144 2886//2886
f 3146//3146 2669//2669 3008//3008
f 2886//2886 2669//2669 3146//3146
f 3007//3007 2773//2773 3280//3280
f 3280//3280 2773//2773 2887//2887
f 3010//3010 2776//2776 3011//3011
f 3010//3010 2888//2888 2890//2890
f 2890//2890 2888//2888 2891//2891
f 2888//2888 2777//2777 2891//2891
f 2889//2889 2547//2547 2892//2892
f 2778//2778 2675//2675 3289//3289
f 2892//2892 2779//2779 3013//3013
f 3013//3013 2779//2779 2678//2678
f 3014//3014 2678//2678 2679//2679
f 3017//3017 2680//2680 3015//3015
f 2679//2679 3016//3016 3291//3291
f 2680//2680 3018//3018 2550//2550
f 2894//2894 3410//3410 3021//3021
f 2895//2895 3410//3410 2894//2894
f 3021//3021 3411//3411 2681//2681
f 2897//2897 3025//3025 2781//2781
f 2683//2683 2684//2684 3024//3024
f 3023//3023 3024//3024 2682//2682
f 2784//2784 2898//2898 2897//2897
f 3026//3026 2683//2683 3024//3024
f 3295//3295 3027//3027 3026//3026
f 3160//3160 3297//3297 2685//2685
f 3297//3297 2785//2785 2685//2685
f 3165//3165 2901//2901 2785//2785
f 3028//3028 2899//2899 2900//2900
f 3171//3171 2901//2901 3165//3165
f 2794//2794 2903//2903 2900//2900
f 3172//3172 3168//3168 2902//2902
f 2792//2792 3172//3172 2902//2902
f 2792//2792 3032//3032 3172//3172
f 2903//2903 2794//2794 3036//3036
f 2905//2905 2795//2795 2792//2792
f 2796//2796 3178//3178 3032//3032
f 3036//3036 2794//2794 2688//2688
f 2687//2687 2906//2906 2905//2905
f 3036//3036 2688//2688 3037//3037
f 2796//2796 2908//2908 3178//3178
f 2909//2909 2905//2905 3035//3035
f 2906//2906 3035//3035 2905//2905
f 3034//3034 2907//2907 2797//2797
f 3186//3186 3038//3038 2564//2564
f 3308//3308 3178//3178 2908//2908
f 2909//2909 3035//3035 3307//3307
f 2907//2907 2911//2911 2797//2797
f 3040//3040 2911//2911 2907//2907
f 3308//3308 2908//2908 2912//2912
f 3043//3043 2911//2911 3042//3042
f 3041//3041 2801//2801 3189//3189
f 2909//2909 3189//3189 2801//2801
f 3042//3042 2911//2911 3040//3040
f 3045//3045 3193//3193 2914//2914
f 3041//3041 2912//2912 2693//2693
f 3041//3041 2693//2693 2801//2801
f 2914//2914 2915//2915 3045//3045
f 3047//3047 2914//2914 3193//3193
f 2915//2915 2916//2916 3045//3045
f 3196//3196 3039//3039 2574//2574
f 3047//3047 2919//2919 2914//2914
f 3049//3049 2802//2802 2917//2917
f 2918//2918 3048//3048 2916//2916
f 2915//2915 2918//2918 2916//2916
f 2694//2694 3050//3050 2696//2696
f 3049//3049 2917//2917 3054//3054
f 3197//3197 3196//3196 2574//2574
f 3051//3051 2919//2919 3047//3047
f 2915//2915 2919//2919 2918//2918
f 2920//2920 2922//2922 2926//2926
f 2927//2927 2804//2804 2926//2926
f 2804//2804 2927//2927 2811//2811
f 2919//2919 3066//3066 2918//2918
f 3066//3066 2919//2919 3051//3051
f 3053//3053 2924//2924 2925//2925
f 2807//2807 2698//2698 3064//3064
f 2807//2807 3064//3064 3056//3056
f 2807//2807 3056//3056 3061//3061
f 3062//3062 2697//2697 2921//2921
f 3064//3064 2698//2698 3059//3059
f 3060//3060 3056//3056 3064//3064
f 3061//3061 3060//3060 2923//2923
f 3061//3061 2923//2923 2807//2807
f 3073//3073 3062//3062 2921//2921
f 2926//2926 2922//2922 2930//2930
f 2930//2930 2922//2922 2817//2817
f 2928//2928 3060//3060 3064//3064
f 2923//2923 3060//3060 2928//2928
f 2927//2927 2926//2926 2930//2930
f 2931//2931 2927//2927 2930//2930
f 2923//2923 2928//2928 3068//3068
f 3055//3055 2929//2929 2932//2932
f 2923//2923 3068//3068 2812//2812
f 2929//2929 2934//2934 2932//2932
f 2818//2818 3067//3067 3066//3066
f 3070//3070 3066//3066 3069//3069
f 3070//3070 2818//2818 3066//3066
f 2932//2932 2934//2934 3222//3222
f 2930//2930 2817//2817 2939//2939
f 2814//2814 2819//2819 2933//2933
f 3217//3217 2814//2814 2933//2933
f 2816//2816 2814//2814 3217//3217
f 3068//3068 2810//2810 3072//3072
f 2924//2924 3071//3071 2935//2935
f 2924//2924 2935//2935 2925//2925
f 2816//2816 3078//3078 3067//3067
f 2700//2700 2816//2816 3067//3067
f 3072//3072 2810//2810 3070//3070
f 2587//2587 2812//2812 2820//2820
f 2931//2931 2930//2930 2937//2937
f 2819//2819 2936//2936 2933//2933
f 2936//2936 2819//2819 2938//2938
f 2937//2937 2930//2930 2939//2939
f 2820//2820 2812//2812 3079//3079
f 2707//2707 3077//3077 2942//2942
f 2709//2709 3225//3225 2938//2938
f 3073//3073 2921//2921 3080//3080
f 3225//3225 2709//2709 3226//3226
f 2820//2820 3079//3079 3082//3082
f 2937//2937 2939//2939 2948//2948
f 3081//3081 2708//2708 2940//2940
f 2941//2941 3081//3081 2940//2940
f 2824//2824 3082//3082 2953//2953
f 3086//3086 2940//2940 2943//2943
f 3084//3084 2945//2945 2942//2942
f 3084//3084 2941//2941 2945//2945
f 2937//2937 2948//2948 3088//3088
f 3229//3229 2943//2943 2944//2944
f 2941//2941 2940//2940 2947//2947
f 2940//2940 3086//3086 2947//2947
f 2950//2950 3083//3083 3080//3080
f 3086//3086 2946//2946 2947//2947
f 2949//2949 3228//3228 2944//2944
f 3229//3229 2944//2944 3228//3228
f 2941//2941 2947//2947 2832//2832
f 3085//3085 2823//2823 3232//3232
f 2823//2823 2951//2951 3232//3232
f 2949//2949 3233//3233 3228//3228
f 2828//2828 2949//2949 2944//2944
f 2945//2945 2941//2941 2832//2832
f 2830//2830 2945//2945 2832//2832
f 2948//2948 2724//2724 3087//3087
f 2951//2951 2716//2716 3088//3088
f 2833//2833 3091//3091 2950//2950
f 2952//2952 2716//2716 2951//2951
f 3233//3233 2955//2955 3093//3093
f 3233//3233 2949//2949 2955//2955
f 3089//3089 2955//2955 2954//2954
f 3087//3087 2724//2724 3096//3096
f 3089//3089 3240//3240 2955//2955
f 3237//3237 2958//2958 2953//2953
f 3244//3244 3091//3091 2833//2833
f 2956//2956 2836//2836 2959//2959
f 2956//2956 2961//2961 2957//2957
f 2961//2961 2956//2956 2959//2959
f 3244//3244 2833//2833 3100//3100
f 2962//2962 3243//3243 2838//2838
f 3101//3101 2963//2963 2958//2958
f 2961//2961 2959//2959 2845//2845
f 2843//2843 2842//2842 2957//2957
f 2962//2962 3247//3247 3243//3243
f 2966//2966 2963//2963 3101//3101
f 2736//2736 2843//2843 3248//3248
f 2736//2736 3248//3248 3104//3104
f 2847//2847 2965//2965 3105//3105
f 3104//3104 3106//3106 2968//2968
f 2846//2846 2970//2970 2962//2962
f 2970//2970 2969//2969 2962//2962
f 2845//2845 3109//3109 3360//3360
f 3106//3106 2969//2969 2968//2968
f 2971//2971 3105//3105 3107//3107
f 2968//2968 2972//2972 2849//2849
f 2969//2969 2972//2972 2968//2968
f 2970//2970 2972//2972 2969//2969
f 2966//2966 3252//3252 2846//2846
f 2971//2971 3108//3108 2852//2852
f 3108//3108 2742//2742 2853//2853
f 2852//2852 3108//3108 2853//2853
f 2744//2744 3253//3253 3251//3251
f 2970//2970 3113//3113 2972//2972
f 2743//2743 3112//3112 2609//2609
f 2744//2744 2973//2973 3253//3253
f 3113//3113 3115//3115 2972//2972
f 2616//2616 3370//3370 3114//3114
f 3257//3257 2975//2975 2974//2974
f 2976//2976 2975//2975 3257//3257
f 2976//2976 3257//3257 3120//3120
f 2975//2975 3118//3118 2974//2974
f 2978//2978 3118//3118 2975//2975
f 2975//2975 2750//2750 2979//2979
f 2975//2975 2979//2979 2978//2978
f 2750//2750 2977//2977 2979//2979
f 2977//2977 2976//2976 2979//2979
f 2976//2976 2980//2980 2979//2979
f 3121//3121 2978//2978 2979//2979
f 3121//3121 2979//2979 2980//2980
f 2630//2630 3261//3261 3260//3260
f 2280//2280 2865//2865 2749//2749
f 2980//2980 2981//2981 2861//2861
f 2984//2984 2751//2751 2982//2982
f 2982//2982 3124//3124 3263//3263
f 2759//2759 3265//3265 2985//2985
f 3377//3377 2991//2991 3122//3122
f 2864//2864 3126//3126 2987//2987
f 2867//2867 2986//2986 2988//2988
f 2867//2867 2988//2988 2870//2870
f 3127//3127 2870//2870 2988//2988
f 3125//3125 2646//2646 3269//3269
f 3132//3132 3269//3269 3131//3131
f 3127//3127 2872//2872 2870//2870
f 3127//3127 2871//2871 2872//2872
f 2869//2869 3130//3130 2871//2871
f 2869//2869 3127//3127 3130//3130
f 2872//2872 2871//2871 3130//3130
f 2995//2995 2989//2989 2990//2990
f 3272//3272 2872//2872 3130//3130
f 2872//2872 3272//3272 2873//2873
f 3136//3136 2989//2989 2995//2995
f 2878//2878 3134//3134 3379//3379
f 3270//3270 2878//2878 3379//3379
f 2522//2522 2992//2992 2874//2874
f 3272//3272 2875//2875 2873//2873
f 2877//2877 3135//3135 3134//3134
f 2992//2992 2876//2876 3382//3382
f 2876//2876 2993//2993 3382//3382
f 2765//2765 2991//2991 3388//3388
f 3136//3136 2995//2995 2880//2880
f 2994//2994 2875//2875 3272//3272
f 2991//2991 3610//3610 3388//3388
f 2993//2993 2997//2997 3271//3271
f 2875//2875 2994//2994 3137//3137
f 3276//3276 3273//3273 2996//2996
f 3273//3273 3135//3135 2996//2996
f 3270//3270 3383//3383 2878//2878
f 3276//3276 2996//2996 2998//2998
f 2883//2883 2878//2878 3383//3383
f 2769//2769 3388//3388 2999//2999
f 3141//3141 3139//3139 2880//2880
f 3141//3141 2880//2880 2881//2881
f 3141//3141 3137//3137 3386//3386
f 3391//3391 2997//2997 3143//3143
f 3137//3137 3141//3141 2881//2881
f 2996//2996 2882//2882 2998//2998
f 2884//2884 3383//3383 2998//2998
f 2883//2883 3383//3383 2884//2884
f 3140//3140 3000//3000 3001//3001
f 2998//2998 2882//2882 2884//2884
f 3002//3002 3003//3003 3001//3001
f 3000//3000 3002//3002 3001//3001
f 3140//3140 3004//3004 3000//3000
f 3004//3004 3140//3140 3142//3142
f 3003//3003 3006//3006 3278//3278
f 3391//3391 3144//3144 3146//3146
f 3279//3279 3004//3004 3142//3142
f 2885//2885 3004//3004 3279//3279
f 3007//3007 3282//3282 3006//3006
f 3007//3007 3280//3280 3282//3282
f 2885//2885 3279//3279 3009//3009
f 3392//3392 3397//3397 3005//3005
f 3009//3009 3279//3279 3152//3152
f 3005//3005 3397//3397 2775//2775
f 3397//3397 2670//2670 2775//2775
f 3280//3280 2887//2887 3283//3283
f 3009//3009 3152//3152 3011//3011
f 3008//3008 2669//2669 2889//2889
f 3283//3283 2887//2887 2888//2888
f 3153//3153 3283//3283 2888//2888
f 3009//3009 3011//3011 2776//2776
f 2888//2888 3010//3010 3153//3153
f 3010//3010 3011//3011 3153//3153
f 2670//2670 3400//3400 3012//3012
f 2778//2778 3289//3289 3635//3635
f 2778//2778 3635//3635 2893//2893
f 3013//3013 2678//2678 3014//3014
f 3014//3014 3291//3291 3402//3402
f 3017//3017 3015//3015 3154//3154
f 3014//3014 2679//2679 3291//3291
f 3020//3020 3291//3291 3016//3016
f 3018//3018 2680//2680 3017//3017
f 2552//2552 3018//3018 3019//3019
f 3405//3405 2552//2552 3019//3019
f 2780//2780 3529//3529 2895//2895
f 2780//2780 3025//3025 3022//3022
f 2896//2896 3413//3413 2782//2782
f 3022//3022 3025//3025 3293//3293
f 3023//3023 2782//2782 3413//3413
f 2897//2897 3156//3156 3025//3025
f 3293//3293 3025//3025 3156//3156
f 3413//3413 3532//3532 3023//3023
f 3155//3155 3026//3026 3024//3024
f 2897//2897 2898//2898 3159//3159
f 3159//3159 2898//2898 3028//3028
f 3156//3156 2897//2897 3159//3159
f 3159//3159 3028//3028 3164//3164
f 3028//3028 2900//2900 3164//3164
f 3165//3165 2785//2785 3297//3297
f 3164//3164 2900//2900 2903//2903
f 3164//3164 2903//2903 3175//3175
f 2789//2789 2902//2902 3168//3168
f 3029//3029 3033//3033 3030//3030
f 3031//3031 3299//3299 3029//3029
f 2903//2903 3036//3036 3175//3175
f 2904//2904 3300//3300 3183//3183
f 2904//2904 3183//3183 2793//2793
f 2790//2790 3181//3181 3186//3186
f 3181//3181 2790//2790 3033//3033
f 3034//3034 2793//2793 3183//3183
f 3182//3182 3035//3035 2906//2906
f 2910//2910 3182//3182 2906//2906
f 3420//3420 3183//3183 3182//3182
f 3306//3306 2907//2907 3034//3034
f 3039//3039 3036//3036 3037//3037
f 3188//3188 3036//3036 3039//3039
f 3308//3308 3302//3302 3178//3178
f 3311//3311 3182//3182 2910//2910
f 2909//2909 3307//3307 3189//3189
f 3040//3040 2907//2907 3432//3432
f 3188//3188 3039//3039 3196//3196
f 3312//3312 3308//3308 3041//3041
f 3189//3189 3312//3312 3041//3041
f 3308//3308 2912//2912 3041//3041
f 2910//2910 3190//3190 3311//3311
f 2910//2910 3044//3044 3190//3190
f 3044//3044 2910//2910 3043//3043
f 2691//2691 2567//2567 2913//2913
f 3194//3194 3042//3042 3040//3040
f 3194//3194 3040//3040 3191//3191
f 3193//3193 3045//3045 3192//3192
f 3195//3195 3044//3044 3043//3043
f 3195//3195 3043//3043 3042//3042
f 2916//2916 3192//3192 3045//3045
f 3194//3194 3046//3046 3042//3042
f 3047//3047 3193//3193 3199//3199
f 3198//3198 3046//3046 3194//3194
f 3049//3049 3202//3202 2802//2802
f 3198//3198 3201//3201 3046//3046
f 3049//3049 3054//3054 3055//3055
f 3055//3055 3202//3202 3049//3049
f 3051//3051 3047//3047 3199//3199
f 3208//3208 3201//3201 3198//3198
f 3202//3202 3053//3053 2802//2802
f 2918//2918 3203//3203 3048//3048
f 3053//3053 3202//3202 3065//3065
f 2918//2918 3066//3066 3203//3203
f 3208//3208 3052//3052 3201//3201
f 3055//3055 3065//3065 3202//3202
f 3056//3056 3210//3210 3206//3206
f 3057//3057 3201//3201 3052//3052
f 3054//3054 2929//2929 3055//3055
f 3206//3206 3061//3061 3056//3056
f 3063//3063 3052//3052 3208//3208
f 3197//3197 3062//3062 3058//3058
f 3053//3053 3065//3065 2924//2924
f 3066//3066 3451//3451 3203//3203
f 3051//3051 3069//3069 3066//3066
f 3209//3209 3069//3069 3051//3051
f 3056//3056 3059//3059 3210//3210
f 3063//3063 3057//3057 3052//3052
f 2811//2811 2927//2927 2931//2931
f 3064//3064 3059//3059 2928//2928
f 2928//2928 3059//3059 3056//3056
f 3056//3056 3060//3060 3211//3211
f 3056//3056 3211//3211 2928//2928
f 3060//3060 3061//3061 3211//3211
f 3206//3206 3211//3211 3061//3061
f 3066//3066 3067//3067 3451//3451
f 2698//2698 2810//2810 3059//3059
f 2810//2810 3068//3068 3059//3059
f 3210//3210 3059//3059 3068//3068
f 3073//3073 3058//3058 3062//3062
f 3221//3221 3058//3058 3073//3073
f 2928//2928 3210//3210 3068//3068
f 3212//3212 3210//3210 2928//2928
f 3211//3211 3212//3212 2928//2928
f 2924//2924 3065//3065 3071//3071
f 3075//3075 3217//3217 2933//2933
f 3065//3065 3055//3055 2932//2932
f 2933//2933 2936//2936 3075//3075
f 3068//3068 3072//3072 3074//3074
f 3065//3065 2932//2932 3071//3071
f 3217//3217 3078//3078 2816//2816
f 3451//3451 3067//3067 3078//3078
f 3072//3072 3070//3070 3069//3069
f 2812//2812 3068//3068 3074//3074
f 3078//3078 3217//3217 3075//3075
f 2932//2932 3222//3222 3071//3071
f 2938//2938 3075//3075 2936//2936
f 3078//3078 3075//3075 3225//3225
f 3225//3225 3075//3075 2938//2938
f 3225//3225 3331//3331 3078//3078
f 2812//2812 3074//3074 3079//3079
f 3222//3222 2708//2708 3337//3337
f 3456//3456 3222//3222 3337//3337
f 2942//2942 3077//3077 3332//3332
f 3079//3079 3074//3074 3082//3082
f 3073//3073 3080//3080 3221//3221
f 3083//3083 3221//3221 3080//3080
f 2708//2708 3081//3081 3337//3337
f 2942//2942 3332//3332 3084//3084
f 2827//2827 3224//3224 3468//3468
f 3081//3081 2941//2941 3460//3460
f 2823//2823 3085//3085 3226//3226
f 2953//2953 3082//3082 3227//3227
f 2953//2953 3227//3227 3236//3236
f 3230//3230 2943//2943 3229//3229
f 3086//3086 2943//2943 3230//3230
f 2827//2827 3468//3468 2722//2722
f 3083//3083 2950//2950 3091//3091
f 2948//2948 3087//3087 3088//3088
f 3088//3088 3090//3090 2951//2951
f 2953//2953 3236//3236 3237//3237
f 3092//3092 3233//3233 3093//3093
f 3090//3090 3088//3088 3087//3087
f 3090//3090 3232//3232 2951//2951
f 3093//3093 3238//3238 3092//3092
f 3096//3096 3090//3090 3087//3087
f 3092//3092 3097//3097 3094//3094
f 3097//3097 3092//3092 3238//3238
f 2955//2955 3095//3095 3093//3093
f 2955//2955 3240//3240 3095//3095
f 3098//3098 3096//3096 2837//2837
f 3098//3098 3090//3090 3096//3096
f 3237//3237 3241//3241 2958//2958
f 2958//2958 3241//3241 3101//3101
f 3243//3243 3098//3098 2837//2837
f 2838//2838 3243//3243 2837//2837
f 2961//2961 3102//3102 2957//2957
f 3102//3102 2843//2843 2957//2957
f 3100//3100 2844//2844 3244//3244
f 3246//3246 3099//3099 2964//2964
f 3358//3358 3102//3102 2961//2961
f 2960//2960 3099//3099 3245//3245
f 2965//2965 2960//2960 3245//3245
f 3358//3358 2961//2961 2845//2845
f 3101//3101 3103//3103 2966//2966
f 3248//3248 2843//2843 3102//3102
f 2967//2967 3246//3246 2964//2964
f 3106//3106 3104//3104 3357//3357
f 3355//3355 3106//3106 3357//3357
f 3355//3355 3247//3247 3106//3106
f 2969//2969 3106//3106 3247//3247
f 3247//3247 2962//2962 2969//2969
f 3358//3358 2845//2845 3360//3360
f 2844//2844 2848//2848 3362//3362
f 3252//3252 2966//2966 3103//3103
f 2740//2740 3110//3110 2967//2967
f 3251//3251 3360//3360 3109//3109
f 2846//2846 3252//3252 2970//2970
f 2970//2970 3252//3252 3111//3111
f 2742//2742 3361//3361 3110//3110
f 3108//3108 3361//3361 2742//2742
f 2848//2848 2609//2609 3112//3112
f 2970//2970 3111//3111 3113//3113
f 2973//2973 3254//3254 3253//3253
f 3111//3111 3367//3367 3113//3113
f 2850//2850 3116//3116 2973//2973
f 2973//2973 3116//3116 3254//3254
f 3368//3368 3367//3367 3111//3111
f 2850//2850 3115//3115 3116//3116
f 3369//3369 3116//3116 3115//3115
f 3113//3113 3369//3369 3115//3115
f 3369//3369 3502//3502 3116//3116
f 2854//2854 3366//3366 3255//3255
f 2855//2855 3259//3259 3370//3370
f 3255//3255 3597//3597 2858//2858
f 3371//3371 2856//2856 2502//2502
f 3256//3256 3117//3117 2857//2857
f 2856//2856 3371//3371 3811//3811
f 3811//3811 3595//3595 2856//2856
f 3373//3373 2857//2857 2749//2749
f 3118//3118 2978//2978 3119//3119
f 2976//2976 3120//3120 2980//2980
f 3121//3121 3119//3119 2978//2978
f 3120//3120 3119//3119 3121//3121
f 2981//2981 3120//3120 3121//3121
f 2980//2980 3120//3120 2981//2981
f 2982//2982 3263//3263 2984//2984
f 3123//3123 3374//3374 2986//2986
f 3125//3125 3261//3261 2646//2646
f 3123//3123 2985//2985 3264//3264
f 3128//3128 2983//2983 3262//3262
f 2864//2864 2984//2984 3263//3263
f 3374//3374 2988//2988 2986//2986
f 3375//3375 2988//2988 3374//3374
f 3507//3507 2865//2865 3266//3266
f 3263//3263 3124//3124 3126//3126
f 3263//3263 3126//3126 2864//2864
f 3130//3130 3127//3127 2988//2988
f 3380//3380 3265//3265 2989//2989
f 3129//3129 3125//3125 3269//3269
f 3130//3130 3133//3133 3272//3272
f 3134//3134 3133//3133 3268//3268
f 3136//3136 3381//3381 2989//2989
f 3379//3379 3134//3134 3268//3268
f 3272//3272 3133//3133 3274//3274
f 3134//3134 3135//3135 3133//3133
f 3382//3382 2993//2993 3271//3271
f 3274//3274 2994//2994 3272//3272
f 3135//3135 3274//3274 3133//3133
f 3273//3273 3274//3274 3135//3135
f 3139//3139 3136//3136 2880//2880
f 3136//3136 3139//3139 3138//3138
f 3137//3137 2994//2994 3386//3386
f 2998//2998 3383//3383 3276//3276
f 3276//3276 3383//3383 3612//3612
f 3139//3139 3141//3141 3142//3142
f 2997//2997 3391//3391 3616//3616
f 3139//3139 3140//3140 3138//3138
f 3001//3001 3278//3278 3385//3385
f 3138//3138 3140//3140 3001//3001
f 3139//3139 3142//3142 3140//3140
f 3001//3001 3003//3003 3278//3278
f 3386//3386 3142//3142 3141//3141
f 3392//3392 2999//2999 3388//3388
f 3391//3391 3143//3143 3144//3144
f 3392//3392 3005//3005 2999//2999
f 3277//3277 3279//3279 3142//3142
f 3278//3278 3149//3149 3145//3145
f 3147//3147 3145//3145 3148//3148
f 3145//3145 3149//3149 3148//3148
f 3006//3006 3149//3149 3278//3278
f 3394//3394 3393//3393 3147//3147
f 3151//3151 3394//3394 3147//3147
f 3148//3148 3150//3150 3147//3147
f 3006//3006 3282//3282 3149//3149
f 3147//3147 3150//3150 3151//3151
f 3151//3151 3150//3150 3287//3287
f 3281//3281 3148//3148 3149//3149
f 3282//3282 3281//3281 3149//3149
f 3148//3148 3285//3285 3150//3150
f 3281//3281 3285//3285 3148//3148
f 3287//3287 3396//3396 3151//3151
f 3625//3625 3008//3008 2889//2889
f 3150//3150 3285//3285 3287//3287
f 3284//3284 3011//3011 3152//3152
f 3527//3527 2670//2670 3397//3397
f 3011//3011 3284//3284 3395//3395
f 3395//3395 3153//3153 3011//3011
f 2670//2670 3527//3527 3400//3400
f 3399//3399 2889//2889 3288//3288
f 2889//2889 2892//2892 3288//3288
f 3012//3012 3400//3400 3289//3289
f 3400//3400 3528//3528 3289//3289
f 2892//2892 3013//3013 3288//3288
f 3288//3288 3013//3013 3290//3290
f 3290//3290 3013//3013 3014//3014
f 3635//3635 3154//3154 2893//2893
f 3290//3290 3014//3014 3402//3402
f 3154//3154 3403//3403 3017//3017
f 3017//3017 3406//3406 3018//3018
f 3404//3404 3291//3291 3020//3020
f 3020//3020 3405//3405 3404//3404
f 3405//3405 3019//3019 3408//3408
f 3021//3021 3640//3640 3411//3411
f 2895//2895 3529//3529 3410//3410
f 3532//3532 3155//3155 3024//3024
f 3532//3532 3024//3024 3023//3023
f 3295//3295 3026//3026 3155//3155
f 3293//3293 3156//3156 3157//3157
f 3161//3161 3027//3027 3295//3295
f 3158//3158 3293//3293 3157//3157
f 3027//3027 3161//3161 3160//3160
f 3295//3295 3416//3416 3161//3161
f 3156//3156 3159//3159 3167//3167
f 3163//3163 3156//3156 3167//3167
f 3157//3157 3156//3156 3163//3163
f 3158//3158 3157//3157 3162//3162
f 3161//3161 3297//3297 3160//3160
f 3296//3296 3297//3297 3161//3161
f 3159//3159 3164//3164 3167//3167
f 3162//3162 3157//3157 3163//3163
f 3298//3298 3162//3162 3170//3170
f 3167//3167 3164//3164 3175//3175
f 3297//3297 3757//3757 3165//3165
f 3162//3162 3163//3163 3170//3170
f 3298//3298 3170//3170 3166//3166
f 3180//3180 3163//3163 3167//3167
f 3163//3163 3169//3169 3170//3170
f 3166//3166 3170//3170 3176//3176
f 3163//3163 3180//3180 3169//3169
f 3299//3299 2901//2901 3171//3171
f 2901//2901 3299//3299 3031//3031
f 3301//3301 3168//3168 3172//3172
f 2789//2789 3168//3168 3300//3300
f 3180//3180 3167//3167 3175//3175
f 2789//2789 3300//3300 2904//2904
f 3174//3174 3169//3169 3173//3173
f 3176//3176 3170//3170 3169//3169
f 3177//3177 3166//3166 3176//3176
f 3301//3301 3172//3172 3303//3303
f 3168//3168 3301//3301 3300//3300
f 3169//3169 3180//3180 3173//3173
f 3180//3180 3175//3175 3185//3185
f 3176//3176 3169//3169 3174//3174
f 3179//3179 3301//3301 3303//3303
f 3188//3188 3175//3175 3036//3036
f 3185//3185 3173//3173 3180//3180
f 3177//3177 3176//3176 3187//3187
f 3302//3302 3032//3032 3178//3178
f 3172//3172 3032//3032 3302//3302
f 3172//3172 3302//3302 3418//3418
f 3172//3172 3418//3418 3303//3303
f 3300//3300 3179//3179 3182//3182
f 3183//3183 3300//3300 3182//3182
f 3187//3187 3174//3174 3313//3313
f 3176//3176 3174//3174 3187//3187
f 3182//3182 3303//3303 3035//3035
f 3182//3182 3179//3179 3303//3303
f 3303//3303 3305//3305 3035//3035
f 3185//3185 3175//3175 3188//3188
f 3173//3173 3185//3185 3310//3310
f 3307//3307 3035//3035 3305//3305
f 3184//3184 3183//3183 3420//3420
f 3183//3183 3184//3184 3304//3304
f 3183//3183 3304//3304 3034//3034
f 3034//3034 3304//3304 3306//3306
f 3437//3437 3186//3186 3181//3181
f 3420//3420 3182//3182 3311//3311
f 3309//3309 3310//3310 3185//3185
f 2907//2907 3306//3306 3432//3432
f 3200//3200 3185//3185 3188//3188
f 3307//3307 3312//3312 3189//3189
f 3200//3200 3309//3309 3185//3185
f 3196//3196 3200//3200 3188//3188
f 3191//3191 3040//3040 3432//3432
f 3541//3541 2913//2913 3038//3038
f 3658//3658 2691//2691 2913//2913
f 3194//3194 3191//3191 3315//3315
f 3200//3200 3196//3196 3197//3197
f 2691//2691 3658//3658 2694//2694
f 2916//2916 3316//3316 3192//3192
f 3318//3318 3192//3192 3316//3316
f 3193//3193 3192//3192 3199//3199
f 3199//3199 3192//3192 3318//3318
f 3439//3439 3044//3044 3195//3195
f 3042//3042 3046//3046 3195//3195
f 2916//2916 3048//3048 3316//3316
f 3315//3315 3198//3198 3194//3194
f 3316//3316 3048//3048 3319//3319
f 3198//3198 3315//3315 3322//3322
f 3050//3050 2694//2694 3442//3442
f 3046//3046 3204//3204 3195//3195
f 3046//3046 3201//3201 3204//3204
f 3322//3322 3208//3208 3198//3198
f 3200//3200 3197//3197 3207//3207
f 3199//3199 3205//3205 3051//3051
f 3207//3207 3197//3197 3058//3058
f 3048//3048 3203//3203 3319//3319
f 3324//3324 3319//3319 3203//3203
f 3201//3201 3057//3057 3204//3204
f 3548//3548 3208//3208 3322//3322
f 3327//3327 3208//3208 3548//3548
f 3206//3206 3210//3210 3212//3212
f 3204//3204 3057//3057 3447//3447
f 3324//3324 3203//3203 3451//3451
f 3051//3051 3205//3205 3209//3209
f 3207//3207 3058//3058 3221//3221
f 3208//3208 3327//3327 3063//3063
f 3446//3446 3076//3076 3050//3050
f 3324//3324 3451//3451 3214//3214
f 3206//3206 3212//3212 3211//3211
f 3326//3326 3207//3207 3213//3213
f 3215//3215 3447//3447 3057//3057
f 3063//3063 3215//3215 3057//3057
f 3213//3213 3207//3207 3221//3221
f 3209//3209 3216//3216 3069//3069
f 3220//3220 3063//3063 3327//3327
f 3063//3063 3220//3220 3215//3215
f 3213//3213 3221//3221 3219//3219
f 3078//3078 3331//3331 3451//3451
f 3220//3220 3327//3327 3551//3551
f 3219//3219 3455//3455 3213//3213
f 3069//3069 3216//3216 3072//3072
f 3076//3076 3552//3552 3224//3224
f 2935//2935 3071//3071 3077//3077
f 3071//3071 3668//3668 3077//3077
f 3072//3072 3216//3216 3074//3074
f 3220//3220 3334//3334 3215//3215
f 3219//3219 3221//3221 3083//3083
f 3074//3074 3216//3216 3227//3227
f 3333//3333 3331//3331 3225//3225
f 3336//3336 3219//3219 3083//3083
f 3226//3226 3335//3335 3225//3225
f 3457//3457 3333//3333 3225//3225
f 3082//3082 3074//3074 3227//3227
f 3081//3081 3460//3460 3337//3337
f 3226//3226 3085//3085 3338//3338
f 2941//2941 3672//3672 3460//3460
f 3227//3227 3340//3340 3236//3236
f 3085//3085 3231//3231 3469//3469
f 3231//3231 3085//3085 3232//3232
f 3336//3336 3083//3083 3091//3091
f 3345//3345 3236//3236 3340//3340
f 3234//3234 3228//3228 3233//3233
f 2946//2946 3235//3235 3089//3089
f 3086//3086 3235//3235 2946//2946
f 3237//3237 3236//3236 3345//3345
f 3233//3233 3092//3092 3234//3234
f 3352//3352 3336//3336 3091//3091
f 3092//3092 3346//3346 3234//3234
f 3092//3092 3094//3094 3346//3346
f 3089//3089 3235//3235 3240//3240
f 3487//3487 3231//3231 3232//3232
f 3346//3346 3094//3094 3239//3239
f 3249//3249 3352//3352 3091//3091
f 3238//3238 3093//3093 3095//3095
f 3232//3232 3090//3090 3098//3098
f 3487//3487 3232//3232 3098//3098
f 3242//3242 3097//3097 3238//3238
f 3345//3345 3351//3351 3241//3241
f 3237//3237 3345//3345 3241//3241
f 3094//3094 3353//3353 3239//3239
f 3094//3094 3097//3097 3353//3353
f 3240//3240 3350//3350 3095//3095
f 3249//3249 3091//3091 3244//3244
f 2722//2722 3354//3354 2734//2734
f 3242//3242 3353//3353 3097//3097
f 3241//3241 3488//3488 3101//3101
f 3098//3098 3243//3243 3490//3490
f 3355//3355 3490//3490 3243//3243
f 3355//3355 3243//3243 3247//3247
f 3099//3099 3246//3246 3245//3245
f 3249//3249 3244//3244 2844//2844
f 3493//3493 3102//3102 3358//3358
f 3491//3491 3103//3103 3101//3101
f 3102//3102 3493//3493 3248//3248
f 3104//3104 3248//3248 3357//3357
f 3355//3355 3357//3357 3490//3490
f 2734//2734 3499//3499 2741//2741
f 3249//3249 2844//2844 3250//3250
f 3582//3582 3246//3246 2967//2967
f 3105//3105 3787//3787 3107//3107
f 3582//3582 2967//2967 3110//3110
f 3362//3362 2848//2848 3112//3112
f 3250//3250 2844//2844 3362//3362
f 3361//3361 3695//3695 3110//3110
f 2971//2971 3361//3361 3108//3108
f 3363//3363 3360//3360 3251//3251
f 3253//3253 3363//3363 3251//3251
f 3252//3252 3364//3364 3111//3111
f 2741//2741 3499//3499 3366//3366
f 3254//3254 3363//3363 3253//3253
f 3497//3497 3363//3363 3254//3254
f 3112//3112 2743//2743 3114//3114
f 3116//3116 3498//3498 3254//3254
f 3364//3364 3368//3368 3111//3111
f 3112//3112 3114//3114 3500//3500
f 3590//3590 3498//3498 3116//3116
f 3590//3590 3116//3116 3502//3502
f 3113//3113 3367//3367 3369//3369
f 3114//3114 3370//3370 3800//3800
f 3369//3369 3503//3503 3502//3502
f 3370//3370 3259//3259 3593//3593
f 3371//3371 2502//2502 3256//3256
f 2974//2974 3258//3258 3257//3257
f 2857//2857 3372//3372 3256//3256
f 2974//2974 3118//3118 3258//3258
f 3119//3119 3258//3258 3118//3118
f 3120//3120 3257//3257 3258//3258
f 3120//3120 3258//3258 3119//3119
f 3260//3260 3261//3261 3814//3814
f 2983//2983 3598//3598 3262//3262
f 3599//3599 3506//3506 3374//3374
f 3599//3599 3374//3374 3123//3123
f 3122//3122 3601//3601 3377//3377
f 3264//3264 3599//3599 3123//3123
f 3264//3264 2985//2985 3376//3376
f 3267//3267 2988//2988 3375//3375
f 3265//3265 3376//3376 2985//2985
f 3130//3130 2988//2988 3267//3267
f 3267//3267 3268//3268 3130//3130
f 3379//3379 3268//3268 3267//3267
f 3131//3131 3128//3128 3509//3509
f 3130//3130 3268//3268 3133//3133
f 3131//3131 3509//3509 3132//3132
f 3266//3266 3510//3510 3603//3603
f 3510//3510 2874//2874 3511//3511
f 2992//2992 3511//3511 2874//2874
f 2992//2992 3382//3382 3724//3724
f 3136//3136 3138//3138 3381//3381
f 3270//3270 3728//3728 3383//3383
f 3616//3616 3271//3271 2997//2997
f 3275//3275 2994//2994 3274//3274
f 3273//3273 3275//3275 3274//3274
f 3001//3001 3385//3385 3384//3384
f 3001//3001 3384//3384 3138//3138
f 3728//3728 3612//3612 3383//3383
f 3387//3387 3386//3386 2994//2994
f 3275//3275 3387//3387 2994//2994
f 3278//3278 3389//3389 3385//3385
f 3277//3277 3142//3142 3386//3386
f 3145//3145 3390//3390 3389//3389
f 3390//3390 3145//3145 3622//3622
f 3278//3278 3145//3145 3389//3389
f 3145//3145 3736//3736 3622//3622
f 3517//3517 3145//3145 3147//3147
f 3279//3279 3518//3518 3152//3152
f 3282//3282 3523//3523 3281//3281
f 3630//3630 3283//3283 3395//3395
f 3152//3152 3518//3518 3284//3284
f 3525//3525 3286//3286 3285//3285
f 3281//3281 3525//3525 3285//3285
f 3523//3523 3525//3525 3281//3281
f 3280//3280 3283//3283 3282//3282
f 3285//3285 3286//3286 3287//3287
f 3525//3525 3524//3524 3286//3286
f 3283//3283 3153//3153 3395//3395
f 3625//3625 3399//3399 3398//3398
f 3286//3286 3396//3396 3287//3287
f 2889//2889 3399//3399 3625//3625
f 3288//3288 3401//3401 3399//3399
f 3528//3528 3635//3635 3289//3289
f 3288//3288 3290//3290 3401//3401
f 3401//3401 3290//3290 3402//3402
f 3017//3017 3403//3403 3406//3406
f 3291//3291 3404//3404 3748//3748
f 3408//3408 3404//3404 3405//3405
f 3406//3406 3407//3407 3019//3019
f 3019//3019 3407//3407 3408//3408
f 3019//3019 3018//3018 3406//3406
f 3411//3411 3640//3640 3409//3409
f 3411//3411 3530//3530 3292//3292
f 2780//2780 3412//3412 3529//3529
f 3530//3530 2896//2896 3292//3292
f 2780//2780 3022//3022 3412//3412
f 2896//2896 3530//3530 3413//3413
f 3293//3293 3414//3414 3022//3022
f 3295//3295 3155//3155 3294//3294
f 3414//3414 3293//3293 3158//3158
f 3158//3158 3415//3415 3414//3414
f 3416//3416 3296//3296 3161//3161
f 3646//3646 3416//3416 3295//3295
f 3162//3162 3415//3415 3158//3158
f 3162//3162 3298//3298 3415//3415
f 3649//3649 3757//3757 3297//3297
f 3165//3165 3759//3759 3171//3171
f 3759//3759 3165//3165 3757//3757
f 3171//3171 3417//3417 3299//3299
f 3417//3417 3171//3171 3759//3759
f 3166//3166 3177//3177 3535//3535
f 3300//3300 3301//3301 3179//3179
f 3173//3173 3310//3310 3174//3174
f 3033//3033 3029//3029 3299//3299
f 3033//3033 3424//3424 3181//3181
f 3418//3418 3302//3302 3425//3425
f 3303//3303 3418//3418 3305//3305
f 3174//3174 3310//3310 3313//3313
f 3423//3423 3304//3304 3184//3184
f 3425//3425 3302//3302 3308//3308
f 3420//3420 3304//3304 3422//3422
f 3306//3306 3304//3304 3435//3435
f 3424//3424 3437//3437 3181//3181
f 3425//3425 3308//3308 3312//3312
f 3425//3425 3312//3312 3305//3305
f 3428//3428 3435//3435 3304//3304
f 3428//3428 3304//3304 3420//3420
f 3307//3307 3305//3305 3312//3312
f 3311//3311 3428//3428 3420//3420
f 3435//3435 3436//3436 3432//3432
f 3435//3435 3432//3432 3306//3306
f 3310//3310 3309//3309 3314//3314
f 3177//3177 3187//3187 3313//3313
f 3440//3440 3177//3177 3313//3313
f 3437//3437 3038//3038 3186//3186
f 3432//3432 3434//3434 3191//3191
f 3313//3313 3310//3310 3314//3314
f 3538//3538 3311//3311 3190//3190
f 3440//3440 3313//3313 3317//3317
f 3315//3315 3191//3191 3434//3434
f 3317//3317 3313//3313 3314//3314
f 2913//2913 3541//3541 3658//3658
f 3439//3439 3190//3190 3044//3044
f 3317//3317 3542//3542 3440//3440
f 3314//3314 3309//3309 3323//3323
f 3320//3320 3314//3314 3323//3323
f 2694//2694 3658//3658 3442//3442
f 3318//3318 3316//3316 3319//3319
f 3314//3314 3320//3320 3321//3321
f 3317//3317 3314//3314 3321//3321
f 3318//3318 3319//3319 3324//3324
f 3199//3199 3318//3318 3205//3205
f 3321//3321 3320//3320 3443//3443
f 3205//3205 3318//3318 3324//3324
f 3195//3195 3204//3204 3441//3441
f 3309//3309 3200//3200 3323//3323
f 3200//3200 3207//3207 3323//3323
f 3320//3320 3323//3323 3325//3325
f 3443//3443 3320//3320 3325//3325
f 3441//3441 3204//3204 3447//3447
f 3205//3205 3324//3324 3214//3214
f 3325//3325 3323//3323 3326//3326
f 3326//3326 3323//3323 3207//3207
f 3205//3205 3214//3214 3330//3330
f 3326//3326 3448//3448 3325//3325
f 3205//3205 3330//3330 3209//3209
f 3548//3548 3551//3551 3327//3327
f 3213//3213 3448//3448 3326//3326
f 3449//3449 3452//3452 3218//3218
f 3076//3076 3446//3446 3552//3552
f 3209//3209 3330//3330 3216//3216
f 3451//3451 3328//3328 3214//3214
f 3330//3330 3214//3214 3328//3328
f 3447//3447 3215//3215 3550//3550
f 3218//3218 3329//3329 3449//3449
f 3448//3448 3213//3213 3455//3455
f 3449//3449 3329//3329 3557//3557
f 3330//3330 3328//3328 3333//3333
f 3564//3564 3550//3550 3215//3215
f 3551//3551 3561//3561 3220//3220
f 3218//3218 3223//3223 3329//3329
f 3452//3452 3223//3223 3218//3218
f 3452//3452 3566//3566 3223//3223
f 3456//3456 3454//3454 3222//3222
f 3071//3071 3222//3222 3454//3454
f 3668//3668 3071//3071 3454//3454
f 3461//3461 3455//3455 3219//3219
f 3668//3668 3332//3332 3077//3077
f 3555//3555 3335//3335 3665//3665
f 3227//3227 3330//3330 3333//3333
f 3216//3216 3330//3330 3227//3227
f 3225//3225 3335//3335 3555//3555
f 3560//3560 3225//3225 3555//3555
f 3227//3227 3333//3333 3457//3457
f 3220//3220 3561//3561 3334//3334
f 3337//3337 3558//3558 3456//3456
f 3335//3335 3338//3338 3769//3769
f 3225//3225 3560//3560 3457//3457
f 3334//3334 3464//3464 3215//3215
f 3461//3461 3219//3219 3336//3336
f 3453//3453 3471//3471 3458//3458
f 3224//3224 3552//3552 3468//3468
f 3226//3226 3338//3338 3335//3335
f 3227//3227 3457//3457 3340//3340
f 3223//3223 3459//3459 3329//3329
f 3558//3558 3337//3337 3460//3460
f 3459//3459 3223//3223 3466//3466
f 3336//3336 3341//3341 3461//3461
f 3084//3084 3672//3672 2941//2941
f 3332//3332 3672//3672 3084//3084
f 3474//3474 3334//3334 3561//3561
f 3466//3466 3223//3223 3566//3566
f 3334//3334 3474//3474 3464//3464
f 3461//3461 3341//3341 3471//3471
f 3457//3457 3463//3463 3339//3339
f 3457//3457 3339//3339 3340//3340
f 3463//3463 3469//3469 3339//3339
f 3467//3467 3464//3464 3474//3474
f 3466//3466 3478//3478 3473//3473
f 3341//3341 3336//3336 3352//3352
f 3339//3339 3469//3469 3231//3231
f 3471//3471 3341//3341 3344//3344
f 3229//3229 3342//3342 3230//3230
f 3229//3229 3228//3228 3342//3342
f 3230//3230 3342//3342 3343//3343
f 3230//3230 3235//3235 3086//3086
f 3339//3339 3231//3231 3347//3347
f 3345//3345 3339//3339 3347//3347
f 3340//3340 3339//3339 3345//3345
f 3344//3344 3341//3341 3352//3352
f 3228//3228 3234//3234 3681//3681
f 3487//3487 3347//3347 3231//3231
f 3235//3235 3230//3230 3343//3343
f 3482//3482 3346//3346 3348//3348
f 3234//3234 3346//3346 3482//3482
f 3482//3482 3681//3681 3234//3234
f 3484//3484 3480//3480 3344//3344
f 3468//3468 3354//3354 2722//2722
f 3235//3235 3343//3343 3240//3240
f 3240//3240 3343//3343 3481//3481
f 3344//3344 3352//3352 3484//3484
f 3346//3346 3239//3239 3348//3348
f 3240//3240 3481//3481 3350//3350
f 3345//3345 3347//3347 3351//3351
f 3239//3239 3353//3353 3349//3349
f 3349//3349 3348//3348 3239//3239
f 3350//3350 3238//3238 3095//3095
f 3483//3483 3349//3349 3242//3242
f 3238//3238 3483//3483 3242//3242
f 3351//3351 3347//3347 3487//3487
f 3242//3242 3349//3349 3353//3353
f 3356//3356 3484//3484 3352//3352
f 3249//3249 3356//3356 3352//3352
f 3487//3487 3098//3098 3490//3490
f 3578//3578 3241//3241 3351//3351
f 2734//2734 3354//3354 3499//3499
f 3354//3354 3795//3795 3499//3499
f 3101//3101 3488//3488 3491//3491
f 3246//3246 3581//3581 3245//3245
f 3248//3248 3583//3583 3357//3357
f 3356//3356 3249//3249 3495//3495
f 3583//3583 3248//3248 3493//3493
f 3583//3583 3490//3490 3357//3357
f 3494//3494 3103//3103 3491//3491
f 3356//3356 3495//3495 3489//3489
f 3358//3358 3360//3360 3359//3359
f 3493//3493 3358//3358 3359//3359
f 3496//3496 3249//3249 3250//3250
f 3495//3495 3249//3249 3496//3496
f 3363//3363 3359//3359 3360//3360
f 3494//3494 3364//3364 3103//3103
f 3364//3364 3252//3252 3103//3103
f 3363//3363 3497//3497 3359//3359
f 3496//3496 3250//3250 3504//3504
f 3362//3362 3112//3112 3501//3501
f 3365//3365 3250//3250 3362//3362
f 3250//3250 3365//3365 3504//3504
f 3497//3497 3254//3254 3498//3498
f 3501//3501 3112//3112 3500//3500
f 3501//3501 3365//3365 3362//3362
f 3364//3364 3708//3708 3368//3368
f 3369//3369 3367//3367 3503//3503
f 3503//3503 3367//3367 3706//3706
f 3367//3367 3368//3368 3706//3706
f 3503//3503 3590//3590 3502//3502
f 3800//3800 3370//3370 3593//3593
f 3255//3255 3366//3366 3597//3597
f 3593//3593 3259//3259 3260//3260
f 3256//3256 3372//3372 3713//3713
f 3372//3372 2857//2857 3373//3373
f 3260//3260 3814//3814 3813//3813
f 2749//2749 3505//3505 3373//3373
f 3597//3597 3601//3601 3122//3122
f 2749//2749 2865//2865 3505//3505
f 3814//3814 3261//3261 3125//3125
f 3374//3374 3506//3506 3375//3375
f 3505//3505 2865//2865 3507//3507
f 3125//3125 3129//3129 3814//3814
f 3264//3264 3376//3376 3816//3816
f 3266//3266 3603//3603 3507//3507
f 3269//3269 3602//3602 3129//3129
f 3380//3380 3376//3376 3265//3265
f 3379//3379 3267//3267 3378//3378
f 3509//3509 3128//3128 3262//3262
f 3132//3132 3509//3509 3269//3269
f 3377//3377 3610//3610 2991//2991
f 2989//2989 3381//3381 3380//3380
f 3379//3379 3605//3605 3270//3270
f 3605//3605 3728//3728 3270//3270
f 3725//3725 3381//3381 3384//3384
f 3138//3138 3384//3384 3381//3381
f 3273//3273 3276//3276 3275//3275
f 3614//3614 3387//3387 3275//3275
f 3277//3277 3386//3386 3387//3387
f 3389//3389 3390//3390 3619//3619
f 3512//3512 3391//3391 3146//3146
f 3145//3145 3517//3517 3736//3736
f 3512//3512 3146//3146 3627//3627
f 3279//3279 3277//3277 3518//3518
f 3146//3146 3008//3008 3627//3627
f 3147//3147 3393//3393 3517//3517
f 3394//3394 3513//3513 3393//3393
f 3627//3627 3008//3008 3625//3625
f 3394//3394 3519//3519 3513//3513
f 3394//3394 3151//3151 3520//3520
f 3518//3518 3395//3395 3284//3284
f 3151//3151 3396//3396 3520//3520
f 3524//3524 3525//3525 3742//3742
f 3283//3283 3523//3523 3282//3282
f 3523//3523 3522//3522 3525//3525
f 3286//3286 3524//3524 3526//3526
f 3631//3631 3398//3398 3399//3399
f 3286//3286 3526//3526 3396//3396
f 3399//3399 3401//3401 3744//3744
f 3744//3744 3401//3401 3632//3632
f 3633//3633 3632//3632 3401//3401
f 3528//3528 3636//3636 3635//3635
f 3402//3402 3291//3291 3634//3634
f 3291//3291 3748//3748 3634//3634
f 3635//3635 3403//3403 3154//3154
f 3408//3408 3747//3747 3404//3404
f 3640//3640 3021//3021 3410//3410
f 3411//3411 3409//3409 3530//3530
f 3412//3412 3531//3531 3529//3529
f 3530//3530 3643//3643 3413//3413
f 3022//3022 3531//3531 3412//3412
f 3531//3531 3022//3022 3414//3414
f 3415//3415 3645//3645 3414//3414
f 3416//3416 3647//3647 3296//3296
f 3646//3646 3647//3647 3416//3416
f 3415//3415 3298//3298 3534//3534
f 3298//3298 3166//3166 3534//3534
f 3166//3166 3535//3535 3534//3534
f 3423//3423 3184//3184 3650//3650
f 3418//3418 3425//3425 3305//3305
f 3184//3184 3422//3422 3421//3421
f 3184//3184 3420//3420 3422//3422
f 3177//3177 3440//3440 3535//3535
f 3419//3419 3429//3429 3426//3426
f 3429//3429 3419//3419 3430//3430
f 3421//3421 3430//3430 3419//3419
f 3422//3422 3304//3304 3423//3423
f 3422//3422 3423//3423 3427//3427
f 3427//3427 3423//3423 3650//3650
f 3535//3535 3537//3537 3652//3652
f 3431//3431 3429//3429 3430//3430
f 3422//3422 3430//3430 3421//3421
f 3435//3435 3428//3428 3422//3422
f 3427//3427 3435//3435 3422//3422
f 3440//3440 3537//3537 3535//3535
f 3426//3426 3429//3429 3654//3654
f 3429//3429 3431//3431 3654//3654
f 3428//3428 3431//3431 3430//3430
f 3422//3422 3428//3428 3430//3430
f 3311//3311 3538//3538 3428//3428
f 3440//3440 3438//3438 3537//3537
f 3539//3539 3654//3654 3431//3431
f 3432//3432 3433//3433 3434//3434
f 3433//3433 3432//3432 3436//3436
f 3538//3538 3190//3190 3439//3439
f 3436//3436 3435//3435 3538//3538
f 3436//3436 3538//3538 3439//3439
f 3434//3434 3433//3433 3540//3540
f 3541//3541 3038//3038 3437//3437
f 3434//3434 3540//3540 3315//3315
f 3315//3315 3545//3545 3322//3322
f 3540//3540 3545//3545 3315//3315
f 3439//3439 3195//3195 3441//3441
f 3445//3445 3439//3439 3441//3441
f 3445//3445 3543//3543 3439//3439
f 3542//3542 3317//3317 3659//3659
f 3657//3657 3542//3542 3659//3659
f 3317//3317 3321//3321 3659//3659
f 3659//3659 3321//3321 3444//3444
f 3050//3050 3442//3442 3546//3546
f 3443//3443 3444//3444 3321//3321
f 3447//3447 3445//3445 3441//3441
f 3050//3050 3546//3546 3446//3446
f 3545//3545 3548//3548 3322//3322
f 3448//3448 3443//3443 3325//3325
f 3444//3444 3443//3443 3549//3549
f 3549//3549 3443//3443 3450//3450
f 3443//3443 3448//3448 3450//3450
f 3549//3549 3660//3660 3444//3444
f 3445//3445 3447//3447 3550//3550
f 3450//3450 3448//3448 3455//3455
f 3549//3549 3450//3450 3453//3453
f 3331//3331 3328//3328 3451//3451
f 3553//3553 3549//3549 3453//3453
f 3450//3450 3455//3455 3461//3461
f 3553//3553 3462//3462 3670//3670
f 3456//3456 3554//3554 3454//3454
f 3665//3665 3335//3335 3663//3663
f 3333//3333 3328//3328 3331//3331
f 3453//3453 3450//3450 3461//3461
f 3456//3456 3558//3558 3554//3554
f 3666//3666 3668//3668 3454//3454
f 3335//3335 3769//3769 3663//3663
f 3560//3560 3555//3555 3556//3556
f 3215//3215 3464//3464 3564//3564
f 3453//3453 3461//3461 3471//3471
f 3553//3553 3453//3453 3462//3462
f 3459//3459 3557//3557 3329//3329
f 3462//3462 3453//3453 3458//3458
f 3332//3332 3668//3668 3672//3672
f 3457//3457 3560//3560 3463//3463
f 3460//3460 3669//3669 3558//3558
f 3460//3460 3562//3562 3669//3669
f 3672//3672 3562//3562 3460//3460
f 3459//3459 3466//3466 3473//3473
f 3462//3462 3458//3458 3465//3465
f 3670//3670 3462//3462 3465//3465
f 3085//3085 3671//3671 3338//3338
f 3567//3567 3459//3459 3473//3473
f 3469//3469 3671//3671 3085//3085
f 3463//3463 3671//3671 3469//3469
f 3566//3566 3472//3472 3466//3466
f 3458//3458 3471//3471 3470//3470
f 3465//3465 3458//3458 3470//3470
f 3465//3465 3774//3774 3670//3670
f 3465//3465 3470//3470 3476//3476
f 3475//3475 3774//3774 3465//3465
f 3474//3474 3568//3568 3467//3467
f 3344//3344 3470//3470 3471//3471
f 3478//3478 3466//3466 3472//3472
f 3465//3465 3476//3476 3479//3479
f 3475//3475 3465//3465 3479//3479
f 3569//3569 3567//3567 3477//3477
f 3567//3567 3473//3473 3477//3477
f 3473//3473 3478//3478 3477//3477
f 3472//3472 3477//3477 3478//3478
f 3678//3678 3477//3477 3472//3472
f 3470//3470 3344//3344 3480//3480
f 3476//3476 3470//3470 3480//3480
f 3228//3228 3681//3681 3342//3342
f 3342//3342 3481//3481 3343//3343
f 3569//3569 3477//3477 3571//3571
f 3475//3475 3479//3479 3683//3683
f 3467//3467 3568//3568 3570//3570
f 3477//3477 3572//3572 3571//3571
f 3342//3342 3682//3682 3481//3481
f 3483//3483 3681//3681 3482//3482
f 3476//3476 3480//3480 3484//3484
f 3576//3576 3481//3481 3682//3682
f 3481//3481 3576//3576 3350//3350
f 3574//3574 3571//3571 3572//3572
f 3573//3573 3683//3683 3479//3479
f 3482//3482 3348//3348 3349//3349
f 3483//3483 3482//3482 3349//3349
f 3483//3483 3238//3238 3350//3350
f 3479//3479 3476//3476 3485//3485
f 3485//3485 3476//3476 3486//3486
f 3573//3573 3479//3479 3485//3485
f 3476//3476 3484//3484 3486//3486
f 3484//3484 3356//3356 3486//3486
f 3351//3351 3487//3487 3578//3578
f 3485//3485 3486//3486 3696//3696
f 3487//3487 3490//3490 3580//3580
f 3578//3578 3487//3487 3580//3580
f 3241//3241 3578//3578 3488//3488
f 3486//3486 3356//3356 3489//3489
f 3696//3696 3486//3486 3579//3579
f 3579//3579 3486//3486 3489//3489
f 3783//3783 3105//3105 2965//2965
f 3787//3787 3105//3105 3783//3783
f 3581//3581 3246//3246 3582//3582
f 3490//3490 3583//3583 3580//3580
f 3787//3787 3492//3492 3107//3107
f 3359//3359 3584//3584 3493//3493
f 3582//3582 3110//3110 3695//3695
f 3107//3107 3492//3492 3361//3361
f 2971//2971 3107//3107 3361//3361
f 3587//3587 3584//3584 3359//3359
f 3364//3364 3494//3494 3790//3790
f 3489//3489 3495//3495 3585//3585
f 3587//3587 3359//3359 3497//3497
f 3499//3499 3588//3588 3366//3366
f 3496//3496 3504//3504 3589//3589
f 3495//3495 3496//3496 3589//3589
f 3587//3587 3497//3497 3498//3498
f 3708//3708 3364//3364 3698//3698
f 3590//3590 3587//3587 3498//3498
f 3365//3365 3501//3501 3703//3703
f 3591//3591 3589//3589 3504//3504
f 3365//3365 3703//3703 3804//3804
f 3804//3804 3504//3504 3365//3365
f 3260//3260 3813//3813 3593//3593
f 3595//3595 3811//3811 3812//3812
f 3598//3598 2983//2983 3595//3595
f 3598//3598 3600//3600 3262//3262
f 3378//3378 3267//3267 3718//3718
f 3508//3508 3262//3262 3817//3817
f 3380//3380 3606//3606 3376//3376
f 3601//3601 3610//3610 3377//3377
f 3509//3509 3262//3262 3508//3508
f 3379//3379 3378//3378 3605//3605
f 3602//3602 3269//3269 3509//3509
f 3603//3603 3510//3510 3826//3826
f 3605//3605 3607//3607 3728//3728
f 3380//3380 3381//3381 3725//3725
f 3724//3724 3511//3511 2992//2992
f 3724//3724 3382//3382 3726//3726
f 3726//3726 3382//3382 3271//3271
f 3613//3613 3726//3726 3271//3271
f 3271//3271 3616//3616 3613//3613
f 3388//3388 3610//3610 3727//3727
f 3276//3276 3612//3612 3275//3275
f 3727//3727 3392//3392 3388//3388
f 3619//3619 3615//3615 3385//3385
f 3389//3389 3619//3619 3385//3385
f 3387//3387 3733//3733 3277//3277
f 3391//3391 3512//3512 3616//3616
f 3623//3623 3620//3620 3513//3513
f 3513//3513 3620//3620 3514//3514
f 3514//3514 3515//3515 3517//3517
f 3736//3736 3517//3517 3515//3515
f 3516//3516 3618//3618 3518//3518
f 3277//3277 3516//3516 3518//3518
f 3513//3513 3626//3626 3623//3623
f 3517//3517 3393//3393 3514//3514
f 3514//3514 3393//3393 3513//3513
f 3513//3513 3519//3519 3626//3626
f 3618//3618 3629//3629 3518//3518
f 3629//3629 3630//3630 3395//3395
f 3518//3518 3629//3629 3395//3395
f 3394//3394 3520//3520 3519//3519
f 3519//3519 3520//3520 3521//3521
f 3523//3523 3630//3630 3522//3522
f 3625//3625 3398//3398 3631//3631
f 3521//3521 3520//3520 3526//3526
f 3283//3283 3630//3630 3523//3523
f 3396//3396 3526//3526 3520//3520
f 3522//3522 3742//3742 3525//3525
f 3524//3524 3521//3521 3526//3526
f 3631//3631 3399//3399 3744//3744
f 3400//3400 3842//3842 3528//3528
f 3944//3944 3636//3636 3528//3528
f 3633//3633 3401//3401 3402//3402
f 3403//3403 3635//3635 3637//3637
f 3638//3638 3403//3403 3637//3637
f 3638//3638 3639//3639 3407//3407
f 3406//3406 3403//3403 3638//3638
f 3749//3749 3747//3747 3408//3408
f 3748//3748 3404//3404 3747//3747
f 3406//3406 3638//3638 3407//3407
f 3408//3408 3407//3407 3749//3749
f 3640//3640 3410//3410 3641//3641
f 3529//3529 3641//3641 3410//3410
f 3414//3414 3750//3750 3531//3531
f 3532//3532 3413//3413 3643//3643
f 3294//3294 3155//3155 3532//3532
f 3414//3414 3645//3645 3750//3750
f 3648//3648 3294//3294 3532//3532
f 3646//3646 3295//3295 3294//3294
f 3297//3297 3296//3296 3649//3649
f 3649//3649 3296//3296 3647//3647
f 3415//3415 3533//3533 3645//3645
f 3534//3534 3533//3533 3415//3415
f 3534//3534 3535//3535 3533//3533
f 3966//3966 3759//3759 3757//3757
f 3756//3756 3533//3533 3652//3652
f 3535//3535 3652//3652 3533//3533
f 3651//3651 3650//3650 3184//3184
f 3417//3417 3760//3760 3299//3299
f 3426//3426 3536//3536 3419//3419
f 3651//3651 3421//3421 3419//3419
f 3184//3184 3421//3421 3651//3651
f 3652//3652 3537//3537 3653//3653
f 3654//3654 3655//3655 3426//3426
f 3538//3538 3656//3656 3428//3428
f 3435//3435 3656//3656 3538//3538
f 3656//3656 3435//3435 3427//3427
f 3431//3431 3428//3428 3539//3539
f 3539//3539 3428//3428 3656//3656
f 3656//3656 3763//3763 3539//3539
f 3436//3436 3543//3543 3433//3433
f 3540//3540 3433//3433 3543//3543
f 3440//3440 3542//3542 3438//3438
f 3541//3541 3437//3437 4207//4207
f 3436//3436 3439//3439 3543//3543
f 3540//3540 3543//3543 3544//3544
f 3438//3438 3542//3542 3657//3657
f 3544//3544 3543//3543 3445//3445
f 3540//3540 3544//3544 3545//3545
f 3547//3547 3545//3545 3544//3544
f 3661//3661 3544//3544 3445//3445
f 3545//3545 3547//3547 3548//3548
f 3659//3659 3444//3444 3660//3660
f 3661//3661 3445//3445 3550//3550
f 3548//3548 3547//3547 3664//3664
f 3662//3662 3660//3660 3553//3553
f 3553//3553 3660//3660 3549//3549
f 3664//3664 3551//3551 3548//3548
f 3551//3551 3664//3664 3767//3767
f 3449//3449 3667//3667 3452//3452
f 3864//3864 3552//3552 3446//3446
f 3550//3550 3564//3564 3771//3771
f 3557//3557 3667//3667 3449//3449
f 3556//3556 3555//3555 3665//3665
f 3452//3452 3667//3667 3565//3565
f 3551//3551 3767//3767 3561//3561
f 3554//3554 3666//3666 3454//3454
f 3459//3459 3559//3559 3557//3557
f 3452//3452 3565//3565 3566//3566
f 3563//3563 3769//3769 3338//3338
f 3673//3673 3561//3561 3767//3767
f 3567//3567 3559//3559 3459//3459
f 3672//3672 3674//3674 3562//3562
f 3671//3671 3563//3563 3338//3338
f 3676//3676 3565//3565 3675//3675
f 3561//3561 3673//3673 3474//3474
f 3675//3675 3559//3559 3567//3567
f 3673//3673 3679//3679 3474//3474
f 3566//3566 3565//3565 3472//3472
f 3464//3464 3467//3467 3677//3677
f 3678//3678 3565//3565 3676//3676
f 3565//3565 3678//3678 3472//3472
f 3467//3467 3570//3570 3677//3677
f 3679//3679 3568//3568 3474//3474
f 3572//3572 3477//3477 3678//3678
f 3468//3468 3878//3878 3354//3354
f 3570//3570 3568//3568 3575//3575
f 3342//3342 3681//3681 3682//3682
f 3680//3680 3571//3571 3577//3577
f 3569//3569 3571//3571 3680//3680
f 3777//3777 3572//3572 3678//3678
f 3777//3777 3780//3780 3572//3572
f 3571//3571 3574//3574 3577//3577
f 3572//3572 3687//3687 3574//3574
f 3350//3350 3576//3576 3483//3483
f 3574//3574 3686//3686 3577//3577
f 3686//3686 3574//3574 3687//3687
f 3686//3686 3685//3685 3577//3577
f 3685//3685 3684//3684 3575//3575
f 3690//3690 3573//3573 3485//3485
f 3689//3689 3245//3245 3581//3581
f 3245//3245 3783//3783 2965//2965
f 3689//3689 3783//3783 3245//3245
f 3700//3700 3696//3696 3579//3579
f 3690//3690 3485//3485 3696//3696
f 3578//3578 3788//3788 3488//3488
f 3491//3491 3488//3488 3788//3788
f 3582//3582 3889//3889 3581//3581
f 3584//3584 3583//3583 3493//3493
f 3897//3897 3694//3694 3692//3692
f 3584//3584 3693//3693 3583//3583
f 3790//3790 3494//3494 3791//3791
f 3489//3489 3585//3585 3579//3579
f 3700//3700 3579//3579 3586//3586
f 3588//3588 3499//3499 3795//3795
f 3584//3584 3587//3587 3699//3699
f 3364//3364 3790//3790 3698//3698
f 3579//3579 3585//3585 3586//3586
f 3701//3701 3699//3699 3587//3587
f 3589//3589 3585//3585 3495//3495
f 3586//3586 3585//3585 3594//3594
f 3698//3698 3702//3702 3708//3708
f 3587//3587 3590//3590 3701//3701
f 3798//3798 3701//3701 3590//3590
f 3114//3114 3800//3800 4023//4023
f 3500//3500 3703//3703 3501//3501
f 3703//3703 3500//3500 3901//3901
f 3585//3585 3589//3589 3594//3594
f 3586//3586 3594//3594 3711//3711
f 3588//3588 3714//3714 3366//3366
f 3503//3503 3802//3802 3590//3590
f 3711//3711 3704//3704 3586//3586
f 3368//3368 3708//3708 3707//3707
f 3804//3804 3592//3592 3504//3504
f 3504//3504 3592//3592 3591//3591
f 3594//3594 3589//3589 3591//3591
f 3503//3503 3706//3706 3802//3802
f 3707//3707 3706//3706 3368//3368
f 3591//3591 3592//3592 3808//3808
f 3710//3710 3591//3591 3808//3808
f 3594//3594 3591//3591 3710//3710
f 3808//3808 3592//3592 3807//3807
f 3366//3366 3714//3714 3597//3597
f 3371//3371 3256//3256 4031//4031
f 3714//3714 3596//3596 3597//3597
f 3372//3372 3373//3373 3715//3715
f 3715//3715 3373//3373 3505//3505
f 3506//3506 4034//4034 3375//3375
f 3375//3375 3716//3716 3267//3267
f 3918//3918 3506//3506 3599//3599
f 3505//3505 3507//3507 3716//3716
f 3816//3816 3599//3599 3264//3264
f 3716//3716 3718//3718 3267//3267
f 3718//3718 3716//3716 3507//3507
f 3262//3262 3600//3600 3817//3817
f 3507//3507 3603//3603 3718//3718
f 3721//3721 3378//3378 3718//3718
f 3376//3376 3606//3606 3816//3816
f 3721//3721 3605//3605 3378//3378
f 3601//3601 3815//3815 3610//3610
f 3607//3607 3605//3605 3721//3721
f 3602//3602 3509//3509 3508//3508
f 3608//3608 3723//3723 3604//3604
f 3380//3380 3608//3608 3606//3606
f 3826//3826 3510//3510 3609//3609
f 3609//3609 3510//3510 3511//3511
f 3380//3380 3725//3725 3608//3608
f 3610//3610 3829//3829 3727//3727
f 3607//3607 3831//3831 3728//3728
f 3384//3384 3611//3611 3725//3725
f 3385//3385 3611//3611 3384//3384
f 3728//3728 3935//3935 3612//3612
f 3612//3612 3614//3614 3275//3275
f 3614//3614 3612//3612 3935//3935
f 3611//3611 3385//3385 3615//3615
f 3731//3731 3732//3732 3617//3617
f 3732//3732 3623//3623 3617//3617
f 3620//3620 3623//3623 3732//3732
f 3833//3833 3734//3734 3620//3620
f 3620//3620 3734//3734 3514//3514
f 3514//3514 3938//3938 3515//3515
f 3619//3619 3621//3621 3615//3615
f 3618//3618 3615//3615 3621//3621
f 3613//3613 3616//3616 3512//3512
f 3516//3516 3615//3615 3618//3618
f 3623//3623 3737//3737 3617//3617
f 3733//3733 3516//3516 3277//3277
f 3737//3737 3623//3623 3738//3738
f 3736//3736 3624//3624 3622//3622
f 3390//3390 3622//3622 3624//3624
f 3624//3624 3619//3619 3390//3390
f 3623//3623 3626//3626 3738//3738
f 3624//3624 3736//3736 3741//3741
f 3628//3628 3619//3619 3624//3624
f 3621//3621 3619//3619 3628//3628
f 3937//3937 3943//3943 3392//3392
f 3943//3943 3397//3397 3392//3392
f 3618//3618 3621//3621 3629//3629
f 3629//3629 3621//3621 3628//3628
f 3738//3738 3626//3626 3740//3740
f 3740//3740 3626//3626 3519//3519
f 3624//3624 3741//3741 3630//3630
f 3625//3625 3631//3631 3627//3627
f 3628//3628 3624//3624 3630//3630
f 3629//3629 3628//3628 3630//3630
f 3743//3743 3740//3740 3519//3519
f 3519//3519 3521//3521 3743//3743
f 3630//3630 3742//3742 3522//3522
f 3742//3742 3521//3521 3524//3524
f 3943//3943 3527//3527 3397//3397
f 3527//3527 3943//3943 3842//3842
f 3527//3527 3842//3842 3400//3400
f 3744//3744 3632//3632 3841//3841
f 3841//3841 3632//3632 3633//3633
f 3745//3745 3636//3636 3944//3944
f 3633//3633 3402//3402 3634//3634
f 3637//3637 3635//3635 3636//3636
f 3844//3844 3638//3638 3637//3637
f 3844//3844 3639//3639 3638//3638
f 3409//3409 3640//3640 3845//3845
f 3845//3845 3640//3640 3641//3641
f 3642//3642 3409//3409 3845//3845
f 3642//3642 3530//3530 3409//3409
f 3529//3529 3847//3847 3641//3641
f 3531//3531 3847//3847 3529//3529
f 3530//3530 3642//3642 3643//3643
f 3846//3846 3643//3643 3642//3642
f 3750//3750 3847//3847 3531//3531
f 3532//3532 3643//3643 3644//3644
f 3645//3645 3848//3848 3750//3750
f 3644//3644 3751//3751 3532//3532
f 3848//3848 3645//3645 3752//3752
f 3646//3646 3294//3294 3648//3648
f 3645//3645 3533//3533 3752//3752
f 3646//3646 3755//3755 3647//3647
f 3648//3648 3755//3755 3646//3646
f 3755//3755 3754//3754 3647//3647
f 3533//3533 3756//3756 3752//3752
f 3754//3754 3649//3649 3647//3647
f 3756//3756 3961//3961 3752//3752
f 3851//3851 3757//3757 3649//3649
f 3652//3652 3963//3963 3756//3756
f 3650//3650 3651//3651 3758//3758
f 3653//3653 3963//3963 3652//3652
f 3852//3852 3417//3417 3759//3759
f 3536//3536 3651//3651 3419//3419
f 3424//3424 3033//3033 3299//3299
f 3758//3758 3651//3651 3762//3762
f 3650//3650 3758//3758 3427//3427
f 3426//3426 3655//3655 3536//3536
f 3655//3655 3762//3762 3536//3536
f 3651//3651 3536//3536 3762//3762
f 3427//3427 3758//3758 3761//3761
f 3762//3762 3655//3655 3763//3763
f 3654//3654 3539//3539 3655//3655
f 3763//3763 3655//3655 3539//3539
f 3427//3427 3761//3761 3656//3656
f 3656//3656 3761//3761 3763//3763
f 3537//3537 3438//3438 3653//3653
f 3442//3442 3658//3658 4099//4099
f 3541//3541 4099//4099 3658//3658
f 3659//3659 3764//3764 3657//3657
f 3659//3659 3660//3660 3764//3764
f 3544//3544 3661//3661 3547//3547
f 3660//3660 3662//3662 3764//3764
f 3546//3546 3864//3864 3446//3446
f 3547//3547 3661//3661 3765//3765
f 3663//3663 3862//3862 3768//3768
f 3553//3553 3863//3863 3662//3662
f 3665//3665 3663//3663 3768//3768
f 3553//3553 3670//3670 3863//3863
f 3550//3550 3771//3771 3661//3661
f 3771//3771 3765//3765 3661//3661
f 3663//3663 3769//3769 3862//3862
f 3665//3665 3768//3768 3556//3556
f 3668//3668 3666//3666 3770//3770
f 3559//3559 3667//3667 3557//3557
f 3554//3554 3558//3558 3766//3766
f 3861//3861 3671//3671 3556//3556
f 3556//3556 3671//3671 3463//3463
f 3556//3556 3463//3463 3560//3560
f 3558//3558 3669//3669 3766//3766
f 3672//3672 3668//3668 3674//3674
f 3667//3667 3559//3559 3675//3675
f 3667//3667 3675//3675 3565//3565
f 3864//3864 3868//3868 3552//3552
f 3669//3669 3562//3562 3866//3866
f 3773//3773 3564//3564 3464//3464
f 3464//3464 3677//3677 3773//3773
f 3567//3567 3569//3569 3675//3675
f 3675//3675 3569//3569 3775//3775
f 3775//3775 3676//3676 3675//3675
f 3868//3868 3878//3878 3468//3468
f 3552//3552 3868//3868 3468//3468
f 3475//3475 3776//3776 3774//3774
f 3569//3569 3680//3680 3775//3775
f 3777//3777 3678//3678 3676//3676
f 3475//3475 3683//3683 3776//3776
f 3483//3483 3682//3682 3681//3681
f 3778//3778 3568//3568 3679//3679
f 3778//3778 3679//3679 3982//3982
f 3680//3680 3577//3577 3779//3779
f 3683//3683 3781//3781 3776//3776
f 3576//3576 3682//3682 3483//3483
f 3575//3575 3684//3684 3570//3570
f 3568//3568 3778//3778 3575//3575
f 3572//3572 3780//3780 3687//3687
f 3577//3577 3685//3685 3779//3779
f 3683//3683 3573//3573 3781//3781
f 3878//3878 3996//3996 3354//3354
f 3685//3685 3575//3575 3778//3778
f 3780//3780 3881//3881 3687//3687
f 3570//3570 3684//3684 3782//3782
f 3354//3354 3996//3996 3795//3795
f 3684//3684 3685//3685 3688//3688
f 3786//3786 3688//3688 3685//3685
f 3685//3685 3686//3686 3786//3786
f 3686//3686 3687//3687 3786//3786
f 3580//3580 3789//3789 3578//3578
f 3578//3578 3789//3789 3788//3788
f 3887//3887 3692//3692 3694//3694
f 3691//3691 3692//3692 3887//3887
f 3890//3890 3492//3492 3787//3787
f 3580//3580 3583//3583 3693//3693
f 3491//3491 3788//3788 3494//3494
f 3697//3697 3690//3690 3696//3696
f 3892//3892 3889//3889 3582//3582
f 3891//3891 3492//3492 3890//3890
f 3494//3494 3788//3788 3791//3791
f 3691//3691 3894//3894 3692//3692
f 3892//3892 3582//3582 3695//3695
f 3892//3892 3695//3695 3793//3793
f 3695//3695 3361//3361 3793//3793
f 3492//3492 3793//3793 3361//3361
f 3584//3584 3699//3699 3693//3693
f 3693//3693 3699//3699 3792//3792
f 3790//3790 3794//3794 3698//3698
f 3795//3795 3899//3899 3588//3588
f 3796//3796 4016//4016 3897//3897
f 3796//3796 3897//3897 3692//3692
f 3586//3586 3704//3704 3700//3700
f 3792//3792 3699//3699 3701//3701
f 3702//3702 3698//3698 3794//3794
f 3797//3797 3696//3696 3700//3700
f 3797//3797 3697//3697 3696//3696
f 3114//3114 4023//4023 3500//3500
f 3700//3700 3704//3704 3797//3797
f 3799//3799 3702//3702 3794//3794
f 3500//3500 4023//4023 3901//3901
f 3797//3797 3704//3704 3709//3709
f 3799//3799 3708//3708 3702//3702
f 3590//3590 3802//3802 3798//3798
f 3797//3797 3709//3709 3705//3705
f 3799//3799 3803//3803 3708//3708
f 3593//3593 3914//3914 3800//3800
f 3703//3703 3905//3905 3804//3804
f 3707//3707 3908//3908 3706//3706
f 3803//3803 3707//3707 3708//3708
f 3804//3804 3805//3805 3592//3592
f 3807//3807 3592//3592 3805//3805
f 3711//3711 3594//3594 3710//3710
f 3712//3712 3704//3704 3711//3711
f 3709//3709 3704//3704 3712//3712
f 3710//3710 3808//3808 3809//3809
f 3711//3711 3710//3710 3912//3912
f 3912//3912 3710//3710 3809//3809
f 3712//3712 3705//3705 3709//3709
f 3711//3711 3912//3912 3712//3712
f 3712//3712 3912//3912 3915//3915
f 4031//4031 3256//3256 3713//3713
f 3813//3813 3914//3914 3593//3593
f 3715//3715 3713//3713 3372//3372
f 4039//4039 3597//3597 3596//3596
f 3601//3601 3597//3597 4039//4039
f 3717//3717 3716//3716 3375//3375
f 3715//3715 3505//3505 3717//3717
f 3917//3917 3600//3600 3598//3598
f 3717//3717 3505//3505 3716//3716
f 4039//4039 3815//3815 3601//3601
f 3920//3920 3129//3129 3602//3602
f 3825//3825 3821//3821 3719//3719
f 3822//3822 3508//3508 3817//3817
f 3719//3719 3720//3720 3825//3825
f 3604//3604 3720//3720 3719//3719
f 3816//3816 3606//3606 3926//3926
f 3718//3718 3603//3603 3721//3721
f 3602//3602 3508//3508 3822//3822
f 3824//3824 3604//3604 3719//3719
f 3824//3824 3926//3926 3606//3606
f 3604//3604 3723//3723 3720//3720
f 3824//3824 3608//3608 3604//3604
f 3606//3606 3608//3608 3824//3824
f 3828//3828 3721//3721 3826//3826
f 3603//3603 3826//3826 3721//3721
f 3815//3815 3829//3829 3610//3610
f 3720//3720 3722//3722 3825//3825
f 3720//3720 3723//3723 3722//3722
f 3607//3607 3721//3721 3828//3828
f 4056//4056 3722//3722 3927//3927
f 3723//3723 3927//3927 3722//3722
f 3723//3723 3932//3932 3927//3927
f 3608//3608 3725//3725 3723//3723
f 3723//3723 3725//3725 3932//3932
f 3726//3726 4186//4186 3724//3724
f 3726//3726 3613//3613 4186//4186
f 3613//3613 3933//3933 4186//4186
f 3725//3725 3832//3832 3932//3932
f 3725//3725 3611//3611 3832//3832
f 3611//3611 3730//3730 3832//3832
f 3731//3731 3617//3617 3729//3729
f 3833//3833 3732//3732 4064//4064
f 3614//3614 3936//3936 4066//4066
f 3735//3735 3934//3934 3729//3729
f 3613//3613 3512//3512 3933//3933
f 3729//3729 3617//3617 3735//3735
f 3833//3833 3620//3620 3732//3732
f 3611//3611 3615//3615 3730//3730
f 3730//3730 3733//3733 3834//3834
f 3733//3733 4066//4066 3834//3834
f 3387//3387 4066//4066 3733//3733
f 3614//3614 4066//4066 3387//3387
f 3617//3617 3737//3737 3735//3735
f 3730//3730 3615//3615 3516//3516
f 3733//3733 3730//3730 3516//3516
f 3514//3514 3734//3734 3938//3938
f 3512//3512 3627//3627 3835//3835
f 3392//3392 3727//3727 3937//3937
f 3737//3737 3837//3837 3735//3735
f 3938//3938 3836//3836 3515//3515
f 3515//3515 3836//3836 3736//3736
f 3736//3736 3836//3836 3839//3839
f 3736//3736 3839//3839 3741//3741
f 3737//3737 3838//3838 3837//3837
f 3737//3737 3738//3738 3838//3838
f 3838//3838 3738//3738 3739//3739
f 3835//3835 3627//3627 4074//4074
f 3627//3627 3631//3631 4074//4074
f 3742//3742 3741//3741 3840//3840
f 3630//3630 3741//3741 3742//3742
f 3942//3942 3740//3740 3743//3743
f 3840//3840 3743//3743 3742//3742
f 3521//3521 3742//3742 3743//3743
f 3841//3841 4074//4074 3744//3744
f 3631//3631 3744//3744 4074//4074
f 3842//3842 3944//3944 3528//3528
f 3841//3841 3633//3633 3945//3945
f 3945//3945 3633//3633 3843//3843
f 3843//3843 3633//3633 3634//3634
f 3634//3634 3748//3748 3746//3746
f 3636//3636 3745//3745 3637//3637
f 3947//3947 3747//3747 3948//3948
f 3747//3747 3749//3749 3948//3948
f 3748//3748 3747//3747 3947//3947
f 3749//3749 3639//3639 3948//3948
f 3639//3639 3749//3749 3407//3407
f 3642//3642 3845//3845 3846//3846
f 3641//3641 3950//3950 3845//3845
f 3949//3949 3950//3950 3641//3641
f 3847//3847 3949//3949 3641//3641
f 3643//3643 3846//3846 3957//3957
f 3957//3957 3846//3846 3955//3955
f 3957//3957 3644//3644 3643//3643
f 3648//3648 3532//3532 3751//3751
f 3848//3848 3752//3752 3960//3960
f 4086//4086 3753//3753 3648//3648
f 3751//3751 4086//4086 3648//3648
f 3752//3752 3961//3961 3960//3960
f 3755//3755 3648//3648 3753//3753
f 3754//3754 3851//3851 3649//3649
f 3851//3851 3966//3966 3757//3757
f 3965//3965 3963//3963 3653//3653
f 3299//3299 3968//3968 3424//3424
f 3299//3299 3760//3760 3968//3968
f 3853//3853 3852//3852 3759//3759
f 3966//3966 3853//3853 3759//3759
f 3762//3762 3761//3761 3758//3758
f 3852//3852 3760//3760 3417//3417
f 3761//3761 3762//3762 3763//3763
f 3854//3854 3437//3437 3424//3424
f 3855//3855 3965//3965 3653//3653
f 3653//3653 3438//3438 3855//3855
f 3855//3855 3438//3438 3856//3856
f 3438//3438 3657//3657 3856//3856
f 3657//3657 3858//3858 3856//3856
f 3442//3442 4099//4099 3546//3546
f 3764//3764 3858//3858 3657//3657
f 3547//3547 3765//3765 3664//3664
f 3662//3662 3863//3863 3860//3860
f 3862//3862 3861//3861 3768//3768
f 3771//3771 3975//3975 3765//3765
f 3765//3765 3975//3975 3977//3977
f 3862//3862 3769//3769 3563//3563
f 3861//3861 3862//3862 3563//3563
f 3664//3664 3865//3865 3767//3767
f 3770//3770 3666//3666 3554//3554
f 3768//3768 3861//3861 3556//3556
f 3668//3668 3770//3770 3674//3674
f 3861//3861 3563//3563 3671//3671
f 3767//3767 3865//3865 3673//3673
f 3863//3863 3670//3670 3772//3772
f 3670//3670 3774//3774 3772//3772
f 3673//3673 3865//3865 3872//3872
f 3771//3771 3564//3564 3773//3773
f 3869//3869 3772//3772 3774//3774
f 3673//3673 3872//3872 3679//3679
f 3871//3871 3773//3773 3677//3677
f 3872//3872 3982//3982 3679//3679
f 3775//3775 3777//3777 3676//3676
f 3774//3774 3776//3776 3869//3869
f 3984//3984 4113//4113 3869//3869
f 3680//3680 3985//3985 3775//3775
f 3776//3776 3984//3984 3869//3869
f 3677//3677 3570//3570 3871//3871
f 3877//3877 3778//3778 3982//3982
f 3779//3779 3778//3778 3877//3877
f 3779//3779 3685//3685 3778//3778
f 3570//3570 3782//3782 3871//3871
f 3776//3776 3781//3781 3883//3883
f 3776//3776 3883//3883 3984//3984
f 3782//3782 3784//3784 3884//3884
f 3781//3781 3785//3785 3883//3883
f 3573//3573 3690//3690 3781//3781
f 3782//3782 3684//3684 3784//3784
f 3687//3687 3881//3881 4130//4130
f 3781//3781 3690//3690 3785//3785
f 3887//3887 3884//3884 3784//3784
f 3684//3684 3688//3688 3784//3784
f 3691//3691 3784//3784 3688//3688
f 4130//4130 3888//3888 3687//3687
f 3885//3885 3783//3783 3689//3689
f 3786//3786 3691//3691 3688//3688
f 3690//3690 3697//3697 3785//3785
f 3689//3689 3581//3581 3886//3886
f 3783//3783 3885//3885 3787//3787
f 3994//3994 3890//3890 3885//3885
f 3890//3890 3787//3787 3885//3885
f 3784//3784 3691//3691 3887//3887
f 3687//3687 3888//3888 3786//3786
f 4130//4130 4003//4003 3888//3888
f 3889//3889 3886//3886 3581//3581
f 3786//3786 3894//3894 3691//3691
f 3789//3789 3893//3893 3788//3788
f 3693//3693 3789//3789 3580//3580
f 3893//3893 4010//4010 3788//3788
f 4014//4014 3893//3893 3789//3789
f 3791//3791 3788//3788 4010//4010
f 3694//3694 3897//3897 4012//4012
f 3492//3492 3891//3891 3793//3793
f 3794//3794 4137//4137 4013//4013
f 3692//3692 3894//3894 3796//3796
f 3796//3796 3894//3894 3900//3900
f 3898//3898 3697//3697 3797//3797
f 3903//3903 3792//3792 3701//3701
f 3899//3899 3714//3714 3588//3588
f 3902//3902 3799//3799 3794//3794
f 3798//3798 3903//3903 3701//3701
f 4023//4023 4020//4020 3901//3901
f 3901//3901 3905//3905 3703//3703
f 4028//4028 3803//3803 3799//3799
f 3801//3801 3807//3807 3805//3805
f 3904//3904 3807//3807 3801//3801
f 3802//3802 3706//3706 3908//3908
f 3806//3806 3802//3802 3908//3908
f 3911//3911 3707//3707 3803//3803
f 3904//3904 3808//3808 3807//3807
f 3911//3911 4156//4156 3707//3707
f 3809//3809 3808//3808 3904//3904
f 3809//3809 3904//3904 3907//3907
f 3912//3912 3809//3809 3907//3907
f 3915//3915 3705//3705 3712//3712
f 3713//3713 3810//3810 4031//4031
f 4031//4031 4032//4032 3371//3371
f 3371//3371 4032//4032 3811//3811
f 3813//3813 4163//4163 4027//4027
f 4033//4033 3715//3715 4159//4159
f 3713//3713 3715//3715 4033//4033
f 3595//3595 3812//3812 3917//3917
f 3917//3917 3598//3598 3595//3595
f 4163//4163 3813//3813 3814//3814
f 3717//3717 3375//3375 4034//4034
f 3814//3814 3129//3129 4163//4163
f 3506//3506 3918//3918 4034//4034
f 3917//3917 4166//4166 3600//3600
f 3600//3600 4166//4166 3817//3817
f 3599//3599 3816//3816 3918//3918
f 3919//3919 3818//3818 3921//3921
f 3823//3823 3818//3818 3919//3919
f 3819//3819 3922//3922 3821//3821
f 3922//3922 3820//3820 3821//3821
f 3923//3923 3819//3819 3924//3924
f 4046//4046 3822//3822 3817//3817
f 3821//3821 3924//3924 3819//3819
f 3820//3820 3719//3719 3821//3821
f 3925//3925 3719//3719 3820//3820
f 3824//3824 3719//3719 3925//3925
f 3821//3821 3825//3825 3924//3924
f 3818//3818 3823//3823 3931//3931
f 3825//3825 3827//3827 3924//3924
f 3722//3722 3827//3827 3825//3825
f 4056//4056 3827//3827 3722//3722
f 3729//3729 3931//3931 3823//3823
f 3830//3830 3729//3729 3823//3823
f 4057//4057 3724//3724 4186//4186
f 4057//4057 3609//3609 3511//3511
f 3731//3731 3729//3729 3830//3830
f 3724//3724 4057//4057 3511//3511
f 3931//3931 3729//3729 3934//3934
f 3929//3929 3731//3731 3830//3830
f 3731//3731 3929//3929 3930//3930
f 3732//3732 3731//3731 3930//3930
f 3930//3930 4064//4064 3732//3732
f 4187//4187 4064//4064 3930//3930
f 3831//3831 3935//3935 3728//3728
f 3614//3614 3935//3935 3936//3936
f 3834//3834 3832//3832 3730//3730
f 4191//4191 3933//3933 3835//3835
f 3933//3933 3512//3512 3835//3835
f 3937//3937 3727//3727 4300//4300
f 3934//3934 3735//3735 4068//4068
f 3836//3836 3941//3941 3839//3839
f 3838//3838 3739//3739 3940//3940
f 3839//3839 3941//3941 3942//3942
f 3740//3740 3739//3739 3738//3738
f 3839//3839 3942//3942 3840//3840
f 3839//3839 3840//3840 3741//3741
f 3942//3942 3739//3739 3740//3740
f 3840//3840 3942//3942 3743//3743
f 3944//3944 3842//3842 3943//3943
f 4078//4078 3745//3745 3944//3944
f 3634//3634 3746//3746 3843//3843
f 3745//3745 3946//3946 3637//3637
f 3947//3947 3746//3746 3748//3748
f 4079//4079 3844//3844 3637//3637
f 3639//3639 3844//3844 4079//4079
f 3845//3845 3950//3950 3846//3846
f 3949//3949 3847//3847 3952//3952
f 3950//3950 3951//3951 3846//3846
f 3750//3750 3848//3848 3847//3847
f 3849//3849 3952//3952 3847//3847
f 3848//3848 3849//3849 3847//3847
f 3955//3955 3958//3958 3957//3957
f 3957//3957 3958//3958 3644//3644
f 3644//3644 4086//4086 3751//3751
f 3958//3958 4086//4086 3644//3644
f 3848//3848 3960//3960 3959//3959
f 4086//4086 4088//4088 3753//3753
f 3755//3755 3753//3753 3850//3850
f 3753//3753 4088//4088 3850//3850
f 3754//3754 3755//3755 3850//3850
f 3756//3756 3963//3963 3961//3961
f 3754//3754 3964//3964 3851//3851
f 3850//3850 3964//3964 3754//3754
f 3964//3964 3967//3967 3851//3851
f 3967//3967 3966//3966 3851//3851
f 3760//3760 4094//4094 3968//3968
f 4094//4094 3760//3760 3852//3852
f 4203//4203 3853//3853 3966//3966
f 3968//3968 3854//3854 3424//3424
f 3854//3854 4207//4207 3437//3437
f 3855//3855 3856//3856 4097//4097
f 3856//3856 3857//3857 4097//4097
f 4207//4207 4419//4419 3541//3541
f 3857//3857 3859//3859 4097//4097
f 3856//3856 3858//3858 3857//3857
f 4323//4323 4099//4099 3541//3541
f 3858//3858 3859//3859 3857//3857
f 4099//4099 4101//4101 3546//3546
f 3859//3859 3858//3858 3970//3970
f 3764//3764 3970//3970 3858//3858
f 3662//3662 3860//3860 3764//3764
f 3860//3860 3970//3970 3764//3764
f 3860//3860 3973//3973 3970//3970
f 3664//3664 3765//3765 3977//3977
f 3766//3766 3770//3770 3554//3554
f 3865//3865 3664//3664 3977//3977
f 3863//3863 3978//3978 3860//3860
f 3770//3770 3766//3766 3976//3976
f 3977//3977 3867//3867 3865//3865
f 3770//3770 3976//3976 3674//3674
f 3867//3867 3872//3872 3865//3865
f 3766//3766 3669//3669 3866//3866
f 3976//3976 3766//3766 3866//3866
f 3863//3863 3772//3772 3978//3978
f 3562//3562 3674//3674 3866//3866
f 3674//3674 3976//3976 3866//3866
f 3975//3975 3771//3771 3773//3773
f 3772//3772 4109//4109 3978//3978
f 3772//3772 3869//3869 4109//4109
f 3975//3975 3773//3773 3979//3979
f 3979//3979 3773//3773 3871//3871
f 3872//3872 3867//3867 3982//3982
f 4111//4111 3979//3979 3871//3871
f 3983//3983 3980//3980 3874//3874
f 3870//3870 3874//3874 3980//3980
f 3879//3879 3878//3878 3868//3868
f 4109//4109 3869//3869 4113//4113
f 3875//3875 3870//3870 3873//3873
f 3779//3779 3985//3985 3680//3680
f 3876//3876 3775//3775 3985//3985
f 3870//3870 3875//3875 3874//3874
f 4115//4115 3877//3877 3982//3982
f 3775//3775 3876//3876 3777//3777
f 3985//3985 3779//3779 3877//3877
f 3871//3871 3782//3782 4119//4119
f 3777//3777 3876//3876 3780//3780
f 3875//3875 3880//3880 3874//3874
f 3780//3780 3876//3876 3881//3881
f 3878//3878 3879//3879 3996//3996
f 3876//3876 3987//3987 3881//3881
f 3875//3875 3882//3882 3880//3880
f 3883//3883 3991//3991 3984//3984
f 3992//3992 3882//3882 3875//3875
f 3883//3883 3998//3998 3991//3991
f 3989//3989 3994//3994 3988//3988
f 3994//3994 3885//3885 3993//3993
f 3989//3989 3890//3890 3994//3994
f 3890//3890 3989//3989 3997//3997
f 3689//3689 3886//3886 3885//3885
f 3883//3883 3785//3785 4006//4006
f 3889//3889 3999//3999 3886//3886
f 3694//3694 4000//4000 3887//3887
f 3887//3887 4000//4000 3884//3884
f 3785//3785 3896//3896 4006//4006
f 4012//4012 4000//4000 3694//3694
f 3888//3888 3895//3895 3786//3786
f 3795//3795 3996//3996 4002//4002
f 3890//3890 4245//4245 3891//3891
f 3997//3997 4245//4245 3890//3890
f 3894//3894 3786//3786 3895//3895
f 3999//3999 3892//3892 3793//3793
f 3785//3785 3697//3697 3896//3896
f 3891//3891 3999//3999 3793//3793
f 3895//3895 4138//4138 3894//3894
f 4011//4011 4138//4138 3895//3895
f 4011//4011 3895//3895 4004//4004
f 4007//4007 4011//4011 4004//4004
f 3790//3790 3791//3791 4010//4010
f 3790//3790 4010//4010 4137//4137
f 3789//3789 3693//3693 4014//4014
f 3794//3794 3790//3790 4137//4137
f 4012//4012 3897//3897 4016//4016
f 3900//3900 3894//3894 4138//4138
f 3896//3896 3697//3697 3898//3898
f 3693//3693 3792//3792 4014//4014
f 4013//4013 4137//4137 4257//4257
f 4014//4014 3792//3792 3903//3903
f 3794//3794 4013//4013 3902//3902
f 4013//4013 4143//4143 3902//3902
f 4143//4143 4369//4369 3902//3902
f 3796//3796 3900//3900 4016//4016
f 3900//3900 4026//4026 4016//4016
f 4025//4025 3799//3799 3902//3902
f 4025//4025 3902//3902 4369//4369
f 3901//3901 4020//4020 4017//4017
f 3904//3904 4019//4019 4021//4021
f 3901//3901 4017//4017 3905//3905
f 3705//3705 3906//3906 3898//3898
f 3797//3797 3705//3705 3898//3898
f 3802//3802 4147//4147 3798//3798
f 4147//4147 3903//3903 3798//3798
f 4023//4023 3800//3800 3914//3914
f 3805//3805 4018//4018 3801//3801
f 4025//4025 4028//4028 3799//3799
f 4018//4018 3804//3804 3905//3905
f 3805//3805 3804//3804 4018//4018
f 4021//4021 3907//3907 3904//3904
f 4021//4021 4024//4024 3910//3910
f 3714//3714 3899//3899 3596//3596
f 3802//3802 3806//3806 4147//4147
f 3803//3803 4028//4028 3911//3911
f 4021//4021 3909//3909 3907//3907
f 3910//3910 3909//3909 4021//4021
f 3906//3906 3705//3705 3910//3910
f 3908//3908 3707//3707 3913//3913
f 3909//3909 3912//3912 3907//3907
f 3915//3915 3912//3912 3909//3909
f 3910//3910 3915//3915 3909//3909
f 3705//3705 3915//3915 3910//3910
f 3914//3914 3813//3813 4027//4027
f 3713//3713 4033//4033 3916//3916
f 3810//3810 3713//3713 3916//3916
f 3812//3812 3811//3811 4032//4032
f 4034//4034 4162//4162 3717//3717
f 3812//3812 4160//4160 3917//3917
f 3715//3715 3717//3717 4159//4159
f 3919//3919 4036//4036 4041//4041
f 4166//4166 3917//3917 4160//4160
f 4165//4165 4034//4034 3918//3918
f 3919//3919 3921//3921 4036//4036
f 4163//4163 3920//3920 4168//4168
f 3129//3129 3920//3920 4163//4163
f 4041//4041 3823//3823 3919//3919
f 4043//4043 3823//3823 4041//4041
f 4166//4166 4046//4046 3817//3817
f 3815//3815 4039//4039 4042//4042
f 3922//3922 4044//4044 4173//4173
f 3816//3816 4388//4388 3918//3918
f 3920//3920 3822//3822 4046//4046
f 3921//3921 4048//4048 4036//4036
f 3819//3819 3923//3923 4044//4044
f 3922//3922 3819//3819 4044//4044
f 3602//3602 3822//3822 3920//3920
f 3816//3816 3926//3926 4049//4049
f 3921//3921 3818//3818 4048//4048
f 3820//3820 3922//3922 4047//4047
f 3924//3924 4182//4182 3923//3923
f 4053//4053 3925//3925 3820//3820
f 3926//3926 4052//4052 4049//4049
f 3818//3818 4055//4055 4048//4048
f 3830//3830 3823//3823 4043//4043
f 4050//4050 3830//3830 4043//4043
f 3924//3924 3827//3827 4182//4182
f 4053//4053 3824//3824 3925//3925
f 4050//4050 4051//4051 3830//3830
f 4184//4184 4182//4182 3827//3827
f 3824//3824 4053//4053 4054//4054
f 3926//3926 3824//3824 4054//4054
f 4052//4052 3926//3926 4054//4054
f 3828//3828 3826//3826 3609//3609
f 3931//3931 4055//4055 3818//3818
f 3928//3928 3927//3927 3932//3932
f 3828//3828 4293//4293 3607//3607
f 4055//4055 3931//3931 4065//4065
f 3929//3929 4187//4187 3930//3930
f 4058//4058 3928//3928 3932//3932
f 3832//3832 4060//4060 4058//4058
f 4188//4188 3727//3727 3829//3829
f 3934//3934 4065//4065 3931//3931
f 3832//3832 4058//4058 3932//3932
f 3834//3834 4060//4060 3832//3832
f 3936//3936 3935//3935 4298//4298
f 4300//4300 3727//3727 4188//4188
f 4067//4067 4064//4064 4187//4187
f 4062//4062 4060//4060 3834//3834
f 4064//4064 4067//4067 3833//3833
f 4062//4062 3834//3834 4066//4066
f 4067//4067 3734//3734 3833//3833
f 3734//3734 4067//4067 4070//4070
f 4068//4068 3735//3735 3837//3837
f 3939//3939 4068//4068 3837//3837
f 4073//4073 3734//3734 4070//4070
f 3938//3938 3734//3734 4073//4073
f 3938//3938 4073//4073 3836//3836
f 3838//3838 3939//3939 3837//3837
f 4071//4071 3939//3939 3838//3838
f 4073//4073 3941//3941 3836//3836
f 3835//3835 4074//4074 4302//4302
f 3940//3940 4071//4071 3838//3838
f 3940//3940 3941//3941 4072//4072
f 3943//3943 3937//3937 4300//4300
f 3941//3941 3940//3940 3739//3739
f 3942//3942 3941//3941 3739//3739
f 4300//4300 4075//4075 3943//3943
f 3944//3944 3943//3943 4075//4075
f 4078//4078 3944//3944 4075//4075
f 3841//3841 3945//3945 4077//4077
f 3945//3945 3843//3843 4303//4303
f 3946//3946 3745//3745 4078//4078
f 4306//4306 3843//3843 4195//4195
f 3637//3637 3946//3946 4079//4079
f 4079//4079 4307//4307 3639//3639
f 3843//3843 3746//3746 4195//4195
f 3948//3948 3639//3639 4307//4307
f 4195//4195 3947//3947 3948//3948
f 3746//3746 3947//3947 4195//4195
f 3949//3949 3953//3953 3950//3950
f 3952//3952 3953//3953 3949//3949
f 3950//3950 3953//3953 3951//3951
f 3952//3952 3956//3956 3953//3953
f 3846//3846 3951//3951 3955//3955
f 4080//4080 3951//3951 3953//3953
f 4080//4080 4081//4081 3951//3951
f 3953//3953 3954//3954 4080//4080
f 4081//4081 3955//3955 3951//3951
f 3956//3956 3954//3954 3953//3953
f 3956//3956 4083//4083 3954//3954
f 4084//4084 3956//3956 3952//3952
f 3958//3958 3955//3955 4081//4081
f 3849//3849 4084//4084 3952//3952
f 3959//3959 4084//4084 3849//3849
f 4084//4084 4083//4083 3956//3956
f 3848//3848 3959//3959 3849//3849
f 4198//4198 4082//4082 3958//3958
f 3959//3959 4085//4085 4084//4084
f 3960//3960 4087//4087 3959//3959
f 4087//4087 3960//3960 3962//3962
f 3958//3958 4082//4082 4086//4086
f 3961//3961 3962//3962 3960//3960
f 3961//3961 4090//4090 3962//3962
f 4088//4088 4091//4091 3850//3850
f 3963//3963 4090//4090 3961//3961
f 3963//3963 3965//3965 4090//4090
f 4093//4093 4090//4090 3965//3965
f 3855//3855 4093//4093 3965//3965
f 3967//3967 4203//4203 3966//3966
f 4092//4092 3967//3967 3964//3964
f 3968//3968 4095//4095 3854//3854
f 4094//4094 4095//4095 3968//3968
f 4097//4097 4093//4093 3855//3855
f 4096//4096 4097//4097 3859//3859
f 3859//3859 3969//3969 4096//4096
f 4538//4538 3541//3541 4419//4419
f 4323//4323 3541//3541 4538//4538
f 3859//3859 3971//3971 3969//3969
f 4099//4099 4323//4323 4101//4101
f 3971//3971 3972//3972 3969//3969
f 3971//3971 3859//3859 3970//3970
f 3970//3970 3972//3972 3971//3971
f 4104//4104 4100//4100 3972//3972
f 3970//3970 3973//3973 3972//3972
f 3974//3974 3973//3973 3860//3860
f 3864//3864 3546//3546 4101//4101
f 4101//4101 4328//4328 3864//3864
f 3974//3974 4104//4104 3973//3973
f 3860//3860 3978//3978 3974//3974
f 3977//3977 3975//3975 3979//3979
f 3867//3867 3977//3977 3981//3981
f 3977//3977 3979//3979 3981//3981
f 4215//4215 4216//4216 3980//3980
f 3980//3980 4216//4216 3870//3870
f 4107//4107 4215//4215 3980//3980
f 3981//3981 3982//3982 3867//3867
f 3980//3980 3983//3983 4107//4107
f 3870//3870 4220//4220 3873//3873
f 3981//3981 3979//3979 4223//4223
f 4223//4223 3979//3979 4111//4111
f 3983//3983 4222//4222 4107//4107
f 3982//3982 3981//3981 4223//4223
f 3868//3868 4333//4333 3879//3879
f 4223//4223 4115//4115 3982//3982
f 3873//3873 4226//4226 3875//3875
f 3984//3984 4121//4121 4113//4113
f 3983//3983 3874//3874 4114//4114
f 3873//3873 4225//4225 4226//4226
f 3874//3874 4120//4120 4114//4114
f 4445//4445 3877//3877 4115//4115
f 3985//3985 3877//3877 3987//3987
f 3880//3880 3990//3990 4120//4120
f 4120//4120 3874//3874 3880//3880
f 3984//3984 3991//3991 4121//4121
f 4342//4342 3987//3987 3877//3877
f 3876//3876 3985//3985 3987//3987
f 3875//3875 4226//4226 3986//3986
f 3991//3991 3995//3995 4121//4121
f 3988//3988 3994//3994 4240//4240
f 3986//3986 3992//3992 3875//3875
f 3884//3884 4119//4119 3782//3782
f 3990//3990 3880//3880 3882//3882
f 3998//3998 3995//3995 3991//3991
f 4131//4131 4119//4119 3884//3884
f 3987//3987 4130//4130 3881//3881
f 3879//3879 4128//4128 3996//3996
f 4240//4240 3994//3994 3993//3993
f 3882//3882 4237//4237 3990//3990
f 4239//4239 4237//4237 3882//3882
f 3992//3992 4239//4239 3882//3882
f 3998//3998 3883//3883 4006//4006
f 3886//3886 3993//3993 3885//3885
f 3998//3998 4005//4005 3995//3995
f 3997//3997 3989//3989 4235//4235
f 3995//3995 4005//4005 4241//4241
f 3998//3998 4019//4019 4005//4005
f 3884//3884 4000//4000 4131//4131
f 3996//3996 4128//4128 4002//4002
f 4001//4001 4004//4004 4135//4135
f 4007//4007 4004//4004 4001//4001
f 4241//4241 4005//4005 4136//4136
f 3999//3999 3889//3889 3892//3892
f 3888//3888 4003//4003 3895//3895
f 4135//4135 3895//3895 4003//4003
f 4004//4004 3895//3895 4135//4135
f 4247//4247 4245//4245 3997//3997
f 4001//4001 4008//4008 4007//4007
f 3998//3998 4009//4009 4022//4022
f 4006//4006 4009//4009 3998//3998
f 4363//4363 4000//4000 4012//4012
f 3896//3896 4009//4009 4006//4006
f 4011//4011 4007//4007 4008//4008
f 3893//3893 4260//4260 4010//4010
f 4371//4371 4010//4010 4260//4260
f 4137//4137 4010//4010 4371//4371
f 4012//4012 4015//4015 4363//4363
f 4139//4139 4138//4138 4011//4011
f 4008//4008 4139//4139 4011//4011
f 4019//4019 4136//4136 4005//4005
f 4022//4022 4019//4019 3998//3998
f 3899//3899 3795//3795 4002//4002
f 3893//3893 4014//4014 4263//4263
f 4263//4263 4260//4260 3893//3893
f 4136//4136 4019//4019 4254//4254
f 4257//4257 4143//4143 4013//4013
f 4016//4016 4015//4015 4012//4012
f 3900//3900 4138//4138 4142//4142
f 4265//4265 3900//3900 4142//4142
f 3896//3896 4024//4024 4009//4009
f 4019//4019 4018//4018 4254//4254
f 3898//3898 4024//4024 3896//3896
f 4261//4261 4255//4255 4017//4017
f 4009//4009 4024//4024 4022//4022
f 3898//3898 3906//3906 4024//4024
f 4016//4016 4026//4026 4015//4015
f 4254//4254 4018//4018 4255//4255
f 4147//4147 4014//4014 3903//3903
f 4026//4026 3900//3900 4152//4152
f 4152//4152 3900//3900 4265//4265
f 4018//4018 4017//4017 4255//4255
f 4019//4019 3801//3801 4018//4018
f 3904//3904 3801//3801 4019//4019
f 4022//4022 4021//4021 4019//4019
f 4022//4022 4024//4024 4021//4021
f 4265//4265 4145//4145 4152//4152
f 4018//4018 3905//3905 4017//4017
f 4026//4026 4030//4030 4015//4015
f 4271//4271 4023//4023 3914//3914
f 3906//3906 3910//3910 4024//4024
f 4148//4148 4028//4028 4025//4025
f 3914//3914 4027//4027 4271//4271
f 4026//4026 4029//4029 4030//4030
f 4155//4155 4029//4029 4026//4026
f 4155//4155 4026//4026 4152//4152
f 3899//3899 4161//4161 3596//3596
f 3908//3908 3913//3913 4153//4153
f 3707//3707 4156//4156 3913//3913
f 4028//4028 3810//3810 3911//3911
f 4148//4148 3810//3810 4028//4028
f 3916//3916 4156//4156 3911//3911
f 3810//3810 3916//3916 3911//3911
f 4031//4031 4154//4154 4032//4032
f 4033//4033 3913//3913 4156//4156
f 3916//3916 4033//4033 4156//4156
f 4042//4042 4039//4039 3596//3596
f 4162//4162 4159//4159 3717//3717
f 4161//4161 4042//4042 3596//3596
f 4038//4038 4037//4037 4164//4164
f 4170//4170 4164//4164 4037//4037
f 4165//4165 4035//4035 4034//4034
f 4041//4041 4036//4036 4176//4176
f 4038//4038 4040//4040 4037//4037
f 4169//4169 4037//4037 4040//4040
f 4172//4172 4040//4040 4038//4038
f 4045//4045 4170//4170 4037//4037
f 4045//4045 4037//4037 4171//4171
f 4169//4169 4171//4171 4037//4037
f 4173//4173 4044//4044 4040//4040
f 4176//4176 4036//4036 4048//4048
f 4040//4040 4045//4045 4171//4171
f 4044//4044 4045//4045 4040//4040
f 4168//4168 4046//4046 4166//4166
f 3920//3920 4046//4046 4168//4168
f 3922//3922 4173//4173 4175//4175
f 4177//4177 4045//4045 3923//3923
f 4044//4044 3923//3923 4045//4045
f 4178//4178 4176//4176 4048//4048
f 4049//4049 4388//4388 3816//3816
f 4177//4177 3923//3923 4179//4179
f 4179//4179 3923//3923 4182//4182
f 4175//4175 4047//4047 3922//3922
f 3820//3820 4047//4047 4053//4053
f 4042//4042 3829//3829 3815//3815
f 4053//4053 4047//4047 3928//3928
f 3829//3829 4042//4042 4188//4188
f 3929//3929 3830//3830 4051//4051
f 4183//4183 4056//4056 3928//3928
f 4054//4054 4053//4053 4058//4058
f 4054//4054 4059//4059 4052//4052
f 3927//3927 3928//3928 4056//4056
f 4058//4058 4053//4053 3928//3928
f 4052//4052 4059//4059 4061//4061
f 4059//4059 4054//4054 4058//4058
f 4061//4061 4049//4049 4052//4052
f 3828//3828 3609//3609 4185//4185
f 4057//4057 4288//4288 3609//3609
f 3929//3929 4291//4291 4187//4187
f 4185//4185 4292//4292 3828//3828
f 4059//4059 4058//4058 4060//4060
f 4293//4293 3831//3831 3607//3607
f 4061//4061 4059//4059 4060//4060
f 4186//4186 3933//3933 4063//4063
f 4062//4062 4061//4061 4060//4060
f 3831//3831 4298//4298 3935//3935
f 3934//3934 4192//4192 4065//4065
f 4067//4067 4187//4187 4189//4189
f 4063//4063 3933//3933 4191//4191
f 4190//4190 4062//4062 4066//4066
f 3936//3936 4297//4297 4066//4066
f 4068//4068 4192//4192 3934//3934
f 3939//3939 4192//4192 4068//4068
f 4069//4069 4192//4192 3939//3939
f 4070//4070 4067//4067 4069//4069
f 3835//3835 4193//4193 4191//4191
f 4071//4071 4069//4069 3939//3939
f 4193//4193 3835//3835 4302//4302
f 4070//4070 4069//4069 4071//4071
f 4072//4072 4070//4070 4071//4071
f 4072//4072 4073//4073 4070//4070
f 4072//4072 4071//4071 3940//3940
f 3941//3941 4073//4073 4072//4072
f 4074//4074 3841//3841 4517//4517
f 3841//3841 4077//4077 4517//4517
f 4402//4402 4075//4075 4076//4076
f 4078//4078 4075//4075 4402//4402
f 4303//4303 4077//4077 3945//3945
f 4304//4304 3946//3946 4078//4078
f 3946//3946 4304//4304 4194//4194
f 3843//3843 4306//4306 4303//4303
f 4194//4194 4079//4079 3946//3946
f 4079//4079 4194//4194 4307//4307
f 4195//4195 3948//3948 4307//4307
f 4196//4196 3954//3954 4083//4083
f 4080//4080 4197//4197 4081//4081
f 3954//3954 4196//4196 4080//4080
f 4196//4196 4197//4197 4080//4080
f 4081//4081 4198//4198 3958//3958
f 4083//4083 4199//4199 4196//4196
f 4084//4084 4085//4085 4083//4083
f 4083//4083 4085//4085 4310//4310
f 4085//4085 3959//3959 4087//4087
f 4087//4087 4089//4089 4085//4085
f 4088//4088 4086//4086 4315//4315
f 4315//4315 4086//4086 4082//4082
f 4089//4089 4314//4314 4085//4085
f 3962//3962 4089//4089 4087//4087
f 4088//4088 4316//4316 4091//4091
f 4090//4090 4089//4089 3962//3962
f 3850//3850 4091//4091 4202//4202
f 3850//3850 4202//4202 3964//3964
f 4092//4092 3964//3964 4202//4202
f 4090//4090 4205//4205 4089//4089
f 4093//4093 4205//4205 4090//4090
f 3967//3967 4092//4092 4203//4203
f 4414//4414 4095//4095 4094//4094
f 4205//4205 4204//4204 4089//4089
f 4093//4093 4096//4096 4205//4205
f 3854//3854 4095//4095 4207//4207
f 4093//4093 4097//4097 4096//4096
f 4206//4206 4207//4207 4095//4095
f 4096//4096 4098//4098 4205//4205
f 3969//3969 4098//4098 4096//4096
f 3969//3969 4208//4208 4098//4098
f 4100//4100 4208//4208 3969//3969
f 3969//3969 3972//3972 4100//4100
f 4102//4102 4209//4209 4100//4100
f 3972//3972 3973//3973 4104//4104
f 4211//4211 4102//4102 4100//4100
f 4104//4104 4103//4103 4100//4100
f 4103//4103 4212//4212 4100//4100
f 4104//4104 4108//4108 4103//4103
f 3974//3974 4106//4106 4104//4104
f 4106//4106 4108//4108 4104//4104
f 4328//4328 3868//3868 3864//3864
f 3978//3978 4106//4106 3974//3974
f 4103//4103 4108//4108 4110//4110
f 4106//4106 4105//4105 4108//4108
f 4328//4328 4333//4333 3868//3868
f 4106//4106 4113//4113 4105//4105
f 3978//3978 4109//4109 4106//4106
f 4109//4109 4113//4113 4106//4106
f 4218//4218 4220//4220 3870//3870
f 4108//4108 4112//4112 4110//4110
f 4105//4105 4112//4112 4108//4108
f 4116//4116 4222//4222 4114//4114
f 3873//3873 4220//4220 4225//4225
f 4333//4333 4348//4348 3879//3879
f 4114//4114 4120//4120 4116//4116
f 4113//4113 4121//4121 4105//4105
f 4121//4121 4117//4117 4105//4105
f 4341//4341 4227//4227 3988//3988
f 4122//4122 4336//4336 4116//4116
f 4124//4124 4122//4122 4116//4116
f 4120//4120 4124//4124 4116//4116
f 4105//4105 4117//4117 4112//4112
f 4233//4233 4123//4123 4118//4118
f 4111//4111 3871//3871 4119//4119
f 4230//4230 4336//4336 4122//4122
f 4111//4111 4119//4119 4439//4439
f 4117//4117 4232//4232 4112//4112
f 4123//4123 4126//4126 4118//4118
f 3995//3995 4232//4232 4117//4117
f 4121//4121 3995//3995 4117//4117
f 3988//3988 4240//4240 4341//4341
f 3877//3877 4445//4445 4342//4342
f 4124//4124 4125//4125 4122//4122
f 4120//4120 3990//3990 4124//4124
f 4340//4340 4112//4112 4232//4232
f 3989//3989 3988//3988 4227//4227
f 4129//4129 4126//4126 4123//4123
f 4237//4237 4125//4125 4124//4124
f 4124//4124 3990//3990 4237//4237
f 4232//4232 3995//3995 4241//4241
f 3989//3989 4350//4350 4235//4235
f 3989//3989 4227//4227 4350//4350
f 4127//4127 4129//4129 4123//4123
f 4236//4236 4237//4237 4239//4239
f 4239//4239 3992//3992 3986//3986
f 3987//3987 4342//4342 4130//4130
f 4241//4241 4340//4340 4232//4232
f 3993//3993 3886//3886 4349//4349
f 3993//3993 4349//4349 4240//4240
f 4003//4003 4130//4130 4133//4133
f 4135//4135 4134//4134 4001//4001
f 3886//3886 3999//3999 4355//4355
f 3997//3997 4235//4235 4247//4247
f 4131//4131 4000//4000 4132//4132
f 4360//4360 4002//4002 4128//4128
f 4133//4133 4135//4135 4003//4003
f 4134//4134 4244//4244 4001//4001
f 4241//4241 4136//4136 4242//4242
f 4134//4134 4135//4135 4249//4249
f 4001//4001 4244//4244 4008//4008
f 3891//3891 4245//4245 3999//3999
f 4247//4247 4246//4246 4245//4245
f 4251//4251 4140//4140 4248//4248
f 4363//4363 4132//4132 4000//4000
f 4136//4136 4253//4253 4242//4242
f 4244//4244 4141//4141 4139//4139
f 4008//4008 4244//4244 4139//4139
f 4136//4136 4254//4254 4253//4253
f 4251//4251 4259//4259 4140//4140
f 4371//4371 4257//4257 4137//4137
f 4139//4139 4141//4141 4138//4138
f 4259//4259 4144//4144 4140//4140
f 4142//4142 4138//4138 4141//4141
f 4002//4002 4360//4360 4376//4376
f 4002//4002 4376//4376 3899//3899
f 4259//4259 4146//4146 4144//4144
f 4266//4266 4261//4261 4017//4017
f 4014//4014 4147//4147 4263//4263
f 4373//4373 4369//4369 4481//4481
f 4017//4017 4020//4020 4266//4266
f 4151//4151 4267//4267 4147//4147
f 4263//4263 4147//4147 4267//4267
f 4373//4373 4025//4025 4369//4369
f 4146//4146 4149//4149 4144//4144
f 4264//4264 4151//4151 4146//4146
f 4267//4267 4151//4151 4264//4264
f 4148//4148 4025//4025 4373//4373
f 4015//4015 4030//4030 4275//4275
f 4020//4020 4271//4271 4266//4266
f 4020//4020 4023//4023 4271//4271
f 4149//4149 4269//4269 4144//4144
f 4151//4151 4149//4149 4146//4146
f 4382//4382 4152//4152 4145//4145
f 4151//4151 4150//4150 4149//4149
f 4277//4277 4275//4275 4030//4030
f 4161//4161 3899//3899 4384//4384
f 4147//4147 4276//4276 4151//4151
f 3806//3806 4276//4276 4147//4147
f 4151//4151 4276//4276 4150//4150
f 4387//4387 3806//3806 3908//3908
f 4382//4382 4155//4155 4152//4152
f 4030//4030 4281//4281 4277//4277
f 4030//4030 4029//4029 4281//4281
f 4154//4154 3810//3810 4148//4148
f 4157//4157 4029//4029 4155//4155
f 4154//4154 4031//4031 3810//3810
f 4154//4154 4277//4277 4160//4160
f 4494//4494 4157//4157 4155//4155
f 4032//4032 4154//4154 4160//4160
f 4277//4277 4281//4281 4160//4160
f 4157//4157 4281//4281 4029//4029
f 4033//4033 4159//4159 4158//4158
f 4033//4033 4158//4158 3913//3913
f 3812//3812 4032//4032 4160//4160
f 4158//4158 4159//4159 4162//4162
f 4034//4034 4035//4035 4162//4162
f 4167//4167 4038//4038 4164//4164
f 4281//4281 4282//4282 4160//4160
f 4035//4035 4165//4165 4678//4678
f 4164//4164 4170//4170 4167//4167
f 4160//4160 4282//4282 4166//4166
f 4163//4163 4168//4168 4283//4283
f 4042//4042 4161//4161 4284//4284
f 4169//4169 4167//4167 4170//4170
f 4040//4040 4167//4167 4169//4169
f 4171//4171 4167//4167 4040//4040
f 4171//4171 4172//4172 4167//4167
f 4038//4038 4167//4167 4172//4172
f 4172//4172 4173//4173 4040//4040
f 4388//4388 4165//4165 3918//3918
f 4169//4169 4170//4170 4045//4045
f 4045//4045 4172//4172 4169//4169
f 4171//4171 4169//4169 4172//4172
f 4173//4173 4172//4172 4285//4285
f 4045//4045 4177//4177 4172//4172
f 4173//4173 4285//4285 4175//4175
f 4174//4174 4041//4041 4176//4176
f 4043//4043 4041//4041 4174//4174
f 4285//4285 4172//4172 4177//4177
f 4286//4286 4176//4176 4178//4178
f 4179//4179 4389//4389 4177//4177
f 4285//4285 4177//4177 4389//4389
f 4047//4047 4175//4175 4180//4180
f 4188//4188 4042//4042 4284//4284
f 4178//4178 4048//4048 4055//4055
f 4043//4043 4174//4174 4050//4050
f 4287//4287 4051//4051 4499//4499
f 3929//3929 4051//4051 4287//4287
f 3928//3928 4180//4180 4183//4183
f 4047//4047 4180//4180 3928//3928
f 4050//4050 4174//4174 4290//4290
f 4051//4051 4390//4390 4499//4499
f 4291//4291 3929//3929 4287//4287
f 4179//4179 4182//4182 4181//4181
f 4061//4061 4497//4497 4049//4049
f 4051//4051 4050//4050 4390//4390
f 4050//4050 4290//4290 4390//4390
f 4181//4181 4182//4182 4391//4391
f 4184//4184 4391//4391 4182//4182
f 4056//4056 4183//4183 3827//3827
f 4178//4178 4055//4055 4065//4065
f 4185//4185 3609//3609 4288//4288
f 4057//4057 4186//4186 4288//4288
f 4289//4289 4178//4178 4065//4065
f 4296//4296 4289//4289 4065//4065
f 4293//4293 3828//3828 4292//4292
f 4063//4063 4185//4185 4288//4288
f 4186//4186 4063//4063 4288//4288
f 4185//4185 4295//4295 4292//4292
f 4063//4063 4295//4295 4185//4185
f 4291//4291 4189//4189 4187//4187
f 4065//4065 4192//4192 4296//4296
f 4396//4396 4298//4298 3831//3831
f 4191//4191 4299//4299 4295//4295
f 4394//4394 4296//4296 4192//4192
f 4297//4297 4190//4190 4066//4066
f 4511//4511 4297//4297 3936//3936
f 4298//4298 4511//4511 3936//3936
f 4189//4189 4069//4069 4067//4067
f 4075//4075 4300//4300 4301//4301
f 4302//4302 4074//4074 4517//4517
f 4075//4075 4301//4301 4076//4076
f 4078//4078 4402//4402 4304//4304
f 4307//4307 4306//4306 4195//4195
f 4196//4196 4199//4199 4197//4197
f 4198//4198 4081//4081 4197//4197
f 4197//4197 4406//4406 4198//4198
f 4198//4198 4201//4201 4082//4082
f 4197//4197 4199//4199 4200//4200
f 4308//4308 4198//4198 4406//4406
f 4198//4198 4308//4308 4201//4201
f 4310//4310 4199//4199 4083//4083
f 4201//4201 4313//4313 4082//4082
f 4085//4085 4314//4314 4310//4310
f 4315//4315 4316//4316 4088//4088
f 4089//4089 4319//4319 4314//4314
f 4316//4316 4318//4318 4091//4091
f 4091//4091 4318//4318 4202//4202
f 4089//4089 4204//4204 4319//4319
f 4319//4319 4204//4204 4416//4416
f 3852//3852 3853//3853 4530//4530
f 4322//4322 4416//4416 4204//4204
f 4098//4098 4204//4204 4205//4205
f 4098//4098 4208//4208 4204//4204
f 4206//4206 4419//4419 4207//4207
f 4208//4208 4322//4322 4204//4204
f 4208//4208 4209//4209 4322//4322
f 4100//4100 4209//4209 4208//4208
f 4102//4102 4211//4211 4210//4210
f 4100//4100 4212//4212 4211//4211
f 4212//4212 4213//4213 4211//4211
f 4330//4330 4327//4327 4211//4211
f 4214//4214 4330//4330 4211//4211
f 4213//4213 4214//4214 4211//4211
f 4110//4110 4213//4213 4212//4212
f 4103//4103 4110//4110 4212//4212
f 4213//4213 4216//4216 4214//4214
f 4330//4330 4214//4214 4215//4215
f 4216//4216 4215//4215 4214//4214
f 4213//4213 4218//4218 4216//4216
f 3870//3870 4216//4216 4218//4218
f 4215//4215 4107//4107 4217//4217
f 4110//4110 4218//4218 4213//4213
f 4219//4219 4221//4221 4432//4432
f 4110//4110 4220//4220 4218//4218
f 4217//4217 4107//4107 4222//4222
f 4334//4334 4433//4433 4221//4221
f 4435//4435 4334//4334 4221//4221
f 4335//4335 4228//4228 4223//4223
f 4332//4332 4116//4116 4336//4336
f 4332//4332 4222//4222 4116//4116
f 3983//3983 4114//4114 4222//4222
f 4228//4228 4115//4115 4223//4223
f 4223//4223 4111//4111 4335//4335
f 4226//4226 4225//4225 4224//4224
f 4110//4110 4229//4229 4220//4220
f 4220//4220 4229//4229 4225//4225
f 4229//4229 4338//4338 4225//4225
f 4112//4112 4229//4229 4110//4110
f 4348//4348 4333//4333 4655//4655
f 4233//4233 4118//4118 4334//4334
f 4435//4435 4233//4233 4334//4334
f 4334//4334 4118//4118 4441//4441
f 4226//4226 4224//4224 4231//4231
f 3879//3879 4348//4348 4128//4128
f 4233//4233 4435//4435 4443//4443
f 4439//4439 4335//4335 4111//4111
f 4228//4228 4445//4445 4115//4115
f 4126//4126 4441//4441 4118//4118
f 4226//4226 4231//4231 3986//3986
f 4443//4443 4123//4123 4233//4233
f 4122//4122 4343//4343 4230//4230
f 4122//4122 4125//4125 4343//4343
f 4231//4231 4234//4234 4236//4236
f 4112//4112 4340//4340 4229//4229
f 4129//4129 4446//4446 4126//4126
f 4127//4127 4123//4123 4443//4443
f 4231//4231 4236//4236 4239//4239
f 4351//4351 4446//4446 4129//4129
f 4342//4342 4445//4445 4564//4564
f 4238//4238 4125//4125 4237//4237
f 3986//3986 4231//4231 4239//4239
f 4448//4448 4127//4127 4443//4443
f 4236//4236 4238//4238 4237//4237
f 4344//4344 4343//4343 4125//4125
f 4238//4238 4344//4344 4125//4125
f 4449//4449 4119//4119 4131//4131
f 4354//4354 4133//4133 4342//4342
f 4342//4342 4133//4133 4130//4130
f 4350//4350 4461//4461 4235//4235
f 4449//4449 4131//4131 4357//4357
f 4355//4355 4349//4349 3886//3886
f 4459//4459 4351//4351 4129//4129
f 4346//4346 4248//4248 4127//4127
f 4340//4340 4353//4353 4347//4347
f 4128//4128 4348//4348 4360//4360
f 4129//4129 4127//4127 4248//4248
f 4357//4357 4131//4131 4362//4362
f 4361//4361 4459//4459 4129//4129
f 4248//4248 4361//4361 4129//4129
f 4248//4248 4346//4346 4451//4451
f 4362//4362 4131//4131 4132//4132
f 4340//4340 4242//4242 4353//4353
f 4241//4241 4242//4242 4340//4340
f 4242//4242 4243//4243 4353//4353
f 4355//4355 4245//4245 4246//4246
f 4235//4235 4359//4359 4247//4247
f 4135//4135 4133//4133 4249//4249
f 4133//4133 4356//4356 4249//4249
f 4134//4134 4249//4249 4244//4244
f 4353//4353 4243//4243 4250//4250
f 4245//4245 4355//4355 3999//3999
f 4451//4451 4251//4251 4248//4248
f 4451//4451 4358//4358 4251//4251
f 4249//4249 4356//4356 4364//4364
f 4242//4242 4253//4253 4243//4243
f 4248//4248 4140//4140 4361//4361
f 4243//4243 4253//4253 4250//4250
f 4141//4141 4249//4249 4364//4364
f 4244//4244 4249//4249 4141//4141
f 4255//4255 4366//4366 4458//4458
f 4458//4458 4250//4250 4255//4255
f 4253//4253 4255//4255 4250//4250
f 4358//4358 4252//4252 4251//4251
f 4140//4140 4256//4256 4361//4361
f 4255//4255 4261//4261 4366//4366
f 4253//4253 4254//4254 4255//4255
f 4140//4140 4262//4262 4256//4256
f 4140//4140 4144//4144 4262//4262
f 4252//4252 4259//4259 4251//4251
f 4366//4366 4261//4261 4258//4258
f 4257//4257 4368//4368 4143//4143
f 4256//4256 4262//4262 4479//4479
f 4476//4476 4260//4260 4263//4263
f 4368//4368 4257//4257 4371//4371
f 4369//4369 4143//4143 4481//4481
f 4015//4015 4473//4473 4363//4363
f 4370//4370 4375//4375 4142//4142
f 4141//4141 4370//4370 4142//4142
f 4015//4015 4275//4275 4473//4473
f 4261//4261 4266//4266 4258//4258
f 4479//4479 4262//4262 4379//4379
f 4372//4372 4264//4264 4252//4252
f 4264//4264 4259//4259 4252//4252
f 4267//4267 4264//4264 4372//4372
f 4372//4372 4476//4476 4267//4267
f 4476//4476 4263//4263 4267//4267
f 4262//4262 4144//4144 4379//4379
f 4144//4144 4269//4269 4379//4379
f 4264//4264 4146//4146 4259//4259
f 4266//4266 4268//4268 4258//4258
f 4379//4379 4269//4269 4381//4381
f 4375//4375 4270//4270 4265//4265
f 4142//4142 4375//4375 4265//4265
f 4272//4272 4377//4377 4381//4381
f 4265//4265 4270//4270 4145//4145
f 4266//4266 4271//4271 4268//4268
f 4376//4376 4384//4384 3899//3899
f 4381//4381 4273//4273 4272//4272
f 4269//4269 4273//4273 4381//4381
f 4382//4382 4380//4380 4027//4027
f 4268//4268 4027//4027 4380//4380
f 4271//4271 4027//4027 4268//4268
f 4273//4273 4269//4269 4278//4278
f 4149//4149 4278//4278 4269//4269
f 4278//4278 4149//4149 4385//4385
f 4385//4385 4149//4149 4150//4150
f 4274//4274 4277//4277 4154//4154
f 4275//4275 4277//4277 4274//4274
f 4276//4276 3806//3806 4387//4387
f 4027//4027 4494//4494 4382//4382
f 4385//4385 4150//4150 4386//4386
f 4276//4276 4386//4386 4150//4150
f 4387//4387 3908//3908 4153//4153
f 4387//4387 4386//4386 4276//4276
f 4493//4493 4153//4153 3913//3913
f 4382//4382 4494//4494 4155//4155
f 4161//4161 4384//4384 4280//4280
f 4493//4493 3913//3913 4158//4158
f 4027//4027 4279//4279 4494//4494
f 4027//4027 4163//4163 4279//4279
f 4158//4158 4162//4162 4677//4677
f 4677//4677 4162//4162 4035//4035
f 4157//4157 4282//4282 4281//4281
f 4279//4279 4163//4163 4283//4283
f 4161//4161 4280//4280 4284//4284
f 4165//4165 4599//4599 4678//4678
f 4282//4282 4168//4168 4166//4166
f 4168//4168 4282//4282 4283//4283
f 4174//4174 4176//4176 4286//4286
f 4287//4287 4499//4499 4498//4498
f 4175//4175 4285//4285 4503//4503
f 4502//4502 4285//4285 4389//4389
f 4175//4175 4503//4503 4180//4180
f 4497//4497 4388//4388 4049//4049
f 4174//4174 4286//4286 4290//4290
f 4287//4287 4498//4498 4291//4291
f 4181//4181 4389//4389 4179//4179
f 4289//4289 4286//4286 4178//4178
f 4497//4497 4061//4061 4392//4392
f 4290//4290 4286//4286 4289//4289
f 4390//4390 4290//4290 4393//4393
f 4390//4390 4393//4393 4505//4505
f 4506//4506 4184//4184 3827//3827
f 4183//4183 4506//4506 3827//3827
f 4062//4062 4392//4392 4061//4061
f 4190//4190 4392//4392 4062//4062
f 4296//4296 4290//4290 4289//4289
f 4393//4393 4290//4290 4296//4296
f 4291//4291 4394//4394 4189//4189
f 4293//4293 4292//4292 4294//4294
f 4294//4294 4292//4292 4295//4295
f 4394//4394 4393//4393 4296//4296
f 4293//4293 4396//4396 3831//3831
f 4294//4294 4396//4396 4293//4293
f 4063//4063 4191//4191 4295//4295
f 4394//4394 4069//4069 4189//4189
f 4294//4294 4299//4299 4398//4398
f 4295//4295 4299//4299 4294//4294
f 4395//4395 4300//4300 4188//4188
f 4069//4069 4394//4394 4192//4192
f 4300//4300 4395//4395 4301//4301
f 4398//4398 4302//4302 4397//4397
f 4191//4191 4398//4398 4299//4299
f 4191//4191 4193//4193 4398//4398
f 4398//4398 4193//4193 4302//4302
f 4518//4518 4076//4076 4301//4301
f 4302//4302 4517//4517 4606//4606
f 4401//4401 4076//4076 4518//4518
f 4402//4402 4076//4076 4401//4401
f 4304//4304 4402//4402 4400//4400
f 4520//4520 4303//4303 4306//4306
f 4305//4305 4405//4405 4306//4306
f 4194//4194 4305//4305 4307//4307
f 4306//4306 4307//4307 4305//4305
f 4197//4197 4200//4200 4406//4406
f 4200//4200 4199//4199 4407//4407
f 4406//4406 4309//4309 4308//4308
f 4407//4407 4406//4406 4200//4200
f 4407//4407 4199//4199 4311//4311
f 4310//4310 4311//4311 4199//4199
f 4308//4308 4312//4312 4201//4201
f 4315//4315 4082//4082 4313//4313
f 4201//4201 4312//4312 4313//4313
f 4314//4314 4311//4311 4310//4310
f 4313//4313 4412//4412 4315//4315
f 4311//4311 4317//4317 4411//4411
f 4314//4314 4317//4317 4311//4311
f 4315//4315 4412//4412 4316//4316
f 4314//4314 4319//4319 4317//4317
f 4092//4092 4202//4202 4320//4320
f 4614//4614 4318//4318 4316//4316
f 4319//4319 4321//4321 4317//4317
f 4319//4319 4416//4416 4321//4321
f 4318//4318 4320//4320 4202//4202
f 3852//3852 4414//4414 4094//4094
f 4203//4203 4532//4532 3853//3853
f 4092//4092 4533//4533 4203//4203
f 4320//4320 4621//4621 4092//4092
f 4206//4206 4095//4095 4627//4627
f 4418//4418 4416//4416 4324//4324
f 4206//4206 4421//4421 4419//4419
f 4322//4322 4324//4324 4416//4416
f 4418//4418 4324//4324 4325//4325
f 4322//4322 4209//4209 4324//4324
f 4418//4418 4325//4325 4426//4426
f 4209//4209 4325//4325 4324//4324
f 4209//4209 4326//4326 4325//4325
f 4101//4101 4323//4323 4428//4428
f 4209//4209 4102//4102 4326//4326
f 4102//4102 4210//4210 4326//4326
f 4428//4428 4328//4328 4101//4101
f 4211//4211 4327//4327 4210//4210
f 4330//4330 4329//4329 4327//4327
f 4329//4329 4332//4332 4431//4431
f 4330//4330 4331//4331 4329//4329
f 4215//4215 4217//4217 4330//4330
f 4217//4217 4331//4331 4330//4330
f 4432//4432 4221//4221 4433//4433
f 4331//4331 4332//4332 4329//4329
f 4217//4217 4222//4222 4331//4331
f 4331//4331 4222//4222 4332//4332
f 4219//4219 4435//4435 4221//4221
f 4332//4332 4336//4336 4440//4440
f 4334//4334 4556//4556 4433//4433
f 4335//4335 4437//4437 4228//4228
f 4334//4334 4441//4441 4556//4556
f 4437//4437 4557//4557 4228//4228
f 4337//4337 4227//4227 4341//4341
f 4225//4225 4338//4338 4224//4224
f 4440//4440 4336//4336 4230//4230
f 4440//4440 4230//4230 4447//4447
f 4224//4224 4234//4234 4231//4231
f 4338//4338 4234//4234 4224//4224
f 4445//4445 4228//4228 4557//4557
f 4338//4338 4347//4347 4234//4234
f 4350//4350 4337//4337 4345//4345
f 4337//4337 4350//4350 4227//4227
f 4126//4126 4446//4446 4441//4441
f 4443//4443 4339//4339 4448//4448
f 4337//4337 4341//4341 4349//4349
f 4230//4230 4343//4343 4447//4447
f 4229//4229 4347//4347 4338//4338
f 4341//4341 4240//4240 4349//4349
f 4337//4337 4349//4349 4345//4345
f 4234//4234 4238//4238 4236//4236
f 4352//4352 4238//4238 4234//4234
f 4347//4347 4352//4352 4234//4234
f 4229//4229 4340//4340 4347//4347
f 4127//4127 4448//4448 4346//4346
f 4439//4439 4119//4119 4449//4449
f 4344//4344 4447//4447 4343//4343
f 4456//4456 4350//4350 4345//4345
f 4453//4453 4342//4342 4564//4564
f 4347//4347 4353//4353 4352//4352
f 4456//4456 4345//4345 4349//4349
f 4453//4453 4354//4354 4342//4342
f 4344//4344 4238//4238 4352//4352
f 4456//4456 4349//4349 4355//4355
f 4356//4356 4563//4563 4449//4449
f 4454//4454 4356//4356 4354//4354
f 4356//4356 4449//4449 4357//4357
f 4133//4133 4354//4354 4356//4356
f 4462//4462 4456//4456 4355//4355
f 4235//4235 4461//4461 4359//4359
f 4353//4353 4250//4250 4352//4352
f 4360//4360 4348//4348 4471//4471
f 4462//4462 4355//4355 4246//4246
f 4356//4356 4357//4357 4365//4365
f 4364//4364 4356//4356 4365//4365
f 4359//4359 4246//4246 4247//4247
f 4352//4352 4250//4250 4458//4458
f 4357//4357 4362//4362 4469//4469
f 4365//4365 4357//4357 4469//4469
f 4361//4361 4256//4256 4459//4459
f 4365//4365 4469//4469 4367//4367
f 4132//4132 4363//4363 4362//4362
f 4362//4362 4363//4363 4473//4473
f 4577//4577 4475//4475 4469//4469
f 4468//4468 4470//4470 4472//4472
f 4366//4366 4258//4258 4470//4470
f 4360//4360 4471//4471 4376//4376
f 4367//4367 4469//4469 4374//4374
f 4374//4374 4469//4469 4475//4475
f 4370//4370 4364//4364 4367//4367
f 4364//4364 4365//4365 4367//4367
f 4141//4141 4364//4364 4370//4370
f 4367//4367 4472//4472 4370//4370
f 4472//4472 4470//4470 4370//4370
f 4368//4368 4580//4580 4143//4143
f 4143//4143 4580//4580 4481//4481
f 4478//4478 4367//4367 4374//4374
f 4375//4375 4370//4370 4470//4470
f 4476//4476 4484//4484 4260//4260
f 4484//4484 4371//4371 4260//4260
f 4368//4368 4371//4371 4485//4485
f 4258//4258 4268//4268 4470//4470
f 4482//4482 4581//4581 4377//4377
f 4581//4581 4480//4480 4377//4377
f 4484//4484 4476//4476 4372//4372
f 4473//4473 4275//4275 4378//4378
f 4270//4270 4374//4374 4477//4477
f 4478//4478 4374//4374 4270//4270
f 4270//4270 4375//4375 4380//4380
f 4380//4380 4375//4375 4470//4470
f 4487//4487 4482//4482 4377//4377
f 4381//4381 4377//4377 4480//4480
f 4379//4379 4381//4381 4480//4480
f 4478//4478 4270//4270 4380//4380
f 4380//4380 4145//4145 4477//4477
f 4270//4270 4477//4477 4145//4145
f 4470//4470 4268//4268 4380//4380
f 4487//4487 4272//4272 4488//4488
f 4487//4487 4377//4377 4272//4272
f 4148//4148 4373//4373 4154//4154
f 4380//4380 4382//4382 4145//4145
f 4384//4384 4376//4376 4471//4471
f 4274//4274 4154//4154 4373//4373
f 4275//4275 4274//4274 4378//4378
f 4488//4488 4272//4272 4383//4383
f 4272//4272 4273//4273 4383//4383
f 4273//4273 4278//4278 4383//4383
f 4383//4383 4278//4278 4597//4597
f 4489//4489 4597//4597 4278//4278
f 4278//4278 4385//4385 4489//4489
f 4386//4386 4490//4490 4385//4385
f 4153//4153 4492//4492 4387//4387
f 4493//4493 4492//4492 4153//4153
f 4493//4493 4158//4158 4677//4677
f 4494//4494 4279//4279 4157//4157
f 4678//4678 4677//4677 4035//4035
f 4279//4279 4282//4282 4157//4157
f 4283//4283 4282//4282 4279//4279
f 4165//4165 4388//4388 4599//4599
f 4497//4497 4599//4599 4388//4388
f 4188//4188 4284//4284 4600//4600
f 4502//4502 4503//4503 4285//4285
f 4390//4390 4505//4505 4499//4499
f 4498//4498 4501//4501 4291//4291
f 4181//4181 4502//4502 4389//4389
f 4180//4180 4506//4506 4183//4183
f 4503//4503 4506//4506 4180//4180
f 4505//4505 4501//4501 4500//4500
f 4392//4392 4601//4601 4497//4497
f 4600//4600 4395//4395 4188//4188
f 4501//4501 4394//4394 4291//4291
f 4506//4506 4391//4391 4184//4184
f 4505//4505 4393//4393 4501//4501
f 4501//4501 4393//4393 4394//4394
f 4392//4392 4190//4190 4510//4510
f 4510//4510 4190//4190 4297//4297
f 4509//4509 4512//4512 4515//4515
f 4509//4509 4515//4515 4507//4507
f 4513//4513 4507//4507 4515//4515
f 4510//4510 4297//4297 4511//4511
f 4515//4515 4512//4512 4511//4511
f 4298//4298 4397//4397 4511//4511
f 4514//4514 4515//4515 4397//4397
f 4511//4511 4397//4397 4515//4515
f 4396//4396 4397//4397 4298//4298
f 4294//4294 4398//4398 4396//4396
f 4398//4398 4397//4397 4396//4396
f 4397//4397 4606//4606 4514//4514
f 4301//4301 4395//4395 4518//4518
f 4397//4397 4302//4302 4606//4606
f 4517//4517 4077//4077 4516//4516
f 4303//4303 4399//4399 4077//4077
f 4402//4402 4401//4401 4400//4400
f 4303//4303 4520//4520 4399//4399
f 4520//4520 4403//4403 4521//4521
f 4520//4520 4306//4306 4403//4403
f 4304//4304 4400//4400 4404//4404
f 4194//4194 4304//4304 4404//4404
f 4305//4305 4194//4194 4404//4404
f 4403//4403 4306//4306 4405//4405
f 4309//4309 4524//4524 4308//4308
f 4407//4407 4309//4309 4406//4406
f 4308//4308 4524//4524 4312//4312
f 4407//4407 4408//4408 4309//4309
f 4411//4411 4408//4408 4407//4407
f 4407//4407 4311//4311 4411//4411
f 4524//4524 4410//4410 4312//4312
f 4408//4408 4525//4525 4309//4309
f 4411//4411 4409//4409 4408//4408
f 4409//4409 4525//4525 4408//4408
f 4527//4527 4412//4412 4313//4313
f 4312//4312 4526//4526 4313//4313
f 4411//4411 4413//4413 4409//4409
f 4527//4527 4313//4313 4526//4526
f 4317//4317 4321//4321 4411//4411
f 4614//4614 4316//4316 4412//4412
f 4411//4411 4417//4417 4413//4413
f 4321//4321 4417//4417 4411//4411
f 4412//4412 4616//4616 4614//4614
f 4527//4527 4616//4616 4412//4412
f 4414//4414 3852//3852 4530//4530
f 3853//3853 4532//4532 4530//4530
f 4617//4617 4320//4320 4318//4318
f 4417//4417 4415//4415 4413//4413
f 4532//4532 4203//4203 4533//4533
f 4321//4321 4416//4416 4417//4417
f 4621//4621 4533//4533 4092//4092
f 4415//4415 4420//4420 4413//4413
f 4414//4414 4627//4627 4095//4095
f 4413//4413 4420//4420 4529//4529
f 4416//4416 4418//4418 4417//4417
f 4628//4628 4627//4627 4414//4414
f 4206//4206 4627//4627 4421//4421
f 4418//4418 4426//4426 4417//4417
f 4415//4415 4423//4423 4420//4420
f 4417//4417 4426//4426 4415//4415
f 4693//4693 4750//4750 4419//4419
f 4421//4421 4693//4693 4419//4419
f 4423//4423 4424//4424 4420//4420
f 4420//4420 4424//4424 4422//4422
f 4636//4636 4539//4539 4422//4422
f 4423//4423 4429//4429 4424//4424
f 4426//4426 4425//4425 4415//4415
f 4427//4427 4425//4425 4426//4426
f 4538//4538 4638//4638 4323//4323
f 4429//4429 4544//4544 4424//4424
f 4426//4426 4325//4325 4326//4326
f 4427//4427 4542//4542 4425//4425
f 4426//4426 4546//4546 4427//4427
f 4326//4326 4546//4546 4426//4426
f 4427//4427 4545//4545 4542//4542
f 4545//4545 4427//4427 4546//4546
f 4326//4326 4210//4210 4546//4546
f 4550//4550 4328//4328 4428//4428
f 4546//4546 4210//4210 4430//4430
f 4546//4546 4430//4430 4547//4547
f 4210//4210 4327//4327 4430//4430
f 4327//4327 4431//4431 4430//4430
f 4333//4333 4328//4328 4550//4550
f 4327//4327 4329//4329 4431//4431
f 4332//4332 4553//4553 4431//4431
f 4554//4554 4219//4219 4432//4432
f 4554//4554 4432//4432 4433//4433
f 4219//4219 4554//4554 4434//4434
f 4219//4219 4434//4434 4435//4435
f 4554//4554 4433//4433 4556//4556
f 4332//4332 4440//4440 4553//4553
f 4434//4434 4556//4556 4558//4558
f 4434//4434 4436//4436 4435//4435
f 4436//4436 4434//4434 4558//4558
f 4553//4553 4440//4440 4438//4438
f 4441//4441 4442//4442 4556//4556
f 4442//4442 4558//4558 4556//4556
f 4435//4435 4436//4436 4443//4443
f 4439//4439 4437//4437 4335//4335
f 4443//4443 4436//4436 4560//4560
f 4440//4440 4444//4444 4438//4438
f 4447//4447 4444//4444 4440//4440
f 4560//4560 4339//4339 4443//4443
f 4348//4348 4655//4655 4573//4573
f 4565//4565 4339//4339 4560//4560
f 4442//4442 4441//4441 4446//4446
f 4565//4565 4442//4442 4446//4446
f 4661//4661 4346//4346 4562//4562
f 4557//4557 4564//4564 4445//4445
f 4565//4565 4446//4446 4351//4351
f 4448//4448 4339//4339 4567//4567
f 4346//4346 4448//4448 4562//4562
f 4661//4661 4451//4451 4346//4346
f 4563//4563 4439//4439 4449//4449
f 4450//4450 4567//4567 4339//4339
f 4448//4448 4452//4452 4562//4562
f 4567//4567 4452//4452 4448//4448
f 4463//4463 4561//4561 4444//4444
f 4450//4450 4339//4339 4565//4565
f 4451//4451 4661//4661 4465//4465
f 4456//4456 4464//4464 4350//4350
f 4565//4565 4351//4351 4450//4450
f 4561//4561 4463//4463 4453//4453
f 4344//4344 4455//4455 4447//4447
f 4344//4344 4352//4352 4455//4455
f 4461//4461 4350//4350 4464//4464
f 4569//4569 4563//4563 4454//4454
f 4354//4354 4453//4453 4460//4460
f 4447//4447 4455//4455 4444//4444
f 4454//4454 4563//4563 4356//4356
f 4454//4454 4354//4354 4460//4460
f 4463//4463 4460//4460 4453//4453
f 4455//4455 4463//4463 4444//4444
f 4455//4455 4352//4352 4458//4458
f 4462//4462 4464//4464 4456//4456
f 4571//4571 4450//4450 4459//4459
f 4459//4459 4450//4450 4351//4351
f 4568//4568 4454//4454 4460//4460
f 4455//4455 4457//4457 4463//4463
f 4458//4458 4457//4457 4455//4455
f 4573//4573 4471//4471 4348//4348
f 4467//4467 4568//4568 4460//4460
f 4464//4464 4462//4462 4246//4246
f 4246//4246 4359//4359 4464//4464
f 4457//4457 4468//4468 4463//4463
f 4461//4461 4464//4464 4359//4359
f 4451//4451 4465//4465 4358//4358
f 4463//4463 4472//4472 4460//4460
f 4366//4366 4468//4468 4457//4457
f 4458//4458 4366//4366 4457//4457
f 4666//4666 4459//4459 4256//4256
f 4463//4463 4468//4468 4472//4472
f 4467//4467 4472//4472 4466//4466
f 4460//4460 4472//4472 4467//4467
f 4474//4474 4358//4358 4576//4576
f 4575//4575 4666//4666 4256//4256
f 4252//4252 4358//4358 4474//4474
f 4577//4577 4469//4469 4667//4667
f 4366//4366 4470//4470 4468//4468
f 4673//4673 4471//4471 4573//4573
f 4479//4479 4575//4575 4256//4256
f 4469//4469 4362//4362 4667//4667
f 4667//4667 4362//4362 4473//4473
f 4478//4478 4475//4475 4466//4466
f 4472//4472 4478//4478 4466//4466
f 4667//4667 4473//4473 4668//4668
f 4572//4572 4577//4577 4667//4667
f 4367//4367 4478//4478 4472//4472
f 4575//4575 4479//4479 4588//4588
f 4372//4372 4252//4252 4474//4474
f 4475//4475 4477//4477 4374//4374
f 4671//4671 4581//4581 4482//4482
f 4484//4484 4485//4485 4371//4371
f 4582//4582 4473//4473 4378//4378
f 4478//4478 4477//4477 4475//4475
f 4580//4580 4368//4368 4579//4579
f 4487//4487 4583//4583 4482//4482
f 4480//4480 4581//4581 4584//4584
f 4379//4379 4480//4480 4486//4486
f 4479//4479 4379//4379 4486//4486
f 4372//4372 4474//4474 4590//4590
f 4484//4484 4372//4372 4590//4590
f 4586//4586 4481//4481 4580//4580
f 4373//4373 4481//4481 4586//4586
f 4478//4478 4380//4380 4477//4477
f 4584//4584 4486//4486 4480//4480
f 4588//4588 4479//4479 4486//4486
f 4484//4484 4590//4590 4593//4593
f 4373//4373 4589//4589 4274//4274
f 4471//4471 4495//4495 4384//4384
f 4673//4673 4495//4495 4471//4471
f 4383//4383 4597//4597 4488//4488
f 4489//4489 4490//4490 4592//4592
f 4490//4490 4595//4595 4592//4592
f 4491//4491 4595//4595 4490//4490
f 4491//4491 4492//4492 4598//4598
f 4385//4385 4490//4490 4489//4489
f 4491//4491 4490//4490 4386//4386
f 4387//4387 4491//4491 4386//4386
f 4492//4492 4491//4491 4387//4387
f 4492//4492 4493//4493 4594//4594
f 4493//4493 4676//4676 4594//4594
f 4495//4495 4496//4496 4384//4384
f 4384//4384 4496//4496 4280//4280
f 4679//4679 4496//4496 4495//4495
f 4599//4599 4733//4733 4678//4678
f 4496//4496 4284//4284 4280//4280
f 4496//4496 4600//4600 4284//4284
f 4600//4600 4496//4496 4680//4680
f 4499//4499 4500//4500 4498//4498
f 4500//4500 4499//4499 4505//4505
f 4498//4498 4500//4500 4501//4501
f 4504//4504 4503//4503 4502//4502
f 4602//4602 4600//4600 4680//4680
f 4504//4504 4502//4502 4181//4181
f 4503//4503 4504//4504 4506//4506
f 4504//4504 4181//4181 4391//4391
f 4506//4506 4504//4504 4391//4391
f 4395//4395 4600//4600 4602//4602
f 4392//4392 4510//4510 4601//4601
f 4603//4603 4511//4511 4508//4508
f 4603//4603 4510//4510 4511//4511
f 4507//4507 4511//4511 4509//4509
f 4507//4507 4508//4508 4511//4511
f 4507//4507 4513//4513 4508//4508
f 4602//4602 4608//4608 4395//4395
f 4512//4512 4604//4604 4511//4511
f 4512//4512 4509//4509 4513//4513
f 4511//4511 4604//4604 4509//4509
f 4518//4518 4395//4395 4608//4608
f 4604//4604 4512//4512 4514//4514
f 4515//4515 4514//4514 4513//4513
f 4513//4513 4514//4514 4512//4512
f 4606//4606 4517//4517 4607//4607
f 4610//4610 4518//4518 4608//4608
f 4607//4607 4517//4517 4516//4516
f 4401//4401 4518//4518 4610//4610
f 4077//4077 4399//4399 4516//4516
f 4519//4519 4401//4401 4610//4610
f 4400//4400 4401//4401 4519//4519
f 4611//4611 4399//4399 4520//4520
f 4612//4612 4520//4520 4521//4521
f 4522//4522 4404//4404 4400//4400
f 4523//4523 4521//4521 4403//4403
f 4522//4522 4690//4690 4404//4404
f 4690//4690 4523//4523 4305//4305
f 4305//4305 4523//4523 4405//4405
f 4305//4305 4404//4404 4690//4690
f 4403//4403 4405//4405 4523//4523
f 4524//4524 4309//4309 4525//4525
f 4525//4525 4410//4410 4524//4524
f 4526//4526 4312//4312 4410//4410
f 4525//4525 4536//4536 4410//4410
f 4409//4409 4529//4529 4525//4525
f 4525//4525 4529//4529 4536//4536
f 4616//4616 4527//4527 4528//4528
f 4409//4409 4413//4413 4529//4529
f 4410//4410 4531//4531 4526//4526
f 4318//4318 4614//4614 4535//4535
f 4526//4526 4623//4623 4527//4527
f 4623//4623 4528//4528 4527//4527
f 4531//4531 4623//4623 4526//4526
f 4414//4414 4530//4530 4534//4534
f 4320//4320 4617//4617 4621//4621
f 4414//4414 4534//4534 4628//4628
f 4615//4615 4534//4534 4530//4530
f 4532//4532 4615//4615 4530//4530
f 4615//4615 4532//4532 4620//4620
f 4535//4535 4617//4617 4318//4318
f 4626//4626 4623//4623 4531//4531
f 4536//4536 4531//4531 4410//4410
f 4532//4532 4533//4533 4620//4620
f 4626//4626 4531//4531 4537//4537
f 4529//4529 4420//4420 4536//4536
f 4534//4534 4619//4619 4628//4628
f 4621//4621 4620//4620 4533//4533
f 4536//4536 4537//4537 4531//4531
f 4537//4537 4541//4541 4626//4626
f 4422//4422 4539//4539 4536//4536
f 4420//4420 4422//4422 4536//4536
f 4627//4627 4628//4628 4633//4633
f 4536//4536 4539//4539 4537//4537
f 4539//4539 4541//4541 4537//4537
f 4750//4750 4538//4538 4419//4419
f 4425//4425 4423//4423 4415//4415
f 4540//4540 4541//4541 4539//4539
f 4539//4539 4636//4636 4540//4540
f 4323//4323 4638//4638 4428//4428
f 4541//4541 4540//4540 4641//4641
f 4422//4422 4424//4424 4636//4636
f 4429//4429 4423//4423 4425//4425
f 4543//4543 4429//4429 4425//4425
f 4542//4542 4543//4543 4425//4425
f 4637//4637 4541//4541 4641//4641
f 4544//4544 4636//4636 4424//4424
f 4429//4429 4543//4543 4544//4544
f 4428//4428 4638//4638 4640//4640
f 4637//4637 4635//4635 4541//4541
f 4641//4641 4548//4548 4637//4637
f 4643//4643 4637//4637 4548//4548
f 4542//4542 4545//4545 4543//4543
f 4544//4544 4644//4644 4636//4636
f 4549//4549 4544//4544 4543//4543
f 4546//4546 4547//4547 4545//4545
f 4644//4644 4544//4544 4549//4549
f 4545//4545 4549//4549 4543//4543
f 4428//4428 4552//4552 4550//4550
f 4640//4640 4552//4552 4428//4428
f 4545//4545 4551//4551 4549//4549
f 4547//4547 4553//4553 4545//4545
f 4430//4430 4431//4431 4547//4547
f 4545//4545 4553//4553 4551//4551
f 4547//4547 4431//4431 4553//4553
f 4647//4647 4548//4548 4648//4648
f 4644//4644 4549//4549 4649//4649
f 4553//4553 4555//4555 4551//4551
f 4551//4551 4649//4649 4549//4549
f 4551//4551 4650//4650 4649//4649
f 4551//4551 4555//4555 4650//4650
f 4552//4552 4655//4655 4550//4550
f 4333//4333 4550//4550 4655//4655
f 4554//4554 4556//4556 4434//4434
f 4555//4555 4437//4437 4650//4650
f 4438//4438 4555//4555 4553//4553
f 4437//4437 4559//4559 4650//4650
f 4555//4555 4557//4557 4437//4437
f 4438//4438 4557//4557 4555//4555
f 4436//4436 4558//4558 4560//4560
f 4559//4559 4654//4654 4650//4650
f 4561//4561 4557//4557 4438//4438
f 4437//4437 4439//4439 4559//4559
f 4561//4561 4438//4438 4444//4444
f 4560//4560 4558//4558 4442//4442
f 4565//4565 4560//4560 4442//4442
f 4439//4439 4563//4563 4559//4559
f 4559//4559 4566//4566 4654//4654
f 4557//4557 4561//4561 4564//4564
f 4562//4562 4452//4452 4659//4659
f 4656//4656 4654//4654 4570//4570
f 4566//4566 4570//4570 4654//4654
f 4559//4559 4563//4563 4566//4566
f 4561//4561 4453//4453 4564//4564
f 4567//4567 4571//4571 4452//4452
f 4566//4566 4568//4568 4570//4570
f 4563//4563 4569//4569 4566//4566
f 4567//4567 4450//4450 4571//4571
f 4664//4664 4659//4659 4571//4571
f 4569//4569 4454//4454 4568//4568
f 4566//4566 4569//4569 4568//4568
f 4465//4465 4664//4664 4574//4574
f 4568//4568 4467//4467 4570//4570
f 4664//4664 4571//4571 4666//4666
f 4572//4572 4663//4663 4570//4570
f 4467//4467 4572//4572 4570//4570
f 4666//4666 4571//4571 4459//4459
f 4574//4574 4664//4664 4666//4666
f 4467//4467 4466//4466 4572//4572
f 4574//4574 4666//4666 4575//4575
f 4358//4358 4465//4465 4576//4576
f 4465//4465 4574//4574 4576//4576
f 4466//4466 4577//4577 4572//4572
f 4576//4576 4574//4574 4578//4578
f 4466//4466 4475//4475 4577//4577
f 4578//4578 4574//4574 4575//4575
f 4582//4582 4668//4668 4473//4473
f 4483//4483 4670//4670 4671//4671
f 4671//4671 4583//4583 4483//4483
f 4583//4583 4671//4671 4482//4482
f 4578//4578 4575//4575 4588//4588
f 4474//4474 4576//4576 4578//4578
f 4668//4668 4582//4582 4669//4669
f 4579//4579 4585//4585 4580//4580
f 4670//4670 4483//4483 4587//4587
f 4483//4483 4583//4583 4587//4587
f 4587//4587 4583//4583 4487//4487
f 4674//4674 4584//4584 4581//4581
f 4590//4590 4578//4578 4588//4588
f 4474//4474 4578//4578 4590//4590
f 4484//4484 4593//4593 4485//4485
f 4485//4485 4596//4596 4368//4368
f 4580//4580 4585//4585 4586//4586
f 4586//4586 4672//4672 4373//4373
f 4589//4589 4582//4582 4378//4378
f 4579//4579 4368//4368 4596//4596
f 4378//4378 4274//4274 4589//4589
f 4487//4487 4700//4700 4587//4587
f 4700//4700 4487//4487 4488//4488
f 4589//4589 4373//4373 4672//4672
f 4591//4591 4675//4675 4674//4674
f 4675//4675 4486//4486 4584//4584
f 4588//4588 4486//4486 4592//4592
f 4595//4595 4588//4588 4592//4592
f 4590//4590 4588//4588 4595//4595
f 4593//4593 4590//4590 4595//4595
f 4594//4594 4485//4485 4593//4593
f 4596//4596 4485//4485 4594//4594
f 4675//4675 4592//4592 4486//4486
f 4593//4593 4595//4595 4598//4598
f 4591//4591 4488//4488 4597//4597
f 4597//4597 4675//4675 4591//4591
f 4592//4592 4675//4675 4597//4597
f 4489//4489 4592//4592 4597//4597
f 4594//4594 4593//4593 4598//4598
f 4676//4676 4579//4579 4596//4596
f 4598//4598 4595//4595 4491//4491
f 4594//4594 4598//4598 4492//4492
f 4594//4594 4676//4676 4596//4596
f 4493//4493 4677//4677 4676//4676
f 4680//4680 4496//4496 4679//4679
f 4733//4733 4599//4599 4705//4705
f 4497//4497 4601//4601 4599//4599
f 4705//4705 4599//4599 4601//4601
f 4705//4705 4601//4601 4706//4706
f 4601//4601 4510//4510 4706//4706
f 4603//4603 4706//4706 4510//4510
f 4508//4508 4604//4604 4603//4603
f 4604//4604 4605//4605 4603//4603
f 4508//4508 4509//4509 4604//4604
f 4508//4508 4513//4513 4509//4509
f 4514//4514 4605//4605 4604//4604
f 4606//4606 4607//4607 4605//4605
f 4514//4514 4606//4606 4605//4605
f 4609//4609 4610//4610 4608//4608
f 4516//4516 4399//4399 4611//4611
f 4609//4609 4688//4688 4610//4610
f 4613//4613 4519//4519 4610//4610
f 4520//4520 4685//4685 4611//4611
f 4688//4688 4613//4613 4610//4610
f 4520//4520 4612//4612 4685//4685
f 4612//4612 4521//4521 4689//4689
f 4522//4522 4400//4400 4519//4519
f 4522//4522 4519//4519 4613//4613
f 4690//4690 4522//4522 4613//4613
f 4521//4521 4523//4523 4689//4689
f 4689//4689 4523//4523 4690//4690
f 4618//4618 4616//4616 4528//4528
f 4614//4614 4616//4616 4618//4618
f 4623//4623 4622//4622 4528//4528
f 4620//4620 4624//4624 4615//4615
f 4621//4621 4625//4625 4620//4620
f 4617//4617 4625//4625 4621//4621
f 4535//4535 4614//4614 4632//4632
f 4622//4622 4618//4618 4528//4528
f 4626//4626 4622//4622 4623//4623
f 4615//4615 4619//4619 4534//4534
f 4629//4629 4619//4619 4615//4615
f 4624//4624 4629//4629 4615//4615
f 4535//4535 4632//4632 4617//4617
f 4618//4618 4632//4632 4614//4614
f 4625//4625 4630//4630 4620//4620
f 4632//4632 4631//4631 4617//4617
f 4619//4619 4691//4691 4628//4628
f 4620//4620 4630//4630 4624//4624
f 4619//4619 4713//4713 4691//4691
f 4715//4715 4619//4619 4629//4629
f 4631//4631 4625//4625 4617//4617
f 4632//4632 4720//4720 4631//4631
f 4618//4618 4634//4634 4632//4632
f 4627//4627 4716//4716 4421//4421
f 4716//4716 4627//4627 4633//4633
f 4691//4691 4633//4633 4628//4628
f 4622//4622 4634//4634 4618//4618
f 4635//4635 4622//4622 4626//4626
f 4421//4421 4716//4716 4693//4693
f 4631//4631 4692//4692 4625//4625
f 4634//4634 4720//4720 4632//4632
f 4622//4622 4635//4635 4634//4634
f 4633//4633 4717//4717 4716//4716
f 4626//4626 4541//4541 4635//4635
f 4638//4638 4538//4538 4723//4723
f 4634//4634 4639//4639 4694//4694
f 4540//4540 4642//4642 4641//4641
f 4636//4636 4642//4642 4540//4540
f 4722//4722 4640//4640 4638//4638
f 4694//4694 4639//4639 4721//4721
f 4637//4637 4643//4643 4635//4635
f 4641//4641 4648//4648 4548//4548
f 4642//4642 4648//4648 4641//4641
f 4635//4635 4643//4643 4634//4634
f 4634//4634 4645//4645 4639//4639
f 4643//4643 4645//4645 4634//4634
f 4646//4646 4645//4645 4643//4643
f 4636//4636 4644//4644 4642//4642
f 4552//4552 4640//4640 4722//4722
f 4643//4643 4548//4548 4646//4646
f 4642//4642 4649//4649 4648//4648
f 4644//4644 4649//4649 4642//4642
f 4646//4646 4548//4548 4647//4647
f 4651//4651 4645//4645 4646//4646
f 4647//4647 4651//4651 4646//4646
f 4649//4649 4651//4651 4648//4648
f 4651//4651 4647//4647 4648//4648
f 4649//4649 4650//4650 4652//4652
f 4728//4728 4655//4655 4552//4552
f 4653//4653 4725//4725 4645//4645
f 4651//4651 4653//4653 4645//4645
f 4649//4649 4652//4652 4651//4651
f 4653//4653 4657//4657 4725//4725
f 4650//4650 4654//4654 4652//4652
f 4652//4652 4658//4658 4651//4651
f 4652//4652 4656//4656 4658//4658
f 4654//4654 4656//4656 4652//4652
f 4651//4651 4658//4658 4653//4653
f 4573//4573 4655//4655 4765//4765
f 4662//4662 4661//4661 4562//4562
f 4658//4658 4657//4657 4653//4653
f 4659//4659 4662//4662 4562//4562
f 4658//4658 4660//4660 4657//4657
f 4656//4656 4570//4570 4663//4663
f 4452//4452 4571//4571 4659//4659
f 4661//4661 4662//4662 4465//4465
f 4658//4658 4665//4665 4660//4660
f 4656//4656 4663//4663 4658//4658
f 4662//4662 4664//4664 4465//4465
f 4663//4663 4665//4665 4658//4658
f 4663//4663 4572//4572 4665//4665
f 4572//4572 4669//4669 4665//4665
f 4668//4668 4669//4669 4572//4572
f 4572//4572 4667//4667 4668//4668
f 4573//4573 4698//4698 4673//4673
f 4702//4702 4673//4673 4698//4698
f 4671//4671 4670//4670 4699//4699
f 4671//4671 4699//4699 4700//4700
f 4729//4729 4582//4582 4589//4589
f 4669//4669 4582//4582 4729//4729
f 4671//4671 4701//4701 4581//4581
f 4585//4585 4730//4730 4586//4586
f 4586//4586 4730//4730 4672//4672
f 4589//4589 4672//4672 4697//4697
f 4699//4699 4670//4670 4587//4587
f 4701//4701 4671//4671 4700//4700
f 4581//4581 4701//4701 4674//4674
f 4701//4701 4591//4591 4674//4674
f 4700//4700 4699//4699 4587//4587
f 4701//4701 4700//4700 4488//4488
f 4674//4674 4675//4675 4584//4584
f 4591//4591 4701//4701 4488//4488
f 4579//4579 4676//4676 4731//4731
f 4702//4702 4495//4495 4673//4673
f 4677//4677 4732//4732 4676//4676
f 4677//4677 4678//4678 4732//4732
f 4702//4702 4679//4679 4495//4495
f 4733//4733 4705//4705 4735//4735
f 4681//4681 4680//4680 4679//4679
f 4602//4602 4680//4680 4681//4681
f 4706//4706 4603//4603 4682//4682
f 4704//4704 4602//4602 4681//4681
f 4682//4682 4605//4605 4709//4709
f 4603//4603 4605//4605 4682//4682
f 4704//4704 4608//4608 4602//4602
f 4707//4707 4608//4608 4704//4704
f 4709//4709 4607//4607 4708//4708
f 4605//4605 4607//4607 4709//4709
f 4708//4708 4607//4607 4516//4516
f 4609//4609 4608//4608 4707//4707
f 4708//4708 4516//4516 4683//4683
f 4516//4516 4684//4684 4683//4683
f 4611//4611 4684//4684 4516//4516
f 4712//4712 4685//4685 4612//4612
f 4688//4688 4711//4711 4686//4686
f 4687//4687 4712//4712 4612//4612
f 4684//4684 4611//4611 4685//4685
f 4686//4686 4613//4613 4688//4688
f 4612//4612 4689//4689 4687//4687
f 4690//4690 4613//4613 4686//4686
f 4689//4689 4690//4690 4686//4686
f 4687//4687 4689//4689 4686//4686
f 4630//4630 4625//4625 4692//4692
f 4717//4717 4633//4633 4746//4746
f 4691//4691 4746//4746 4633//4633
f 4630//4630 4718//4718 4624//4624
f 4631//4631 4720//4720 4751//4751
f 4716//4716 4717//4717 4693//4693
f 4693//4693 4717//4717 4750//4750
f 4631//4631 4748//4748 4692//4692
f 4634//4634 4694//4694 4720//4720
f 4694//4694 4721//4721 4720//4720
f 4750//4750 4723//4723 4538//4538
f 4723//4723 4722//4722 4638//4638
f 4721//4721 4639//4639 4725//4725
f 4552//4552 4722//4722 4726//4726
f 4645//4645 4725//4725 4639//4639
f 4759//4759 4552//4552 4726//4726
f 4727//4727 4725//4725 4756//4756
f 4552//4552 4759//4759 4728//4728
f 4657//4657 4695//4695 4725//4725
f 4761//4761 4695//4695 4657//4657
f 4728//4728 4765//4765 4655//4655
f 4657//4657 4660//4660 4761//4761
f 4664//4664 4662//4662 4659//4659
f 4665//4665 4763//4763 4660//4660
f 4763//4763 4665//4665 4696//4696
f 4765//4765 4698//4698 4573//4573
f 4696//4696 4665//4665 4669//4669
f 4769//4769 4696//4696 4729//4729
f 4669//4669 4729//4729 4696//4696
f 4697//4697 4672//4672 4730//4730
f 4729//4729 4589//4589 4697//4697
f 4774//4774 4730//4730 4585//4585
f 4585//4585 4579//4579 4731//4731
f 4732//4732 4678//4678 4733//4733
f 4702//4702 4776//4776 4679//4679
f 4776//4776 4681//4681 4679//4679
f 4776//4776 4703//4703 4681//4681
f 4681//4681 4703//4703 4704//4704
f 4706//4706 4682//4682 4735//4735
f 4735//4735 4705//4705 4706//4706
f 4703//4703 4707//4707 4704//4704
f 4738//4738 4707//4707 4703//4703
f 4709//4709 4708//4708 4739//4739
f 4738//4738 4609//4609 4707//4707
f 4738//4738 4710//4710 4609//4609
f 4683//4683 4684//4684 4740//4740
f 4740//4740 4684//4684 4741//4741
f 4743//4743 4741//4741 4685//4685
f 4711//4711 4688//4688 4710//4710
f 4684//4684 4685//4685 4741//4741
f 4688//4688 4609//4609 4710//4710
f 4685//4685 4712//4712 4743//4743
f 4786//4786 4686//4686 4711//4711
f 4712//4712 4687//4687 4745//4745
f 4713//4713 4619//4619 4714//4714
f 4619//4619 4715//4715 4714//4714
f 4629//4629 4718//4718 4715//4715
f 4629//4629 4624//4624 4718//4718
f 4691//4691 4713//4713 4747//4747
f 4691//4691 4790//4790 4746//4746
f 4747//4747 4790//4790 4691//4691
f 4718//4718 4791//4791 4715//4715
f 4630//4630 4791//4791 4718//4718
f 4719//4719 4791//4791 4630//4630
f 4692//4692 4719//4719 4630//4630
f 4692//4692 4748//4748 4719//4719
f 4751//4751 4748//4748 4631//4631
f 4724//4724 4751//4751 4720//4720
f 4721//4721 4724//4724 4720//4720
f 4723//4723 4750//4750 4722//4722
f 4724//4724 4754//4754 4794//4794
f 4724//4724 4721//4721 4754//4754
f 4727//4727 4754//4754 4721//4721
f 4752//4752 4726//4726 4722//4722
f 4725//4725 4727//4727 4721//4721
f 4752//4752 4759//4759 4726//4726
f 4759//4759 4760//4760 4728//4728
f 4725//4725 4695//4695 4756//4756
f 4763//4763 4761//4761 4660//4660
f 4765//4765 4728//4728 4760//4760
f 4769//4769 4768//4768 4763//4763
f 4696//4696 4769//4769 4763//4763
f 4769//4769 4697//4697 4771//4771
f 4729//4729 4697//4697 4769//4769
f 4771//4771 4730//4730 4773//4773
f 4697//4697 4730//4730 4771//4771
f 4774//4774 4773//4773 4730//4730
f 4807//4807 4698//4698 4806//4806
f 4585//4585 4731//4731 4774//4774
f 4698//4698 4807//4807 4702//4702
f 4774//4774 4731//4731 4775//4775
f 4732//4732 4775//4775 4731//4731
f 4731//4731 4676//4676 4732//4732
f 4702//4702 4807//4807 4776//4776
f 4777//4777 4732//4732 4733//4733
f 4733//4733 4735//4735 4777//4777
f 4779//4779 4777//4777 4735//4735
f 4734//4734 4703//4703 4776//4776
f 4735//4735 4682//4682 4779//4779
f 4734//4734 4738//4738 4703//4703
f 4779//4779 4682//4682 4737//4737
f 4736//4736 4737//4737 4739//4739
f 4709//4709 4739//4739 4737//4737
f 4682//4682 4709//4709 4737//4737
f 4782//4782 4738//4738 4734//4734
f 4738//4738 4782//4782 4710//4710
f 4742//4742 4710//4710 4782//4782
f 4708//4708 4740//4740 4838//4838
f 4683//4683 4740//4740 4708//4708
f 4711//4711 4710//4710 4742//4742
f 4786//4786 4711//4711 4742//4742
f 4712//4712 4744//4744 4743//4743
f 4687//4687 4786//4786 4745//4745
f 4744//4744 4712//4712 4745//4745
f 4687//4687 4686//4686 4786//4786
f 4715//4715 4791//4791 4714//4714
f 4789//4789 4713//4713 4714//4714
f 4788//4788 4789//4789 4714//4714
f 4714//4714 4791//4791 4788//4788
f 4789//4789 4747//4747 4713//4713
f 4746//4746 4813//4813 4717//4717
f 4747//4747 4812//4812 4790//4790
f 4750//4750 4717//4717 4813//4813
f 4811//4811 4788//4788 4791//4791
f 4792//4792 4791//4791 4719//4719
f 4813//4813 4753//4753 4750//4750
f 4748//4748 4749//4749 4719//4719
f 4749//4749 4792//4792 4719//4719
f 4749//4749 4816//4816 4792//4792
f 4751//4751 4793//4793 4748//4748
f 4751//4751 4724//4724 4794//4794
f 4753//4753 4752//4752 4750//4750
f 4722//4722 4750//4750 4752//4752
f 4754//4754 4757//4757 4794//4794
f 4727//4727 4755//4755 4754//4754
f 4799//4799 4752//4752 4848//4848
f 4757//4757 4795//4795 4794//4794
f 4759//4759 4752//4752 4799//4799
f 4755//4755 4757//4757 4754//4754
f 4757//4757 4796//4796 4817//4817
f 4727//4727 4756//4756 4755//4755
f 4755//4755 4758//4758 4757//4757
f 4756//4756 4758//4758 4755//4755
f 4758//4758 4796//4796 4757//4757
f 4756//4756 4798//4798 4758//4758
f 4695//4695 4798//4798 4756//4756
f 4761//4761 4762//4762 4695//4695
f 4695//4695 4764//4764 4798//4798
f 4762//4762 4764//4764 4695//4695
f 4761//4761 4763//4763 4762//4762
f 4762//4762 4768//4768 4764//4764
f 4763//4763 4768//4768 4762//4762
f 4760//4760 4766//4766 4765//4765
f 4768//4768 4770//4770 4764//4764
f 4770//4770 4767//4767 4764//4764
f 4767//4767 4772//4772 4764//4764
f 4768//4768 4769//4769 4770//4770
f 4765//4765 4805//4805 4698//4698
f 4805//4805 4765//4765 4766//4766
f 4770//4770 4771//4771 4767//4767
f 4769//4769 4771//4771 4770//4770
f 4773//4773 4774//4774 4772//4772
f 4767//4767 4771//4771 4772//4772
f 4771//4771 4773//4773 4772//4772
f 4774//4774 4804//4804 4772//4772
f 4805//4805 4806//4806 4698//4698
f 4732//4732 4777//4777 4827//4827
f 4777//4777 4778//4778 4830//4830
f 4808//4808 4734//4734 4776//4776
f 4777//4777 4779//4779 4778//4778
f 4779//4779 4737//4737 4778//4778
f 4808//4808 4781//4781 4734//4734
f 4781//4781 4782//4782 4734//4734
f 4737//4737 4736//4736 4778//4778
f 4736//4736 4739//4739 4780//4780
f 4739//4739 4708//4708 4780//4780
f 4781//4781 4837//4837 4840//4840
f 4708//4708 4838//4838 4780//4780
f 4783//4783 4782//4782 4781//4781
f 4840//4840 4783//4783 4781//4781
f 4838//4838 4740//4740 4785//4785
f 4783//4783 4742//4742 4782//4782
f 4784//4784 4783//4783 4840//4840
f 4740//4740 4741//4741 4785//4785
f 4784//4784 4786//4786 4783//4783
f 4783//4783 4786//4786 4742//4742
f 4785//4785 4744//4744 4787//4787
f 4741//4741 4743//4743 4785//4785
f 4743//4743 4744//4744 4785//4785
f 4745//4745 4784//4784 4787//4787
f 4745//4745 4786//4786 4784//4784
f 4744//4744 4745//4745 4787//4787
f 4746//4746 4790//4790 4813//4813
f 4812//4812 4810//4810 4790//4790
f 4790//4790 4810//4810 4813//4813
f 4788//4788 4842//4842 4789//4789
f 4791//4791 4792//4792 4811//4811
f 4793//4793 4749//4749 4748//4748
f 4751//4751 4794//4794 4793//4793
f 4792//4792 4814//4814 4811//4811
f 4752//4752 4753//4753 4848//4848
f 4793//4793 4795//4795 4749//4749
f 4795//4795 4817//4817 4749//4749
f 4794//4794 4795//4795 4793//4793
f 4817//4817 4816//4816 4749//4749
f 4757//4757 4817//4817 4795//4795
f 4817//4817 4796//4796 4797//4797
f 4760//4760 4759//4759 4799//4799
f 4802//4802 4796//4796 4758//4758
f 4798//4798 4802//4802 4758//4758
f 4800//4800 4818//4818 4796//4796
f 4802//4802 4800//4800 4796//4796
f 4798//4798 4801//4801 4802//4802
f 4799//4799 4820//4820 4760//4760
f 4798//4798 4764//4764 4801//4801
f 4822//4822 4818//4818 4800//4800
f 4801//4801 4800//4800 4802//4802
f 4820//4820 4766//4766 4760//4760
f 4801//4801 4803//4803 4800//4800
f 4764//4764 4772//4772 4801//4801
f 4800//4800 4803//4803 4822//4822
f 4803//4803 4824//4824 4822//4822
f 4772//4772 4803//4803 4801//4801
f 4766//4766 4825//4825 4805//4805
f 4772//4772 4824//4824 4803//4803
f 4772//4772 4804//4804 4824//4824
f 4825//4825 4806//4806 4805//4805
f 4774//4774 4775//4775 4804//4804
f 4806//4806 4871//4871 4807//4807
f 4775//4775 4732//4732 4827//4827
f 4807//4807 4871//4871 4829//4829
f 4829//4829 4776//4776 4807//4807
f 4776//4776 4829//4829 4808//4808
f 4808//4808 4829//4829 4832//4832
f 4778//4778 4831//4831 4830//4830
f 4778//4778 4833//4833 4831//4831
f 4778//4778 4736//4736 4833//4833
f 4833//4833 4736//4736 4780//4780
f 4832//4832 4781//4781 4808//4808
f 4837//4837 4781//4781 4832//4832
f 4780//4780 4838//4838 4834//4834
f 4838//4838 4785//4785 4839//4839
f 4785//4785 4809//4809 4839//4839
f 4888//4888 4809//4809 4787//4787
f 4787//4787 4784//4784 4889//4889
f 4785//4785 4787//4787 4809//4809
f 4812//4812 4747//4747 4841//4841
f 4747//4747 4789//4789 4841//4841
f 4841//4841 4789//4789 4842//4842
f 4788//4788 4843//4843 4842//4842
f 4788//4788 4811//4811 4843//4843
f 4812//4812 4841//4841 4845//4845
f 4813//4813 4844//4844 4753//4753
f 4843//4843 4811//4811 4814//4814
f 4844//4844 4848//4848 4753//4753
f 4814//4814 4792//4792 4850//4850
f 4815//4815 4850//4850 4792//4792
f 4816//4816 4815//4815 4792//4792
f 4848//4848 4861//4861 4799//4799
f 4815//4815 4855//4855 4852//4852
f 4816//4816 4855//4855 4815//4815
f 4817//4817 4797//4797 4816//4816
f 4816//4816 4797//4797 4855//4855
f 4861//4861 4820//4820 4799//4799
f 4796//4796 4818//4818 4797//4797
f 4818//4818 4855//4855 4797//4797
f 4855//4855 4821//4821 4863//4863
f 4818//4818 4821//4821 4855//4855
f 4819//4819 4820//4820 4861//4861
f 4820//4820 4819//4819 4766//4766
f 4818//4818 4822//4822 4821//4821
f 4823//4823 4863//4863 4821//4821
f 4822//4822 4823//4823 4821//4821
f 4867//4867 4825//4825 4766//4766
f 4824//4824 4823//4823 4822//4822
f 4868//4868 4863//4863 4823//4823
f 4823//4823 4826//4826 4868//4868
f 4824//4824 4826//4826 4823//4823
f 4870//4870 4868//4868 4826//4826
f 4867//4867 4871//4871 4825//4825
f 4824//4824 4804//4804 4826//4826
f 4825//4825 4871//4871 4806//4806
f 4804//4804 4775//4775 4826//4826
f 4870//4870 4826//4826 4775//4775
f 4775//4775 4827//4827 4870//4870
f 4870//4870 4827//4827 4828//4828
f 4830//4830 4831//4831 4828//4828
f 4827//4827 4830//4830 4828//4828
f 4827//4827 4777//4777 4830//4830
f 4829//4829 4835//4835 4832//4832
f 4833//4833 4877//4877 4831//4831
f 4881//4881 4877//4877 4834//4834
f 4877//4877 4833//4833 4834//4834
f 4837//4837 4832//4832 4835//4835
f 4833//4833 4780//4780 4834//4834
f 4881//4881 4836//4836 4882//4882
f 4834//4834 4836//4836 4881//4881
f 4838//4838 4836//4836 4834//4834
f 4836//4836 4839//4839 4882//4882
f 4839//4839 4836//4836 4838//4838
f 4884//4884 4889//4889 4883//4883
f 4888//4888 4886//4886 4809//4809
f 4883//4883 4840//4840 4837//4837
f 4889//4889 4840//4840 4883//4883
f 4882//4882 4809//4809 4886//4886
f 4839//4839 4809//4809 4882//4882
f 4889//4889 4784//4784 4840//4840
f 4888//4888 4787//4787 4887//4887
f 4887//4887 4787//4787 4889//4889
f 4813//4813 4810//4810 4844//4844
f 4842//4842 4846//4846 4841//4841
f 4845//4845 4810//4810 4812//4812
f 4846//4846 4845//4845 4841//4841
f 4843//4843 4847//4847 4842//4842
f 4843//4843 4814//4814 4847//4847
f 4810//4810 4849//4849 4844//4844
f 4845//4845 4849//4849 4810//4810
f 4842//4842 4851//4851 4846//4846
f 4845//4845 4890//4890 4849//4849
f 4846//4846 4890//4890 4845//4845
f 4847//4847 4851//4851 4842//4842
f 4849//4849 4892//4892 4844//4844
f 4890//4890 4846//4846 4851//4851
f 4814//4814 4850//4850 4847//4847
f 4844//4844 4892//4892 4848//4848
f 4896//4896 4890//4890 4851//4851
f 4853//4853 4847//4847 4850//4850
f 4853//4853 4851//4851 4847//4847
f 4896//4896 4851//4851 4854//4854
f 4848//4848 4856//4856 4861//4861
f 4853//4853 4854//4854 4851//4851
f 4850//4850 4815//4815 4852//4852
f 4892//4892 4856//4856 4848//4848
f 4850//4850 4852//4852 4853//4853
f 4852//4852 4855//4855 4857//4857
f 4856//4856 4858//4858 4861//4861
f 4852//4852 4860//4860 4853//4853
f 4853//4853 4860//4860 4854//4854
f 4860//4860 4901//4901 4854//4854
f 4900//4900 4859//4859 4858//4858
f 4901//4901 4860//4860 4902//4902
f 4858//4858 4819//4819 4861//4861
f 4852//4852 4862//4862 4860//4860
f 4857//4857 4862//4862 4852//4852
f 4855//4855 4863//4863 4857//4857
f 4860//4860 4862//4862 4864//4864
f 4863//4863 4862//4862 4857//4857
f 4864//4864 4902//4902 4860//4860
f 4863//4863 4868//4868 4862//4862
f 4858//4858 4859//4859 4819//4819
f 4864//4864 4865//4865 4902//4902
f 4819//4819 4867//4867 4766//4766
f 4859//4859 4905//4905 4819//4819
f 4869//4869 4864//4864 4862//4862
f 4905//4905 4867//4867 4819//4819
f 4864//4864 4866//4866 4865//4865
f 4869//4869 4866//4866 4864//4864
f 4862//4862 4868//4868 4869//4869
f 4870//4870 4869//4869 4868//4868
f 4905//4905 4871//4871 4867//4867
f 4873//4873 4906//4906 4865//4865
f 4866//4866 4873//4873 4865//4865
f 4870//4870 4828//4828 4869//4869
f 4869//4869 4872//4872 4866//4866
f 4905//4905 4874//4874 4871//4871
f 4874//4874 4829//4829 4871//4871
f 4873//4873 4875//4875 4907//4907
f 4866//4866 4872//4872 4873//4873
f 4869//4869 4828//4828 4872//4872
f 4875//4875 4879//4879 4908//4908
f 4873//4873 4872//4872 4875//4875
f 4828//4828 4831//4831 4872//4872
f 4910//4910 4876//4876 4874//4874
f 4876//4876 4829//4829 4874//4874
f 4875//4875 4877//4877 4879//4879
f 4872//4872 4877//4877 4875//4875
f 4879//4879 4878//4878 4908//4908
f 4831//4831 4877//4877 4872//4872
f 4881//4881 4879//4879 4877//4877
f 4911//4911 4878//4878 4880//4880
f 4879//4879 4881//4881 4878//4878
f 4876//4876 4835//4835 4829//4829
f 4878//4878 4881//4881 4880//4880
f 4876//4876 4883//4883 4835//4835
f 4912//4912 4880//4880 4886//4886
f 4881//4881 4882//4882 4880//4880
f 4884//4884 4876//4876 4913//4913
f 4913//4913 4912//4912 4885//4885
f 4886//4886 4885//4885 4912//4912
f 4884//4884 4883//4883 4876//4876
f 4882//4882 4886//4886 4880//4880
f 4885//4885 4884//4884 4913//4913
f 4837//4837 4835//4835 4883//4883
f 4887//4887 4884//4884 4888//4888
f 4885//4885 4888//4888 4884//4884
f 4885//4885 4886//4886 4888//4888
f 4884//4884 4887//4887 4889//4889
f 4890//4890 4891//4891 4849//4849
f 4891//4891 4893//4893 4849//4849
f 4893//4893 4892//4892 4849//4849
f 4916//4916 4891//4891 4890//4890
f 4894//4894 4916//4916 4890//4890
f 4896//4896 4894//4894 4890//4890
f 4916//4916 4914//4914 4891//4891
f 4895//4895 4897//4897 4892//4892
f 4893//4893 4895//4895 4892//4892
f 4856//4856 4892//4892 4897//4897
f 4896//4896 4898//4898 4894//4894
f 4854//4854 4898//4898 4896//4896
f 4897//4897 4900//4900 4856//4856
f 4899//4899 4900//4900 4897//4897
f 4854//4854 4901//4901 4898//4898
f 4900//4900 4858//4858 4856//4856
f 4899//4899 4925//4925 4900//4900
f 4925//4925 4859//4859 4900//4900
f 4928//4928 4859//4859 4925//4925
f 4929//4929 4901//4901 4902//4902
f 4902//4902 4865//4865 4929//4929
f 4928//4928 4904//4904 4859//4859
f 4859//4859 4904//4904 4905//4905
f 4929//4929 4865//4865 4903//4903
f 4903//4903 4865//4865 4906//4906
f 4903//4903 4906//4906 4933//4933
f 4904//4904 4874//4874 4905//4905
f 4906//4906 4873//4873 4907//4907
f 4904//4904 4938//4938 4874//4874
f 4907//4907 4935//4935 4906//4906
f 4908//4908 4909//4909 4907//4907
f 4907//4907 4909//4909 4935//4935
f 4938//4938 4940//4940 4874//4874
f 4875//4875 4908//4908 4907//4907
f 4940//4940 4910//4910 4874//4874
f 4908//4908 4911//4911 4909//4909
f 4909//4909 4911//4911 4942//4942
f 4908//4908 4878//4878 4911//4911
f 4943//4943 4913//4913 4910//4910
f 4942//4942 4912//4912 4943//4943
f 4913//4913 4876//4876 4910//4910
f 4880//4880 4912//4912 4942//4942
f 4911//4911 4880//4880 4942//4942
f 4912//4912 4913//4913 4943//4943
f 4915//4915 4891//4891 4914//4914
f 4893//4893 4891//4891 4915//4915
f 4893//4893 4915//4915 4895//4895
f 4917//4917 4914//4914 4916//4916
f 4916//4916 4894//4894 4917//4917
f 4917//4917 4894//4894 4898//4898
f 4915//4915 4919//4919 4895//4895
f 4915//4915 4918//4918 4919//4919
f 4914//4914 4918//4918 4915//4915
f 4920//4920 4914//4914 4917//4917
f 4920//4920 4918//4918 4914//4914
f 4898//4898 4920//4920 4917//4917
f 4895//4895 4921//4921 4897//4897
f 4898//4898 4927//4927 4920//4920
f 4920//4920 4922//4922 4918//4918
f 4895//4895 4948//4948 4921//4921
f 4919//4919 4944//4944 4895//4895
f 4923//4923 4922//4922 4920//4920
f 4898//4898 4901//4901 4927//4927
f 4921//4921 4899//4899 4897//4897
f 4927//4927 4923//4923 4920//4920
f 4922//4922 4946//4946 4918//4918
f 4923//4923 4924//4924 4922//4922
f 4953//4953 4899//4899 4921//4921
f 4924//4924 4947//4947 4922//4922
f 4901//4901 4929//4929 4927//4927
f 4899//4899 4953//4953 4925//4925
f 4923//4923 4926//4926 4924//4924
f 4927//4927 4931//4931 4923//4923
f 4927//4927 4929//4929 4931//4931
f 4923//4923 4931//4931 4926//4926
f 4953//4953 4930//4930 4925//4925
f 4956//4956 4930//4930 4953//4953
f 4930//4930 4928//4928 4925//4925
f 4903//4903 4931//4931 4929//4929
f 4955//4955 4926//4926 4933//4933
f 4931//4931 4933//4933 4926//4926
f 4903//4903 4933//4933 4931//4931
f 4930//4930 4934//4934 4928//4928
f 4934//4934 4930//4930 4956//4956
f 4932//4932 4933//4933 4936//4936
f 4938//4938 4904//4904 4928//4928
f 4934//4934 4938//4938 4928//4928
f 4958//4958 4937//4937 4934//4934
f 4933//4933 4935//4935 4936//4936
f 4906//4906 4935//4935 4933//4933
f 4935//4935 4959//4959 4936//4936
f 4937//4937 4938//4938 4934//4934
f 4959//4959 4935//4935 4909//4909
f 4961//4961 4939//4939 4962//4962
f 4909//4909 4942//4942 4939//4939
f 4909//4909 4939//4939 4959//4959
f 4937//4937 4940//4940 4938//4938
f 4941//4941 4940//4940 4937//4937
f 4962//4962 4941//4941 4937//4937
f 4939//4939 4942//4942 4962//4962
f 4940//4940 4943//4943 4910//4910
f 4941//4941 4943//4943 4940//4940
f 4943//4943 4941//4941 4962//4962
f 4942//4942 4943//4943 4962//4962
f 4948//4948 4895//4895 4944//4944
f 4918//4918 4945//4945 4919//4919
f 4945//4945 4944//4944 4919//4919
f 4918//4918 4946//4946 4945//4945
f 4951//4951 4948//4948 4944//4944
f 4945//4945 4951//4951 4944//4944
f 4946//4946 4950//4950 4945//4945
f 4922//4922 4947//4947 4946//4946
f 4950//4950 4951//4951 4945//4945
f 4947//4947 4950//4950 4946//4946
f 4949//4949 4953//4953 4921//4921
f 4948//4948 4949//4949 4921//4921
f 4950//4950 4952//4952 4951//4951
f 4947//4947 4952//4952 4950//4950
f 4948//4948 4954//4954 4949//4949
f 4951//4951 4954//4954 4948//4948
f 4954//4954 4956//4956 4949//4949
f 4949//4949 4956//4956 4953//4953
f 4952//4952 4957//4957 4951//4951
f 4947//4947 4955//4955 4952//4952
f 4924//4924 4955//4955 4947//4947
f 4924//4924 4926//4926 4955//4955
f 4955//4955 4932//4932 4952//4952
f 4932//4932 4957//4957 4952//4952
f 4954//4954 4958//4958 4956//4956
f 4954//4954 4960//4960 4958//4958
f 4957//4957 4954//4954 4951//4951
f 4955//4955 4933//4933 4932//4932
f 4934//4934 4956//4956 4958//4958
f 4932//4932 4936//4936 4957//4957
f 4954//4954 4957//4957 4960//4960
f 4936//4936 4959//4959 4957//4957
f 4961//4961 4960//4960 4957//4957
f 4959//4959 4961//4961 4957//4957
f 4960//4960 4937//4937 4958//4958
f 4959//4959 4939//4939 4961//4961
f 4961//4961 4962//4962 4960//4960
f 4962//4962 4937//4937 4960//4960
# 10000 faces, 0 coords texture

# End of File
